email,nome,cognome,nome_azienda
calamidoro@calamidoro.com,,,Hotel Calamidoro
info@castellodimonteantico.it,,,Castello di Monte Antico
fattoriavalle@fattoriavalle.com,,,Relais Fattoria Valle
relais@camporegio.com,,,Campo Regio Relais
hotel@villaundulna.com,,,Villa Undulna
pinipaola@tiscalinet.it,,,Hotel Da Giovanni
hotelreal@libero.it,,,Real
info@tornabuonihotels.com,,,Beacci Tornabuoni
semifonte@semifontehotel.it,,,Semifonte
info@hotelsantamarianovella.it,,,Hotel Santa Maria Novella
hotelmarina@email.it,,,Hotel Marina
info@boscolungo.it,,,Hotel Residence Boscolungo
hoteloasi@servizire.it,,,Oasi
info@grandhotellapace.it,,,Grand Hotel & La Pace
info@albergonatucci.it,,,Albergo Natucci
info@mandelclub.com,,,Mandel 2
info@villaggioinnamorata.it,,,Villaggio Turistico Innamorata
info@bellavista-abetone.it,,,Hotel Bellavista
hsole@libero.it,,,Sole
info@sanlorenzohotel.it,,,Albergo San Lorenzo
info@pensionegarden.it,,,Hotel Garden
info@hotelguelfa.com,,,Hotel Guelfa - Soggiorno La Pergola
ilpino@ftbcc.it,,,Albergo Ristorante Il Pino Sas
info@hoteleuromar.com,,,Hotel Euromar
c.leonina.prenotazioni@medeahotels.com,,,Castello di Leonina Relais
info@parkhotelcinquale.com,,,Park Hotel Cinquale
info@villagiotto.it,,,Villa Giotto Park Hotel
parc@lina.it,,,Parc Hotel
hotel.nuova.italia@dada.it,,,Hotel Nuova Italia
info@relaisilchiostrodipienza.com,,,Relais Il Chiostro di Pienza
info@patriahotel.com,,,Patria
info@ducadelmare.it,,,Hotel Duca Del Mare
info@hotelgiglio.fi.it,,,Hotel Giglio
info@laselvahotel.com,,,Selva
elba@residencelidoazzurro.it,,,Residence Lido Azzurro
hotelcristina@tin.it,,,Hotel Cristina
ristorantecorallo@libero.it,,,Albergo Ristorante Pizzeria Corallo
info@hotelgoldoni.com,,,Hotel Goldoni
info@hotelmontreal.com,,,Hotel Montreal
htlflora@tiscalinet.it,,,Hotel Flora
info@hotelbrunella.it,,,Hotel Brunella
hotel.chiazza@tin.it,,,Hotel Chiazza
info@casaalsole.net,,,Casa Al Sole
info@hoteldeivicari.com,,,Hotel Dei Vicari
prenotazioni@arthotel-museo.it,,,Art Hotel Museo
info@hotelcarlos.it,,,Hotel Carlo's
info@hotelilgiardino.pisa.it,,,Hotel Il Giardino Srl
info@hotelilnegresco.com,,,Hotel Il Negresco
info@itrebaroni.it,,,Hotel I Tre Baroni
una.poggiodeimedici@unahotels.it,,,Una Poggio Dei Medici
info@hotelcisterna.it,,,Albergo Ristorante La Cisterna Srl
info@davincihotel.it,,,Hotel Da Vinci
management@lesorgentiph.it,,,Park Hotel Le Sorgenti
nuovo.excelsior@virgilio.it,,,Nuovo Excelsior
info@bi-hotel.it,,,Bi
info@hotel-europa.it,,,Hotel Europa
excelsiorflorence@westin.com,,,The Westin Excelsior Florence
info@sanfranciscoviareggio.it,,,San Francisco
info@hotelross.it,,,Hotel Ross
info@regina-hotel.it,,,Du Park Et Regina
info@villadomizia.it,,,Villa Domizia
info@vittoriaalbergo.com,,,Hotel Vittoria
info@casalandi.com,,,Casa Landi
info@welcometoelba.it,,,Montemerlo
parcoerosa@parcoerosa.it,,,Parco Erosa
info@albergotirolo.it,,,Hotel Tirolo
info@hotelcorano.it,,,Hotel Corano
info@residenzadelgranduca.it,,,La Residenza Del Granduca
info@piccolohotelsanvalentino.com,,,Piccolo Hotel San Valentino
hoteltirrena@elbalink.it,,,Tirrena
info@hotelmaremonti.com,,,Maremonti
info@hotelcity.net,,,Hotel City
info@albergofalterona.it,,,Hotel Falterona
info@hotelsylvia.it,,,Sylvia
info@bbfourooms.com,,,B&b Four Rooms
olimpiaflori@virgilio.it,,,Olimpia
palazzodellaspiaggia@tiscali.it,,,Hotel Palazzo Della Spiaggia
enoteca@relaischateaux.com,,,Restaurant Enoteca Pinchiorri
reservation@sheratonfirenze.it,,,Sheraton Firenze Hotel & Conference Center
ilglicine@tin.it,,,Locanda Del Glicine
info@villadeigerani.it,,,Villa Dei Gerani
allalocandadimorgana@alice.it,,,Hotel Alla Locanda di Morgana
info@sanmarcosiena.it,,,Hotel San Marco
lepiazze@chiantinet.it,,,Hotel Locanda Le Piazze
sanremo@cosmos.it,,,Sanremo
info@hotelaprile.it,,,Aprile
laforestahotel@hotmail.com,,,Hotel La Foresta
leduefontane@dada.it,,,Hotel Le Due Fontane
hotel.selva@tiscali.it,,,Hotel Ristorante La Selva
psube@tin.it,,,Hotel Bodoni
panoramic@galliganihotels.it,,,Panoramic
albergopetrucci@tiscalinet.it,,,Petrucci
lagoverde@rphotels.com,,,Lago Verde
tufihotel@tufihotel.it,,,Hotel Ai Tufi
info@villagaia.it,,,Villa Gaia
info@albergolapacepontedera.it,,,Albergo La Pace
info@mistralhotel.it,,,Mistral
info@larosahotel.it,,,La Rosa
info@la-fattoria.it,,,La Fattoria
htroma@tiscalinet.it,,,Hotel Roma
info@hotelmariotti.191.it,,,Mariotti
info@hoteltuscanyinn.com,,,Hotel Tuscany Inn
info@capitolchianciano.it,,,Grand Hotel Capitol Garibaldi
select@elbalink.it,,,Select
caldana@dada.it,,,Teti & Prestige
info@exclusivecarrara.com,,,Hotel Exclusive
info@fabianihotels.com,,,Miramonti
info@hotelmediterraneo-chiancianoterme.it,,,Mediterraneo
info@tufihotel.it,,,Ai Tufi
hotelduetorri@elbalink.it,,,Due Torri
info@hotelpalazzuolo.com,,,Hotel Palazzuolo
info@ambra-hotel.it,,,Hotel Ambra di Somma & C. Sas
info@casacares.it,,,Casa Cares
info@grupposelci.it,,,Selci Wellness Hotels - Marina di Campo - Elba
info@hotelvillarona.com,,,Villa Rona
info@albergobattelli.it,,,Battelli
welcome@hotelnella.net,,,Hotel Nella
info@hotelifiorino.it,,,I'fiorino Sas di Elio Giuntini & C.
info@ariannahotel.eu,,,Arianna
info@domusflorentiahotel.com,,,Domus Florentiae Hotel
vacanze@kontiki.toscana.it,,,Kon Tiki
info@piccolomondohotel.it,,,Piccolo Mondo
info@hotelorcagnafirenze.it,,,Orcagna
info@hoteleuroclub.it,,,Hotel Euro Club
info@villaggiosolidago.it,,,Villaggio Solidago
info@arizonahotel.it,,,Hotel Arizona Sas di Sandra Grazzini
albergo_vittoria@virgilio.it,,,Vittoria
info@hotelboston.it,,,Boston
info@locandalevolte.com,,,Locanda Le Volte
info@locandailcastagno.it,,,Hotel Locanda Il Castagno
pensionegransasso@libero.it,,,Gran Sasso
info@hotellerenaie.it,,,Hotel Le Renaie
info@sienaholidays.com,,,L'aia Residence & Soggiorno Lo Stellino
hotel.lombardi@dada.it,,,Hotel Lombardi
hotelcalifornia@inwind.it,,,California
info@hotelpierodellafrancesca.it,,,Piero Della Francesca
info@hotelfloridatirrenia.com,,,Hotel Florida
info@zucconihotel.it,,,Hotel Zucconi
info@villacampomaggio.it,,,Hotel Villacampomaggio
byron@gruppobirindelli.it,,,Byron
info@albergolevante.it,,,Hotel Levante
info@hoteltorretta.it,,,Torretta
info@villacorliano.it,,,Grand Hotel Villa di Corliano
hotelsextum@alice.it,,,Sextum Hotel
info@sangallopalace.it,,,San Gallo Palace
info@lacortedeipapi.com,,,Relais La Corte Dei Papi
info@hotel-lapergola.it,,,La Pergola
booking@parkhotelnapoleone.it,,,Park Hotel Napoleone
admiral@albanesihotels.com,,,Grand Hotel Admiral Palace
info@hotelnapoleon.net,,,Napoleon
info@hoteladlercavalieri.com,,,Adler Cavalieri
bristolhotel@tiscalinet.it,,,Bristol
info@hotelexecutive.it,,,Executive
info@hoteldelfinomarinadicarrara.com,,,Hotel Residence Delfino
booking@hotel-balestri.it,,,Balestri
info@villaggioilgirasole.it,,,Villaggio Villaggio Il Girasole
lamassa@relaischateaux.com,,,Villa La Massa
hotelindicatore@tiscali.it,,,Indicatore
albergoilpalazzetto@libero.it,,,Hotel Il Palazzetto
albergoverdeluna@aim.com,,,Verde Luna
anforahotel@tiscalinet.it,,,Hotel Anfora di Di Biagio M. e C. Snc
info@hotellory.net,,,Lory
info@hoteldaisy.it,,,Hotel Daisy
info@castellodelnero.com,,,Hotel Castello Del Nero
euro@myonehotel.it,,,My One Hotel Euro
info@hotelriomarina.it,,,Rio
mediterraneo@taddeihotels.it,,,Mediterraneo
info@villareggia.com,,,Hotel Villa La Reggia
info@hotelstclaire.com,,,Residence Saint Claire
info@hoteldannunzio.com,,,Palazzo Ognissanti
reservation.ghc@royaldemeure.com,,,G.h. Continental
info@frankshotel.com,,,Hotel Frank's
info@parkingiardinohotel.it,,,Albergo Giardino
info@cortonastorica.com,,,Hotel Sabrina
hotel-edy@libero.it,,,Hotel Edy
info@hotelilaria.com,,,Hotel Ilaria Srl
info@hotelcastelmartini.it,,,Hotel Castelmartini
cristallo@elbalink.it,,,Cristallo
info@hvittoria.com,,,Vittoria
info@nilhotel.it,,,Nilhotel
arthotel@texnet.it,,,Hotel Art Museo
info@hotelhp.it,,,Hotel Planet
htlguastini@katamail.com,,,Guastini
hm.carrara@tin.it,,,Michelangelo
olimpia@versilia.toscana.it,,,Olimpia
hotel.villajessica@libero.it,,,Hotel Villa Jessica
hotel@margheritahotel.com,,,Hotel Ristorante Margherita
info@sanmarco-hotel.it,,,San Marco
albergo.augusto@tiscali.it,,,Da Augusto
info@hotelely.it,,,Hotel Ely
info@hotelerina.it,,,Hotel Erina
info@elbahotelvalleverde.it,,,Valle Verde
htlapace@tin.it,,,Grand Hotel La Pace
dimoralucense@libero.it,,,Alla Dimora Lucense di Rosanna Scicchitano
thghiberti@tiscali.it,,,Hotel Tourist House Ghiberti di Baroni Claudio
hotel.ilpino@alice.it,,,Il Pino
fernando@toscanaitaly.com,,,Hotel Villa Tavolese
vespucci.fi@starhotels.it,,,Starhotels Vespucci
info@hoteldavanzati.it,,,Hotel Davanzati
patrizia@tin.it,,,Hotel Patrizia
hotel.villa.belvedere@tin.it,,,Hotel Villa Belvedere
info@hotelildiario.it,,,Hotel Il Diario
info@hotelrelaisorologio.com,,,Relais Dell'orologio
info@regency-hotel.com,,,Regency
fdzmontepulciano@hotmail.it,,,Istituto Figlie Del Divino Zelo
info@piccolohotelaurora.com,,,Piccolo Hotel Aurora
info@villaaurea.it,,,Hotel Villa Aurea
info@albergostellamaris.com,,,Stella Maris
info@michelahotel.com,,,Michela
info@vescine.it,,,Il Borgo di Vescine
hotelsilla@hotelsilla.it,,,Hotel Silla
info@hotelpierolli.it,,,Pierolli
info@hotelpalagi.191.it,,,Palagi
hotelariston@pisaonline.it,,,Hotel Ariston - Pisa
rsc@rsc.it,,,Relais Santa Chiara
info@grandhotelboston.it,,,Grand Hotel Boston
info@hotelsweb.it,,,Hotels Promotion
info@relaispoggiodelmelograno.com,,,Relais Poggio Del Melograno
info@bridge-hotel.it,,,Bridge Hotel
info@hotelabas.it,,,Hotel Abas
info@ilpiccolocastello.com,,,Il Piccolo Castello
info@edenparkpisa.com,,,Eden Park Resort
info@villagiada.com,,,Hotel Villa Giada
info@hotelbyron.net,,,Byron
info@levecchiecantine.it,,,Le Vecchie Cantine Sas
info@presidentmontecatini.it,,,President Hotel
info@hotelsanniccolo.com,,,Palazzo San Niccolò
info@albergocasanova.com,,,Villa Casanova
info@sorgenteroveta.it,,,Hotel Sorgente Roveta
info@villalacappella.net,,,Villa La Cappella
info@lebriciole.it,,,Hotel Le Briciole
info@campingmiramare.it,,,Camping Villaggio Miramare
info@hotelgiada.it,,,Hotel Giada
lacappella@leonet.it,,,Hotel Residence Villa La Cappella
info@hotel-aurora-mare.com,,,Aurora
info@relaissanlorenzo.it,,,Hotel Relais S. Lorenzo
info@goldentowerhotel.it,,,Hotel Golden Tower
info.garibaldi@libero.it,,,Garibaldi's Hotel Relais Et Char
info@parrinihotel.com,,,Parrini
info@lacontessina.it,,,Residence La Contessina Srl
info@hotelcaravaggio.it,,,Caravaggio
info@hotelmarchionni.com,,,Marchionni
info@hotelspinelli.it,,,Spinelli
info@hotelsanmarcofirenze.it,,,Azzurra Srl Hotel San Marco
hermitage@versilia.toscana.it,,,Hermitage
res.florencemetropole@hilton.com,,,Hilton Florence Metropole
info@fortino.it,,,Il Fortino Srl
villalebarone@libero.it,,,Villa Le Barone
hotelvaldinievole_mt@alice.it,,,Hotel Valdinievole
info@hotelacquamarina.it,,,Acquamarina
info@albergomartini.it,,,Albergo Martini
info@hotelportavaldera.it,,,Porta Valdera
info@hotelroby.net,,,Hotel Roby
info@risorgimentohotel.com,,,Hotel Risorgimento
lacasadiugo1@alice.it,,,La Locanda di Ugo
h3728@accor.com,,,Ibis Firenze Nord Aeroporto
info@hotellapace.it,,,Albergo La Pace di Romanelli A. & A. Snc
info@albergosavoy.com,,,Savoy
spa@grandhotellapace.it,,,Grand Hotel & La Pace Spa
info@hotelhermitagebibbona.com,,,Hermitage
info@marystella.it,,,Hotel Marystella
aristearta@live.it,,,Aristea
info@hotelbellariviera.it,,,Hotel Bella Riviera
hotelber@tin.it,,,Albergo Bernardino
info@hotellatorricella.it,,,Hotel La Torricella
info@tiffany-hotel.it,,,Tiffany
info@caladimola.it,,,Cala di Mola Hotel e Residence
info@palazzoguiscardo.it,,,Palazzo Guiscardo
hedera@elbalink.it,,,Hotel Edera
info@hotelbambolo.com,,,Residence Bambolo
info@grandhotelchianciano.it,,,Grand Hotel
info@arezzoparkhotel.com,,,Arezzo Park Hotel
le4pietre@tamtam.it,,,Hotel Le Quattro Pietre
info@hotelbasilewsky.com,,,Villa Basilewsky
info@hotelautopark.com,,,Auto Park Hotel
albergosanluca@technet.it,,,San Luca
hotelsilla@tin.it,,,Hotel Silla
hotel@poseidon.it,,,Poseidon
panoramaalbergo@tiscali.it,,,Hotel Panorama
villa.ambra@tiscalinet.it,,,Hotel Villa Ambra
info@florenceresidence.it,,,Palazzo Mannaioni
info@hotelbyron.it,,,La Magnolia
info@ilpoggetto.it,,,Hotel Ristorante Il Poggetto
sangallohotel@sangallohotel.it,,,Sangallo
info@hotelellymar.com,,,Hotel Ellymar
fedecec@tiscalinet.it,,,Prati
info@loggiatodeiservitihotel.it,,,Loggiato Dei Serviti
hotel.alba@firenzealbergo.it,,,Alba
info@villaombrosa.it,,,Acquamarina
info@hotel-aurora-firenze.it,,,Aurora
albergopuntaala@inwind.it,,,Albergo Punta Ala
alpino@bargaholiday.com,,,Hotel Ristorante Alpino
albergobartolini@virgilio.it,,,Bartolini
info@villacastelletti.it,,,Hotel Borgo Villa Castelletti
hotel@hotel-lapergola.com,,,La Pergola
info@hoteltonfoni.it,,,Hotel Tonfoni e Mafalda
info@allacortedegliangeli.com,,,Alla Corte Degli Angeli
info@hotelkadampaitaly.com,,,Kadampa
info@hotelpostamarcucci.it,,,Posta Marcucci
info@anticaresidenzacicogna.it,,,Antica Residenza Cicogna
info@baiadelsorriso.com,,,Baia Del Sorriso
info@agrihotel-elisabetta.it,,,Agrihotel Elisabetta
info@gaudiadayspa.it,,,Gaudia Day Spa
info@hotel-marzia.it,,,Hotel Marzia
karenvh@tin.it,,,Borgo di Villa Castelletti Residence
info@augustus-hotels.it,,,Augustus
hbernin@tin.it,,,Albergo Bernini
una.vittoria@unahotels.it,,,Una Hotel Vittoria
info@hotelalba.org,,,Alba
info@villargentieri.net,,,Villa Argentieri Sas
nhexcelsior@nh-hotels.com,,,Jolly Hotel Excelsior
info@hotelhermitageprato.it,,,Hermitage Snc
dacarlino@dacarlino.it,,,Da Carlino
info@termesanfilippo.it,,,Hotel Terme San Filippo
info@hotel-belsoggiorno.com,,,Bel Soggiorno
albergoexcelsior@abetone.com,,,Excelsior
info@hotel-ida.com,,,Hotel Ida - Ristorante Da Pietron
info@hotelvillarita.com,,,Hotel Villa Rita
htldeco@data.it,,,Hotel Deco
info@hotellorena.com,,,Hotel Lorena
hotelcecile@virgilio.it,,,Hotel Cecile Romanelli Maurizio & C. Snc
info@locandanelcassero.com,,,Locanda Nel Cassero
info@residencesanrossore.it,,,Residence San Rossore
welcome@hotelmorandi.it,,,Morandi Alla Crocetta
info@hotellatorre.pisa.it,,,La Torre
info@hotelariston.toscana.it,,,Ariston
info@ghmilano.it,,,Grand Hotel Milano
info@hotelmirageviareggio.it,,,Mirage
info@hotel-dino.it,,,Ristorante Hotel Dino
info@primavera-hotel.it,,,Primavera
info@promhotels.it,,,Florence Promhotels - Centro Prenotazioni Alberghi
info@hotelvillabonelli.com,,,Villa Bonelli
hotelcapitol@pisaonline.it,,,Capitol
info@albergostipino.it,,,Stipino
info@hotelmarinetta.it,,,Marinetta
hotelvilladellerose@tin.it,,,Hotel Villa Delle Rose
info@hotelmedici.it,,,Hotel Medici
piercastello@libero.it,,,Hotel Il Castello
info@hotelgalli.it,,,Hotel Galli
info@hoteltornese.it,,,Tornese
reservations.savoy@roccofortecollection.com,,,Savoy
info@albergoilcacciatore.it,,,Il Cacciatore
hoteldelgolfo@elbalink.it,,,Del Golfo
info@hoteltrecastelli.com,,,Hotel Ristorante Tre Castelli
info@hotel-labussola.com,,,La Bussola
info@westflorencehotel.it,,,West Florence
info@lerose.it,,,Hotel Le Rose
info@hotelvillasanmichele.com,,,Hotel Villa San Michele
info@hotelbelsoggiorno.it,,,Hotel Bel Soggiorno
info@albergoroberta.it,,,Albergo Roberta
info@anticocasalediscansano.it,,,Hotel Antico Casale di Scansano
info@lalocanda.it,,,La Locanda
giovanna@technet.it,,,Hotel Da Giovanna
info@villabetania.it,,,Hotel Villa Betania
hotelabas@tin.it,,,Hotel Abas
info@hotelatleti.com,,,Atleti
info@hotelrivoli.it,,,Rivoli
firenze@webhoteleuropa.com,,,Hotel Europa
info@hotelviscardo.it,,,Hotel Viscardo
info@casanova-laripintura.it,,,Azienda Agricola Casa Nova
info@albergosella.it,,,Sella
info@hotelportaromana.com,,,Hotel Porta Romana Sas di Masignani Anna & C.
info@caffedeicavalieri.it,,,La Locanda di Anita & Caffè Dei Cavalieri
bureau@palazzoravizza.it,,,Hotel Palazzo Ravizza
info@hotelvictoriaflorence.com,,,Hotel Victoria
info@hotelmaita.it,,,Hotel Maita
info@hotelariele.it,,,Ariele
info@relaisvillaacquaviva.com,,,Hotel Villa Acquaviva
benessere@hotelmanzoni.info,,,Hotel Manzoni
info@rosmarina.it,,,Rosmarina
grandhotelduomo@pisaonline.it,,,Grand Hotel Duomo - Pisa
vallombrosina@fionline.it,,,Villa Ambrosina
hotelderna@hotmail.com,,,Hotel Derna
info@hoteldatini.com,,,Hotel Datini
info@hotelpardini.com,,,Hotel Pardini
info@albergofiorentino.com,,,Albergo Fiorentino
info@calzaiuoli.it,,,Hotel Calzaiuoli Srl
info@pensionetrusco.it,,,L'etrusco
elios@elbalink.it,,,Isola D'elba Alberghi Vacanze
info@prategiano.com,,,Rifugio Prategiano
info@hotelbuongustaio.it,,,Hotel Il Buongustaio
info@hotelicedri.it,,,I Cedri
info@mariluhotel.com,,,Marily
info@laversiliana.net,,,Casa Per Ferie La Versiliana
info@hotelraffaello.si.it,,,Hotel Raffaello
info@montecatinihotelbiondi.it,,,Aquila D'oro
leterrazze@dinonet.it,,,Le Terrazze
info@hotel-minerva.it,,,Minerva
info@villanettuno.it,,,Villa Nettuno
info@hotelpatria2000.it,,,Patria
continentale@abd.it,,,Hotel Continentale
info@hotelhermitage.it,,,Hermitage
info@casavestri.it,,,Casa Vestri
info@hotelsanlino.com,,,Hotel San Lino
raffael@texnet.it,,,Hotel Raffaello
info@italycongress.com,,,Fattoria La Principina
hotelcavour@hotelcavour-livorno.it,,,Cavour
info@rivadeglietruschi.it,,,Riva Degli Etruschi
resort@lebbianoresidence.com,,,Residence Lebbiano
info@ilgineprino.it,,,Camping Villaggio Il Gineprino
info@hotelvicusmajor.com,,,Hotel Vicus Major
info@hotelvaldarno.net,,,Valdarno
hotelbrasile@alice.it,,,Hotel Brasile
arnolfo@publiterme.it,,,Arnolfo
info@hotellalanterna.com,,,Albergo La Lanterna
info@hoteliris.net,,,Hotel Iris
info@villabelpoggio.it,,,Relais Villa Belpoggio
deliziagenovesehotel@infinito.it,,,Delizia Genovese
info@biodola.it,,,Hotel Biodola Srl
info@villamorazzana.it,,,Villa Morazzana Srl
mail@royalvictoria.it,,,Royal Victoria Hotel
laterrazzadimontepulciano@libero.it,,,Hotel La Terrazza
info@leresidenzegallodoro.it,,,Le Residenze Del Gallodoro
info@ristorantelatini.com,,,Hotel Latini
hotel.risorgimento@libero.it,,,Risorgimento
info@miralaghi.it,,,Miralaghi
sabiagianluca@hotmail.com,,,Splendid
hotelmilano@interfree.it,,,Milano
info@lamagione.it,,,Hotel La Magione
hotelnettuno@telematicaitalia.it,,,Nettuno
info@hoteldemos.com,,,Hotel Demo's
info@villamaya.it,,,Villa Maya
info@hotelgiardinobibbiena.com,,,Hotel Giardino
info@hotelpiccolomondo.net,,,Piccolo Mondo
hotelermione@virgilio.it,,,Ermione
select@albahotel.it,,,Hotel Select
info@borgosanluigi.it,,,Borgo San Luigi
info@castelletto.it,,,Castelletto di Montebenichi
granduca@granduca.it,,,Hotel Gran Duca Srl
info@davidhotel.com,,,Hotel David
info@hotelkristal.it,,,Hotel Kristal
info@plazaederussie.com,,,Plaza e De Russie
villaotto@elba2000.it,,,Villa Ottone Hotel Srl
info@hotel-lido.com,,,Hotel Lido
info@albergolaforesta.eu,,,Hotel La Foresta
info@ilborghetto.it,,,Hotel Il Borghetto
oasi@servizire.it,,,Servizi Re Srl
pierre@remarhotels.com,,,Pierre
info@fetovaia.it,,,Hotel & Accomodation Isola D'elba
info@hotelrombino.it,,,Hotel Rombino
info@hotelselectelba.it,,,Select
info@grandealbergofortuna.it,,,Grande Albergo Fortuna
info@hotelcarrara.it,,,Hotel Carrara
info@palazzobenci.com,,,Hotel Palazzo Benci
info@albergosanmartino.it,,,San Martino
massimo.bigini@gmail.com,,,Isa Hotel
info@grandhotelriviera.it,,,Grand Hotel & Riviera
bambaissa@augustus-hotel.it,,,Augustus - Lido
info@hotelnapoleonlucca.com,,,Napoleon
info@villamarsili.net,,,Villa Marsili
dante@anticaposta.net,,,Hotel Antica Posta di Pelacani Dante
info@hoteldany.com,,,Hotel Dany
anna@residenzagiulia.com,,,Residenza Giulia di Moreno Torrini
info@versiliaholidays.com,,,Versilia Holidays Hotel
lalucciola@lalucciola.com,,,La Lucciola
giardino@pisaonline.it,,,Hotel Giardino Emiliano - Pisa
hotellapace@pisaonline.it,,,Hotel La Pace - Pisa
mailbox@hotelcrystal.it,,,Hotel Crystal di Soc. Progest Elba Srl
fleming@vivahotels.com,,,Hotel Fleming
info@hotelfirenze.net,,,Hotel Firenze
h.italia@tin.it,,,Hotel Italia
info@lacappuccina.com,,,Hotel Relais La Cappuccina
info@hotellapacefortedeimarmi.it,,,Hotel La Pace
info@hotelmaestoso.it,,,Maestoso
baiablu@elbalink.it,,,Baia Blu
info@albergolecolline.com,,,Le Colline
info@hotelmarelba.it,,,Hotel Marelba
info@ilbassetto.it,,,Bar Ristorante Pizzeria Albergo Bassetto Srl
info@piccadillyhotel.it,,,Piccadilly
info@lapinetacravilla.com,,,La Pineta
info@hoteltoscana.prato.it,,,Hotel Toscana
hotelliberty@viareggio.it,,,Liberty
info@vecchiamaremma.it,,,Hotel Vecchia Maremma
hotelchianciano@libero.it,,,Chianciano
info@hotelimperia.it,,,Hotel Imperia
parkhotel@parkhotelarezzo.com,,,Park Hotel
info@berchielli.it,,,Berchielli Spa
ggorac@tin.it,,,Aurora
info@elba-hotelbelmare.it,,,Belmare
info@residenzadepoca.it,,,Residenza D'epoca Palazzo Fani - Mignanelli
info@villasanpaolo.com,,,Villa San Paolo
info@elbahotelcasanova.it,,,Casanova
info@hotelcristallosrl.it,,,Hotel Cristallo
mail@oliveta.com,,,Hotel Piccolo Hotel Oliveta
info@hotelpatio.it,,,Patio
info@montebellosplendid.com,,,Montebello Splendid
info@frantoiomaddii.it,,,Al Frantoio
info@hotel-elba.it,,,Elba
albergo@rifugiodagiulia.it,,,Albergo Rifugio Da Giulia
info@hotel-park.it,,,Park
info@itamerici.it,,,I Tamerici
hoteldante@hotel-dante.it,,,Hotel Dante
info@portole.it,,,Portole
hotelletizia@technet.it,,,Hotel Letizia
info@hotellacona.it,,,Hotel Lacona
info@poderesantostefano.it,,,Podere Santo Stefano
info@hotelinnocenti.it,,,Innocenti
reservation@arthotel-milano.it,,,Art Hotel Milano
info@bencista.com,,,Bencistà
info@meridiana-hotel.it,,,Hotel Meridiana
info@albergoginevra.it,,,Ginevra
ilcasato@hotelrooms.it,,,Centrotel Srl
mailbox@villalerondini.it,,,Villa Le Rondini
info@albergo-florida.it,,,Hotel Florida di Ristorante Corsaro Verde Sas
info@hotelbrunelleschi.it,,,Hotel Brunelleschi Gest. Binfi Spa
info@hotelrosignano.it,,,Piccolo Hotel
paradiso@elbaturistica.it,,,Paradiso
beb.alcastellaccio@alice.it,,,Al Castellaccio
giappone@luda.it,,,Hotel Giappone Inn
info@valledelbuttero.it,,,Valle Del Buttero
albergosanpaolo@simail.it,,,Hotel Pieve S. Paolo
info@ilconventohotel.com,,,Il Convento
info@hotelrosati.it,,,Rosati
booking@embassyhotel.it,,,Embassy Hotel
casabianca@casabianca.it,,,Hotel Borgo Casabianca
hotelmiramonte@hotelmiramonte.it,,,Miramonte
albergobertolini@yahoo.it,,,Hotel Bertolini
info@hoteldemidoff.com,,,Demidoff Hotel
deicapitani@tin.it,,,Dei Capitani
info@arcadipienza.it,,,Albergo Arca di Pienza
info@albergo-belvedere.com,,,Belvedere
borgofelice@relaischateaux.com,,,Hotel Relais Borgo San Felice
info@conventosantachiara.it,,,Residenza Santa Chiara
info@anticocasalediscansano.com,,,Antico Casale di Scansano
info@hotelalma.com,,,Alma
info@varovillage.com,,,Varo Village
info@hoteldelletele.it,,,Delle Tele
albergoillago@alice.it,,,Il Lago
info@empolihotel.com,,,Empoli Hotel
info@locanda-laluna.it,,,Locanda La Luna
info@borgosanfelice.it,,,Hotel Borgo San Felice
info@sanlucacortona.com,,,Albergo San Luca
hotelverdi@sirius.pisa.it,,,Verdi
info@pensioneroma.it,,,Roma
info@hotelest.net,,,Hotel Est
info@villaigiullari.it,,,Villa I Giullari
info@albergotrestelle.it,,,Hotel Tre Stelle
info@hotel2mari.com,,,Hotel 2 Mari
info@villalavedettahotel.com,,,Villa La Vedetta
info@holidaymontecatini.com,,,Hotel Holiday
info@hoteldelapace.it,,,Hotel De La Pace
florence@hermitagehotel.com,,,Hotel Hermitage
info@hotelpatrizia.net,,,Patrizia
iltegolo@leonet.it,,,Il Tegolo
info@tombolotalasso.it,,,Tombolo Talasso Resort
info@parkhotelchianciano.it,,,Park Hotel
info@sanmichelehotel.it,,,Hotel San Michele
fabricia@elbalink.it,,,Fabricia
astoria@taddeihotels.it,,,Astoria
hotellafelicina@interfree.it,,,Hotel La Felicina
info@hotellombardiamontecatini.it,,,Hotel Lombardia e Sorgenti
info@santacostanza.net,,,Santa Costanza
minihotel@elbalink.it,,,Mini Hotel
dellarovere@chiantiturismo.it,,,Relais Della Rovere
info@villasangiovese.it,,,Villa Sangiovese Srl
info@borgodegliolivi.com,,,Borgo Degli Olivi
info@martiena.it,,,Hotel Fattoria Martiena
info@hotelilmelograno.it,,,Hotel Il Melograno
info@tenutalalupa.com,,,Tenuta La Lupa Country Hotel
archimede@val.it,,,Archimede
info@albergoiduecigni.it,,,Hotel I 2 Cigni
info@sanlorenzogrosseto.com,,,Sanlorenzo
flrnv-salesadm@hilton.com,,,Hilton Garden Inn Florence Novoli
info@villascarfi.it,,,Villa Scarfi
info@hotelcapriversilia.com,,,Capri
info@villailtrebbio.it,,,Villa Il Trebbio
info@strozzipalacehotel.it,,,Strozzi Palace Hotel
info@hotelalcide.com,,,Hotel Ristorante Alcide
suisse@holiplan.com,,,Suisse
info@elbahotelantares.it,,,Antares
info@hotelmanzi.it,,,Manzi
nazionalevolterra@tiscali.it,,,Albergo Nazionale Volterra
info@hoteldelaville.it,,,De La Ville
info@hotelalberta.it,,,Alberta
info@hotelbixio.it,,,Hotel Bixio
info@hotelmontecristo.it,,,Hotel Montecristo
a.bassi@unapalazzomannaioni.it,,,Una Palazzo Mannaioni
rivadelsole@elbalink.it,,,Riva Del Sole
info@hotelbaiaditalamone.it,,,Hotel Baia di Talamone
hotelfiammetta@live.it,,,Fiammetta
leopoldhot@toscana.it.net,,,Leopolda
info@hotelturandot.com,,,Turandot
info@hotelplaza.it,,,Grand Hotel Plaza & Locanda Maggiore
villa@artimino.com,,,Artimino - Villa Medicea La Ferdinanda
info@hotelbastiani.com,,,Bastiani Grand Hotel
info@albergoserena.it,,,Serena
info@hotelilcaminetto.it,,,Il Caminetto
info@hotelvittoriachianciano.it,,,Hotel Vittoria
info@toscana-ambassador.it,,,Toscana Ambassador
info@crocedimalta.it,,,Hotel Croce di Malta
info@lillyhotel.it,,,Lilly
info@hotelmiramonti-ar.it,,,Miramonti
info@hotelamadei.it,,,Hotel Villa Amadei
info@hotelportafaenza.it,,,Hotel Porta Faenza
info@hotelmanzoni.info,,,Manzoni
info@giardinohotel.com,,,Albergo Giardino
hbrelais@bettojahotels.it,,,Relais Certosa
info@hotelrm.it,,,Hotel Repubblica Marinara - Pisa
boccadarno@tiscalinet.it,,,L'incanto di Boccadarno
info@locandalapieve.it,,,Locanda La Pieve
info@villasansimone.it,,,Villa San Simone
anticoalbergo@termebagnidilucca.it,,,Antico Albergo Terme
info@residencedellenazioni.it,,,Residenza Delle Nazioni
reception@hotelarmonia.it,,,Armonia Srl
minihotelsnc@virgilio.it,,,Mini Hotel
stigliano@hotelmodernosiena.it,,,Relais Borgo di Stigliano
mazzoni@arthotel-milano.it,,,Art Hotel Milano
info@hotelvillaclodia.com,,,Villa Clodia
info@hotelapuana.com,,,Apuana
jandi@data.it,,,Hotel J And J
info@villaromantica.it,,,Villa Romantica di Favilla Emanuele & C. Sas
info@albergoilparco.it,,,Hotel Il Parco
hotelrossana@hotmail.com,,,Hotel Rossana
info@locandalabandita.it,,,Locanda La Bandita
info@hotelrosadeltirreno.it,,,La Rosa Del Tirreno di Landi Maurizio e Maria Luisa Snc
info@hotelrosina.it,,,Hotel Rosina - M & D Srl
info@cavalieridelmare.net,,,Albergo Cavalieri Del Mare
info@residencesantacecilia.it,,,Residenza Santa Cecilia
albergolacasetta@abetone.com,,,Hotel La Casetta
villa.verde@tin.it,,,Pensione Ristorante Villa Verde di Pioli Roberto & C. Snc
info@albergomareblu.com,,,Mare Blu
info@lavillaresort.it,,,Villa Resort
info@atlanticpalace.it,,,Atlantic Palace Hotel
info@mini-hotel.it,,,Mini Hotel
info@scogliobianco.it,,,Hotel Scoglio Bianco Vacanze Mare Elba
info@hotelalbafirenze.it,,,Promotur Srl
locandadelviandante@anghiari.it,,,Locanda Del Viandante
info@hotelcaposud.it,,,Capo Sud
info@albergoniagara.it,,,Niagara
hotelgiappone@hotellivorno.com,,,Albergo Giappone Srl
info@albergominerva.it,,,Minerva
info@hotel-montecarlo.it,,,Hotel Montecarlo
albergo.enrico@tin.it,,,Albergo Ristorante Bar Enrico di Marinelli S. & C. Sas
foresteriafirenze@diaconiavaldese.org,,,C.s.d. Istituto Gould
hotelmarino@libero.it,,,Hotel Marino
ziaseconda@tiscali.it,,,Zia Seconda
info@hotelmaristella.com,,,Maristella
info@hotelbarracudaelba.it,,,Barracuda
info@hoteldonatellofirenze.com,,,Donatello Firenze City
info@hotelathenaeumflorence.com,,,Ristorante Riflessi
booking@hotelexecutivesiena.it,,,Best Western Hotel Executive
info@hotelpanoramico.com,,,Panoramico
info@hotelfiora.it,,,Fiora
info@fontedellagalletta.it,,,Hotel Fonte Della Galletta
info@hoteldegliorafi.it,,,Hotel Degli Orafi - Camera Con Vista Srl
info@lalocandadimontisi.it,,,Locanda di Montisi
info@hermit.it,,,Pardinì S Hermitage Hotel
info@bagnidipisa.com,,,Bagni di Pisa
meridi@elbalink.it,,,Hotel Meridiana
info@hotelcernia.it,,,Cernia
info@truciolini.it,,,Truciolini
h1798-re@accor.com,,,Novotel Firenze Nord Aeroporto
info@hoteldellasignoria.com,,,Hotel Della Signoria
beltramonto@valverdehotel.it,,,Bel Tramonto Residence
casettapulledrari@gmail.com,,,Hotel Casetta De Pulledrari
post@royalvictoria.it,,,Royal Victoria Hotel
romeozanotti@tiscalinet.it,,,Albergo Bel Soggiorno
arenella@hotelarenella.com,,,Arenella
info@hotelsantandrea.com,,,Hotel Sant'andrea
info@hotelcolomba.com,,,Colomba
info@lerotonde.it,,,Hotel Le Rotonde
select.fi@bestwestern.it,,,Best Western Hotel Select
info@hotelalbion.it,,,Albion Srl
info@villasanlucchese.com,,,Villa San Lucchese
ricavo@ricavo.com,,,Tenuta di Ricavo
hotel@parkpalace.com,,,Park Palace
info@termevillaborri.com,,,Hotel Terme Villa Borri
info@relaispoggioborgoni.it,,,Relais Poggio Borgoni
info@elbahotelmarinella.it,,,Marinella
hotelmarinella@elbalink.it,,,Hotel Marinella
info@hotelpanorama.fi.it,,,Hotel Panorama
verdelunarta@yahoo.it,,,Hotel Verde Luna
info@hotelilpomarancio.com,,,Il Geranio
info@lapacemaresca.it,,,Hotel La Pace
info@hotelpuntoverde.it,,,Hotel Punto Verde
pensionelascala@virgilio.it,,,Pensione La Scala
info@carolushotel.com,,,Carolus
info@villabiancahotel.it,,,Villa Bianca Hotel
info@hotelvillapadulella.it,,,Hotel Villa Padulella
villanencini@interfree.it,,,Villa Nencini
info@vecchioasilo.it,,,Hotel Vecchio Asilo
info@hoteldacarlos.it,,,Hotel Da Carlos Snc
villagam@tin.it,,,Villa Gamberaia
info@grandhotelduomo.it,,,Grand Hotel Duomo Srl
info@giardinolepalme.it,,,Hotel Giardino Delle Palme
info@hotelbigallo.it,,,Bigallo
info@larosadeiventimonteserra.it,,,Ristorante Albergo Rosa Dei Venti di Adami Monica e Alessandra Snc
info@hotel-quisisana.com,,,Quisisana
cvillor@tin.it,,,Villa Villoresi
info@manuel-hotels.com,,,Manuel Hotel
info@hotelsottocosta.com,,,Sottocosta
info@hotelgallonero.it,,,Hotel Gallo Nero
villacristina@elbalink.it,,,Villa Cristina
hotel@villaottone.com,,,Villa Ottone
zambelli@hotelparistoscana.it,,,Paris
info@borgodicortefreda.com,,,Hotel Borgo
acarezzo@ac-hotels.com,,,Ac Hotel Arezzo
lavaldana@elbalink.it,,,Villaggio Turistico La Valdana
info@wallart.it,,,Wall Art Hotel
info@hotelfollonica.it,,,Hotel Bella 'mbriana Charme e Relax
info@hotelmassarelli.it,,,Hotel Massarelli
info@arthotel-miro.it,,,Art Hotel Mirò
info@albergorispescia.com,,,Hotel Rispescia
info@villacesi.it,,,Park Hotel Villa Cesi
hds@email.it,,,Hotel di Stefano
info@florahotel.eu,,,Flora
info@hotelbelmare.it,,,Belmare
info@hotelilsettebello.com,,,Settebello
silviaagostini@hotmail.com,,,Hotel Stella Del Mare
info@albergorossella.it,,,Albergo Rossella
info@residencegloria.it,,,Hotel Residence Gloria
labussola55@virgilio.it,,,Hotel La Bussola
info@oliverhotel.it,,,Oliver Hotel
info@hoteldeitigli.it,,,Hotel Dei Tigli
info@villaariston.it,,,Villa Ariston
info@hotelroyalviareggio.it,,,Grand Hotel Royal
info@hotelvillaricci.it,,,Hotel Villa Ricci
info@ristoranteminerva.it,,,Ristorante Hotel Minerva
info@hoteltirrenia.it,,,Hotel Tirrenia
info@albergo-bellavista.com,,,Bellavista
massimo@calidario.it,,,Albergo Calidario
info@hotelciritorno.com,,,Hotel Ciritorno
manuelarini@virgilio.it,,,B & B Manuela
info@hotelvillasangiovanni.com,,,Villa San Giovanni
info@villacasalecchi.it,,,Villa Casalecchi
info@corys.it,,,Corys Hotel
info@residencelarocca.com,,,La Rocca Residence
hotellapineta@libero.it,,,Righetti Carolina
solemare2002@yahoo.it,,,Hotel Sole e Mare
info@hotelatlantico.it,,,Atlantico
info@astoriaviareggio.it,,,Hotel Astoria
info@hotelvillaliberty.it,,,Villa Liberty
info@lacosta.it,,,Residenza D'epoca La Costa
info@palaceprato.it,,,Hotel Palace
info@hotelgrifo.it,,,Hotel Il Grifo
info@anticoborgotignano.com,,,Residence Antico Borgo di Tignano
info@ripaverde.it,,,Park Hotel Ripaverde Spa
info@hotelplaza-elba.com,,,Villa Rosa
info@elbavillamare.it,,,Hotel Villa Mare
info@hotelvillakinzica.it,,,Villa Kinzica
info@relaisuffizi.it,,,Hotel Relais Uffizi Srl
info@albergocostaverde.it,,,Costa Verde
info@sangregorioresidencehotel.it,,,Hotel Residence San Gregorio
info@hotelgrappolodoro.it,,,Hotel Grappolo D'oro
info@welcometoelba.com,,,Hotel Montemerlo - Isola D'elba
info@poliziano.it,,,Hotel Il Poliziano
reservation.pisamigliarino@hotelidea.it,,,Bell'italia
info@lecortidimontepitti.com,,,Le Corti di Montepitti
laurus@vivahotels.com,,,Laurus
saintclaire@elbalink.it,,,Saint Claire
info@hotelbostonfirenze.it,,,Hotel Boston
una.montepulcianoovest@unawayhotels.it,,,Unaway Hotel Montepulciano Ovest A1
info@albergosangallo.it,,,Hotel Sangallo
info@hoteldagiacomino.it,,,Da Giacomino
etrusconia@libero.it,,,Hotel Etrusconia
info@hmlivorno.it,,,Hotel Mediterraneo
info@boboba.it,,,Villaggio Boboba
hoteldazeglio@pisaonline.it,,,Hotel D'azeglio - Pisa
info@campaldino.it,,,Hotel Campaldino
info@albergoverrazzano.it,,,Giovanni Da Verrazzano
info@postadelchianti.it,,,Posta Del Chianti
info@locandasantagata.it,,,Locanda S. Agata
info@hotelroyalfirenze.it,,,Royal
giuliahotel@tiscalinet.it,,,Hotel Giulia
info@hotelresidenceesplanade.it,,,Hotel Residence Esplanade
piccoloh@versilia.toscana.it,,,Piccolo Hotel
info@hterme.it,,,Hotel Delle Terme
info@hotelmiramontiabetone.it,,,Miramonti
info@hotelacquarius.it,,,Hotel Acquarius
janice.white@tin.it,,,Al Chicco di Grano
info@hotelalamanni.com,,,Hotel Alamanni
info@hotelverdemare.it,,,Verdemare
info@soggiornopitti.com,,,Soggiorno Pitti
info@hotelbisenzio.com,,,Bisenzio
info@grandhotelpalazzo.it,,,Nh G.h. Palazzo
info@hotelairone.eu,,,Hotel Airone
info@hotelgiovanna.com,,,Hotel Giovanna
info@hotelgrifonefirenze.com,,,Grifone Srl
albergosanmartino@albergosanmartino.it,,,Hotel San Martino
basilea@florenceitaly.net,,,Hotel Basilea
info@inpiazzadellasignoria.it,,,Inpiazzadellasignoria Srl
residence@isolaverde.com,,,Residence Isola Verde
info@villalareggia.com,,,Hotel Villa La Reggia Perondi Hotels Srl
albergoilgiglio@tin.it,,,Albergo Il Giglio
info@hotellaluna.com,,,Albergo La Luna Snc
hotelairone@landinihotels.it,,,Sacchelli
hotel@paradisoalmare.it,,,Paradiso Al Mare
info@hotelnazionale-volterra.it,,,Albergo Ristorante Nazionale di Galletti Giulio Snc
info@hotelazzi.it,,,Hotel Azzi Locanda Degli Artisti
info@grandhotelminerva.com,,,Grand Hotel Minerva Spa
info@pigallehotel.it,,,Hotel Pigalle
info@residencegolfhotel.it,,,Residence Golf Hotel
info@hotelcentro.net,,,Hotel Centro
posta@albergacciocast.com,,,Albergaccio di Castellina
info.pisa@h2c.it,,,H2c Hotel Pisa Pontedera
info@borgomagliano.it,,,Ventaclub Borgo Magliano Resort
hotelatlantico@cretedisiena.com,,,Atlantico Palace Hotel
info@hotellafeluca.it,,,Hotel La Feluca
hotel.cavaliere@tin.it,,,Cavaliere
info@hotelpanamafirenze.it,,,Panama
ilcolleverde@yahoo.it,,,Relais Il Colle Verde
info@hotelfrancesco.com,,,Hotel Francesco - Pisa
mirage@hotelmirage.com,,,Hotel Mirage
hotelromacastiglione@tiscali.it,,,Roma
santostefano@elbalink.it,,,Santo Stefano
direzione@iduepini.it,,,Hotel I Due Pini
info@hotelmillemiglia.it,,,Hotel Mille Miglia
info@hoteliginepri.it,,,I Ginepri
info@hoteldelgolfo.it,,,Hotel Del Golfo
hotelplayaviareggio@tiscali.it,,,Hotel Playa
info@cannondoro.com,,,Albergo Cannon D'oro
cartiera@chiantiturismo.it,,,Hotel La Vecchia Cartiera
info@leduefontane.it,,,Le Due Fontane
info@stellamarina.it,,,Stella Marina
info@hotel-rivadelsole.com,,,Hotel Riva Del Sole
albergosicomoro@libero.it,,,B&b Il Sicomoro
laselvaorsigna@alice.it,,,Hotel La Selva
info@hotelsanmarcolucca.com,,,San Marco
info@hotelastorvictoria.it,,,Astor Victoria
countryhotel@rphotels.com,,,Hotel Country Club Srl
email@villabelvedere.com,,,Villa Belvedere
info@sangalloparkhotel.it,,,Sangallo Park Hotel
mmvgmm@tiscalinet.it,,,Hotel Canarco
sanmichele@ats.it,,,Hotel San Michele
virginiaconti@virgilio.it,,,Ciavatta
welcome@hotelcampese.com,,,Campese
info@hotel-president.net,,,President
info@golfodelsole.it,,,Residence Golfo Del Sole
info@siafvolterra.eu,,,Siaf Scuola Internazionale di Alta Formazione
info@hotelnuovosavi.com,,,Nuovo Savi
info@voguehotel.it,,,Arezzo Vogue Hotel
ilmartellino@tin.it,,,Camping Tahiti
mail@valleorientina.it,,,Hotel-relais Valle Orientina
info@hotelogliera.it,,,Hotel L'ogliera
pitiana@villapitiana.com,,,Villa Pitiana
italy@tuscany-charming.it,,,Hotel I Pini
info@hotel-stazione.it,,,Appartamenti Stazione
info@hoteltamerici.it,,,Grand Hotel Tamerici & Principe
villanencini@sirt.pisa.it,,,Albergo Villa Nencini
hotelvillakinzica@pisaonline.it,,,Hotel Villa Kinzica - Pisa
irangon@tin.it,,,Ermione
info@acacie.it,,,Hotel e Residence Le Acacie
info@hotelchianciano.com,,,Hotel Chianciano
alessandro.dami@tin.it,,,Hotel Italia
info@hotelcasarossa.com,,,Hotel Casa Rossa
villa-gaia@tiscali.it,,,Villa Gaia
info@hotellevolpaie.it,,,Le Volpaie
nizza@galliganihotels.it,,,Nizza Et Suisse
info@hotelmediterraneo.com,,,Mediterraneo Grand Hotel
info@hosteriailmalandrone.it,,,Hosteria Del Malandrone
info@hotelmassimodazeglio.it,,,Massimo D'azeglio
ilcacciatorepoggio@yahoo.it,,,Il Cacciatore
info@rivierablu.it,,,Riviera Blu
hoteldeifiori@virgilio.it,,,Dei Fiori
baccohotel@tin.it,,,Bacco
corfinolabaita@libero.it,,,Hotel La Baita
info@lolahotel.it,,,Lola Piccolo Hotel
info@villaggiopradiso.it,,,Casa Vacanze Villaggio Paradiso
sardi@elbalink.it,,,Da Sardi
info@locandaroma.it,,,Roma
info@ercoliniesavi.it,,,Ercolini & Savi
info@hoteltettuccio.it,,,Grand Hotel Tettuccio
info@hotelbenivieni.it,,,Benivieni
info@arco-naturale.it,,,Albergo Arco Naturale - Country House Ristorante
info@hotel-lara.it,,,Hotel Lara
info@hotelilponte.com,,,Il Ponte
info@hotellucerna.it,,,Lucerna
info@hotelcentralefirenze.it,,,Hotel Centrale
info@vecchiaoliviera.com,,,Vecchia Oliviera
petriolo@ouverture.it,,,Grand Hotel Terme di Petriolo
info@edenparkhotel.it,,,Eden Park Hotel
info@relaishotel.com,,,Hotel Collodi
info@larotondahotel.it,,,La Rotonda
una.versilia@unahotels.it,,,Una Hotel Versilia
info@albergouniverso.com,,,Hotel Universo
hotel.raffaello@libero.it,,,Raffaello
info@approdo.it,,,L'approdo
ritzfdm@versilia.net,,,Ritz Forte Dei Marmi
info@galliapalace.it,,,Gallia Palace Hotel
info@hotel-europa-marliana.com,,,Hotel Europa
info@casafrassi.it,,,Hotel Casafrassi
hotel@hmondial.com,,,Mondial Resort & Spa
info@hoteltornese.com,,,Hotel Tornese
info@hermitagehotel.it,,,Hermitage Hotel
info@sanranierihotel.com,,,San Ranieri Hotel
info@fattoriamaremmana.com,,,Residence Fattoria Maremmana
info@hotelliana.com,,,Liana
albergolacastellana@libero.it,,,Albergo Ristorante La Castellana
info@hoteldafine.it,,,Albergo Da Fine
info@grandhotelimperiale.it,,,Resort Grand Hotel Imperiale
info@albergaccio.com,,,Albergaccio
info@albergolatoscana.191.it,,,Albergo La Toscana
info@chiusarelli.com,,,Chiusarelli
info@hotelvaltorta.it,,,Valtorta
mail@ilburchio.it,,,Albergo Tenuta Il Burchio
info@hotelemma.net,,,Emma
info@hotelsolemassa.com,,,Hotel Sole di Gariboldi Valeria
boschetto@ouverture.it,,,Albergo Ristorante Il Boschetto
hotelolimpia@tin.it,,,Olimpia
info@hoteldivino.it,,,Divino Ristorante
info@hoteltrecolonne.it,,,Hotel Tre Colonne
nhgrandhotelpalazzo@nh-hotels.com,,,Nh Grand Hotel Palazzo
icancelli@icancelli.it,,,Antico Borgo I Cancelli Residence
abacohotel@tin.it,,,Abaco
info@lagigliola.it,,,Fattoria La Gigliola di Piazzini Anna
info@arthotel-museo.it,,,Art Hotel Museo
villaangela@raffaelli.com,,,Raffaelli-villa Angela
vittoria@hotelvittoria.it,,,Grand Hotel Vittoria
info@hotelgoya.it,,,Goya Srl
info@hotelitalia-siena.it,,,Italia
info@classichotel.it,,,Classic Hotel
hotel.victoria@tiscalinet.it,,,Victoria
info@hotelparcodeipini.it,,,Parco Dei Pini
info@hotelcimabue.it,,,Cimabue
infohotelcalzaiolo@virgilio.it,,,Hotel Calzaiolo Sas
info@hotelrexlucca.com,,,Rex
info@casadelgolfo.it,,,Casa Del Golfo
info@hotelsanmarcoarezzo.it,,,Hotel San Marco
info@villabaldelli.it,,,Relais Villa Baldelli
info@verdeoasi.it,,,Hotel Verde Oasi
info@hotelmirage.it,,,Mirage
info@albergoregina.com,,,Regina
borgofrosini@gmail.com,,,Antico Borgo Frosini
anticajohlea@johanna.it,,,Antica Dimora Johlea
hotel.leopolda@tiscalinet.it,,,Hotel Leopolda
info@albergotto.com,,,Albergotto Hotel
info@hotellavilletta.it,,,Hotel La Villetta
info@demyhotel.it,,,Demy Hotel di Demicheli & Poli & C. Snc
info@hotelmiramare.info,,,Miramare
booking@grottagiustispa.com,,,Grotta Giusti Terme
santelisa@libero.it,,,Hotel Ristorante S. Elisa
info@piandercoleresort.it,,,Hotel Ristorante Pian D'ercole Resort
patria@barbettihotels.it,,,Albergo Patria
info@hoteleuropaonline.com,,,Europa Hotel
anticatorre@email.it,,,Antica Torre
ilparco@gol.grosseto.it,,,Hotel Il Parco
info@hotelcaladiforno.it,,,Cala di Forno
info@hotelcimabue.com,,,Cimabue
europa@elbalink.it,,,Camping Villaggio Europa
elcarcio@tin.it,,,Hotel Ferdinando Ii Dè Medici
hotel_saracino@tiscali.it,,,Hotel Il Saracino
info@hoteldanila.it,,,Hotel Danila Scaglieri
info@villarodriguez.it,,,Hotel Villa Rodriguez
info@hotelsanpaolochianciano.it,,,Albergo San Paolo
info@hotelalteatro.it,,,Al Teatro
info@locandadellamicizia.it,,,Locanda Dell'amicizia
info@edenrockresort.it,,,Eden Rock Resort Residence
lalanterna@libero.it,,,Hotel La Lanterna
royalpalace@gruppobirindelli.it,,,Royal Palace
info@hotelmonnalisa.it,,,Hotel Monna Lisa
info@hotelalexandravinci.it,,,Hotel Alexandra - La Limonaia Ristorante Srl
info@locandadisanmartinosiena.it,,,Locanda di San Martino
info@hotelnavy.it,,,Hotel Navy
lucaptor@gmail.com,,,Albergo Da Annita
info@ristoranteimperatore.it,,,Albergo Ristorante Imperatore
reservations@hotelsempione.info,,,Soc. Esercizi Alberghieri Fiorentini S.e.a.f. Srl
info@hotelfranceschi.com,,,Franceschi
holidayroomsflorence@hotmail.com,,,Hotel Holiday Rooms
info@rivadelsole.it,,,Riva Del Sole Spa
info@raffaellohotel.it,,,Raffaello
info@albergosonia.com,,,Hotel Sonia
info@hotel-corallo.it,,,Hotel Corallo
info@aviotel.it,,,Aviotel Residence Hotel
info@stmauritiushotel.com,,,Hotel Saint Mauritius
info@universolucca.com,,,Universo
info@grandhotelgolf.it,,,Gestalpi Grand Hotel Golf Srl
info@anticabadia.it,,,Antica Badia
info@borgocasato.it,,,Borgo Casato
poeta@hotelilpoeta.it,,,Hotel Il Poeta
mulino@chiantinet.it,,,L'ultimo Mulino
info@hotellanoce.it,,,Fi.ro. Gestioni Srl
info@hoteliportici.com,,,Hotel I Portici
mfaggiano@hotmail.com,,,Hotel Giotto
luna@lunahotel.net,,,Hotel Luna
santandrea@elbalink.it,,,Sant'andrea
info@hotel-atlantic.it,,,Hotel Atlantic - Il Ristorante
pittipalace@vivahotels.com,,,Pitti Palace
info@parchotel.it,,,Park Hotel
info@albergobologna.com,,,Bologna
info@andana.it,,,L'andana
info@hoteleuropaversilia.it,,,Hotel Europa
calza@calza.it,,,Convitto Ecclesiastico Della Calza
royalvictoriahotel@pisaonline.it,,,Royal Victoria Hotel - Pisa
deltaflorence@virgilio.it,,,Delta Florence
info@hotelrapallofirenze.it,,,Rapallo
info@stilhotel.it,,,Stilhotel
info@tuscanytaly.com,,,Al Parco
info@hoteliltelamonio.com,,,Hotel Il Telamonio
info@hotelapolloversilia.it,,,Apollo
info@albergolosanna.com,,,Hotel Losanna
info@hotelsempione.info,,,Sempione
albergomichela@libero.it,,,B&b Michela
info@hotelbagnilido.com,,,Bagni Lido
info@hotelkaty.com,,,Hotel Katy
ardeahtl@libero.it,,,Ardea
lungarno@lungarnohotels.com,,,Lungarno
info@polvano.com,,,Relais San Pietro In Polvano
info@hotelbretagna.net,,,Hotel Bretagna
royal.lu@bestwestern.it,,,Best Western Grand Hotel Royal
dinobor@tiscali.it,,,Hotel La Rotonda
info@hotelmontebello.it,,,Montebello
info@hotelmodernosiena.it,,,Moderno
info@villasabolini.it,,,Villa Sabolini
info@hoteladua.it,,,Adua & Regina di Saba Wellness And Beauty Snc
info@hotelprivilege.it,,,Hotel Privilege
info@settequerce.it,,,Albergo Sette Querce
info@hotelcucciolo.com,,,Cucciolo
nuovagrosseto@tin.it,,,Nuova Grosseto
info@villailborghetto.com,,,Villa Il Borghetto - Residenza D'epoca
airone@tivigest.com,,,Airone Del Parco e Delle Terme
reception@villabelvederefirenze.it,,,Villa Belvedere
info@hotelparmaeoriente.it,,,Parma e Oriente
albergo_roma@virgilio.it,,,Albergo Roma
info@htperseo.it,,,Il Perseo
info@montapertihotel.com,,,Montaperti Hotel
bellavista@panciolihotels.it,,,Grand Hotel Bellavista Palace & Golf
villa-maria@ftbcc.it,,,Hotel Villa Maria
info@hotelmignon.it,,,Mignon
info@relaisbelvedere.it,,,Belvedere Srl
info@sangallopalace.com,,,San Gallo Palace
info@elbahotelmassimo.it,,,Massimo
lacorte@technet.it,,,Hotel La Corte Dei Papi
info@borgoscopetorelais.it,,,Borgo Scopeto Relais
info@albergomiravalle.com,,,Hotel Miravalle
info@giadapalacelucca.com,,,Giada Lucca Srl
info@ilecci.net,,,Park Hotel I Lecci
info@borgopretale.it,,,Borgo Pretale
hotelroma@pisaonline.it,,,Roma
adriatico.fi@bestwestern.it,,,Best Western G.h. Adriatico
info@hotelpuccini.com,,,Piccolo Hotel Puccini
info@hotelsiesta.it,,,Crismass Srl
info@hotellapace.net,,,Il Bersagliere Dip. La Pace
p.clausi@bcc.tin.it,,,San Paolo
info@albergoangela.com,,,Angela
apelbana@elba2000.it,,,Ape Elbana
info@albergodimurlo.com,,,Di Murlo Dipendenza
residencegolf@versilia.toscana.it,,,Residence Golf
grand.hotel@libero.it,,,Grand Hotel
london.viareggio@tin.it,,,Hotel London
info@hotellastella.it,,,La Stella
hotel@santorotto.it,,,Motel Santorotto
info@cristall-feri.com,,,Cristall
info@albahotel.net,,,Hotel Alba
info@hotelcitta.it,,,Città
dagiancarlo@libero.it,,,Hotel Da Giancarlo
info@torresantaflora.it,,,Torre Santa Flora Resort & Co.
info@trendy-online.com,,,Hotel Trendy
info@campingleginestre.it,,,Villaggio Camping Le Ginestre
mailbox@caladinisportino.it,,,Villaggio Turistico di Nisportino
info@hotelarcobaleno.com,,,Arcobaleno Boutique Hotel
info@hotel-metropole.it,,,Metropole
borgotrerose@angelini.it,,,Borgo Tre Rose
info@hoteltorreguelfa.com,,,Torre Guelfa
vittoria-italia@casciana.it,,,Hotel Vittoria Italia
albergomilano@genie.it,,,Albergo Milano
info@hoteltorricelli.com,,,Hotel Torricelli
info@albergocasentino.it,,,Casentino
info@hotelrex.it,,,Rex
hotelmarina@hotmail.it,,,Hotel Marina
info@quattrogigli.it,,,Quattro Gigli
ilcigno@ilcigno.it,,,Hotel Il Cigno - Ristorante Il Cerro
info@almapace.it,,,Villa Alma Pace
hotel.prosperi@tin.it,,,Hotel Prosperi
booking@hotelsirio.com,,,Hotel Sirio
mfede@ebacom.it,,,Gesmag Srl
lostellino@sienaholidays.com,,,L'aia Residence & Soggiorno Lo Stellino
info@domenicohotel.com,,,Ristorante Da Domenico
hotelleopoldo@tin.it,,,Leopoldo
hotelmilano@pisaonline.it,,,Hotel Milano - Pisa
balestra@labalestra.it,,,La Balestra Srl
l.locandadelmolino@tin.it,,,La Locanda Del Molino
info@hotelarcangelo.com,,,Hotel Arcangelo Sas
info@hotelattico.com,,,Hotel Attico
info@ilfalconiere.it,,,Relais Ristorante Il Falconiere & Spa
info@hotelcolumbus.it,,,Columbus Srl
info@villalavedetta.com,,,Hotel La Vedetta
falconiere@relaischateaux.com,,,Relais Il Falconiere
hotelcappelli@italway.it,,,Hotel Cappelli - Croce di Savoia
info@hotellondon.it,,,London
info@caselascheggia.it,,,La Scheggia
info@albergoimperiale.it,,,Albergo Imperiale
hotelgraziano@cybermarket.it,,,Hotel Ristorante Da Graziano di Colibazzi Adelina & C. Snc
hotel@lerose.it,,,Le Rose
hbf.florence@hotelbonifacio.it,,,Hotel Bonifacio
htlannunziat@infinito.it,,,Hotel Annunziata
info@albergoflora.it,,,Hotel Flora
hotelk2@hotelk2.net,,,Hotel K2
info@hotelparadisoverde.it,,,Paradiso Verde
villacancelli@alice.it,,,Villa I Cancelli
mail@hotelserre.it,,,Grand Hotel Serre
info@belmarehotel.it,,,Belmare
booking@abitaliatowerplaza.com,,,Abitalia Tower Plaza
info@albergolaforesteria.com,,,La Foresteria
brigantino@elbalink.it,,,Brigantino
croce.malta@crocedimalta.it,,,Hotel Croce di Malta
raffaelli.lu@bestwestern.it,,,Best Western Raffaelli Park Hotel
ristorantemauro@libero.it,,,Ristorante Mauro di Biondi Roberto & C. Snc
info_hoteleuropa@hotmail.com,,,Europa
alb.margherita@virgilio.it,,,Hotel Margherita
hotel@cavalleggeri.it,,,Riva Dei Cavalleggeri
lasperanza@casciana.it,,,Hotel Speranza
info@hotelsileoni.it,,,Hotel Da Sileoni
info@gardenclubtoscana.com,,,Garden Club
info@aurora-albergo.it,,,Albergo Aurora di Barbafiera Paolo
info@hoteladrianaviareggio.com,,,Hotel Adriana
info@crocedimalta.com,,,Grand Hotel Croce di Malta
info@albergogolfo.it,,,Golfo
info@candiaresidence.it,,,Candia
acfirenze@ac-hotels.com,,,Ac Hotel Firenze
piccolomini@abitarelastoria.it,,,Lucignanello Bandini
rtailcastelluccio@live.it,,,Il Castelluccio
info@hotel4assi.it,,,Hotel I 4 Assi
info@residence-corallo.it,,,Residenza Turistico Alberghiera Corallo
direzione@hotelbasilewsky.com,,,Hotel Villa Basilewsky
info@hotelvillaetrusca.it,,,Villa Etrusca
info@villacasagrande.it,,,Hotel Villa Casagrande Srl
matteo@tarabellahotel.it,,,Tarabella
locandalaudomia@tiscali.it,,,Albergo Locanda Laudomia
info@albergostella.it,,,Stella
rusmini.silvia@gmail.com,,,Il Corallo
sangiorgio.hotel@tin.it,,,Hotel San Giorgio
info@torredicalapiccola.com,,,Residenza Torre di Cala Piccola
river@lhphotels.com,,,River
villurbana.lucca@gmail.com,,,Villurbana
info@casaleletorri.191.it,,,Albergo Casale Le Torri
info@hotelpaolalucca.it,,,Albergo Da Paola
info@hotelmonnalisavinci.it,,,Monna Lisa
info@hotel-dora.it,,,Hotel Dora
info@nocetorta.it,,,Hotel Al Parco
info@hotelbotticelli.it,,,Hotel Botticelli
piccolo_hotel@virgilio.it,,,Piccolo Hotel
albergoprimula@abetone.com,,,Primula
info@hotel-concordia.net,,,Hotel Concordia
info@palazzotucci.com,,,Palazzo Tucci
staff@hotel-lalocanda.com,,,Hotel La Locanda
info@hotelcavallotti.it,,,Cavallotti
info@villaadahotel.it,,,Villa Ada
info@hoteladriatico.it,,,San Gallo Palace
info@borgodifiletta.com,,,Borgo La Filetta
leginestre@ftbcc.it,,,Le Ginestre
info@piccolohotelfirenze.com,,,Piccolo Hotel
info@hoteldapilade.it,,,Da Pilade Residence Hotel
info@hotelbologna.pisa.it,,,Albergo Bologna Srl
info@hoteltouringpisa.com,,,Touring
laforestahotel@gmail.com,,,La Foresta
info@hotelmanuela.net,,,Manuela
hotelmoderno@pisaonline.it,,,Hotel Moderno - Pisa
una.montepulcianoest@unawayhotels.it,,,Palio
info@toscanaverde.com,,,Toscana Verde Hotel Residence Aparthotel
info@hotelcecco.com,,,Cecco
info@la-rosa-dei-venti.it,,,Hotel La Rosa Dei Venti
info@borghesepalace.it,,,Borghese Palace Art Hotel
info@borgolabagnaia.com,,,Borgo La Bagnaia
yachtclub@elbalink.it,,,Hotel Yacht Club
info@hotelbuonarroti.it,,,Hotel Buonarroti 79
info@elba-golf-apartments.it,,,Resid.turist.alberg. Elba Golf Of Acquabona
info@albergorutiliano.it,,,Rutiliano Albergo
info@vallombrosalberghi.it,,,Grand Hotel Vallombrosa
bristol@bristol.it,,,Bristol
info@hotelprincipe.com,,,Principe
info@foresteriavolterra.it,,,Hotel Foresteria Volterra
hotel@villarigacci.it,,,Villa Rigacci
info@gabbianoazzurrodue.it,,,Gabbiano Azzurro Due
biodola@elbalink.it,,,Hotel Biodola
info@hotellondra.com,,,Londra
info@villa-giorgia.com,,,Hotel Villa Giorgia
info@hhflorence.it,,,Hotel Home Florence
pensionepaola@libero.it,,,Hotel Paola
hotels@pisaonline.it,,,Alberghi di Pisa e Provincia
hotelrinascente@libero.it,,,Hotel Rinascente
v.marzia@versilia.toscana.it,,,Villa Marzia
hotelandreina@infinito.it,,,Albergo Andreina
gallery@lungarnohotels.com,,,Hotel Gallery
info@albergovittoria.it,,,Albergo Vittoria
loscirocco@fetovaia.it,,,Lo Scirocco
johlea@johanna.it,,,Residenza Johlea
s.lorenzo@rphotels.com,,,San Lorenzo e Santa Caterina
pensionenoemiabetone@libero.it,,,Hotel Noemi
grandhotelcontinental@pisaonline.it,,,Grand Hotel Continental - Tirrenia Pisa
palace@borgopalace.it,,,Borgo Palace Hotel
hotelitalia@planhotel.com,,,Italia
info@roccamare.it,,,Hotel Residence Roccamare
info@ilpatriarca.it,,,Hotel Il Patriarca
info@hotelannabella.it,,,Hotel Annabella
info@anticopozzo.com,,,Hotel L'antico Pozzo
hotelgarden.vg@libero.it,,,Hotel Garden
hotel.carpediem@inwind.it,,,Carpe Diem
info@beltramonto.it,,,Bel Tramonto
info@hotelminervapalace.it,,,Hotel Minerva Palace
lorenza@tin.it,,,Hotel Del Mare Lorenza
info@hoteltirreno.fortedeimarmi.it,,,Tirreno
info@grandhotelnizza.it,,,Grand Hotel Nizza Et Suisse
versiliapalace@remarhotels.com,,,Versilia Palace
info@hotelbeatrice.it,,,Hotel Beatrice
valdarno.incoming@tin.it,,,Belvedere
info@hotelalassio.it,,,Alassio
info@desireehotel.com,,,Hotel Desiree Snc
info@villasanmichele.net,,,Villa San Michele
info@albergopietrasanta.com,,,Pietrasanta
info@torrebellosguardo.com,,,Torre di Bellosguardo
info@htlposta.it,,,Hotel Posta
info@rosarygarden.it,,,Rosary Garden Hotel Srl
info@hotelbaglioni.it,,,Grand Hotel Baglioni
info@residencecasanova.it,,,Casanova
info@hotelvillawanda.com,,,Villa Wanda
info@residencestella.com,,,Residence Stella
albergoverdeluna@netscape.net,,,Pensione Verde Luna
capitol@vivahotels.com,,,Viva Hotel Capitol
hotel@ortodeimedici.it,,,Orto Dè Medici
info@coronaregina.it,,,Park Hotel Regina
hotelbali@tin.it,,,Hotel Bali
info@hoteldegliulivi.it,,,Degli Ulivi
info@artiehotel.it,,,Arti & Hotel
prenotazioni@hotelcontinentale.com,,,Hotel Continentale Srl
info@chiostrodelcarmine.com,,,Il Chiostro Del Carmine
hoteladriana@alice.it,,,Hotel Adriana Snc
info@termedisaturnia.it,,,Terme di Saturnia
info@iselba.it,,,Iselba Residence Hotel
direzione@grandhotelexcelsior.it,,,Grand Hotel Excelsior
info@luporihotel.it,,,Hotel Lupori
laviareggina@gmail.com,,,La Viareggina
h.regina@libero.it,,,Regina
maestoso@hotelmaestoso.it,,,Hotel Maestoso
info@hotelvillacarlotta.it,,,Villa Carlotta
info@lafortezzahotel.it,,,Hotel La Fortezza
info@daelisa.com,,,Hotel Da Elisa Alle Sette Arti
info@hotelecodelmare.it,,,Hotel Eco Del Mare
info@lalbahotel.it,,,Hotel Alba
info@belvedere-albergo.com,,,Hotel Belvedere
info@hotelildelfino.it,,,Hotel Il Delfino di Frati Duilio
belve@bk1.it,,,Belvedere
info@hotelgranduca.com,,,Hotel Granduca Srl
info@hotelbarberino.it,,,Hotel Barberino Srl
info@albergodelchianti.it,,,Hotel Del Chianti
info@hotelbosco.it,,,Bosco
info@ipresidi.com,,,Hotel Relais - I Presidi Spa
albergo.giulio@virgilio.it,,,Hotel Giulio
info@hoteledenpark.it,,,Eden Park Hotel
info@villarosy.net,,,Hotel Villa Rosy
info@hotelfontanelle.com,,,Le Fontanelle
info@hotel-firenze.it,,,Hotel Firenze
locandavesuna@virgilio.it,,,Locanda Vesuna
info@albergovillamarta.it,,,Hotel Villa Marta
hotel-sogno@libero.it,,,Hotel Sogno
info@villatramonto.com,,,Villa Tramonto
hotel.italia@technet.it,,,Hotel Italia
hotelmaremma@tin.it,,,Hotel Maremma
mail@relaisdellepicchiaie.it,,,Relais Delle Picchiaie
info@hotelcarignano.it,,,La Cantina di Carignano
info@hotelaristonlivorno.com,,,Hotel Ariston
pontedera@hoteldeicavalieri.com,,,Hotel Dei Cavalieri Pisa Pontedera
volovia@hotmail.com,,,Mediterraneo
info@borgosantippolito.it,,,Hotel Borgo Sant'ippolito
hotelscoti@hotmail.com,,,Hotel Scoti
phalesia@tin.it,,,Phalesia
info@hoteldafilie.it,,,Albergo Ristorante Da Filiè
info@albergoamelia.it,,,Hotel Amelia
htlannunziata@infinito.it,,,Annunziata
info@unapalazzomannaioni.it,,,Hotel Palazzo Mannaioni
info@portaalprato.com,,,Residence Porta Al Prato
info@albergolea.it,,,Hotel Da Lea
michelangelo.fi@starhotels.it,,,Starhotels Michelangelo
info@hotelvillaluca.it,,,Luca
info@albergoristorantedamarino.com,,,Albergo Ristorante Da Marino
info@ilconventohotel.it,,,Hotel Il Convento
info@hotelmonicaflorence.com,,,Hotel Monica
info@hotelmassimo.it,,,Massimo
info@hotel-centrale.net,,,Centrale
info@parcodellecale.it,,,Parco Delle Cale
info@campeggiolafinoria.it,,,Villaggio Campeggio La Finoria
info@hotelmirabeau.it,,,Mirabeau
campeggiodelforte@campeggiodelforte.it,,,Camping Villaggio Del Forte
info@hotelmonteriggioni.net,,,Monteriggioni
info@borgoilpoggiaccio.it,,,Il Poggiaccio Sas - Residence
info@hotelairone.info,,,Hotel Airone Del Parco & Delle Terme
info@albergocelide.it,,,Albergo Celide
info@postahotel.it,,,Posta
info@albergomelini.com,,,Hotel Melini
info@hotelfranchi.it,,,Hotel Franchi
info@lamelosa.it,,,La Melosa Resort
radda@myonehotel.it,,,My One Hotel Radda
lemonache@caen.it,,,Le Monache
info@hotel-massimo.com,,,Massimo
info@fonteverdespa.com,,,Fonteverde Natural Spa Resort - San Casciano
hchiara@libero.it,,,Santa Chiara
info@adler-thermae.com,,,Hotel Adler Thermae Spa & Wellness Resort
pensionelascala@yahoo.it,,,Pensione La Scala
info@blumaremma.it,,,Blumaremma Residenza Turistico Alberghiera
info@hotelcaladelporto.com,,,Cala Del Porto
hoteleuropalivorno@libero.it,,,Hotel Europa
info@hotelcaletta.it,,,Hotel Ristorante La Caletta
info@hotellabitta.com,,,Hotel La Bitta
pensione.dina@alice.it,,,Hotel Pensione Dina
info@hotelforum.biz,,,Forum
augustus@versilia.toscana.it,,,Augustus
info@locandalelisa.it,,,Locanda L'elisa
info@hotelelisa.net,,,Hotel Elisa
s.barbara@rphotels.com,,,Santa Barbara
nhangloamerican@nh-hotels.com,,,Nh Anglo American Grand Hotel Regina
info@hotelstazionelivorno.it,,,Hotel Stazione
info@sovanahotel.it,,,Pyrgos
info@atlantico-hotel.com,,,Atlantico
info@villaggiocapalbio.it,,,Camping Capalbio
info@gardenhotel.it,,,Hotel Garden Spa
villaguelfi@pisaonline.it,,,Villa Guelfi
info@hotelvillaedelweiss.it,,,Villa Edelwaiss di Poggiani Mauro e C. Sas
centrobenessereheaven@virgilio.it,,,Heaven Centro Benessere
info@villasmeraldo.com,,,Villa Smeraldo
ght.prenotazioni@medeahotels.com,,,Grand Hotel Terme
info@hotel-prati.it,,,Hotel Prati
info@idueleonifirenze.it,,,Hotel B & B I Due Leoni
hotellatorre@pisaonline.it,,,Hotel La Torre - Pisa
info@h-river.it,,,Blob Srl
info@ritzfortedeimarmi.com,,,Hotel Ritz
info@albergoilrondo.com,,,Il Rondò
info@niccolinidomepalace.com,,,Palazzo Niccolini Al Duomo
info@hotelvillalagrotta.it,,,La Terrazza
info@hotelcapoduomo.it,,,Capo D'uomo
info@aileccincentro.it,,,Albergo Ai Lecci In Centro
info@hotelmachiavelli.it,,,Machiavelli Palace
albergocalifornia@hotmail.com,,,California
info@casaledelcotone.com,,,Il Casale Del Cotone
info@hotelmerlini.it,,,Hotel Merlini
info@hotelsanvincenzo.com,,,Hotel Del Sole
info@hotelromagna.it,,,Hotel Romagna
info@palazzodeipriori.it,,,Best Western Hotel Palazzo Dei Priori
hotel@villaitaliahotel.it,,,Villa Italia
info@palazzoleopoldo.it,,,Palazzo Leopoldo
info@villapatrizia.it,,,Villa Patrizia
info@hsirio.com,,,Hotel Sirio di Palmerini Roberta
gabrielevaleriani@libero.it,,,Minerva
una.firenzenord@unawayhotels.it,,,Unaway Hotel Firenze Nord - A1
albergo.giuly@tiscali.it,,,Giuly
info@grandhotelguinigi.it,,,Grand Hotel Guinigi Srl
info@hotelilgiardino.it,,,Albergo Ristorante Il Giardino
info@ilgiardinodellaluna.it,,,Il Giardino Della Luna
golf@hotelhermitage.it,,,Hermitage Golf
hotelbelvedere@inversilia.it,,,Belvedere
info@hoteldellaspina.it,,,Hotel Alessandro Della Spina
info@laventola.it,,,Hotel Residence La Ventola
htleghiaie@elbalink.it,,,Hotel Le Ghiaie
info@certosadimaggiano.it,,,Certosa di Maggiano
info@hotelastoria-altopascio.com,,,Astoria
info@hotelarianna.it,,,Hotel Arianna
hdelanzi@tin.it,,,Hotel De Lanzi
info@albergoesperia.it,,,Hotel Esperia
panoramic@bccmp.com,,,Panoramic
galilei@myonehotel.it,,,My One Hotel Galilei
info@hotelsavonasalus.com,,,Savona
info@accademiapalacepisa.it,,,Accademia Palace Hotel
hotel.pesi@yahoo.it,,,Hotel Pesi
il.cochino@tiscalinet.it,,,Hotel Il Cochino
info@albergoilcapannone.it,,,Hotel Il Capannone
htlmoderno@tiscalinet.it,,,Hotel Moderno
h3305@accor.com,,,Ibis Firenze Prato Est
info@hotelbelvedereviareggio.it,,,Hotel Belvedere
info@hotelcasci.com,,,Hotel Casci Srl
info@villapittiamerighi.it,,,Villa Pitti Amerighi
mail@hotelmeridiana.info,,,Meridiana
info@hoteltris.it,,,Tris Hotel
info@hotelvillamiramare.it,,,Villa Miramare
hotel@monnalisa.it,,,Monna Lisa
info@hotelvillesullarno.com,,,Hotel Ville Sull'arno
info@fossabanda.it,,,Cooperativa Pisana Servizi Ausiliari
hotelanfora@hotelanfora.com,,,Anfora
info@hotelplazachianciano.it,,,Plaza
info@albergosichi.com,,,Albergo Ristorante Bar Sichi Snc
info@borgoalcerro.com,,,Borgo Al Cerro
reservations@villasanmichele.net,,,Villa San Michele
info@hotel-tiziana.com,,,Hotel Tiziana
info@hotelromaflorence.com,,,Hotel Roma
info@charmehotel.it,,,Charme Hotel
perseo@dada.it,,,Il Perseo
info@edenparkpisa.it,,,Eden Park Resort
hotellavela@virgilio.it,,,Hotel La Vela
phl@plazalucchesi.it,,,Plaza Hotel Lucchesi
info@hotelgina.com,,,Hotel Gina
info@legreti.it,,,Hotel Le Greti
chiscihotels@chiscihotels.it,,,Chisci Hotels - Hotel Aurora - Mediterraneo Hotel
info@grandhotelpanoramic.it,,,Hotel Panoramic
info@hotellaprimula.it,,,Hotel La Primula
info@hotellukas.it,,,Lukas
info@hotelalinari.it,,,Alinari
info@fattorialaprincipina.it,,,Hotel Fattoria La Principina
ariston@albergo-ariston.it,,,Ariston
info@hotelariston.pisa.it,,,Hotel Ariston di Maurizio Ciampolini
info@palazzosquarcialupi.com,,,Palazzo Squarcialupi
info@volterraio.it,,,Hotel Locanda Del Volterraio
mail@hotelilviandante.it,,,Hotel Il Viandante ***
info@hotelcolumbia.it,,,Hotel Columbia
info@hoteldaitalo.it,,,Hotel Da Italo
info@albergo-iris.it,,,Iris
info@loliveto.it,,,L'oliveto
info@elbainternational.it,,,Grand Hotel Elba International
staff@hotelsileoni.it,,,Da Sileoni
info@hotelkingtoscana.it,,,Hotel King
info@lafeniceparkhotel.it,,,A Fenice Park Hotel
info@baiaazzurra.it,,,Camping Villaggio Baia Azzurra
info@hotelalex.net,,,Hotel Alex Srl
info@villagnese.it,,,Villa Agnese
info@settentrionaleesplanade.it,,,Settentrionale Esplanade
info@elenahotel.it,,,Hotel Elena Chianciano Terme
minervapalace@tin.it,,,Minerva Palace
info@palazzotorriani.it,,,Palazzo Torriani
albergolapace@yahoo.it,,,La Pace
ricevimenti@continentalresort.it,,,Residence Continental Resort
hotel.marifra@tin.it,,,Marifran
info@hotelpisa.it,,,Airone Pisa Park Hotel
info@hotelvillaprimavera.it,,,Hotel Villa Primavera
info@suitefirenze.com,,,Firenze Suite
locanda@loggiato.it,,,Locanda Del Loggiato
info@hotelnina.it,,,Nina
sangregoriopienza@libero.it,,,Hotel Residence San Gregorio
info@castellodifulignano.it,,,Castello di Fulignano Srl
grandflorence@luxurycollection.com,,,Le Grand Hotel
info@ondamarinarta.it,,,Onda Marina
info@petriolosparesort.com,,,Petriolo Spa & Resort
info@piccolohotellavalle.it,,,Piccolo Hotel La Valle
tamerici@elbalink.it,,,Tamerici Hotel
info@villalabianca.com,,,Villa La Bianca
info@hotelterminusplaza.it,,,Terminus & Plaza
info@kursonia.com,,,Hotel Kursaal
info@hoteldellecamelie.it,,,Delle Camelie
info@miramarehotel.org,,,Miramare
albergosport@abetone.com,,,Sport
info@ultimomulino.it,,,L'ultimo Mulino
info@deicapitani.it,,,Dei Capitani
info@hotel-sabbiadoro.it,,,Sabbia D'oro
info@lafornacediracciano.it,,,La Fornace di Racciano
info@acquavivaparkhotel.com,,,Acquaviva Park Hotel
certosa@relaischateaux.com,,,Hotel Certosa di Maggiano
info@richardhotel.it,,,Hotel Richard
villaambra@bccmp.com,,,Villa Ambra
hotelcollodi@hotmail.com,,,Collodi
info@looier.com,,,San Carlo
info@hotelparmamare.it,,,Hotel Parma Mare
info@scoglietto.com,,,Albergo e Residence Villa Lo Scoglietto
info@hotelvillacasanova.com,,,Villa Casanova
info@hotelsalivolpi.com,,,Colle Etrusco Salivolpi
info@hotelathenaeum.com,,,Athenaeum Personal Hotel
locanda@amorosa.it,,,Locanda Dell'amorosa
info@albergoave.com,,,Ave
info@villatinahotel.it,,,Villa Tina
info@villacurina.it,,,Villa Curina Resort
info@loggedeimercanti.it,,,Hotel Logge Dei Mercanti
info@orchideamarina.it,,,Orchidea Marina
info@ilromito.it,,,Il Romito
info@ristorantepescedoro.it,,,Ristorante Pesce D'oro
info@greenparkresort.com,,,Green Park Resort
salus@chianciano.com,,,Salus
info@hotelglobus.com,,,Hotel Globus
info@franciaequirinale.it,,,Francia e Quirinale
info@villeicipressi.com,,,Borgo Le Mura Residence
info@hoteltahiti.it,,,Hotel Tahiti
anticasosta@gmail.com,,,Antica Sosta di Corniano
vecchio.opificio@libero.it,,,Miniresidence Il Vecchio Opificio
info@albergoastoria.net,,,Hotel Astoria
info@hotelpuccini.net,,,Hotel Puccini
info@hotelmoschini.it,,,Moschini
info@villaggioclubcecina.it,,,Villaggio Club Cecina
info@hotelcontinentale.it,,,Hotel Continentale
info@mangiacane.com,,,Villa Mangiacane
etrusco@etruscohotel.it,,,Etrusco Palace Hotel Srl
info@hotelpanoramic.com,,,Hotel Panoramic
settebello@i5fratellisangiorgi.it,,,Settebello
info@hoteltouringlivorno.it,,,Touring
info@albergoetruria.it,,,Etruria
info@splendid-hotel.it,,,Hotel Splendid
albergoterrazza@libero.it,,,Hotel La Terrazza di Montepulciano
miramonti@versilia.toscana.it,,,Miramonti
info@grandhotelcontinental.it,,,Grand Hotel Continental
dolcenotte@email.it,,,Dolce Notte
hotel-milano@hotel-in-versilia.com,,,Milano
h.saraceno@tiscali.it,,,Il Saraceno
info@borgodisantamaria.it,,,Borgo di Santa Maria
info@jandjhotel.net,,,J And J
info@lepozzedilecchi.it,,,Le Pozze di Lecchi
daruggero@tin.it,,,Hotel Da Ruggero
prenotazioni@torredicalapiccola.com,,,Hotel Torre di Cala Piccola
info@hotelsantuberto.it,,,Sant'uberto
info@albergofranceschi.it,,,Hotel Franceschi
rosa.fratini@tiscalinet.it,,,Hotel Fratini
info@parkhotelchianti.com,,,Park Hotel Chianti
info@hotelpiccoloritzpistoia.com,,,Piccolo Ritz
info@hotelflora.info,,,Hotel Flora
info@villastanley.it,,,Park Hotel Alexander
hotelilgiardinetto@libero.it,,,Il Giardinetto
info@hotelloscoiattolo.it,,,Lo Scoiattolo
lepicchiaie@algef.it,,,Hotel Residence Picchiaie Srl
alexander@vivahotels.com,,,Alexander
info@albergolafontanella.com,,,La Fontanella
info@edenhotel.it,,,Hotel Eden
hotel-trieste@libero.it,,,Hotel Trieste
info@psicoblu.com,,,Hotel Villa Aurea
info@parkhotelcalifornia.it,,,Park Hotel California
reservation@hotel500firenze.com,,,500 Firenze
lauzann@tin.it,,,Del Sole
info@hotel-nice.it,,,Hotel Nice
info@hotelbyron.firenze.it,,,Byron
posta@hoteldelfina.com,,,Hotel Delfina
info@villamarsili.com,,,Hotel Villa Marsili
info@minihoteleasytime.it,,,Mini Hotel Easy Time
informazioni@villajolanda.com,,,Villa Jolanda
info@albasulmare.it,,,Hotel Alba Sul Mare
pendini@dada.it,,,Hotel Pendini
info@residencelalanterna.it,,,Albergo Residence La Lanterna Srl
hotel.ungherese@dada.it,,,Hotel Ungherese
hotelcontessa@inwind.it,,,Contessa
firenze.albergo@tiscali.it,,,Firenze
acpisa@ac-hotels.com,,,Ac Hotel Pisa
info@relaisilcestello.it,,,Hotel Relais Il Cestello
info@villaggioorizzonte.it,,,Villaggio Orizzonte
info@palazzo-ruspoli.it,,,Palazzo Rispoli
info@hotelcasalupi.com,,,Hotel Casa Lupi
info@villarinascimento.it,,,Villa Rinascimento
booking@hotelduomo.it,,,Duomo
info@galliganihotels.it,,,Belvedere
info@hotelgennarino.it,,,Hotel Gennarino Srl
info@desireehotel.it,,,Desirée
hotelleonardo@pisaonline.it,,,Leonardo
aurorahotel@libero.it,,,Aurora
info@albergobutterfly.it,,,Hotel Butterfly
info@hscsiena.it,,,Santa Caterina
info@hotelbaccio.it,,,Baccio Da Montelupo
info@hotellaquerceta.it,,,Hotel La Querceta
hotel.lido@tiscalinet.it,,,Hotel Lido
info@villafiesole.it,,,Hotel Villa Fiesole
palazzaccio@i5fratellisangiorgi.it,,,Palazzaccio
bernini.firenze@baglionihotels.com,,,Bernini Palace
info@hotelathena.com,,,Athena
info@sanranieri.com,,,San Ranieri Hotel La Vecchia Cascina
info@villinoilmagnifico.com,,,Hotel Villino Il Magnifico
info@albergocavour.it,,,Grand Hotel Cavour
info@boccacciohotel.com,,,Hotel Boccaccio di Caporale Hotels Srl
info@borgosancarlo.it,,,Borgo Sancarlo
info@dianaparkhotel.it,,,Diana Park Hotel
gavilas@teletu.it,,,Gavilàs
info@villalecchi.com,,,Villa Lecchi
info@hotelcellai.it,,,Cellai
info@principedipiemonte.com,,,Grand Hotel Principe di Piemonte
daniele.torrini@hotelrivoli.it,,,Hotel Rivoli
info@villabenvenuti.it,,,Hotel Villa Benvenuti
info@hoteldelbuono.com,,,Hotel Del Buono Centro Benessere
info@abetonepiramidi.it,,,Hotel Abetone e Piramidi
villailpoggiale@villailpoggiale.it,,,Villa Il Poggiale
reception@hotelexecutivesiena.it,,,Best Western Executive Srl
info@hotelbellettini.com,,,Bellettini
info@hotelairport.it,,,Hotel Airport
relaiscampanile@tiscali.it,,,Hotel Relais Il Campanile
info@laconchigliacavoli.it,,,La Conchiglia
marilia@tin.it,,,Marilia Residence Srl
info@hotelcristallo.biz,,,Cristallo
info@tirreniahotel.it,,,Tirrenia
info@castellodivalenzano.it,,,Castello di Valenzano
info@villaolmiresort.com,,,Villa Olmi Resort
info@hoteltirreno.info,,,Tirreno
info@residenceetrusco.it,,,L'etrusco
info@relaisantacroce.com,,,Relais Santa Croce Spa
villa.campestri@villacampestri.it,,,Villa Campestri
info@benvenutihotel.it,,,Hotel Benvenuti
info@elbacorallo.it,,,Corallo
info@hoteldino.com,,,Dino
info@hotelvillamargherita.com,,,Hotel Ristorante Villa Margherita
direzione@hotel-monica.it,,,Hotel Monica
info@hoteleden-viareggio.it,,,Hotel Eden
info@pensionesignorini.it,,,Signorini
info@accademiahotel.net,,,Hotel Accademia
hotelminerva@pisaonline.it,,,Hotel Minerva
info@villamartini.it,,,Villa Martini
reception@risthotelmiramare.com,,,Alta La Vista
info@hotelda-vinci.it,,,Da Vinci
info@hotelrexflorence.com,,,Rex
sofitfi@tin.it,,,Sofitel Firenze
hotelsouvenir@virgilio.it,,,Hotel Souvenir
info@lagozzetta.it,,,Ristorante La Gozzetta Snc
info@hotelalessandra.com,,,Hotel Alessandra
iltrebbiolo@libero.it,,,Il Trebbiolo Relais
info@hotelmatilde.it,,,Matilde
info@clubipini.com,,,Club I Pini - Residenza D'epoca
direzione@villasonnino.com,,,Villa Sonnino
info@hotelcorolle.it,,,Hotel Corolle
vitale.carlo@virgilio.it,,,Hotel Villa Anna
info@hoteloleandro.com,,,Oleandro
info@hotelcastellomonticello.com,,,Hotel Castello Monticello
info@hotelmariani.it,,,Mariani
141065@virgilio.it,,,I Ciliegi Srl
info@villaliberty.it,,,Villa Liberty
info@portapispiniresidence.com,,,Porta Pispini Residence
galileo.ar@bestwestern.it,,,Best Western Galileo Palace
giulianotonarelli@libero.it,,,Villa Patrizia
hotelborgoantico@yahoo.it,,,Hotel Ristorante Borgo Antico Srl
hotel@capodistella.com,,,Hotel Capo di Stella
info@hotellavalle.it,,,Hotel La Valle
tiziana@ristorantiitaliani.it,,,Albergo Tiziana
info@grottagiustispa.com,,,Grotta Giusti
puntoverde@elbalink.it,,,Punto Verde
booking@nexushotels.it,,,Hotel Ortano
info@relaispalazzodiluglio.com,,,Relais Palazzo di Luglio
info@albergoleterme.it,,,Le Terme
info@villanencini.it,,,Hotel Villa Nencini
palaceprato@libero.it,,,Palace
info@jkplace.com,,,Hotel J.k. Place Firenze
info@lascogliera.com,,,La Scogliera
info@hotellameridiana.it,,,La Meridiana
info@hoteldonatello.info,,,Hotel Donatello
info@davestro.it,,,Da Vestro
info@hotelbiagiotti.it,,,Biagiotti
continentale@lungarnohotels.com,,,Continentale Contemporary Pleasing Hotel
info@hotelbaiaimperiale.it,,,Baia Imperiale Beach Hotel
info@lapiana-hotel.com,,,La Piana Hotel
info@hoteleden.firenze.it,,,Eden
info@hotel-stella-marina.it,,,Stella Marina
info@hotelnedy.it,,,Hotel Nedy
info@anticasostadicorniano.it,,,Antica Sosta di Corniano
villamare@bagnaia.com,,,Punta Pina
info@hotelcolumbia.si.it,,,Hotel Columbia
info@pescille.it,,,Pescille
ristorante.pepenero@libero.it,,,Ristorante Pepe Nero Snc
info@albergo-miramare.it,,,Miramare
info@hotellepleiadi.it,,,Le Pleiadi
info@hotelsansimeone.com,,,San Simeone
info@hotelromapiombino.it,,,Roma
info@hotelcavour.com,,,Hotel Cavour
info@leginestrehotel.it,,,Albergo Le Ginestre
hotelgiotto@tin.it,,,Hotel Giotto
info@hotelstipino.com,,,Stipino
info@albergo-umbria.it,,,Hotel Umbria
info@annahotel.it,,,Anna Hotel
info@tenuta-san-pietro.com,,,Hotel Tenuta San Pietro
info@hotel-reale.it,,,Reale
info@hotelpalazzuolo.it,,,Palazzuolo Tuscany Club
info@locandadelponte.it,,,La Locanda Del Ponte
info@cortedeimedici.it,,,Corte Dei Medici
info@residencelerose.it,,,Residence Le Rose Snc
info@hotelritzweb.it,,,Ritz
direzione@elbahotelvalleverde.it,,,Hotel Valle Verde
info@campingmareblu.com,,,Camping Villaggio Mareblù Camping Village
info@hotelalcione.com,,,Albergo Alcione
info@motelparcodellerose.com,,,Parco Delle Rose
info@albergoleonardo.it,,,Leonardo
info@parishotel.it,,,Hotel Paris
easytime@infoelba.it,,,Mini Hotel Easy Time
info@yourtaxidriver.it,,,Yourtaxidriver di Acquafresca Alessandro
info@hotelsavoia-unuci.it,,,Savoia U.n.u.c.i.
lidohotel@tin.it,,,Lido
hotelsena@tin.it,,,Europa
info@bencista.it,,,Bencistà
rist.ilgiogo@tin.it,,,Albergo Ristorante Il Giogo
h.azzurra@tiscalinet.it,,,Azzurra
dondamiane@hotmail.com,,,Hotel Panama
info.htlromafi@dada.it,,,Hotel Roma
info@hotelhambrosilparco.com,,,Hambros Il Parco
versilh@tin.it,,,Hotel Versilia
info@nazionalehotel.it,,,Hotel Nazionale
bottaccio@relaischateaux.com,,,Il Bottaccio di Montignoso
info@hotelbarsalini.com,,,Barsalini
reservations@castellodelnero.com,,,Castello Del Nero Hotel & Spa
info@hotelvalmarina.it,,,Hotel Valmarina
info@hotel-bahia.it,,,Bahia
info@hoteldellarobbia.it,,,Hotel Della Robbia
monteben@abitarelastoria.it,,,Hotel Castelletto di Montebenichi
renobardi@libero.it,,,Hotel I Butteri
villarose@rphotels.com,,,Villa Delle Rose
hotel@dellenazioni.it,,,Delle Nazioni
nessy76@virgilio.it,,,Hotel Sestriere
info@ilguelfobianco.it,,,Hotel Il Guelfo Bianco
info@hotelriver.com,,,Hotel River
albergotesi@alice.it,,,Hotel Tesi
villascacciapensieri@tin.it,,,Villa Scacciapensieri
borgoantico@brami.com,,,Borgo Antico
info@bostonh.it,,,Boston
info@hotelunicorno.it,,,Hotel Unicorno
info@presidentforte.it,,,Hotel President
info@freetimecamping.it,,,Camping Villaggio Free Time
info@hoteleur.it,,,Hotel Eur
info@hotelaldini.it,,,Aldini
castelbigozzi@chiantiturismo.it,,,Castelbigozzi
info@hotelrossi.it,,,Rossi
hotelmontecarlo@libero.it,,,Montecarlo
boccadarno@tiscali.it,,,L'incanto di Boccadarno
villaedera@hotelverdemare.it,,,Villa Edera
info@laresidenzahotel.com,,,Hotel La Residenza
info@hotelterrerosse.com,,,Casolare Le Terre Rosse
hermitage@elbalink.it,,,Hermitage Srl
info@hotel-santacaterina.it,,,Santa Caterina
info@palaceviareggio.com,,,Palace Hotel
imperialgarden@lhphotels.com,,,Hotel Imperial Garden
albergobellaria@libero.it,,,Hotel Bellaria
info@hotelanfora.it,,,L'anfora di Di Biagio G & C Snc
info@ilgrotto.it,,,Hotel Il Grotto
info@lavecchiafonte.com,,,Albergo Agnelli Ristorante di Agnelli Franco & C. Snc
info@albergogiada.com,,,Hotel Giada
info@ambrosianohotel.it,,,Hotel Ambrosiano Srl
info@hotelvillarioddi.it,,,Albergo Villa Rioddi
vittoria.hotel@tin.it,,,Albergo Vittoria Italia
torre@albergoristorantelatorre.com,,,Hotel La Torre
luigina.blandi@alice.it,,,Barbarossa
info@mediterraneo-hotel.it,,,Hotel Mediterraneo
info@hotelcoluccini.it,,,Hotel Coluccini
information@hoteletrusco.com,,,Etrusco
villamimosadiaulla@hotmail.com,,,Villa Mimosa Snc
baiadargento@baiadargento.com,,,Baia D'argento
info@hoteleuropasigna.it,,,Hotel Europa
massimodazeglio@italway.it,,,Hotel Massimo D'azeglio
info@bahamashotel.it,,,Hotel Bahamas
princde@publiterme.it,,,Grand Hotel Tamerici & Principe
vicirri@tin.it,,,Hotel La Riviera
puntolegnomassa@puntolegno.it,,,Hotel Tiziana
hcastello@hotel-castello.it,,,Hotel Castello
info@villadenia.it,,,Hotel Villa Denia
info@elbahotel.net,,,Hotel Elba
latini@dada.it,,,Ristorante Albergo Latini
priccica@virgilio.it,,,Albergo Ristorante Campaldino
tuscany.fi@starhotels.it,,,Starhotels Tuscany
hotelgiardino@elbalink.it,,,Giardino
info@hotelcontessa.it,,,Contessa
info@hoteldagraziano.it,,,Hotel Da Graziano
info@villapitiana.com,,,Hotel Villa Pitiana
collegiata@relaischateaux.com,,,Hotel La Collegiata
info@hotelburlamacco.it,,,Hotel Burlamacco Burrasca Meublé
info@oldflorenceinn.it,,,Hotel Old Florence Inn
lamoscadella@lamoscadella.it,,,Albergo La Moscadella
lungarnohotels@lungarnohotels.com,,,Hotel Lungarno
info@palacehoteldueponti.com,,,Palace Hotel Due Ponti Srl
mfede@elbacom.it,,,Hotel Mare
hotelvicoalto@tiscalinet.it,,,Vico Alto
info@hoteljane.com,,,Jane
dannunzio.fi@bestwestern.it,,,Best Western Hotel Villa Gabriele D'annunzio
info@ilgabbiano-hotel.com,,,Il Gabbiano
info@hotelcorallo.it,,,Corallo di Sebastiani e C Snc
info@hotelmartelli.com,,,Martelli
giulio.padellini@libero.it,,,Albergo Padellino
hotelrustichello@tiscalinet.it,,,Hotel Il Rustichello
info@albergolacoccinella.it,,,La Coccinella
info@castellodivelona.it,,,Castello di Velona
info@albergolaforesta.it,,,La Foresta
info@hotelaziza.it,,,Aziza Vacanze
info@hoteldazeglio-firenze.com,,,Hotel D'azeglio
albergoduomo@libero.it,,,Hotel Duomo
info@hotelequiterme.com,,,Terme
mariella.gigli@alice.it,,,Hotel Bellavista
info@hotelnoblesse.it,,,Hotel Noblesse
info@lagreppia.it,,,Albergo Ristorante La Greppia
hotelgiardini@leonet.it,,,Hotel Giardini
reservations@pellicanohotel.com,,,Il Pellicano
info@ghambasciatori.it,,,Grand Hotel Ambasciatori
hotelsangiorgio@dada.it,,,San Giorgio e Olimpic
info@hotelsanleonino.com,,,Chianti Hotels
info@hoteliciliegi.com,,,Hotel I Ciliegi
info@parkhotelmoderno.it,,,Park Hotel Moderno
info@hotelsavoiaecampana.com,,,Savoia & Campana
info@piccolohotelversilia.it,,,Piccolo Hotel Versilia
info@villapetrischio.it,,,Relais Villa Petrischio
hotel.lapietra@libero.it,,,Hotel La Pietra - Gestione Ristorante Il Muraglione
info@hotelkyrton.it,,,Hotel Kyrton
info@albergoilcastello.it,,,Il Castello
reception@hotelgranduca.it,,,Hotel Granduca Srl
reservation.phs@royaldemeure.com,,,Park Hotel Villa Gori Golf Club
info@hotelcarltonelite.it,,,Carlton
info@innhotel.it,,,Inn Hotel
hoteldellago@hotmail.com,,,Del Lago
info@hotelungherese.it,,,Hotel Ungherese
info@villarita.it,,,Villa Rita
info@golfhotelcorallo.it,,,Corallo
info@sorbizzi.com,,,Villaggio I Sorbizzi
milano@barbettihotels.it,,,Grand Hotel Milano
borgo@castellobanfi.it,,,Castello Banfi - Il Borgo
mailbox@hotelviticcio.it,,,Hotel Viticcio
info@sansanohotel.it,,,Residence San Sano
grifone@ouverture.it,,,Hotel Grifone
info@hoteltriestemontecatini.it,,,Hotel Trieste
hotel.mare@elba-on-line.com,,,Mare
hotelarnofirenze@hotmail.com,,,Albergo Arno Bellariva
info@hoteltermedicaldana.it,,,Terme di Caldana
info@laperladelgolfo.it,,,La Perla Del Golfo
vignale@vignale.it,,,Relais Fattoria Vignale
info@lafontedelcieco.it,,,La Fonte Del Cieco
info@villamarcella.it,,,Villa Marcella Holiday Beach
info@ilbersagliere.it,,,Il Bersagliere
info@anticoborgosanmartino.it,,,Antico Borgo San Martino
info@villatirreno.com,,,Villa Tirreno
info@meridianacountryhotel.it,,,Meridiana Country Hotel
hotelgiardino@tin.it,,,Pensione Giardino
info@hotelaxial.it,,,Axial
patrizhtl@tin.it,,,Hotel Patrizia
hotelsergio@tin.it,,,Hotel Sergio
info@galileopalace.it,,,Albergo Galileo Palace
info@villabiondi.it,,,Villa Biondi
info@hotelexcelsior.it,,,Excelsior Srl
info.flo@albanihotels.com,,,Albani Firenze
villadeibosconi@fiesolehotels.com,,,Villa Dei Bosconi Hotel
info@casavacanzelaporta.it,,,La Porta di Mignana
info@tavernaetrusca.it,,,Taverna Etrusca
info@oasidelmare.it,,,Residence Oasi Del Mare
info@globalvillage-it.com,,,Villaggio Globale Villa Demidoff
info@abbeveratoio.com,,,Albergo Ristorante L'abbeveratoio
info@hotelsanmarcoprato.com,,,Hotel San Marco
info@albergo-belvedere.it,,,Belvedere
mail@poppi-sanlorenzo.com,,,Albergo San Lorenzo
hotel@borgogrondaie.com,,,Hotel Borgo Grondaie
info@albergosanbiagio.it,,,Hotel San Biagio
topreservationcenter@libero.it,,,1st Stop Reservation Center
info@hotelbrenneroevarsavia.it,,,Brennero e Varsavia
info@torredellosa.it,,,Hotel Torre Dell'osa
casarosa@elbalink.it,,,Casa Rosa
posta@casavolpi.it,,,Casa Volpi
info@parkhotellefonti.com,,,Park Hotel Le Fonti
jkplace@jkplace.com,,,J.k. Place
reservations@lasuvera.it,,,Hotel Relais La Suvera
info@hoteletruria.com,,,Piccolo Hotel Etruria
villamiranda@tiscalinet.it,,,La Villa Miranda - Albergo Relais Santa Cristina
info@hotelvillacappugi.com,,,Grand Hotel Villa Cappugi Srl
info@hotelherve.com,,,Hotel Hervè Snc di Reminati Pier Giuseppe e C.
info@hotelleonbianco.it,,,Leon Bianco
info@albergoilboschetto.it,,,Hotel Il Boschetto
info@eurostarstoscana.com,,,Eurostars Toscana
info@bersagliere.net,,,Il Bersagliere
info@hotelfarneta.it,,,Stella Ristorante Gourmet
info@labucadelgatto.com,,,Hotel Residence La Buca Del Gatto
info@malaspinahotel.it,,,Malaspina
info@hotelreali.it,,,Hotel Reali
astoria@taddeihotels.com,,,Astoria
info@latorreaimari.it,,,Albergo Ristorante La Torre Ai Mari Snc
villadomizia@grifonline.it,,,Hotel Villa Domizia
info@palazzoguadagni.com,,,Palazzo Guadagni
info@nordflorence.it,,,Nord Florence
info@hotelmodernofirenze.it,,,Hotel Moderno
info@hotelleginestre.it,,,Le Ginestre
info@rastellihotels.it,,,Le Fonti
miramontimassa@hotmail.com,,,Miramonti
info@hotelfratini.it,,,Hotel Fratini
hotel.mulinaccio@tiscalinet.it,,,Hotel Il Mulinaccio
sanlorenzo@fionline.it,,,Hotel San Lorenzo
bellavistahotel@hotmail.com,,,Hotel Bellavista
parkhotelarcobaleno@gmail.com,,,Arcobaleno
hotelmichelangelo@libero.it,,,Michelangelo
info@hotelsovestro.com,,,Hotel Sovestro
residenzavisdomini@libero.it,,,Residenza Visdomini
booking@hotelilio.com,,,Boutique Hotel Ilio
info@hotelarnolfo.com,,,Hotel Arnolfo
palazzopuccini@gmail.com,,,Puccini Residenza D'epoca
h.cavaliere@tin.it,,,Hotel Cavaliere
info@tuscanyparkhotel.it,,,Park Hotel
fiorinohotel@tin.it,,,Hotel Fiorino
info@casavacanzailgirasole.com,,,Residence Il Girasole
info@hotelpalazzovecchio.it,,,Hotel Palazzo Vecchio
info@hotelscandinavia.it,,,Scandinavia
info@hotelfenicepalace.it,,,Fenice Palace
datosca@abetone.com,,,Hotel Da Tosca
info@albergoterranova.com,,,Albergo Terranova
suisse.chianciano@tiscali.it,,,Suisse
info@anticaresidenzadelgallo.it,,,Antica Residenza Del Gallo
infohotels@raffaelli.com,,,Raffaelli Park Hotel
albergosara@virgilio.it,,,Hotel Sara
reservation@vivahotels.com,,,Vivahotels
grottedelparadiso@elbalink.it,,,Hotel Grotte Del Paradiso
villasca@tin.it,,,Villa Scacciapensieri
giusy@versiliaplanet.it,,,Hotel Giusy
reservation@granducato.boscolo.com,,,Boscolo Hotel Granducato
princess@gruppobirindelli.it,,,Princess
hotelmarios@hotelmarios.com,,,Mario's
pratucciohotel@libero.it,,,Pratuccio
info@hotelstelladelmare.com,,,Stella Del Mare
info@etruscansea.it,,,Agriresidence Casa Mattioli
info@sporthotelolimpo.it,,,Sport Hotel Olimpo
info@hotelsanminiato.com,,,Hotel San Miniato
info@hotelmirella.com,,,Hotel Mirella
info@sanbiagiorelais.com,,,San Biagio Relais
info@villaggiolequerce.com,,,Villaggio Le Querce
lavocedelmare@elbalink.it,,,Voce Del Mare
info@casa-alba.com,,,Casa Alba di Gaddi Laura
info@cosmopolitanhotel.it,,,Cosmopolitan Hotel
info@lanavehotel.it,,,Albergo La Nave di Zurli Lamberto Luciano & C. Snc
info@termesangiovanni.it,,,Terme San Giovanni
info@hotelamalfitana.it,,,Hotel Amalfitana
info@latorricella.com,,,Ristorante Albergo La Torricella di Cipriani Carolina
elisa@relaischateaux.com,,,Locanda L'elisa
corsignano@tin.it,,,Corsignano
info@parkhotelzibellino.com,,,Park Hotel Zibellino
info@hotellagioconda.it,,,Albergo La Gioconda
info@hotel-fc.it,,,Hotel Crociani
enricoxx71@libero.it,,,Palazzo Malfatti
vacanzeamiata@tiscalinet.it,,,Residence Amiata
lasuvera@lasuvera.it,,,Relais La Suvera
welcome@empolihotel.com,,,Empoli Hotel Srl
info@hotelvecchiomulino.it,,,Vecchio Mulino
info@albergo-roma.it,,,Roma
tahiti@libero.it,,,Tahiti
info@hotellavedetta.it,,,La Vedetta
info@lefontanellehotel.it,,,Hotel Le Fontanelle
bellavista@badiaprataglia.com,,,Hotel Bellavista
info@villamariachianciano.it,,,Villa Maria
info@logoshotel.it,,,Hotel Logos
albergobartoli@interfree.it,,,Bartoli
info@hotelmedusa.com,,,Medusa
info@hotelfontalleccio.it,,,Fontalleccio
info@palazzodelcapitano.com,,,Relais Palazzo Del Capitano
raphael@gruppobirindelli.it,,,Raphael
livorno@maxhotels.it,,,Max Hotel Livorno
info@evocafe.it,,,Evöcafe
aureliarta@gmail.com,,,Aurelia Rta
info@leonbianco.com,,,Leon Bianco
reservations@villalamassa.it,,,Villa La Massa
info@cosimodemedici.com,,,Cosimo De Medici
info@hotelritamajor.it,,,Rita Major
reservation@hotelbonciani.it,,,Bonciani
alleluja.puntaala@baglionihotels.com,,,Alleluja
info@hotelvillavolpi.com,,,Hotel Villa Volpi
info@borgoserignana.it,,,Borgo di Serignana
hotelgiuliocesare@tiscali.it,,,Giulio Cesare
info@hoteldolly.it,,,Hotel Dolly
info@hotelenza.it,,,Albergo Enza
info@hotelalinari.com,,,Hotel Alinari
info@lapinetaalmare.it,,,Hotel La Pineta Al Mare
monginevro.fi@starhotels.it,,,Starhotel Monginevro
info@hotelsantacaterina.com,,,Hotel Santa Caterina
info@hotelfiorita.com,,,Hotel Fiorita
info@hotelfabricia.it,,,Hotel Fabricia
albergomarzocco@cretedisiena.com,,,Il Marzocco
info@caesarhotel.it,,,Caesar
info@hotellecapanne.com,,,Hotel Le Capanne
infolacappella@tiscali.it,,,Hotel Residence
info@badiacampoleone.it,,,Badia di Campo Leone
lalampara@tin.it,,,La Lampara
raffaele.benetti@tin.it,,,Dormireintoscana.it
ambasciatori@barbettihotels.it,,,Ambasciatori
info@hotelpinoblu.it,,,Pino Blu
info@villaschiatti.it,,,Villa Schiatti
info@elbaresidence.net,,,Hotel Due Torri
lavilla@abetone.com,,,Hotel La Villa
info@albergovenezia.com,,,Venezia
info@lorenzoilmagnifico.net,,,Lorenzo Il Magnifico
info@hotellacolonnasiena.it,,,Hotel La Colonna
info@hotelsanmichele.net,,,San Michele
info@californiaparkhotel.com,,,California Park
bricoli@tiscalinet.it,,,Grand Hotel Villa Parisi
ilmarzocco@montepulcianohotels.it,,,Hotel Il Marzocco
info@villacontessamarianna.it,,,Villa Le Fonti
h1539@accor.com,,,Cerretani Firenze
siriovenezia@alice.it,,,Hotel Venezia
relais@castellodimagona.it,,,Castello di Magona
albergo-italia@libero.it,,,Albergo Italia
marina2@elbalink.it,,,Club Hotel Marina 2
info@hotelareion.com,,,Hotel Areion
info@villaromaimperiale.com,,,Hotel Villa Roma Imperiale
granducato@lenni.it,,,Hotel Granducato
info@residenzadelmoro.com,,,Residenza Del Moro Residenza D'epoca
info@krafthotel.it,,,Hotel Kraft
info@hotel-euro.it,,,Euro Hotel di Riolo Srl
info@villapoggiano.com,,,Villa Poggiano
info@hotelandrea.it,,,Andrea
primaverahotel@virgilio.it,,,Albergo Villa Primavera
svac@beactive.it,,,Albergo Genzianella
info@hotelaldobrandini.it,,,Hotel Aldobrandini
info@castellomontauto.it,,,Castello di Montauto
info@ariston-hotel.com,,,Hotel Ariston
info@hotelaccademiafirenze.com,,,Hotel Accademia
nazionalevolterra@tiscalinet.it,,,Nazionale
info@albergolacapannina.it,,,La Capannina
info@residence-centanni.it,,,Centanni Residence
gambrinusamiata@virgilio.it,,,Hotel Ristorante Gambrinus
info@colledegliangeli.net,,,Park Hotel Colle Degli Angeli Spa & Resort
bsturist@boscodellaspina.com,,,Bosco Della Spina Srl
rive.to@bestwestern.it,,,HOTEL RIVE'
genio.to@bestwestern.it,,,HOTEL GENIO
city.to@bestwestern.it,,,HOTEL CITY
luxor.to@bestwestern.it,,,HOTEL LUXOR
genova.to@bestwestern.it,,,HOTEL GENOVA
executive.to@bestwestern.it,,,EXECUTIVE HOTEL AND SUITES
granmogol.to@bestwestern.it,,,HOTEL GRAN MOGOL
piemontese.to@bestwestern.it,,,HOTEL PIEMONTESE
crimea.to@bestwestern.it,,,HOTEL CRIMEA
cavalieri.cn@bestwestern.it,,,HOTEL CAVALIERI
principe.cn@bestwestern.it,,,HOTEL PRINCIPE
borgolecco.mb@bestwestern.it,,,BORGO LECCO HOTEL
cappellodoro.bg@bestwestern.it,,,HOTEL CAPPELLO D'ORO
solaf.bg@bestwestern.it,,,HOTEL SOLAF
monzaebrianza.mi@bestwestern.it,,,HOTEL MONZA E BRIANZA PALACE
falkvillage.mi@bestwestern.it,,,FALCK VILLAGE HOTEL
city.mi@bestwestern.it,,,HOTEL CITY
galles.mi@bestwestern.it,,,HOTEL GALLES
cristoforocolombo.mi@bestwestern.it,,,HOTEL CRISTOFORO COLOMBO
felicecasati.mi@bestwestern.it,,,HOTEL FELICE CASATI
madison.mi@bestwestern.it,,,HOTEL MADISON
miltonmilano@bestwestern.it,,,HOTEL MILTON
major.mi@bestwestern.it,,,HOTEL MAJOR
ascot.mi@bestwester.it,,,HOTEL ASCOT
mozart.mi@bestwestern.it,,,HOTEL MOZART
astoria.mi@bestwestern.it,,,HOTEL ASTORIA
lefavaglie.mi@bestwestern.it,,,HOTEL LE FAVAGLIE
goldenmilemilan.mi@bestwestern.it,,,HOTEL GOLDENMILE MILAN
master.bs@bestwestern.it,,,HOTEL MASTER
oliveto.bs@bestwestern.it,,,HOTEL OLIVETO
continental.co@bestwestern.it,,,HOTEL CONTINENTAL
tremoggia.so@bestwestern.it,,,HOTEL TREMOGGIA
crystal.va@bestwestern.it,,,HOTEL CRYSTAL
jethotel.va@bestwestern.it,,,JET HOTEL
cavalieri.va@bestwestern.it,,,HOTEL CAVALIERI DELLA CORONA
park.pc@bestwestern.it,,,PARK HOTEL
f.burroni@grandhotelminerva.com,,,GRAND HOTEL MINERVA
info@leonardodavincihotel.net,,,HOTEL L. DA VINCI
reservation.savoy@roccofortehotel.com,,,HOTEL SAVOY
avagniluca@albanihotels.com,,,HOTEL ALBANI
info@hotelaline.com,,,HOTEL ALINE      ????????
laurusalduomo.fi@bestwestern.it,,,LAURUS HOTEL
river.fi@bestwestern.it,,,HOTEL RIVER
rivoli.fi@bestwestern.it,,,HOTEL RIVOLI
ognissanti.fi@bestwestern.it,,,HOTEL PALAZZO OGNISSANTI
cappelli.pt@bestwestern.it,,,HOTEL CAPPELLI
guinigi.lu@bestwestern.it,,,GRAND HOTEL GUINIGI
deipriori.si@bestwestern.it,,,HOTEL PALAZZO DEI PRIORI
galileo.or@bestwestern.it,,,GALILEO PALACE HOTEL
reservation@arthotelmilano.it,,,ART HOTEL MILANO
dicom@sheratonfirenze.it,,,SHERATON FIRENZE
commerciale@westflorence.it,,,WEST FLORENCE
direzione@hiflorence.it,,,HOLIDAY INN FIRENZE
villa.dievole@dievole.it,,,HOTEL VILLA DIEVOLE
info@villabarberino.it,,,VILLA BARBERINO
info@palazzaccio.it,,,TENUTA PALAZZACCIO
info@locandavesuna.com,,,LOCANDA VESUNA
info@villadefiori.it,,,VILLA DE' FIORI
reservation.hbf@royaldemeure.com,,,HOTEL HELVETIA  & BRISTOL
reservation.continental@royaldemeure.com,,,GRAND HOTEL CONTINENTAL
reservationshvm@sinahotels.com,,,VILLA MEDICI
reservationsvi@sinahotels.com,,,HOTEL ASTOR
una.mannaioni@unahotels.it,,,UNA PALAZZO MANNAIONI
info@villalemaschere.it,,,VILLA LE MASCHERE
direzione@petriolosparesort.com,,,PETRIOLO SPA RESORT
santacroce.firenze@baglionihotels.com,,,RELAIS SANTA CROCE
delporto@relaischateaux.com,,,HOTEL CALA DEL PORTO
reservations.allelujiapuntaala@baglionihotels.com,,,BAGLIONI RESTOR ALLELUJIA
info@hotelcentrocavour.it,,,Hotel Centro Cavour Roma
info@camereromacentro.it,,,Hotel Centro Cavour Roma
anania@jkroma.com,,,J.K. Place Roma
baranchuk@jkroma.com,,,J.K. Place Roma
filizzola@jkroma.com,,,J.K. Place Roma
info@relaissanvigilio.it,,,Relais San Vigilio
info@ristorantesanvigilio.it,,,Relais San Vigilio
info@murlo.com,,,Tenuta di Murlo
info@reschio.com,,,Tenuta di Murlo
aspassonellatuscia@gmail.com,,,Palazzo Verdi B&B
info@holidayviterbo.com,,,Palazzo Verdi B&B
info@palazzoriario.it,,,Palazzo Riario
palazzoriario@gmail.com,,,Palazzo Riario
info@bbdeipapi.it,,,B&B dei Papi Boutique Hotel
mariorossi@esempio.it,,,B&B dei Papi Boutique Hotel
info@evergreenroma.it,,,B&B Evergreen Roma Guest House
amjed@grandhotelplaza.com,,,Grand Hotel Plaza
baldassarri@grandhotelplaza.com,,,Grand Hotel Plaza
cardone@grandhotelplaza.com,,,Grand Hotel Plaza
info@concordiahotel.it,,,Hotel Concordia
ireland@bookassist.com,,,Hotel Concordia
info@worldhotelcasati18.com,,,"Casati 18, member of WorldHotels Distinctive"
info@worldhotelcristoforocolombo.com,,,"Casati 18, member of WorldHotels Distinctive"
privacy@hotelfelicecasati.com,,,"Casati 18, member of WorldHotels Distinctive"
info@hvenini.it,,,Hotel Venini
info@urbansuitemilano.it,,,Urban Suite Milano
urban.suite@pecimprese.it,,,Urban Suite Milano
concierge.rom@albanihotels.com,,,Albani Hotel Roma
info.rom@hotelalbaniroma.com,,,Albani Hotel Roma
info.rom@albanihotels.com,,,Albani Hotel Roma
f.mencucci@atlantehotels.com,,,Atlante Star Hotel
info@atlantehotels.com,,,Atlante Star Hotel
info@borgopalmieri.com,,,Hotel Orto Di Roma
info@hotelortodiroma.com,,,Hotel Orto Di Roma
info@ristorantepalmieri.it,,,Hotel Orto Di Roma
info@boutiquecentralepalace.com,,,Boutique Centrale Palace Hotel
info@relaislacosta.it,,,Boutique Centrale Palace Hotel
direzione.generale@planetariahotels.com,,,Château Monfort
fb@hotelchateaumonfort.com,,,Château Monfort
info@hotelchateaumonfort.com,,,Château Monfort
info@thebuildinghotelrome.com,,,The Building Hotel
info@reginagiovannahotel.com,,,Hotel Regina Giovanna
info@adwlabs.it,,,Hotel Regina Giovanna
info@hotelcaravel.it,,,Caravel Hotel - 4 stars
info@one24.it,,,Caravel Hotel - 4 stars
info@maisonevelina.it,,,Maison Evelina
info@a2web.it,,,Maison Evelina
info@theoneboutiquehotel.com,,,THE ONE Boutique Hotel & SPA Roma
a.carmignani@hotelpiccadillyroma.it,,,Best Western Hotel Piccadilly Roma
info@hotelpiccadillyroma.it,,,Best Western Hotel Piccadilly Roma
piccadilly.rm@bestwestern.it,,,Best Western Hotel Piccadilly Roma
alex@linktr.ee,,,Domus Elena Apartment in Rome center with free parking spot
gkloof@gmail.com,,,Domus Elena Apartment in Rome center with free parking spot
guillaume@createappshere.com,,,Domus Elena Apartment in Rome center with free parking spot
info@hotelbagnaia.it,,,Hotel Bagnaia
info@ristorantebiscetti.it,,,Hotel Bagnaia
info@internationalcatering.it,,,Hotel Villa Sofia
info@villasofiahotel.it,,,Hotel Villa Sofia
info@palazzovenere.com,,,Palazzo Venere
info@quarkhotelmilano.com,,,Quark Hotel Milano
info@ariesgroup.it,,,Quark Hotel Milano
claudia.marchetti@enterprisehotel.com,,,Enterprise Hotel
crichard@ruthschris.com,,,Enterprise Hotel
f.prastaro@enterprisehotel.com,,,Enterprise Hotel
info@fiveroomsrome.com,,,Five Rooms Rome
romelasapienzaapartment@iwtc.it,,,Five Rooms Rome
venetoprestigeapartment@iwtc.it,,,Five Rooms Rome
aaryn.kerkis@adp.com,,,Montenapoleone Suites
ali.jacobs@bit.ly,,,Montenapoleone Suites
allison.cacciacarne@bit.ly,,,Montenapoleone Suites
info@corso12-roma.com,,,Corso 12 Rooms and Suites - Roma
info@highrestaurant.com,,,Corso 12 Rooms and Suites - Roma
info@ilbrilloparlante.com,,,Corso 12 Rooms and Suites - Roma
amministrazione@teliercollection.com,,,Telier Collection
amministrazione@baboonroom.com,,,Telier Collection
booking@anticaresidenzadelcorso.com,,,Telier Collection
info@romainunastanza.it,,,Roma in a room Guest House
privacy@studioscivoletto.it,,,Roma in a room Guest House
groups@hotelrimini.com,,,Hotel Rimini Roma Termini
info@hotelrimini.com,,,Hotel Rimini Roma Termini
info@hotelinrome.com,,,Hotel Rimini Roma Termini
info@thestreetmilano.com,,,The Street Milano Duomo | a Design Boutique Hotel
info@hotelmontecarlo.it,,,Montecarlo Hotel
privacy@easyconsulting.com,,,Montecarlo Hotel
booking@numastays.com,,,numa | Loreto Apartments
booknow@numastays.com,,,numa | Loreto Apartments
info@boutiquecentralerelais.com,,,Boutique Centrale Relais
dpo@architettodefalco.it,,,Hotel Farnese
info@hotelfarnese.com,,,Hotel Farnese
info@hotelmarcopoloroma.com,,,Hotel Marco Polo
info@hotelmarcopoloroma.it,,,Hotel Marco Polo
abigael.amponsah@adagio-city.com,,,Aparthotel Adagio Roma Vatican
adagio.pouilly@adagio-city.com,,,Aparthotel Adagio Roma Vatican
aetienne@adagio-city.com,,,Aparthotel Adagio Roma Vatican
555-555-5555mymail@mailservice.com,,,Adelaide Suite Dreams
info@adelaidesuitedreams.it,,,Adelaide Suite Dreams
alexa.montgomery@marriott.com,,,"The Westin Palace, Milan"
andy.bishop@marriott.com,,,"The Westin Palace, Milan"
a.shope@comcast.net,,,"The Westin Palace, Milan"
booking@gruppouna.it,,,UNAHOTELS Cusani Milano
hotel.fortedeimarmi@unaway.it,,,UNAHOTELS Cusani Milano
info@renthousemilano.it,,,Rent House Milano
renthousemilano9@gmail.com,,,Rent House Milano
acdcouto@aethos.com,,,Aethos Milan
adavidson@aethos.com,,,Aethos Milan
bwong@aethos.com,,,Aethos Milan
booking@lacordata.it,,,La Cordata Accommodation - Zumbini 6
info@zumbini6.com,,,La Cordata Accommodation - Zumbini 6
meeting@lacordata.it,,,La Cordata Accommodation - Zumbini 6
info@hotelvaladier.com,,,Hotel Valadier
info@eno-z.com,,,Hotel Valadier
info@clubhousebrera.com,,,Castello Sforzesco Suites
milaneleven@brerapartments.com,,,Castello Sforzesco Suites
stay@brerapartments.com,,,Castello Sforzesco Suites
info@amapa.it,,,Saint John Hotel
reservation@hotelsaintjohn.it,,,Saint John Hotel
event@ilsantellone.it,,,Il Santellone Resort
info@ilsantellone.it,,,Il Santellone Resort
info@lacucinadelsantellone.it,,,Il Santellone Resort
info@suitesmoya.com,,,SUITES MOYA - Vasca Jacuzzi Sauna Angolo Bar
info@facturacionweb.site,,,SUITES MOYA - Vasca Jacuzzi Sauna Angolo Bar
info@princespa.com,,,Hotel Mancino 12
reservations@parcodeiprincipi.com,,,Hotel Mancino 12
welcome@hotelmancino12.com,,,Hotel Mancino 12
info@suitesimperiali.it,,,Suites Imperiali Guest House
clubmanager@hotelvillapamphiliroma.com,,,Hotel Villa Pamphili Roma
events@hotelvillapamphiliroma.com,,,Hotel Villa Pamphili Roma
info@hotelvillapamphiliroma.com,,,Hotel Villa Pamphili Roma
amministrazione@aldrovandiresidence.com,,,Aldrovandi Residence City Suites
commerciale@aldrovandiresidence.com,,,Aldrovandi Residence City Suites
direzione@aldrovandiresidence.it,,,Aldrovandi Residence City Suites
info@fiorentiniresidence.it,,,Fiorentini Residence Milano
info@nextplanet.it,,,Residence Domus
info@lifesource.it,,,Polo ricettivo Life Source
amministrazione@ospitalityservice.it,,,Hotel School University
commerciale@ospitalityservice.it,,,Hotel School University
formazione@hotelschooluniversity.it,,,Hotel School University
info@hotelvilladuse.com,,,Hotel Villa Duse
info@milanapartmentrental.it,,,Milan Apartment Rental
info@milanapartmentrental.com,,,Milan Apartment Rental
gscollection@m18pr.com,,,G-Rough
info@g-rough.com,,,G-Rough
reservations@g-rough.com,,,G-Rough
info@jewelshotels.com,,,Jewels Hotels & Resorts
info@hotelmellini.com,,,Jewels Hotels & Resorts
nicola.migliore86@gmail.com,,,Jewels Hotels & Resorts
esempio@gmail.com,,,Il Nido d'Amore - Suite del Grillo - Fori Imperiali
lebbianoresidence@ilnidodamore.it,,,Il Nido d'Amore - Suite del Grillo - Fori Imperiali
lecolombaie@ilnidodamore.it,,,Il Nido d'Amore - Suite del Grillo - Fori Imperiali
hotelresidenzafontanelle@live.it,,,Hotel Residenza Fontanelle
info@residenzafontanelle.com,,,Hotel Residenza Fontanelle
collatinasuites@gmail.com,,,Collatina Suites Guest House e Affittacamere
info@collatinasuites.it,,,Collatina Suites Guest House e Affittacamere
aparthotelmeneghino@gmail.com,,,Aparthotel Meneghino
info@aparthotelmeneghino.com,,,Aparthotel Meneghino
info@hoteloperaroma.com,,,Hotel Opera Roma
info@hotelsonya.it,,,Hotel Opera Roma
contacts@booking-reservations.com,,,Relais Luxury Corso
info@relaisluxurycorso.com,,,Relais Luxury Corso
info@website.com,,,Relais Luxury Corso
agood@ibis.com,,,Parro Sas Di Leopoldo Parrottino And Co.
andy@ibisinc.com,,,Parro Sas Di Leopoldo Parrottino And Co.
charles.mckenna@aol.com,,,Parro Sas Di Leopoldo Parrottino And Co.
info@zonehotel.com,,,Hotel Zone
a.lee.gauthier@gmail.com,,,Sonder Missori
adam.cavanaugh@sonder.com,,,Sonder Missori
adam.wcavanaugh@sonder.com,,,Sonder Missori
info@ghotelpescara.it,,,G Hotel Pescara
info@viterboinn.com,,,Hotel Viterbo Inn
concierge@lolyhotel.com,,,Loly Boutique Hotel
gm@lolyhotel.com,,,Loly Boutique Hotel
info@lolyhotel.com,,,Loly Boutique Hotel
info@robertonecci.it,,,"Roberto Necci , imprenditore e consulente alberghiero"
info@neccihotels.it,,,"Roberto Necci , imprenditore e consulente alberghiero"
r.necci@robertonecci.it,,,"Roberto Necci , imprenditore e consulente alberghiero"
info@residenzasanleonardo.com,,,Residenza San Leonardo - Locazione turistica Viterbo Centro Storico
residenzasanleonardo@gmail.com,,,Residenza San Leonardo - Locazione turistica Viterbo Centro Storico
r.benhaim@precisehotels.com,,,Precise House Mantegna Roma
badreichenhall@precisehotels.com,,,Precise House Mantegna Roma
bamia@precisehotels.com,,,Precise House Mantegna Roma
amministrazione@hotelportapia.com,,,Hotel Porta Pia
prenotazioni@hotelportapia.com,,,Hotel Porta Pia
info@eurohotelmilano.it,,,Eurohotel
info@hotelflavia.it,,,Hotel Flavia
reservationsflavia@gmail.com,,,Hotel Flavia
info@icantonidiroma.it,,,I Cantoni di Roma Guest House
info@hotel4pini.it,,,Hotel 4 Pini
ristorante4pini@gmail.com,,,Hotel 4 Pini
info@borgoficorelais.com,,,Borgofico Relais & Wellness
socialmedia@plesk.com,,,Borgofico Relais & Wellness
arnaud.lemonnier@hotelbb.com,,,B&B Hotel Milano Central Station
arnaud.morvan@hotel-bb.com,,,B&B Hotel Milano Central Station
arnaud.morvan@hotelbb.com,,,B&B Hotel Milano Central Station
frontoffice@hd8hotelmilano.it,,,HD8 Hotel Milano
hd8@operaser.it,,,HD8 Hotel Milano
info@palazzoviridis.com,,,Palazzo Viridis
info@palazzobarocci.com,,,Palazzo Viridis
booking@hotelmarisarome.com,,,Hotel Marisa
info@hotelmarisa.net,,,Hotel Marisa
info@hotelmorescogallura.com,,,Hosteda Hotels
info@mentefredda.it,,,Hosteda Hotels
privacy@hostedahotels.it,,,Hosteda Hotels
info@arapacisinn.it,,,Ara Pacis Inn
info@arapacisinn.com,,,Ara Pacis Inn
frontoffice.amadeus@jr-hotels.com,,,JR hotels & Resorts
frontoffice.amadeus@ih-hotels.com,,,JR hotels & Resorts
frontoffice.cicerone@jr-hotels.com,,,JR hotels & Resorts
info@termedeipapi.it,,,Terme dei papi
info.csservice@libero.it,,,Terme dei papi
aabramian@anantara.com,,,Anantara Palazzo Naiadi Rome Hotel
aaldibs@anantara.com,,,Anantara Palazzo Naiadi Rome Hotel
aali@anantara.com,,,Anantara Palazzo Naiadi Rome Hotel
info@hotelandreina.com,,,Hotel Andreina
info@kosmosol.it,,,Hotel Andreina
info@relaisvittoriacolonna.com,,,Relais Vittoria Colonna
mario@rossi.com,,,Relais Vittoria Colonna
a.tarabu@desiocollection.com,,,Antico Albergo del Sole al Pantheon
info@hotelsolealpantheon.com,,,Antico Albergo del Sole al Pantheon
l.zuccherofino@desiocollection.com,,,Antico Albergo del Sole al Pantheon
alberto.ronchi@bestwestern.it,,,Best Western Italy
best.crimea@bestwestern.it,,,Best Western Italy
bristolve.western@bestwestern.it,,,Best Western Italy
giuseppe.dirienzo@kleoshotel.com,,,Viva Hotel Milano
info@kleoshotelmilano.com,,,Viva Hotel Milano
segreteria@kleoshotel.com,,,Viva Hotel Milano
info@hotelforum.com,,,Hotel Forum
roofgarden@hotelforum.com,,,Hotel Forum
booking@odsweethotel.com,,,ODSweet Duomo Milano Hotel
info@vestadomus.com,,,Vesta Domus - Guest House B&B con camere dove dormire vicino al Colosseo
segreteria@amicidiroma.it,,,Vesta Domus - Guest House B&B con camere dove dormire vicino al Colosseo
ssba-rm.museodellenavi@beniculturali.it,,,Vesta Domus - Guest House B&B con camere dove dormire vicino al Colosseo
andredami58@libero.it,,,Guest House Il Tempio della Capitale
guesthouse@iltempiodellacapitale.it,,,Guest House Il Tempio della Capitale
gaia.rotolo@magnapars.it,,,"Magna Pars L' Hotel à Parfum, Small Luxury Hotels of the World"
info@danoi-in.it,,,"Magna Pars L' Hotel à Parfum, Small Luxury Hotels of the World"
labsolue@magnapars.it,,,"Magna Pars L' Hotel à Parfum, Small Luxury Hotels of the World"
beb.salentino@hotmail.it,,,Casa Bianco Roma B&B
bebibisco@hotmail.it,,,Casa Bianco Roma B&B
beblacasagialla@gmail.com,,,Casa Bianco Roma B&B
hello@fiaformulae.com,,,Borromeo Hotel
info@hotelborromeo.com,,,Borromeo Hotel
reservationsborromeo@gmail.com,,,Borromeo Hotel
hotelfiori@tiscalinet.it,,,Hotel Fiori Roma
info@hotel-fiori.com,,,Hotel Fiori Roma
acanada@hyatt.com,,,Park Hyatt Milan
adavis@hyatt.com,,,Park Hyatt Milan
adinawolf@ameritech.net,,,Park Hyatt Milan
info@relaistrevi95.com,,,Relais Trevi 95 Boutique Hotel 4 Stelle nel cuore di Roma
info@fifteenkeys.com,,,The Fifteen Keys Hotel
info@casaperferiemdbarbantini.it,,,Casa per ferie “M. Domenica Barbantini
adrianne.lombard@fairmont.com,,,Principe di Savoia
aiko.accame@dorchestercollection.com,,,Principe di Savoia
ajones@hotelbelair.com,,,Principe di Savoia
frontoffice@smarthotelmilano.it,,,Smart Hotel
smart@operaser.it,,,Smart Hotel
info@ad-suites.com,,,AD Suites Tritone
info@mysite.com,,,AD Suites Tritone
booking@bluhotels.it,,,Savona 18 Suites - Boutique Hotel
events@savona18suites.it,,,Savona 18 Suites - Boutique Hotel
privacy@bluhotels.it,,,Savona 18 Suites - Boutique Hotel
info@trianonborgopio.com,,,Trianon Borgo Pio Srl
info@trianongroup.com,,,Trianon Borgo Pio Srl
reception@hotelgio.it,,,Hotel Giò Wine e Jazz Area
webmarketing@apicehotels.it,,,Hotel Giò Wine e Jazz Area
comunicazione@allegroitalia.it,,,AllegroItalia San Pietro All'Orto 6
fomportocervo@allegroitalia.it,,,AllegroItalia San Pietro All'Orto 6
concierge@mezzatorre.com,,,Hotel
events@pellicanohotels.com,,,Hotel
guest@pellicanohotel.com,,,Hotel
alessandra.fioretti@parcodeiprincipi.com,,,Parco dei Principi Grand Hotel & SPA
aloisio.christian@parcodeiprincipi.com,,,Parco dei Principi Grand Hotel & SPA
antonio.napoli@parcodeiprincipi.com,,,Parco dei Principi Grand Hotel & SPA
susanna.graziano@camplus.it,,,Camplus Guest Roma
bologna.apartments@camplus.it,,,Camplus Guest Roma
catania.guest@camplus.it,,,Camplus Guest Roma
info@ergifepalacehotel.com,,,Ergife Palace Hotel & Conference Center
privacy@ergifepalacehotel.com,,,Ergife Palace Hotel & Conference Center
info@thecaesarhotels.com,,,The Caesar Roma
info@argentariosaresort.com,,,The Caesar Roma
info@clublecannelle.com,,,The Caesar Roma
amministrazione@expogroupsrl.it,,,Relais Manzoni
info@relaismanzoni.it,,,Relais Manzoni
info@appianprivatesuites.com,,,Appian Private Suites
reservations@gambrinushotel.com,,,Gambrinus Hotel
adrian.toro@booking.com,,,Milan House
adrienne.enggist@booking.com,,,Milan House
agnieszka.gryciuk@booking.com,,,Milan House
info@hotelparkerroma.com,,,Hotel Parker - GRUPPO BLAM HOTELS
info@hotelparkerroma.it,,,Hotel Parker - GRUPPO BLAM HOTELS
choechtl@avanihotels.com,,,Hotel Avani Palazzo Moscova Milan - formerly NH Milano Palazzo Moscova
atrium@avanihotels.com,,,Hotel Avani Palazzo Moscova Milan - formerly NH Milano Palazzo Moscova
benihana.vpat@avanihotels.com,,,Hotel Avani Palazzo Moscova Milan - formerly NH Milano Palazzo Moscova
adel.zaher@ihg.com,,,Barceló Milan
andrew.gordon@ihg.com,,,Barceló Milan
angela.landreth@ihg.com,,,Barceló Milan
a.marbun@royalgroup.it,,,Hotel Ambasciatori Palace
a.palumbo@royalgroup.it,,,Hotel Ambasciatori Palace
a.pizzo@royalgroup.it,,,Hotel Ambasciatori Palace
info@grandhotelfleming.it,,,Grand Hotel Fleming
info.ghf@omniahotels.com,,,Grand Hotel Fleming
dpo@network-service.it,,,eco Hotel Milano
info@ecohotelmilano.it,,,eco Hotel Milano
info@ecohotelresidenzamilano.it,,,eco Hotel Milano
info@hotelsangiovanniroma.it,,,Hotel San Giovanni
info@bostonbari.it,,,Hotel San Giovanni
info@grupposimone.it,,,Hotel San Giovanni
info@demetrahotelrome.com,,,Demetra Hotel Rome
info@delphinet.it,,,Demetra Hotel Rome
info@kolbehotelrome.com,,,Kolbe Hotel Rome
info@ciaomilanohostel.it,,,CiaoMi
brescia@hoteldellavolta.com,,,Brescia Hotel Della Volta
info@web-plan.it,,,Brescia Hotel Della Volta
frontoffice@hearthotelmilano.it,,,Heart Hotel Milano
heart@operaser.it,,,Heart Hotel Milano
info@hotelambrapalace.it,,,Ambra Palace
pescara@hotelbb.com,,,Ambra Palace
concorde.mi@bestwestern.it,,,"Antares Hotel Concorde, BW Signature Collection"
info@hotelconcordemilano.com,,,"Antares Hotel Concorde, BW Signature Collection"
ristorazione@hotelconcordemilano.com,,,"Antares Hotel Concorde, BW Signature Collection"
birkbybyre@hotmail.com,,,La Casa delle Meraviglie - Navigli
clovercottageuralla@gmail.com,,,La Casa delle Meraviglie - Navigli
contact.nexth@gmail.com,,,La Casa delle Meraviglie - Navigli
info@domus21suites.com,,,Domus 21 Luxury Suites
info@thehari.com,,,Domus 21 Luxury Suites
direzione@hotelvittoria.com,,,Hotel Vittoria
eventi@hotelvittoria.com,,,Hotel Vittoria
info@hoteldegliartisti.com,,,Hotel degli Artisti
marketing@hoteldegliartisti.com,,,Hotel degli Artisti
albergostazione2@gmail.com,,,Albergo Stazione
info@albergostazione.it,,,Albergo Stazione
booking@exarooms.it,,,Exa Rooms - Prati
booking@heartofsanlorenzo.com,,,Exa Rooms - Prati
info@vanityhotelnavona.it,,,Vanity Hotel
info@hotellepetit.com,,,Hotel Le Petit
team@latofonts.com,,,Hotel Le Petit
info@palazzotalia.com,,,Palazzo Talìa
info@romacasacaburlotto.it,,,Casa Caburlotto Roma
privacy@sangiuseppecaburlotto.it,,,Casa Caburlotto Roma
amministrazione@amareitalia.com,,,secret village alghero - special offer
info@amareitalia.com,,,secret village alghero - special offer
gdpr@ramadaplazamilano.it,,,Ramada Plaza by Wyndham Milano
info@ramadaplazamilano.it,,,Ramada Plaza by Wyndham Milano
booking@atlantichotel.it,,,c-hotels Atlantic Milano
info@c-hotels.it,,,c-hotels Atlantic Milano
info@palmsuiterome.com,,,Palm Suite
info@aromarestaurant.it,,,Palm Suite
info@hotelpalazzomanfredi.it,,,Palm Suite
gliartisti@gmail.com,,,B & B Artists
info@bbgliartisti.com,,,B & B Artists
romanfoodexperience@gmail.com,,,B & B Artists
info@palazzocornalia.com,,,Palazzo Cornalia
info@palazzonavonahotel.com,,,Palazzo Cornalia
aicolli@damimmoelina.com,,,Locanda Mimmo
damimmo@damimmoelina.com,,,Locanda Mimmo
eventiaicolli@damimmoelina.com,,,Locanda Mimmo
info@oasivillagehotel.it,,,Oasi Village Hotel & Resort
info@palacehotelbg.it,,,Oasi Village Hotel & Resort
info@nobaroma.com,,,Noba Hotel e Residenze
info@arthotelnoba.com,,,Noba Hotel e Residenze
booking@bloomhotelroma.com,,,Bloom Hotel Roma
info@hotelnavonacolors.it,,,Bloom Hotel Roma
info@afduomo.com,,,AF Duomo
csapda@astrohost.com,,,Hotel Pensione Barrett
csapda@web-server.hu,,,Hotel Pensione Barrett
info@hotelbarrett.it,,,Hotel Pensione Barrett
buongiorno@casamontiroma.com,,,Hotel Casa Monti Roma
ciao@casamontiroma.com,,,Hotel Casa Monti Roma
data@leitmotiv.fr,,,Hotel Casa Monti Roma
hotelfarini@hotelfarini.it,,,Hotel Artromano
info@hotelartromano.com,,,Hotel Artromano
booking@doriagrandhotel.it,,,Doria Grand Hotel
info@doriagrandhotel.it,,,Doria Grand Hotel
info.doriagrandhotel@adihotels.com,,,Doria Grand Hotel
booking@hotelspringhouse.com,,,The Spring House Hotel
info@hotelspringhouse.com,,,The Spring House Hotel
springhouse.rm@bestwestern.it,,,The Spring House Hotel
admin@hotelfellini.com,,,Hotel Fellini
info@hotelfellini.com,,,Hotel Fellini
info@manciniparkhotel.net,,,Mancini Park Hotel
info@hotelquadrifoglioroma.it,,,Mancini Park Hotel
info@manciniparkhotel.it,,,Mancini Park Hotel
info@locandadellecorse.com,,,Locanda delle Corse
ristorantesalvi@gmail.com,,,Locanda delle Corse
dpo@pepoli9rome.com,,,Pepoli9
info@pepoli9rome.com,,,Pepoli9
info@sistinatwentythree.it,,,Sistina Twentythree Luxury Rooms
info@hotel.com,,,Sistina Twentythree Luxury Rooms
bbcasadolcecasa.info@gmail.com,,,Biloba - Boutique Apartment
bianchiniste@gmail.com,,,Biloba - Boutique Apartment
fabriziovito.longo@gmail.com,,,Biloba - Boutique Apartment
dilandogstore@libero.it,,,Pet Hotel Milano
info@dilandog.it,,,Pet Hotel Milano
abraun@millenniumhotels.com,,,Grand Hotel Palace Rome
aciulla@millenniumhotels.com,,,Grand Hotel Palace Rome
adam.gao@millenniumhotels.com,,,Grand Hotel Palace Rome
booking@itriangoli.com,,,Best Western Hotel I Triangoli
info@itriangoli.com,,,Best Western Hotel I Triangoli
info@portoturisticodiroma.it,,,Best Western Hotel I Triangoli
info@trevipalacehotel.com,,,Hotel Trevi Palace
privacy@trevipalacehotel.com,,,Hotel Trevi Palace
info@hotelsanpimilano.it,,,Hotel Sanpi Milano
hr@hotelpulitzer.it,,,Hotel Pulitzer Roma
info@bbromamonti.com,,,Una finestra su Monti
info@bbromamonti.it,,,Una finestra su Monti
dsuitesrl@gmail.com,,,La Maison D' Art Spagna
info@lamaisondart.com,,,La Maison D' Art Spagna
achen02@gmail.com,,,B&B Rome Sleep Home
agangwal@google.com,,,B&B Rome Sleep Home
aknapic@google.com,,,B&B Rome Sleep Home
info@hotelreginamargherita.it,,,HOTEL REGINA MARGHERITA
rmhotelroma@gmail.com,,,HOTEL REGINA MARGHERITA
info@suitedreams.it,,,Suite Dreams our hotel
info@principeamedeohotel.com,,,Hotel Principe Amedeo
afranco@mohg.com,,,"Mandarin Oriental, Milan"
ahathaway@mandarinoriental.com,,,"Mandarin Oriental, Milan"
akemp@mandarinoriental.com,,,"Mandarin Oriental, Milan"
info@torredellecornacchie.it,,,Torre delle Cornacchie
abaudesson@aspria.com,,,Aspria Harbour Club Milan
adesutter@aspria.com,,,Aspria Harbour Club Milan
afischer@aspria.com,,,Aspria Harbour Club Milan
alessio.faggi@sinahotels.com,,,Sina De La Ville
andrea.boldrin@sinahotels.com,,,Sina De La Ville
angelo.bono@sinahotels.com,,,Sina De La Ville
info@hotelromatiburtina.it,,,Hotel Roma Tiburtina
info@hotelromatiburtina.com,,,Hotel Roma Tiburtina
hotelcherubini@hotmail.it,,,Hotel Cherubini
info@hotelcherubini.com,,,Hotel Cherubini
a.devaney@barcelo.com,,,Hotel Occidental Aurelia
a.donato@barcelo.com,,,Hotel Occidental Aurelia
a.freund@barcelo.com,,,Hotel Occidental Aurelia
info@relaismaddalena.com,,,Hotel Relais Maddalena
info@relaismonnalisa.com,,,Hotel Relais Maddalena
reserve@relaismaddalena.com,,,Hotel Relais Maddalena
info@monti49.com,,,Monti49 GuestHouse
privacy@eviivo.com,,,Monti49 GuestHouse
amanda@citizenm.com,,,citizenM Hotel Rome Isola Tiberina
ann.kramer@hotelpalomar.com,,,citizenM Hotel Rome Isola Tiberina
apcc34@gmail.com,,,citizenM Hotel Rome Isola Tiberina
info@hotelpantheon.com,,,Hotel Pantheon
info@hotelpantheon.it,,,Hotel Pantheon
info@hotelhiberia.it,,,Hotel Hiberia Rome
info@hotelhiberia.com,,,Hotel Hiberia Rome
info@massimicitygarden.com,,,Massimi city garden hotel
info@hotelpacificroma.com,,,Massimi city garden hotel
rome@brownietour.com,,,Massimi city garden hotel
info@habitosuites.com,,,Habito Suites
nicolaisfrancesco@gmail.com,,,Habito Suites
info@hotelpennile.it,,,Hotel Pennile
manila@hotelpennile.it,,,Hotel Pennile
info@canadahotel.it,,,Hotel Canada Milano Urban Chic
commerciale@hotelgroupplanning.com,,,Hotel Group Planning
info@alchimiatravel.it,,,Hotel Group Planning
info@baroneviaggi.it,,,Hotel Group Planning
info@argentinastylehotel.com,,,Argentina Style Hotel
info@operaromanapellegrinaggi.org,,,Argentina Style Hotel
usp@orpnet.org,,,Argentina Style Hotel
info@palazzoroma.com,,,Palazzo Roma
info@hotelvilon.com,,,Palazzo Roma
info@palazzovilon.com,,,Palazzo Roma
reservations@hotelvilon.com,,,Hotel Vilòn
info@milansuitehotel.com,,,Milan Suite Hotel
milansuitehotel@registerpec.it,,,Milan Suite Hotel
hvgcommunications@gmail.com,,,Hotel Villa Grazioli
info@villagrazioli.it,,,Hotel Villa Grazioli
info@hotelimperatori.biz,,,Hotel Imperatori
info@hoteldegliimperatori.it,,,Hotel Imperatori
acasasimpatia@yahoo.it,,,Olcsó szállás Róma - Casa Simpatia
bence@casasimpatia.com,,,Olcsó szállás Róma - Casa Simpatia
info@casasimpatia.eu,,,Olcsó szállás Róma - Casa Simpatia
a.agostinis@starhotels.com,,,Starhotels Tourist
a.bencini@starhotels.com,,,Starhotels Tourist
a.borrelli@starhotels.com,,,Starhotels Tourist
hotelsollevante@hotmail.com,,,Hotel Sol Levante
info@hotelsollevante.com,,,Hotel Sol Levante
dav182@virgilio.it,,,Comfort Accomodation Residence
hello@comfortaccommodation.com,,,Comfort Accomodation Residence
laura.dormirebg@gmail.com,,,Comfort Accomodation Residence
ariasi@paolovi.it,,,Paul VI Center
marketing@paolovi.it,,,Paul VI Center
paolovi@certificazioneposta.it,,,Paul VI Center
info@albergoanelli.com,,,Albergo Anelli
info@primaveraminihotel.it,,,Primavera Mini Hotel
marketing@primaveraminihotel.it,,,Primavera Mini Hotel
primaveraminihotel@gmail.com,,,Primavera Mini Hotel
info@antognolla.com,,,Antognolla S.p.A.
info@antognollagolf.com,,,Antognolla S.p.A.
info@hoteligea.net,,,Hotel Igea
info@163boutiquehotel.com,,,163 Boutique Hotel
info@digilead.it,,,163 Boutique Hotel
amministrazione@leonsplacehotel.it,,,Leon's Place
info@leonsplacehotel.it,,,Leon's Place
privacy@planetariahotels.com,,,Leon's Place
apscarservice@gmail.com,,,Hotel Marc'Aurelio
reservations@hotelmarcaurelio.com,,,Hotel Marc'Aurelio
reservations@hotelmarcaurelio.it,,,Hotel Marc'Aurelio
info@ecclesiadomus.it,,,Ecclesia Domus Vatican Inn
amy@melia.com,,,Meliá Milano
anshu.shastry@melia.com,,,Meliá Milano
aura.stoica@melia.com,,,Meliá Milano
preventivi@milanorestyle.it,,,Suite Design Milano Centro Duomo
ristrutturazioni@milanorestyle.it,,,Suite Design Milano Centro Duomo
palacenardo@hotelromegroup.com,,,Hotel Stadler 2
pianograndevieste@tiscali.it,,,Hotel Stadler 2
acrouse@hihostels.com,,,hotel 567
aleandro@hihostels.com,,,hotel 567
alesec@hihostels.com,,,hotel 567
elisa.baronessa@it.nestle.com,,,Sangallo Palace Hotel
enoteca@lungarotti.it,,,Sangallo Palace Hotel
hotel@sangallo.it,,,Sangallo Palace Hotel
booking@hotelvillarosaroma.eu,,,Hotel Villa Rosa
direzione@hotelvillarosaroma.eu,,,Hotel Villa Rosa
info@hotelvillarosaroma.eu,,,Hotel Villa Rosa
info@hotelaphrodite.com,,,Hotel Aphrodite
info@faunoresort.com,,,Fauno Urban Resort Roma
alfredo@lacarovana.info,,,Roof Garden Zaccardi
giano@zaccardihotels.it,,,Roof Garden Zaccardi
info@zaccardihotels.it,,,Roof Garden Zaccardi
info@grupporhome.it,,,Rhome Suites
info@hoteljulia.com,,,Hotel Julia
info@hoteljulia.it,,,Hotel Julia
booking@bvolyhotel.com,,,BV Oly Hotel
commerciale@bvolyhotel.com,,,BV Oly Hotel
privacy@buonevacanzehotels.com,,,BV Oly Hotel
info@hotelorlanda.com,,,Hotel Orlanda
rosatif@gmail.com,,,Hotel Orlanda
gdb@gabrielladebiase.it,,,Speronari Suites
info@speronarisuites.it,,,Speronari Suites
info@galleriaaltido.com,,,Altido Galleria
info.italy@stayaltido.com,,,Altido Galleria
prenotazioni@villafrua.it,,,Altido Galleria
nightsinrome@nightsinrome.com,,,Nights in Rome
adel.khenifsa@mamashelter.com,,,Mama Shelter Roma
agnes.chastang@mamashelter.com,,,Mama Shelter Roma
amel.bacha@mamashelter.com,,,Mama Shelter Roma
info@spagna66.com,,,Spagna 66 Luxury Apartment
spagna66apartment@gmail.com,,,Spagna 66 Luxury Apartment
aakash@instagram.com,,,Green guest house
aaron@instagram.com,,,Green guest house
abby@instagram.com,,,Green guest house
brycethompson42@gmail.com,,,Via Cimarra Luxury Suites
karen.hreha@fb.me,,,Via Cimarra Luxury Suites
almoslem.co@gmail.com,,,Via Cimarra Luxury Suites
info@adriatichotel.com,,,Hotel Adriatic
info@italienisch-sprechen.com,,,Hotel Adriatic
contact@hotelroman.eu,,,Hotel Europa
contato@criardente.com.br,,,Hotel Europa
drtassone@live.ca,,,Hotel Europa
info@luxer.it,,,Luxer - Impresa di Pulizie Milano
aciaffaglione@roccofortehotels.com,,,Hotel de Russie
afierro@roccofortehotels.com,,,Hotel de Russie
amounsey@johnlewis.co.uk,,,Hotel de Russie
info@lancasterhotel.it,,,Hotel Lancaster
info@assetweb.it,,,Hotel Lancaster
info@libertyrome.it,,,Liberty Colosseo
libertytrast@gmail.com,,,Liberty Colosseo
info@arconceptlife.com,,,AR Suites & Art
dpo@diaconiavaldese.org,,,Hotel Casa Valdese Roma
info@casevaldesi.it,,,Hotel Casa Valdese Roma
reception@casavaldeseroma.it,,,Hotel Casa Valdese Roma
info@travelershome.it,,,TRAVELERSHOME VATICAN GUESTHOUSE
thromavatican@gmail.com,,,TRAVELERSHOME VATICAN GUESTHOUSE
ahmed@sixsenses.com,,,Six Senses Rome
ahoffma@sixsenses.com,,,Six Senses Rome
alan@sixsenses.com,,,Six Senses Rome
info@ilburcardo.com,,,Antica Dimora de Michaelis
iperpiano@gmail.com,,,Antica Dimora de Michaelis
ask.amsterdam@staygenerator.com,,,Generator Rome
ask.copenhagen@staygenerator.com,,,Generator Rome
ask.dublin@staygenerator.com,,,Generator Rome
info@kosherbbroma.it,,,Kosher B & B La Casa di Eva
info@lacasadieva.com,,,Kosher B & B La Casa di Eva
info@thehomeinrome.com,,,Kosher B & B La Casa di Eva
eventi@bomacountryhouse.com,,,532 Restaurant & Grill
info@532restaurantgrill.com,,,532 Restaurant & Grill
bronson@luxelatam.com,,,Galleria Vik Milano
eventi.idodicigatti@galleriavikmilano.com,,,Galleria Vik Milano
idodicigatti@galleriavikmilano.com,,,Galleria Vik Milano
datenschutz@limehome.com,,,limehome Milan via Stresa
datenschutz@limehome.de,,,limehome Milan via Stresa
datenschutzbeauftragter@datenschutzexperte.de,,,limehome Milan via Stresa
a.blanco@room-matehotels.com,,,Room Mate Giulia
a.caballero@room-matehotels.com,,,Room Mate Giulia
a.carrasco@room-matehotels.com,,,Room Mate Giulia
info@gphotel.it,,,GP Hotel
info@gruppoalton.it,,,GP Hotel
sales@gphotel.it,,,GP Hotel
isaluo@alice.it,,,Bed and Breakfast Smart
smart@bandbromeitaly.com,,,Bed and Breakfast Smart
hospitality@rhinocerosroma.com,,,rhinoceros Roma
careers@glamoregroup.com,,,The Glamore Milano Duomo
events@terrazzaduomo21.it,,,The Glamore Milano Duomo
info@terrazzaduomo21.it,,,The Glamore Milano Duomo
duomo@aiellohotels.com,,,Aiello Rooms San Babila
info@aiellohotels.com,,,Aiello Rooms San Babila
info@aiellorooms.com,,,Aiello Rooms San Babila
10keys@workness.it,,,10 KEYS MILANO
10keys.milano@workness.it,,,10 KEYS MILANO
eventi@workness.it,,,10 KEYS MILANO
info@myspanishsteps.com,,,My Spanishsteps Guest House Rome Italy
info@spagnaboutique.it,,,CBH Dépendance Déco
info@lovesuiteroma.com,,,Love Suite Roma
info@lovesuiteroma.it,,,Love Suite Roma
info@aparthotelduomo.com,,,AHD Rooms
info@ahdrooms.com,,,AHD Rooms
info@regoapartments.it,,,ReGo Apartments
info@casevacanzebergamo.it,,,ReGo Apartments
info@hotelpontesisto.it,,,Hotel Ponte Sisto
catering@mencarelligroup.com,,,Hotel la Rosetta
info@hotelarosetta.it,,,Hotel la Rosetta
info@hotelfontana-trevi.com,,,Hotel Fontana
reservations@hotelfontana-trevi.com,,,Hotel Fontana
info@vaticansuite383.com,,,Vatican Suite 383
info@vaticansuite.com,,,Vatican Suite 383
c.mistrorigo@seraphicum.org,,,Seraphicum Holiday House
cineforumseraphicum@gmail.com,,,Seraphicum Holiday House
collegio@seraphicum.org,,,Seraphicum Holiday House
info@twentyonerome.com,,,Twenty One Hotel
info@2easyrent.it,,,Twenty One Hotel
belstaygroup@belstayhotels.it,,,BELSTAY ROMA AURELIA
garnet@garnethospitalitypartners.com,,,BELSTAY ROMA AURELIA
mestre@belstayhotels.it,,,BELSTAY ROMA AURELIA
alice.papetti@izsler.it,,,Foresteria IZSLER
alvaro.campanini@izsler.it,,,Foresteria IZSLER
chiara.chiapponi@izsler.it,,,Foresteria IZSLER
info@hotelsanguido.com,,,Hotel San Guido Porta Volta
aimee@thehox.com,,,The Hoxton Rome
alan@thehox.com,,,The Hoxton Rome
albane@thehox.com,,,The Hoxton Rome
anthonybb.com@gmail.com,,,Anthony Guesthouse
info@anthonybb.it,,,Anthony Guesthouse
dpo@dhotels.it,,,DHotels Srl
ois@droulers.it,,,DHotels Srl
achao@fb.com,,,Petruz House
agashe@facebook.com,,,Petruz House
albert@fb.com,,,Petruz House
arnold.needham@fourseasons.com,,,Four Seasons Hotel Milano
beverly.magee@fourseasons.com,,,Four Seasons Hotel Milano
bill.polcyn@fourseasons.com,,,Four Seasons Hotel Milano
bestponyroma@gmail.com,,,Cardilli Luxury Rooms
info@bbromacardilli.it,,,Cardilli Luxury Rooms
innstyle@axyhotels.com,,,AXYHOTELS InnStyle Milano
privacy@axyhotels.com,,,AXYHOTELS InnStyle Milano
cristiane.gomes@hotelmirage-milano.com,,,Best Western Hotel Mirage
deepak.tiwari@hotelmirage-milano.com,,,Best Western Hotel Mirage
eme.robles@hotelmirage-milano.com,,,Best Western Hotel Mirage
emanuele.zappia@ih-hotels.com,,,iH Hotels Milano Lorenteggio
filippo.raimondi@ih-hotels.com,,,iH Hotels Milano Lorenteggio
gabriella.lattarulo@ih-hotels.com,,,iH Hotels Milano Lorenteggio
info@niceflatinrome.com,,,NiceFlatInRome
mikbondi@gmail.com,,,NiceFlatInRome
booking@hotelromaureliantica.com,,,Hotel Roma Aurelia Antica
booking@romanhotels.it,,,Hotel Roma Aurelia Antica
info@hoteltermini.com,,,Hotel Termini
info@hotelastrid.com,,,Best Western Hotel Astrid
sales@hotelpacificroma.com,,,Hotel Pacific Roma
d.decrescenzo@planetariahotels.com,,,Planetaria Hotels
info@planetariahotels.com,,,Planetaria Hotels
booking@aghotels.it,,,AG Hotels
info@blastness.com,,,AG Hotels
privacy@aghotels.it,,,AG Hotels
info@vittoriagardensuites.it,,,Vittoria Garden Suites
lacasadelmilordo@gmail.com,,,Vittoria Garden Suites
commerciale@hotelquattrotorriperugia.com,,,Best Western Hotel Quattrotorri Perugia - Centro congressi Perugia
info@hotelquattrotorriperugia.com,,,Best Western Hotel Quattrotorri Perugia - Centro congressi Perugia
info@hotelbarberini.com,,,Hotel Barberini
a@airbnb.com,,,Trevi Fountain Luxury Guesthouse
abhishek.garodia@gmail.com,,,Trevi Fountain Luxury Guesthouse
adrian@slytrunk.com,,,Trevi Fountain Luxury Guesthouse
hello@themenectar.com,,,Hotel Lancelot
info@lancelothotel.com,,,Hotel Lancelot
info@hotelromelove.com,,,Rome Love
samron.m@gmail.com,,,Rome Love
info@piccoloresort.eu,,,piccolo di piazza di spagna suites
mediteraneogruppotar@gmail.com,,,piccolo di piazza di spagna suites
privacypiccolo@gmail.com,,,piccolo di piazza di spagna suites
info@ladimoradellartista.it,,,La Dimora dell'Artista Camere e Relax
novellotaticchi@gmail.com,,,La Dimora dell'Artista Camere e Relax
buyer.bit@fieramilano.it,,,Residence in Milan
info@milanoresidence.com,,,Residence in Milan
info@affitti-brevimilano.com,,,Residence in Milan
alena@grandhoteldelaminerve.com,,,Grand Hotel de La Minerve
antonio@grandhoteldelaminerve.com,,,Grand Hotel de La Minerve
banqueting@grandhoteldelaminerve.com,,,Grand Hotel de La Minerve
domusarena@hotmail.com,,,Domus Arena
domusarenaroma@gmail.com,,,Domus Arena
info@domusarenaroma.com,,,Domus Arena
info@priorisecretgarden.it,,,Priori Secret Garden
info@hotelduomosalo.it,,,Hotel Esplanade
reservations@esplanade.net,,,Hotel Esplanade
info@danielemaninroma.com,,,Daniele Manin Guesthouse
info@cwdhotels.com,,,Daniele Manin Guesthouse
daniela.zambon@uptownpalace.com,,,Uptown Palace
hr@extrohotels.com,,,Uptown Palace
info@uptownpalace.com,,,Uptown Palace
info@hotelforiimperialicavalieri.com,,,Hotel Fori Imperiali Cavalieri
privacy@cavalieri.it,,,Hotel Fori Imperiali Cavalieri
commerciale@hotelstarroma.it,,,Hotel Star
hotelstargroup2.0@pecposta.it,,,Hotel Star
info@hotelstarroma.it,,,Hotel Star
hotelinvest@hotelinvestpec.it,,,Hotel Regina
info@hotelregina.it,,,Hotel Regina
michela.barberi@hotelregina.it,,,Hotel Regina
info@serendipityrooms.it,,,Serendipity Rooms
info@hotelfioralbamilano.it,,,FIORALBA HOTEL
info@fioralbahotel.it,,,FIORALBA HOTEL
info@hotelnavona.com,,,Hotel Navona
info@spa-umbria.com,,,Spa-Umbria
info@palazzoseneca.com,,,Spa-Umbria
max.brown@cushwake.com,,,"Max Brown Hotel Missori, part of Sircle Collection"
reservations.7d@maxbrownhotels.com,,,"Max Brown Hotel Missori, part of Sircle Collection"
reservations.cd@maxbrownhotels.com,,,"Max Brown Hotel Missori, part of Sircle Collection"
info@domuslibera.com,,,Domus Libera
infodomuslibera@gmail.com,,,Domus Libera
info@residenzaspiritosanto.it,,,Residenza Santo Spirito Roma
pamela.k@alice.it,,,Residenza Santo Spirito Roma
ristorantedagabrielesrl@gmail.com,,,Residenza Santo Spirito Roma
hotelerdarelli@gmail.com,,,Hotel Erdarelli
info@hotelerdarelli.it,,,Hotel Erdarelli
a.bottaini@hotelbrunelleschi.it,,,hotel
c.catani@hotelbrunelleschi.it,,,hotel
g.bonadonna@hotelbrunelleschi.it,,,hotel
alessio.bricoli@splendideroyal.com,,,Hotel Splendide Royal
aliona.filatova@splendideroyal.com,,,Hotel Splendide Royal
anastasia.korovkina@splendideroyal.com,,,Hotel Splendide Royal
reservations@hotelmaalot.com,,,Hotel Maalot
info@hotelvirgilio.it,,,Hotel Virgilio
info@domusinlauro.it,,,Domus in Lauro
informazioni@relaisdeimandorli.it,,,Relais Dei Mandorli
info@hotelcastellinoroma.it,,,Hotel Castellino Roma
reservations@hotelcastellinoroma.it,,,Hotel Castellino Roma
info@aventinohotels.com,,,Hotel Villa San Pio
info@hotelvillasanlorenzo.it,,,Hotel Villa San Pio
piroli@aventinohotels.com,,,Hotel Villa San Pio
info@leonderesort.it,,,Hotel Benessere Acqua Rossa
events@hotelriparoma.com,,,Hotel Ripa
marketing@hotelriparoma.com,,,Hotel Ripa
info@irooms.it,,,iRooms Spanish Steps
info@iroomsrome.com,,,iRooms Spanish Steps
inro@irooms.it,,,iRooms Spanish Steps
info@hotelimperialeroma.it,,,Hotel Imperiale
info.hi@omniahotels.com,,,Hotel Imperiale
info@romainrelax.it,,,Roma In Relax
itten@libero.it,,,Roma In Relax
info@suitesaureliaantica.com,,,Aurelia Antica Suites & Apartments
info@stpeters-spa.com,,,Aurelia Antica Suites & Apartments
beniaminotomasoni@hotelsanmarco.com,,,Hotel Excelsior San Marco
info@hotelsanmarco.com,,,Hotel Excelsior San Marco
info@elitecarservice.eu,,,Hotel Excelsior San Marco
alessandra.porta@bulgarihotels.com,,,Bulgari Hotel Milano
alice.briozzo@bulgarihotels.com,,,Bulgari Hotel Milano
amr.mahmoud@bulgarihotels.com,,,Bulgari Hotel Milano
info@lalocandadelborgo.com,,,La Locanda del Borgo - Albergo Ristorante
info@fbnet.it,,,La Locanda del Borgo - Albergo Ristorante
charisse_richards@choicehotels.com,,,Quality Hotel Nova Domus
david_welch@choicehotels.com,,,Quality Hotel Nova Domus
mary_knight@choicehotels.com,,,Quality Hotel Nova Domus
info@hotel38.it,,,Hotel 38
a.aguirre@nh-hotels.com,,,Hotel NH Linate
a.disla@nh-hotels.com,,,Hotel NH Linate
a.koh@nh-hotels.com,,,Hotel NH Linate
anticalocandaroma@gmail.com,,,Hotel Antica Locanda
info@anticalocandaroma.it,,,Hotel Antica Locanda
emanuela.cianchetti@hotelplayers.it,,,Lungotevere Suite
info@lungoteveresuite.com,,,Lungotevere Suite
info@mariniparkhotel.it,,,Marini Park Hotel
info@residenzeromanae.it,,,Sangallo Rooms- Residenze Romanae
info@martiusprivatesuites.com,,,Sangallo Rooms- Residenze Romanae
booking@carpegnapalace.it,,,TH Roma - Carpegna Palace Hotel
roma@th-resorts.com,,,TH Roma - Carpegna Palace Hotel
info@hotelscalinata.com,,,Hotel Scalinata Di Spagna
info@hotelgrifonefirenze.it,,,Hotel Scalinata Di Spagna
david.vallillo@hilton.com,,,Hilton Milan
a.ledwith@me.com,,,Hilton Milan
aaatkinson1@gmail.com,,,Hilton Milan
info@hotelarearoma.it,,,Hotel Area Roma
info.arearoma@gruppohorizons.com,,,Hotel Area Roma
info@maestosoapartment.com,,,Maestoso appartamento turistico
info@maestoso.com,,,Maestoso appartamento turistico
archeodomani@gmail.com,,,Hotel Columbia
info@hotelcolumbia.com,,,Hotel Columbia
cil@ovh.net,,,NEW HOMS
info@hotelhoms.it,,,NEW HOMS
info@le9hotel.com,,,NEW HOMS
adrien.jozon@meininger-hotels.com,,,MEININGER Milano Lambrate
alessandra.calligaris@meininger-hotels.com,,,MEININGER Milano Lambrate
alexandra.muhl@meininger-hotels.com,,,MEININGER Milano Lambrate
info@mihotelhome.com,,,Mi Hotel Home
reservations@mihotelhome.com,,,Mi Hotel Home
info@romeluxurysuites.com,,,Margutta 19 Luxury Hotel
info@babuino181.com,,,Margutta 19 Luxury Hotel
info@margutta19.com,,,Margutta 19 Luxury Hotel
acaro@wyndham.com,,,Amedia Milan
alexandra.vasconcelos@wyndham.com,,,Amedia Milan
angela.castilleja@wyndhamhotels.com,,,Amedia Milan
bachir.rajji@radissonhotels.com,,,Radisson Blu Hotel Milan
damla.aksulu@radissonhotels.com,,,Radisson Blu Hotel Milan
dana.magnuson@radissonhotels.com,,,Radisson Blu Hotel Milan
customerprivacy@fendi.com,,,Fendi Private Suites
dpo@fendi.com,,,Fendi Private Suites
info@fendiprivatesuites.com,,,Fendi Private Suites
info@hotelsantambroeus.it,,,Hotel Sant'Ambroeus
info@hoteltriumph.com,,,Hotel Sant'Ambroeus
info@ccpalacehotel.com,,,CC Palace Hotel Roma
b.anderson@churchonahill.org,,,Affittacamere Hostel 3
billallen@iquest.com,,,Affittacamere Hostel 3
blair@fpcedw.org,,,Affittacamere Hostel 3
granth@10corsocomo.com,,,3 Rooms @ 10 Corso Como
luwa@10corsocomo.com,,,3 Rooms @ 10 Corso Como
3rooms@10corsocomo.com,,,3 Rooms @ 10 Corso Como
alberto.predera@h10hotels.com,,,H10 Roma Città
aleksandra.chowanska@h10hotels.com,,,H10 Roma Città
antonio.merino@h10hotels.com,,,H10 Roma Città
info@villamariaregina.com,,,HOTEL VILLA MARIA REGINA
privacy@hotelvillamariaregina.com,,,HOTEL VILLA MARIA REGINA
info@albergoristoranteolimpia.it,,,Albergo Ristorante Olimpia
info@hotelfabbrini.com,,,Hotel Fabbrini
info@ilcantore.it,,,Albergo Generale Cantore - Monte Amiata -
sanmarcoscalette@gmail.com,,,B&B Le Scalette
info@laboccadibacco.com,,,La Bocca Di Bacco Ristorante
info@laboccadibacco.it,,,La Bocca Di Bacco Ristorante
info@bbilbiancospino.com,,,B&B Il Biancospino
info@hotelgiardinoamiata.com,,,Hotel Ristorante Giardino
info@bbgliarchi.it,,,B&B Gli Archi
info@albergobussola.com,,,Hotel La Bussola
info@albergoalpino.biz,,,Albergo Ristorante Alpino
bbchaletabetone@gmail.com,,,B&B Chalet
info@hotelipionieri.com,,,Hotel I Pionieri
info@campingbucaneve.com,,,Snowdrop Camping - B & B
campingbucaneve@tiscali.it,,,Snowdrop Camping - B & B
info@themerex.net,,,Snowdrop Camping - B & B
info@loslittone.it,,,Lo Slittone
lisa.tonarelli77@gmail.com,,,Borgo Don Camillo
info@albergotoscana.net,,,Albergo Toscana
delsegato@gmail.com,,,Albergo Toscana
info@quasitoscana.com,,,B&B Quasi Toscana
info@ilteatrobb.it,,,Il Teatro alloggio turistico
paolo@langoloilpiccoloresidence.it,,,Il Piccolo Residence
info@bbcasadiassunta.it,,,B&B La Casa di Assunta
info@terra-antica.com,,,Terra Antica
info@profumodestate.it,,,Bed & Breakfast Profumo D'Estate
info@bardenisaffittacamere.it,,,Bar Denis di Scalzi Alberto e c. Snc
appartamentiforteguerriana@gmail.com,,,Appartamento Agliana
info@borgocasale.it,,,Borgo Casale
nfo@agriturismo-merano.com,,,Agriturismo Merano nel Parco della Maremma
info@agriturismo-merano.com,,,Agriturismo Merano nel Parco della Maremma
info@agriturismoilmelograno.eu,,,Agriturismo Ristorante Il Melograno di Banditella
info@stellablu.net,,,Agriturismo Stella Blu .
info@poderegradisca.it,,,Podere Gradisca
info@agriturismoalvermigliano.it,,,Farmhouse Al Vermigliano
federico.marano@gmail.com,,,Farmhouse Al Vermigliano
info@agriturismoledueruote.it,,,Country Resort Le Due Ruote - Agriturismo
info@ledueruoteresort.it,,,Country Resort Le Due Ruote - Agriturismo
prenotazioni@pulledraia.it,,,Agriturismo biologico la Pulledraia
isonzo@ouverture.it,,,AGRITURISMO PODERE ISONZO
contact@casafioravanti.info,,,Casa Fioravanti
info@bedandbreakfastgiuliana.it,,,B&B Giuliana
info@poderemaremma.it,,,AgriResort Podere Maremma
illeccino@poderemaremma.it,,,AgriResort Podere Maremma
info@pinetaresidence.it,,,PINETA RESIDENCE
info@doryhotel.it,,,Dory Hotel Albinia
info@albergolepalme.it,,,Hotel Le Palme
info@larosadeiventiargentario.it,,,La Rosa dei Venti
info@lacollinadibargiano.com,,,Country House La Collina di Bargiano - Casa Raffaella
info@lassu.org,,,lassù minihotel
prenotazioni@hotelcerbaiealtopascio.it,,,Hotel Le Cerbaie
info@hotelcerbaiealtopascio.it,,,Hotel Le Cerbaie
info@cavalierideltau.it,,,Cavalieri del Tau
altopasciobb@gmail.com,,,BB La porta di San Rocco
sibollaholidays@gmail.com,,,Agriturismo Sibolla
liz@ilverreno.com,,,Il Verreno Resort - Cucina Donnaluisa
info@albachiarainn.com,,,Albachiara Inn
info@hotelalabianca.it,,,Ala Bianca
info@lecameredigio.it,,,Le Camere di Giò
hotelgardenboccadimagra@gmail.com,,,Hotel Garden
margherita@ilperodicetinale.com,,,Il Pero di Cetinale
anghiari2016@yahoo.com,,,Casa vacanze Il Nido sulla Ruga
info@azienda-casalino.com,,,Azienda Casalino
roccadimontegrossi@chianticlassico.com,,,Azienda Casalino
info@umbriainvespa.com,,,Azienda Casalino
info@locandadelviandante.com,,,Bed & Breakfast Locanda del Viandante (No Swimming Pool)
info@lascarpaia.it,,,Agriturismo La Scarpaia
info@ilgiardinonascosto.com,,,Il Giardino Nascosto Affittacamere - B&B
webmaster@snb.it,,,Il Giardino Nascosto Affittacamere - B&B
bbilgiardinonascosto@libero.it,,,Il Giardino Nascosto Affittacamere - B&B
appartamenticadelbocca@gmail.com,,,Ca del Bocca apartments
info@relaislacommenda.com,,,Relais La Commenda - Luxury Villa
nfo@hotellameridiana.it,,,Hotel La Meridiana
villa.ada.ansedonia@gmail.com,,,Villa Ada Ansedonia
info@villailcolle.it,,,Villa il Colle
info@agriturismolapalazzina.com,,,Farm Palazzina
info@valguerriera.it,,,Relais Valguerriera
info@valguerriera.com,,,Relais Valguerriera
paul@evotraining.se,,,Thalassa Locanda B&B e appartamento
mariomalinverno@libero.it,,,Thalassa Locanda B&B e appartamento
lezanini@gmail.com,,,Thalassa Locanda B&B e appartamento
info@agriturismorondinelli.it,,,Agriturismo Bio I Rondinelli
info@bebamiata.it,,,Bed & Breakfast Amiata Grosseto
direzione@toscanawellnessresort.it,,,Toscana Wellness Resort
elide.dagiuse@gmail.com,,,B&B Da Giusè
lucisulgolfo@yahoo.it,,,Locanda Luci sul Golfo
info@borgodegliangeliarcola.it,,,B&B Borgo degli Angeli Arcola
info@albergolamimosa.com,,,Albergo La Mimosa
info@poderemorucciola.com,,,B&B Podere Morucciola
info@allacasalta.it,,,Alla Casalta B&B
info@villadellupo.it,,,VILLA DEL LUPO
posta@villadellupo.it,,,VILLA DEL LUPO
info@maestacudinoarezzo.com,,,B&B Maestà di Cudino
bella@belladiceciliano.it,,,Dimora Storica Bella di Ceciliano - Residenza d'Epoca con solarium e idromassaggio in terrazza Arezzo Val di Chiana Valdarno
info@dolceetruria.it,,,Bed and Breakfast Dolce Etruria
info@bblamusa.it,,,Affittacamere LA MUSA
cadeguelfi@gmail.com,,,Ca de Guelfi residenza d'epoca
info@beblacortearezzo.it,,,La Corte
info@hotelcontinentale.com,,,Hotel Continentale
marketing@hotelcontinentale.com,,,Hotel Continentale
antecchia@gmail.com,,,Agriturismo Antecchia
fmclsrl@gmail.com,,,Agriturismo Antecchia
info@mivadipiu.com,,,Mivà di più
info@laghirlandabb.it,,,La Ghirlanda B&B
sciadi@gmail.com,,,La Ghirlanda B&B
laghirlandabb@gmail.com,,,La Ghirlanda B&B
info@lavilladiarezzo.it,,,B&B La Villa di Arezzo
beb@ilcastelluccio.com,,,B & B Il Castelluccio
info@sanlorentinohouse.com,,,B & B San Lorentino House
info@gardenhotelarezzo.it,,,Garden Hotel Arezzo
info@gardenhotelarezzo.com,,,Garden Hotel Arezzo
info@cadefrati.com,,,Farmhouse Residenza Ca De Frati
vivai@cadefrati.com,,,Farmhouse Residenza Ca De Frati
info@borgomaestrobb.com,,,Borgomaestro B&B
info@sweet-tuscany.com,,,Sweet Tuscany
gabriella.fiorini@libero.it,,,Casa Podere San Firenze
info@villasargiano.com,,,VILLA SARGIANO Oasi di Felice Benessere nel Cuore Italiano della Toscana
omeromugnai@francescoredi.com,,,B&B Francesco Redi
info@azionecattolicaarezzo.it,,,Casa Di Gello
presidente@azionecattolicaarezzo.it,,,Casa Di Gello
adulti@azionecattolicaarezzo.it,,,Casa Di Gello
info@residencelegagliarde.com,,,Residence Le Gagliarde Casa Vacanza
marketing@hotelgentiluomo.com,,,Hotel Il Gentiluomo
info@biobenesserebnb.bio,,,BioBenessere B&B
info@settenoteguesthousearezzo.it,,,Guest House Sette Note
info@viaroma25arezzo.it,,,Guest House Sette Note
info@casavolpi.com,,,Casa Volpi
info@lerimearezzo.it,,,Le Rime
info@bebalprincipe.it,,,Al Principe
info@ristorantealprincipe.it,,,Al Principe
info@lacasadeinonni.net,,,La casa dei nonni
info@casasignoraclaudia.it,,,Casa Signora Claudia
residencearezzo@gmail.com,,,Aparthotel Arezzo - Residence le Corniole
info@jennys.it,,,Jenny's Country Dreamhouse
dlm@ngi.it,,,Jenny's Country Dreamhouse
info@anticacittadella.it,,,Antica Cittadella B&B
info@iconicresort.com,,,iConic Wellness Resort
reservations@iconicresort.com,,,iConic Wellness Resort
concierge@iconicresort.com,,,iConic Wellness Resort
brezzamarinabarletta@gmail.com,,,Elda Country House
michelefiacchini@gmail.com,,,B&B Non ti scordar di me
info@bilodole.it,,,Apartments Le Bilodole
info@locandadelcanto.it,,,Locanda del Canto
info@albergolatoscana.com,,,Hotel la Toscana
dapieroepaola@gmail.com,,,Camere Da Piero e Paola
centro@cameracaffe.net,,,B&B Cameracaffè Centro
cameracaffe.arezzo@fastwebnet.it,,,B&B Cameracaffè Centro
info@iporticiboutiquehotel.com,,,I Portici Hotel Residenza d'Epoca
info@ilmeriggeto.com,,,Il Meriggeto
ctamarisco@gmail.com,,,Locanda San Pier Piccolo
francesco.dicostanzo66@gmail.com,,,Locanda San Pier Piccolo
lanuvola.arezzo@gmail.com,,,La Nuvola Affittacamere
info@chiusadeimonaci.it,,,Bed & Breakfast Chiusa dei Monaci
info@casamirko.it,,,Casa Mirko
info@laretinohotel.com,,,Hotel l'Aretino
info@ilcipresso.com,,,La Cantina Relais - Fattoria Il Cipresso
tel.info@antichemura.it,,,Antiche Mura
info@bedandbreakfast-loriana.com,,,Bed&Breakfast LORIANA
info@theluxuryhome.it,,,La Torre di Borgunto - Piazza Grande
info@nardonepartners.it,,,La Torre di Borgunto - Piazza Grande
masieri@villarossimattei.com,,,Villa Rossi Mattei
lilianamasieri@hotmail.com,,,Villa Rossi Mattei
info@ilpiccolocavourarezzo.it,,,B & B Il Piccolo Cavour
reservations@arezzoparkhotel.com,,,A Point Arezzo Park Hotel
reservations@apointportoercole.com,,,A Point Arezzo Park Hotel
info@52cento.it,,,B&B 52cento
info@beblachimera.com,,,Bed & Breakfast La Chimera
info@centopassidalduomo.it,,,Bed and Breakfast Cento Passi Dal Duomo
ghibellinoarezzo@gmail.com,,,B&B Ghibellino
laspigadoroarezzo@gmail.com,,,La Spiga D'oro
info@badiadipomaio.com,,,Badia di Pomaio
info@bibiarezzo.com,,,BibiArezzo
info@gigliodoro.com,,,B & B IL GIGLIO D'ORO
info@lacortedelre.com,,,La Corte Del Re
info@bebdemontetini.it,,,De' Montetini
saralbiani@gmail.com,,,De' Montetini
info@casavacanzemichelangelo.com,,,Casa Vacanze Michelangelo - Tuscany Holiday House
info@encantodiarlia.it,,,Encanto Di Arlia
info@tenutalacampana.it,,,Tenuta la Campana
poderecasalciccia@gmail.com,,,Podere Casalciccia
toursbyroberto@gmail.com,,,Podere Casalciccia
robison@unistrasi.it,,,Podere Casalciccia
info@vacanzealcivico.it,,,Podere Fossaccio
castello@paradisehotels.it,,,Castello Di Leonina Relais
info@leloggedisopra.it,,,B&B Le Logge di Sopra
info@ilnidodigiulia.com,,,Il Nido di Giulia
info@agriturismoaiavecchia.com,,,Agriturismo Aia Vecchia di Montalceto
info@poderinodiasciano.it,,,Agriturismo Il Poderino
enrico.lanini@agriturismosantarcangelo.it,,,Agriturismo Santarcangelo - Asciano Siena
info@ferranesi.com,,,Podere Ferranesi
contact@ferranesi.com,,,Podere Ferranesi
info@ferranesi.be,,,Podere Ferranesi
info.casasantacaterina@gmail.com,,,Casa Santa Caterina
info@saltalbero.it,,,Casa Santa Caterina
info@affittacamere-thomas.it,,,Affittacamere Thomas'
info@bedebike.it,,,Bed & Bike
info@biciclo.it,,,Bed & Bike
info@montagnaverde.it,,,Agriturismo Montagna Verde
info@bedandbreakfastcasasonia.it,,,B&B Casa Sonia
osvaldo@laltissimo.it,,,Bed & Breakfast L'Altissimo
info@fattorialab.com,,,Tenuta Fattoria Vecchia
info@torredibadia.com,,,B&B Torre di Badia
info@albergo-laposta.it,,,Albergo La Posta
info@badiaprataglia.net,,,Antica Podesteria 'Casa Luca'
marri.liza@gmail.com,,,Antica Podesteria 'Casa Luca'
boscoverde@technet.it,,,Hotel Bosco Verde
booking@lacasadigloria.it,,,La Casa di Gloria - B&B Residence
casanova@rifugionelcasentino.it,,,Rifugio Casanova in Casentino
tuamail@grazie.it,,,Rifugio Casanova in Casentino
trekking@lamacina.it,,,Rifugio Casanova in Casentino
info@albergoristorantebardeschi.it,,,Bardeschi di Alessandro Monti
info@oasicocchiola.it,,,Oasi Cocchiola S.r.l.
info@viest.it,,,Residenza Sant'Anna del Volterraio
info@laromea.com,,,Albergo Bridge
enquiries@villalucchesi.com,,,Villa Lucchesi
info@rifugiogigicasentini.it,,,Rifugio Alpino CAI Gigi Casentini al Mercatello
mondoselvaggio2023@gmail.com,,,BeB Naturista Mondoselvaggio
info@valdilimahouse.it,,,Valdilima House
royandshirley@casamarchi.co.uk,,,Casa Marchi
info@burlamacchivillas.it,,,Burlamacchi Villas
reservation@burlamacchivillas.it,,,Burlamacchi Villas
info@villarosalena.com,,,Villa Rosalena
info@latorreagriturismo.com,,,Agriturismo La Torre
info@parkhotelregina.it,,,Park Hotel Regina
info@casaleiforni.com,,,Terme San Filippo
info@casavacanzesanfrancesco.it,,,Terme San Filippo
info@villailsasso.com,,,RELAIS VILLA IL SASSO
info@antellaresidence.com,,,Antella Residence
info@bbcasignano.com,,,Casignano
info@pcneworld.com,,,Casignano
info@bebmiele.com,,,B&B Dolce Miele
eventi@anticospedalebigallo.it,,,Bigallo Youth Hostel - Hostel Bigallo
matrimoni@anticospedalebigallo.it,,,Bigallo Youth Hostel - Hostel Bigallo
ostello@anticospedalebigallo.it,,,Bigallo Youth Hostel - Hostel Bigallo
info@poggiobaronti.com,,,Poggio Baronti B&B
ceciliafalciai@gmail.com,,,Poggio Baronti B&B
info@villanobili.com,,,Villa Nobili B&B
villailpadule@gmail.com,,,Villa Il Padule B&B Dimora Storica Firenze Sud
info@villaditizzano.com,,,Castello di Tizzano
angelicadalgas@gmail.com,,,Castello di Tizzano
info@iltorrinodisotto.com,,,Il Torrino di Sotto
info@casamaggio.com,,,Casamaggio Srl (Casa Spiano)
albergo.augusto@alice.it,,,Albergo Augusto
info@terrazzasulparco.it,,,Farm Terrace on the Park
caserafina@atlantide.net,,,Ca' Serafina
info@euroterme.com,,,Ròseo Euroterme Wellness Resort
terme@euroterme.com,,,Ròseo Euroterme Wellness Resort
piscina@euroterme.com,,,Ròseo Euroterme Wellness Resort
hmiramonti@selecthotels.it,,,Hotel Miramonti
altosaviocamping@gmail.com,,,Camping Alto Savio - Campeggio attrezzato a Bagno di Romagna
info@hotelbalneum.it,,,Balneum Boutique Hotel
cadiveroli@gmail.com,,,Ristorante Albergo Ca' Di Veroli
info@fontabate.it,,,Fonteabate • Residenza di charme
fonteabate@gmail.com,,,Fonteabate • Residenza di charme
info@dormirealroma.com,,,Albergo Roma
promozione@termesantagnese.it,,,Hotel delle Terme Santa Agnese
info@cadigianni.it,,,Fattoria Cà di Gianni
info@agriturismoincisa.it,,,Agriturismo Incisa
info@hoteltoscoromagnolo.it,,,Hotel Tosco Romagnolo - Ristorante Paolo Teverini
teodorani@gmail.com,,,Casina del Ponte
mailalbergo@postamarcucci.it,,,Hotel Posta Marcucci
albergo@postamarcucci.it,,,Hotel Posta Marcucci
ricevimento@postamarcucci.it,,,Hotel Posta Marcucci
albodregon@gmail.com,,,B&B AI Bodregon
info@bagliodellalunaresort.com,,,Baglio della Luna Resort
info@sigeric.it,,,La Stele #outdoor#natura#gastronomia
didattica@sigeric.it,,,La Stele #outdoor#natura#gastronomia
lastele@sigeric.it,,,La Stele #outdoor#natura#gastronomia
mail@poggiodellerondini.it,,,B&B Poggio delle Rondini
albergo@sorgentedeltevere.com,,,Albergo Sorgente Del Tevere
acciaima@tiscalinet.it,,,B&B fam. ACCIAI
albergobellavistabalze@gmail.com,,,Albergo Bellavista - Monte Fumaiolo
albergobellavitabalze@gmail.com,,,Albergo Bellavista - Monte Fumaiolo
info@monasterosantalberico.com,,,Monastero di Sant'Alberico Relais
info@hotel-atlantic.com,,,Monastero di Sant'Alberico Relais
info@residenceilpoggiolino.com,,,Residence Il Poggiolino
albergo@ilsergente.it,,,Ristorante Sergente Snc
info@massoserpente.it,,,Agriturismo Massoserpente
emanuele@ilcastelluccio.it,,,Il Castelluccio Country Resort
repubblicafirenze@unaesperienze.it,,,Villa le Maschere
villagrazianella@unaesperienze.it,,,Villa le Maschere
palacecatania@unaesperienze.it,,,Villa le Maschere
info@illagodelmugellobeb.it,,,Il lago del Mugello B&B
info@poggioagliulivi.it,,,Agriturismo Poggio agli Ulivi
info@belvederedimugello.it,,,Podere Belvedere
info@ilcasaledisantamettole.it,,,Il Casale di Santamettole
vignolinobedandbreakfast@gmail.com,,,The Vignolino Bed & Breakfast
ilpaiolosrlbarberino@gmail.com,,,Ristorante Il Paiolo - Bed and Breakfast
info@hotelilcavallo.it,,,Hotel Il Cavallo
info@linearis.it,,,Linearis Holiday House Casa vacanze
ristorante@borgodicortefreda.com,,,Hotel Borgo di Cortefreda
jobs@soges-group.com,,,Hotel Borgo di Cortefreda
info@villacaroltuscany.com,,,Villa Carol
info@parkhotelchianti.it,,,Park Hotel Chianti
privacy@soges-group.com,,,Park Hotel Chianti
nicola.wood@comohotels.com,,,COMO Castello Del Nero
mark.obeney@comohotels.com,,,COMO Castello Del Nero
jimmy.bellemare@comohotels.com,,,COMO Castello Del Nero
info@laroccachianti.it,,,La Rocca Chianti Hospitality
info@villasanfilippo.com,,,Villa San Filippo Resort Dimora Storica
info@sovigliano.com,,,Agriturismo Sovigliano
info@camporahouse.com,,,CAMPORA HOUSE B&B
info@podereorto.eu,,,Podere Orto Affittacamere
info@leterrazzedelchianti.com,,,Le Terrazze del Chianti bed & breakfast Residenza d'Epoca
info@borghettosfilippo.com,,,Borghetto Di San Filippo
info@chiantivillage.it,,,Chianti Village Morrocco
info@ilparetaio.it,,,Il Paretaio
info@abavillage.it,,,Semifonte
hello@flavor.com,,,Semifonte
info@homelink-poggibonsi.com,,,Homelink Poggibonsi - Sogno D'oro
julie@nelcielodibarga.com,,,Nel Cielo di Barga Bed & Breakfast
nikisteinke@gmail.com,,,Nel Cielo di Barga Bed & Breakfast
info@garfagnanahotel.com,,,Casale Dorando
labarchettaok@gmail.com,,,Casale Dorando
info@hotel-lapergola.eu,,,Hotel & Ville La Pergola
vignola@bargaholiday.com,,,Hotel Alpino
villamoorings@gmail.com,,,Villa Moorings Hotel
acchiappasognibarga@gmail.com,,,Acchiappasogni Art Boutique Hotel
theratio_interior@mail.com,,,Acchiappasogni Art Boutique Hotel
oxogallery@oxogallery.com,,,Acchiappasogni Art Boutique Hotel
bedandbreakfast@iltrebbio.com,,,B&B IL Trebbio
info@bargilagosuviana.it,,,Ca'Nesi
info@sancarlobedandbreakfast.com,,,San Carlo Bed and Breakfast
info@bblachicca.eu,,,B&B La Chicca
pheona.kerr@talk21.com,,,Casa Appennino
heona.kerr@talk21.com,,,Casa Appennino
info@la-pace.it,,,"B&B ""La Pace"""
laghiandaiaberceto@gmail.com,,,B&B La Ghiandaia - Berceto
hotel137223@wearehotels.top,,,Room&Breakfast Villa Berceto
info@lacasadeinonniberceto.it,,,La Casa Dei Nonni
info@relaislaleopoldina.it,,,Relais la Leopoldina
commerciale@albergolaforesteria.com,,,Albergo La Foresteria Srl
vignacce@gmail.com,,,Villa Vignacce
info@oasi5terre.it,,,B&B Oasi Verde
hotel119438@wearehotels.top,,,Agriturismo La Corte di Candido Beverino
info@novanta90.com,,,Novanta 90
info@campinglarosadeiventi.it,,,La Rosa dei Venti
info@villaaiavecchia.com,,,"Villa Aia Vecchia, Bibbona"
info@locandadellaioncino.it,,,Locanda dell'Aioncino
info@puntidivistabibbona.it,,,Punti Di Vista
info@biserno.it,,,Relais il Biserno
info@alsolutions.it,,,Relais il Biserno
gianni@gl70.it,,,Relais il Biserno
info@lalocandadivillatoscana.it,,,La Locanda di Villa Toscana
info@cavaliere-bibbona.com,,,Residenza d'Epoca CAVALIERE
info@casanelborgo.com,,,La Casa nel Borgo
info@locandaetrusca.com,,,Locanda Etrusca
podere.sanfilippo@libero.it,,,Podere San Filippo
ilpalazzino@tiscali.it,,,Farmhouse Il Palazzino
info@ilpatinosrl.it,,,Il Patino
info@hotelsextum.it,,,Hotel Sextum
info@sextumhotel.it,,,Hotel Sextum
hotelsextum@libero.it,,,Hotel Sextum
info@easy-space.it,,,Hotel Residence Easy Space
fabrizio.quochi@pi.camcom.it,,,Hotel Residence Easy Space
info@bbalvino.it,,,B&B ALVINO
info@bbcortevecchia.it,,,B&B Cortevecchia
locandadibivigliano@libero.it,,,Hotel La Locanda di Bivigliano
info@hotellabruna.com,,,Albergo La Bruna
informazioni@villagiotto.com,,,Giotto Park Hotel
agribikepoggiorossino@gmail.com,,,Agribike Poggio Rossino
poggiorossino@gmail.com,,,Agribike Poggio Rossino
info@collecavalieri.com,,,Colle Cavalieri
info@villaori.it,,,B&B Villa Ori
info@villaportosulmagra.it,,,Affittacamere Villa Porto sul Magra
info@hotelsettearchi.com,,,Hotel Sette Archi
info@residencemontebello.it,,,Residence Monte Bello
raul@youtube.com,,,Relax nella natura
julie@youtube.com,,,Relax nella natura
jlewis@youtube.com,,,Relax nella natura
info@relaisfelciaino.com,,,Relais Felciaino B&B
info@illentisco.it,,,Farmhouse Il Lentisco
info@stradagiuliabolgheri.it,,,Strada Giulia
info@ilchiassettobolgheri.it,,,Il Chiassetto Bolgheri
info@casalebolgherese.com,,,Resort Il Casale Bolgherese
bolgherisuite@gmail.com,,,Bolgheri Wine Suite
gallettodimarzo@hotmail.it,,,"Piccolo Relais Galletto di Marzo:B&B,Spa & Relax"
info@sonnodautore.it,,,Hotel Sonno d'Autore
maisonslv@gruppolv.it,,,Abitatt
comeacasapizzeria@gmail.com,,,Affittacamere Come a casa
info@ilpescatorehotel.it,,,Hotel Il Pescatore
info@casettadibutia.it,,,La Casetta di Butia
info@centrobebladiligenza.it,,,Antica Locanda La Diligence
info@locandartisti.it,,,Hotel Locanda degli Artisti
prenotazioni@casapalmira.it,,,Casa Palmira
info@allacortedicarla.it,,,Alla Corte di Carla
info@aiatrippallaria.com,,,B&B L'aia dì Trippa all'aria
info@palazzovecchio.eu,,,Agriturismo Palazzo Vecchio
staffsitiprofessionali@gmail.com,,,Agriturismo Palazzo Vecchio
info@villaauroramugello.it,,,Villa Aurora
info@albergotrefiumi.it,,,Tre Fiumi
booking@monsignore.com,,,Monsignor della Casa Country Resort & Spa
poderebadia@gmail.com,,,B&B Podere Badia
rosecioccolato@gmail.com,,,B&B Rose e Cioccolato
info@albergo-firenze.it,,,Albergo Bar Firenze
info@nuovoalbergoroma.it,,,Albergo Roma
info@locandafarinati.com,,,Locanda Farinati - Farinati B&B Collection
info@piccionaia-rooms.com,,,Affittacamere Bernasconi - La Piccionaia
ilvecchionoce1@gmail.com,,,Il Vecchio Noce
info.villabeltrami@gmail.com,,,B&B Villa Beltrami
support@jouwweb.nl,,,B&B Villa Beltrami
info@villalaselva.it,,,Villa La Selva Wine Resort
reservations@villalaselva.it,,,Villa La Selva Wine Resort
info@lupinari.com,,,Tenuta Lupinari
info@fattoria-casabianca.it,,,FATTORIA CASABIANCA di Liquori Aldo
liquori.aldo@gmail.com,,,FATTORIA CASABIANCA di Liquori Aldo
booking@cornacchi.com,,,Casa Cornacchi
info@poggiocennina.it,,,Poggio Cennina Resort
info@casalerondinitoscana.com,,,BnB Casa le Rondini Toscana
info@joomdev.com,,,BnB Casa le Rondini Toscana
feelhome@casadelpino.com,,,Casa del Pino Bed and Breakfast
info@casadelpino.com,,,Casa del Pino Bed and Breakfast
info@officinaweb.it,,,Hotel Tarabaralla
donato.vernino@live.it,,,Hotel Tarabaralla
info@fioretto-toscana.com,,,casa vacanze PODERE FIORETTO
info@dapoldino.it,,,Da Poldino
info@beblapiana.com,,,la piana B&b Hotel
info@villa-sermolli.com,,,Hotel Villa Sermolli
martelli.c@outlook.com,,,Affittacamere Martelli
info@agriturismocastellodisaltemnano.it,,,Agriturismo Castello di Saltemnano
eusepic@live.it,,,Agriturismo Castello di Saltemnano
info@agriturismopercenna.com,,,Agriturismo Percenna
info@villabibbianello.com,,,Villa Bibbianello I Luxury Villa with a Private Pool
info@fattoriaarmena.com,,,Agriturismo Fattoria Armena
info@pievesprenna.com,,,Agriturismo Pieve Sprenna
info@casavacanzefornace.it,,,Casa Vacanze Fornace - Buonconvento
info@destinationcasali.com,,,Casali di Bibbiano Villa I Winery I Tuscany
casalidibibbiano@tiscali.it,,,Casali di Bibbiano Villa I Winery I Tuscany
info@hotelghibellino.com,,,Hotel Ghibellino
info@villaarmena.com,,,Villa Armena Luxury Relais
info@natividellaterra.com,,,B&B Castellaro
pietradacqua@tiscali.it,,,Pietra d'Acqua glutenfree CIR050002BBI0001
info@bebsanfrancesco.it,,,Bed and Breakfast San Francesco
lido@lidoscarpellini.it,,,Bed and Breakfast San Francesco
info@casabracci.com,,,Casa Bracci
info@montefeltrobike.it,,,Casa Bracci
info@ilpievano.it,,,IL PIEVANO B&B
hb2s1@accor.com,,,TH Tirrenia Green Park Resort
greenparkevents@th-resorts.com,,,TH Tirrenia Green Park Resort
info@toscanasportresort.com,,,Hotel Queen of the Sea
info@toscanacharmeresort.com,,,Toscana Charme Resort
info@ilfabbricone.it,,,Casa Al Mare Il Fabbricone
prenotazioni@ilfabbricone.it,,,Casa Al Mare Il Fabbricone
info@ala.it,,,Casa Al Mare Il Fabbricone
info@lafattoriaditirrenia.it,,,La Fattoria di Tirrenia
info@solidagoresidence.com,,,Residence Villaggio Solidago
info@lafabbricacalci.it,,,La Fabbrica
agrilungomonte@gmail.com,,,Ristoro San Bernardo - Agrituristica Del Lungomonte Pisano
c.lungomontepisano@alice.it,,,Ristoro San Bernardo - Agrituristica Del Lungomonte Pisano
info@hotelboccacciopontedera.com,,,Hotel Boccaccio
hotelboccaccio@boccaccio.it,,,Hotel Boccaccio
info@montebelli.com,,,Montebelli Agriturismo & Country Hotel
info@deltaflorence.com,,,Hotel Delta Florence
elena@poggioallapieve.com,,,POGGIO ALLA PIEVE Relais - Dimora storica
poggioallapieve@hotmail.com,,,POGGIO ALLA PIEVE Relais - Dimora storica
info@hotelfirst.it,,,Hotel First
firenze@hotelfirst.it,,,Hotel First
info@lalberocasa.com,,,L'AlberoCasa
info@improntenelbosco.it,,,B&B Impronte nel bosco
info@cerretino.it,,,Fattoria del Cerretino
info@locandaalcolle.it,,,Locanda al Colle
info@hotel-eros.net,,,Eros
info@casadelsolecamaiore.it,,,Casa del Sole | Bed & Breakfast
info@villalombardi.it,,,Villa Lombardi
podereilcavalloblu@gmail.com,,,Podere il Cavallo Blu
info@hotelsolemare.info,,,Sun and sea
gtasas@gigapec.it,,,Sun and sea
info@giuliahotel.it,,,Giulia Hotel
lapi7@libero.it,,,Casa Verdina
info@lemonache.com,,,locanda le monache
info@lemonache.it,,,locanda le monache
info@badiagiulia.com,,,Badia Giulia
info@hotelsirio.com,,,Hotel Sirio
info@hotelmariotti.com,,,Hotel Mariotti
info@terremedicee.it,,,Hotel Mariotti
info@versilianafestival.it,,,Hotel Mariotti
info@beauty.com,,,Hotel Ristorante La Terrazza
info@altamiradecor.com,,,Dei Tigli
info@ostellodicamaiore.it,,,Ostello del Pellegrino di Camaiore
store@prorockmountainstore.it,,,Ostello del Pellegrino di Camaiore
segreteria@prorockoutdoor.it,,,Ostello del Pellegrino di Camaiore
la.stagione.arte@gmail.com,,,La Stagione dell'Arte
peopleneverlookup@gmail.com,,,La Stagione dell'Arte
info@inversilia.com,,,La Stagione dell'Arte
relais@villalabianca.com,,,Villa La Bianca
info@hotelfortunella.it,,,Hotel Fortunella
martina@bellaisabb.it,,,B&B Bellaisa
info@bacco-hotel.de,,,Hotel Bacco
info@hotelverbena.it,,,Hotel Verbena
info@hotelprestige.com,,,Hotel Prestige
camaiore@frantoiodelmoscatello.it,,,Frantoio Del Moscatello
info@lianapuanamareversilia.it,,,Villetta Liana Apuana Mare
poderelaciaia@virgilio.it,,,Podere La Ciaia | Agriturismo Campagnatico | Bed & Breakfast Maremma Toscana
info@fontemarinaalta.it,,,Tuscany farmhouse with swimming pool
info@fattoriadellasabatina.com,,,Bed and Breakfast Fattoria della Sabatina
poderescopicci@gmail.com,,,Agriturismo - Podere Scopicci
info@casamallarino.it,,,B&B Casa Mallarino
m2hotel2022@outlook.com,,,M2 Hotel
info@lemake.it,,,Bed and Breakfast Le Makè
info@hotel-primo.it,,,Hotel Primo
email@mail.com,,,Hotel Bisenzio
info@urlaub-toskana.com,,,Residence Oasis
info@villaboldrini.it,,,B&B Villa Boldrini
info@lafucinaia.it,,,LA FUCINAIA Bed and Breakfast
info@ilbottaccio.com,,,Bottacio - country house
agriturismo@ilbottaccio.com,,,Bottacio - country house
amministrazione@ilbottaccio.com,,,Bottacio - country house
azzurra.fit@hotmail.it,,,.
info@villadenise.com,,,Casa Vacanze Villa Denise
info@minddesign.it,,,Casa Vacanze Villa Denise
info@sestosensosuites.com,,,Sestosenso Suites
info@theflashhotel.it,,,Hotel The Flash - Venturina Terme
info@toscamere.it,,,Toscamere Papillon B&B Bed and Breakfast
apt7campiglia@livorno.turismo.toscana.it,,,Toscamere Papillon B&B Bed and Breakfast
info@ghiaccivecchi.it,,,Residence Ghiacci Vecchi - Vacanze in Toscana
info@castellobonaria.com,,,Castello Bonaria - Wine & SPA Resort Toscana
prenotazioni@poderepietravento.com,,,Podere Pietravento
info@laroccacampiglia.it,,,Affittacamere La Rocca
info@ilcastagnotoscana.com,,,Il Castagno Toscana
info@anticoborgocasalappi.it,,,Casa Vacanze Antico Borgo Casalappi
info@vecchiafonte.it,,,B&B Vecchia Fonte
saragovi78@libero.it,,,Agriturismo Podere Conte Ruggero
samugovi@tiscali.it,,,Agriturismo Podere Conte Ruggero
corsinimarco7@hotmail.it,,,Agriturismo Podere Conte Ruggero
borgocontessa@gmail.com,,,Borgo la Contessa
info@lecamereinpiazza.it,,,Le Camere in Piazza - Affittacamere
olioealloronelborgo@gmail.com,,,Olioealloronelborgo
olioealloro@gmail.com,,,Olioealloronelborgo
info@granducacampigna.it,,,Hotel Granduca Campigna
info@vacanzamare.it,,,Residence holidays Sea
panorama@vacanzamare.it,,,Residence holidays Sea
info@hoteldeicoralli.it,,,Hotel dei Coralli
events@hotelbarracudaelba.it,,,Barracuda Hotel Resort
staff@hotelbarracudaelba.it,,,Barracuda Hotel Resort
marina2@infoelba.it,,,Hotel Marina 2
info@chgroup.eu,,,Hotel Riva Del Sole
ludovicafranco86@gmail.com,,,B&B a Casa di Lu
hotelvillaetrusca@gmail.com,,,Hotel Villa Etrusca
hotelmeridianaelba@icloud.com,,,Hotel Meridiana
info@lagrechea.com,,,La Grechea Boutique B&B
santacaterina.elba@gmail.com,,,Hotel Santa Caterina
ravistheme@gmail.com,,,Hotel Galli
info@bebarcipelago.com,,,B&B Arcipelago
info@madrugadatravel.com,,,B&B Arcipelago
info@lecarabattole.com,,,Le Carabattole Bed & Breakfast
biblioteca@comune.vicopisano.pi.it,,,Le Carabattole Bed & Breakfast
info@ursamajorbubble.com,,,Ursa Major Bubble
info@mulindelrancone.com,,,Agriturismo Mulin Del Rancone
info@poderecaselina.it,,,Agriturismo Podere Caselina
albergoristorante.italia@virgilio.it,,,Albergo Ristorante ITALIA
info@hoteldolores.it,,,Hotel Dolores
info@anticomulino-bnb.it,,,B&B Antico Mulino
info@villalamassa.it,,,Villa la Massa
info@ilpoggiodimusignano.com,,,Il Poggio di Musignano
info@esperidigarden.it,,,B & B The Garden of the Hesperides
info@bb-levedute.it,,,B&B le Vedute
wanda.baldassarri@gmail.com,,,B&B il Lavaccio
infoglamping@sacra.it,,,Retreat & Glamping Terre di Sacra
casali@sacra.it,,,Retreat & Glamping Terre di Sacra
ladogana@sacra.it,,,Retreat & Glamping Terre di Sacra
posta@santangeloalchiarone.it,,,Casale Sant'Angelo
info@htltorricella.it,,,La Torricella
latorricella@gmail.com,,,La Torricella
infi@htltorricella.it,,,La Torricella
info@ibrigantidicapalbio.it,,,Hotel RESIDENCE Ristorante biologico I Briganti di Capalbio con PISCINA vasca IDROMASSAGGIO e SPA a Capalbio MAREMMA TOSCANA
reservation@locandarossa.com,,,Locanda Rossa
info@ilfontino.it,,,Agriturismo Il Fontino
agrialbergo@gmail.com,,,Farm Capalbio Agrialbergo
erico@casaleartemisia.it,,,Casale Artemisia
mika_80@hotmail.it,,,Il Troscio
emanuela@duepassidalmare.com,,,B & B Two Steps from the Sea
info@ripadera.it,,,Ripa d'Era
sandropetri@gmail.com,,,Ripa d'Era
info@asilomasi.com,,,Asilo Masi B & B Country House
galgani@villagalgani.it,,,Villa Galgani
info@bedandbreakfastlacorte.it,,,B&B La Corte Lucca
info@lafornacedelsole.it,,,La fornace del Sole
info@villamichaela.com,,,Villa Michaela (già Villa Nottolini)
welcome@aisantinelli.com,,,Guesthouse ai Santinelli
lemicocche@gmail.com,,,B&B Le Mi' Cocche - relax & charme nella semplicità di casa
masbond@gmail.com,,,"Locanda San Ginese - Room, Bed & Breakfast"
info@sottomonte.com,,,B&B Sottomonte
fattoriadipetrognano@hotmail.com,,,Fattoria di Petrognano - Villa Gambaro
info@hotelleville.it,,,Hotel Le Ville
giardinocameliebnb@gmail.com,,,B&B Giardino delle Camelie
info@dolcevitaintuscany.com,,,DOLCE VITA B&B near LUCCA
info@ilruscellodigiava.it,,,Il Ruscello di Giava - Bed & Breakfast
hotel44364@wearehotels.top,,,Tenuta Daussie
prenotazioni@cortebenedetto.it,,,Relais Corte Benedetto
info@corteprata.com,,,Corte Prata
info@allorocasevacanze.it,,,B&B Alloro
valeryaffittacamere@gmail.com,,,Valery AffittaCamere
info@fattoriamansibernardini.it,,,Fattoria Mansi Bernardini
info@cortecapitanilucca.it,,,Corte Capitani B&B
info@allecamelie.it,,,Farmhouse Alle Camelie
yahoo@raducretu.ro,,,Farmhouse Alle Camelie
info@coselli.com,,,Dimora dell'Inventore Luxury B&B
info@hotelhambros.com,,,Villa Banchieri
info@villinoargine.it,,,Bed And Breakfast Villino L'Argine
info@poggiolindo.it,,,Poggiolindo B&B
info@dragoresidence.it,,,Drago Residence
info@albergoromana.com,,,Albergo Romana
stileliberobnb@gmail.com,,,B&B Stile Libero
info@lecalanchiole.it,,,Le Calanchiole Camping Village isola d'Elba
prenotazioni@alexenada.it,,,B&B Alex
info@tenutadelleripalte.it,,,Tenuta delle Ripalte
experience@tenutadelleripalte.it,,,Tenuta delle Ripalte
info@cortiresorts.com,,,Residence Baia di Norsi
info@elbazzurra.com,,,Residence Baia di Norsi
info@albergostellamaris.it,,,Hotel Stella Maris
info@casamatilde.it,,,Appartamenti C.A.V. Casa Matilde
info@belhorizonte.it,,,Residence Bel Horizonte
info@pianetaelba.it,,,Piccola Oasi
info@lavaldana.it,,,The Tourist Village Valdana
info@elbahoteldino.com,,,Hotel Dino
info@elbacampinglido.it,,,Camping Lido Isola d'Elba
info@hotelgolfoazzurro.it,,,Albergo Golfo Azzurro
info@conchigliavacanze.com,,,La Conchiglia
info@conchigliavacanze.it,,,La Conchiglia
info@elbahotelgiardino.it,,,Hotel Giardino
info@wdpro.it,,,Residence Le Lecce
info@appartamentielbaserena.it,,,"Residence""Elba Serena"""
info@villamiramareelba.it,,,Hotel Villa Miramare
info@casacampanella.it,,,Casa Campanella Resort
headoffice@casacampanella.it,,,Casa Campanella Resort
info@casawilliam.it,,,Casa William
info@elbatravels.nl,,,Elba Travels Morcone
info@vzr-garant.nl,,,Elba Travels Morcone
info@ifioridisalici.it,,,I Fiori di Salici
naregnosnc@livornopec.it,,,Le Acacie Hotel & Residence
info@villalanussa.com,,,Villa la Nussa b&b
privacy@ilmessaggero.it,,,Villa la Nussa b&b
tuscanyvillaresort@outlook.com,,,Tuscany Villa Resort
jennifer.barnard6@gmail.com,,,Villa Simonicchi
info@lacapretta.it,,,La Capretta Country House
info@a14pietrasanta.com,,,A14 Pietrasanta
info@casalevillanova.it,,,B&B Casale Villanova
info@cagennara.com,,,Cà Gennara
info@ceragettaresort.com,,,BeB - Case vacanze Lago Isola Santa. Ceragetta Resort (chat sul sito)
direzione@genzianella.net,,,Albergo Genzianella
agenzia@drivevent.com,,,Albergo Genzianella
stephen.piercy@melia.com,,,Hotel Tenuta di Artimino member of Meliá Collection
janice.hutchinson@melia.com,,,Hotel Tenuta di Artimino member of Meliá Collection
judith@melia.com,,,Hotel Tenuta di Artimino member of Meliá Collection
cinzia@matana-bb.it,,,Matana B&B
info@collinesanbiagio.it,,,Relais Colline San Biagio
isytoti@hotmail.com,,,B & B LA ROCCA
info@agriturismolaborriana.it,,,Agriturismo La Borriana
ilmurice.sp@gmail.com,,,Bed & Breakfast Il Murice La Spezia
info@hotelannacarpegna.it,,,Hotel Anna
info@carpegnatownsuites.it,,,Carpegna Town Suites
info@ilbughetto.it,,,B&B Il Bughetto
info@hotelulisse.it,,,Hotel Ulisse
info@musss.it,,,Bed&Breakfast Poggio Marino
laura_scarponi@yahoo.it,,,Bed&Breakfast Poggio Marino
francescoscarponi@libero.it,,,Bed&Breakfast Poggio Marino
info@bb-cisanello-pisa.com,,,B&B Alfieri
info@villabelverde.it,,,B&B Villa Belverde
lemarais@hoteldemo.com,,,B&B Villa Belverde
sallysbnbit@gmail.com,,,Sally's B&B
mikeme832@gmail.com,,,Mikeme
info@antiquesinitaly.com,,,B&B La Bottega d'Arte
bb@antiquesinitaly.com,,,B&B La Bottega d'Arte
info@nonnapiera.it,,,B&B Nonna Piera
webmaster@cresciniwebsolutions.it,,,B&B Nonna Piera
rec@mariposabeb.it,,,B&B Mariposa
info@alberica10.com,,,B&B Alberica10
info@carrarabella.it,,,Carrara Bella
unastanzanellarte@gmail.com,,,Una Stanza nell'Arte
info@arcoarte.it,,,Arco Arte - Accommodation In Carrara
info@tramareemarmo.it,,,Bed and Breakfast Tra Mare e Marmo
info@bbrossana.it,,,B&B Rossana
150latomare@gmail.com,,,150 Lato Mare
calubellafossone@gmail.com,,,Ca LuBella
info@hotelcarrara.com,,,Hotel Carrara
info@bagnolunezia.it,,,Bagno Lunezia
summerclic@gmail.com,,,Bagno Lunezia
info@cagiuliana.it,,,Casa Giuliana
info@hotelmichelangelocarrara.com,,,Hotel Michelangelo
hotelmichelangelocarrara@gmail.com,,,Hotel Michelangelo
info@merlodoro.it,,,Merlo d'Oro
merlodorobeb@gmail.com,,,Merlo d'Oro
info@nannalia.it,,,B&B Nannalia
info@maison44.it,,,Maison44
eleonorabi86@virgilio.it,,,Agriturismo Bicocchi
info@agriturismoilrigo.com,,,Agriturismo il Rigo
lamarziola@gmail.com,,,Affittacamere Lo Scarabeo
casacerboneschi@gmail.com,,,B&B Casa Cerboneschi
info@casalevecchio.it,,,Casale Vecchio
locandalevolte@gmail.com,,,Locanda Le Volte
info@resortcapalbio.it,,,"Capalbio Resort - Hotel, Restaurant and Village"
info@casaleamati.com,,,Casale Amati Country House
vineyard@laquaresorts.it,,,Laqua Vineyard
privacy@villacrespi.it,,,Laqua Vineyard
info@precisehotels.com,,,Precise House Montaperti Siena
hafendorf.rheinsberg@precisehotels.com,,,Precise House Montaperti Siena
info@piccozzo.com,,,Agriturismo Piccozzo
postmaster@saundarya.it,,,Casale Saundarya - yoga e ayurveda in Toscana
saundaryainfo12@gmail.com,,,Casale Saundarya - yoga e ayurveda in Toscana
booking@sanruffinoresort.com,,,Il Poggio di San Ruffino
info@podereorzale.it,,,Podere Orzale Agri B&B
info@casaformica.it,,,B&B Casa Formica Cascina
langoloverde.pisa@gmail.com,,,L' Angolo Verde - Bed & Breakfast
info@eurohotelpisa.it,,,Euro Hotel
laconvenienza@libero.it,,,La Convenienza
info@bbilcantuccio.it,,,B&B Il Cantuccio
info@rusticolapioppeta.it,,,"Rustico ""La Pioppeta"""
info@bb-mimosa.com,,,Mimosa
info@giardinodellapieve.it,,,Il Giardino Della Pieve
info@ilgiardinodellapieve.com,,,Il Giardino Della Pieve
info@latorrettabeb.it,,,L'artè
example@hotelemail.net,,,L'artè
info@arnosuites.com,,,Arno Suites
lacastagnamatta.pr@gmail.com,,,La Castagna Matta
info@lacavaditerzo.it,,,"Bed and Breakfast ""La Cava di Terzo"""
info@torredeiserviti.it,,,Hotel Torre dei Serviti
contact@poderescopicciolo.com,,,Villa Podere Scopicciolo
info@villamucellena.com,,,Villa Mucellena
booking@tenutacantona.com,,,Tenuta Cantona
info@podereciabatta.com,,,Podere la Ciabatta
info@grecinella.com,,,Grecinella
info@hotel-laselva.com,,,HOTEL LA SELVA - HOLISTIC HOTEL
info@residenceselvatellino.com,,,Residence Il Selvatellino
ilcanneto@ilcanneto.net,,,La Peschiera Casole d'Elsa - Agriturismo
info@ilcanneto.net,,,La Peschiera Casole d'Elsa - Agriturismo
info@alemarweb.it,,,La Peschiera Casole d'Elsa - Agriturismo
reservations@casalidicasole.com,,,Casali di Casole
conciergeteam@casalidicasole.com,,,Casali di Casole
info@angolodiparadiso.cloud,,,Angolo di Paradiso
info@infosasso.it,,,Angolo di Paradiso
fattoriailcasone@hotmail.com,,,Fattoria Il Casone
albergodiffusoradici@gmail.com,,,Albergo diffuso Radici
info@relaislefornacelle.com,,,Relais Le Fornacelle
info@villacuriel.it,,,Villa Curiel
info@ilpelago.it,,,Farmhouse Pelago
info@relaisdeimolini.it,,,Relais dei Molini
info@lacipriana.it,,,Azienda Agricola Cipriana
eleonoralucchesi@alice.it,,,Casa al Molino 30
info@la-casina.it,,,Residence La Casina
info@podereilcastellaccio.com,,,PODERE IL CASTELLACCIO
info@podereilcastellaccio.it,,,PODERE IL CASTELLACCIO
info@auraveganbb.com,,,Au-Ra Vegan B&B
info@villalume.it,,,VillaLume
montebellocamere@gmail.com,,,Camere di Via Montebello
info@alledune.com,,,Tuscany Hotel Alle Dune
bagnoacacia@yahoo.it,,,Tuscany Hotel Alle Dune
info@campastrellosport.it,,,Residence Hotel Campastrello Sport
patriziavoli@gmail.com,,,Agriturismo da Michele e Carmela di Voli Patrizia
info@canadoclub.it,,,Canado Club Family Village
info@ilvado.it,,,"Bed&Breakfast ""Il Vado"""
info@villaciliegi.com,,,Bed & Breakfast Villa I Ciliegi
info@tenutaquadrifoglio.it,,,Tenuta Quadrifoglio
info@imperoresort.com,,,Grand Hotel Impero - Wellness & Exclusive SPA
info@22posti.com,,,Grand Hotel Impero - Wellness & Exclusive SPA
info@borgotepolini.it,,,Borgo Tepolini Country House
info@lemacinaie.it,,,Hotel Le Macinaie - Monte Amiata
enrico@lemacinaie.it,,,Hotel Le Macinaie - Monte Amiata
francesco@lemacinaie.it,,,Hotel Le Macinaie - Monte Amiata
info@antichicasaliresort.it,,,Antichi Casali Resort
info@poderebazzino.com,,,Podere Bazzino B&B
ilquadrifoglio@quadrifoglioonlus.it,,,Podere Bazzino B&B
ilquadrifoglio@ilquadrifoglioonlus.it,,,Podere Bazzino B&B
info@vpdgt.com,,,Villa Podere Del Grasso
feddelco@gmail.com,,,Affitta camere Pinzicalari
info@galloegalletto.it,,,Hotel Gallo
gallo@galloegalletto.it,,,Hotel Gallo
villangela.gallo@gmail.com,,,Hotel Gallo
info@latordicella.it,,,Latordicella
leobetta.vinco@gmail.com,,,Vinco
info@piandimarte.it,,,Pian di Marte Pieve di San Cristoforo
info@relaislafattoria.com,,,Relais La Fattoria
info@ilpalagione.com,,,Il Palagione
garante@garanteprivacy.it,,,Il Palagione
ilcastellosas@gigapec.it,,,Hotel Le Volpaie
info@vistacasentino.it,,,B&B Vista Casentino
iannoneemanuele@gmail.com,,,La Collina
lapergoletta@tiscali.it,,,"La Pergoletta a Castello, dal 1925"
info@ilborgocasteldelci.com,,,Il Borgo Casteldelci
maginadia41@gmail.com,,,B&B Nonna Rosa
info@latorrerasa.it,,,Torre Rasa
info@leboscarecce.com,,,Le Boscarecce
susanna@leboscarecce.com,,,Le Boscarecce
info@agriturismolevalli.it,,,Agriturismo Le Valli
info@albergolami.it,,,Hotel Lami
ledocce@ledocce.it,,,Agriturismo le Docce
info@ledocce.it,,,Agriturismo le Docce
info@lanticasosta.com,,,L'Antica Sosta
info@bambagina.it,,,Villa La Bambagina
info@anticasosta.it,,,Villa Antica Sosta
info@agriturismolacapitata.com,,,Agriturismo La Capitata
bnbessenziale@gmail.com,,,Essenziale
podereleghiande@tiscali.it,,,Podere Le Ghiande
bedandbreakfast.ilpratarello@gmail.com,,,Il Pratarello
datenschutz@jimdo.com,,,Il Pratarello
info@patermater.it,,,PaterMater - B&B Castell'Azzara
info@castellinvilla.com,,,B&B La Gazzara
agriturismo@castellinvilla.com,,,B&B La Gazzara
lagazzara@castellinvilla.com,,,B&B La Gazzara
daniela@arpaderba.it,,,Arpaderba B&B
info@erbadicampo.com,,,Grass Field
info@podereilivelli.it,,,Agriturismo Podere i Livelli
info@capovento.it,,,Villa di Capovento
info@casatatini.com,,,Casa Tatini
info@borgosicelle.it,,,Residence Borgo Sicelle
info@bbmariani.it,,,Mariani Bed & Breakfast
laura@chianticharme.it,,,Podere Palazzolo
info@molinodibombi.it,,,Molino di Bombi
riservadifizzano@roccadellemacie.com,,,Relais Riserva di Fizzano
info@passodopopassoosteria.com,,,Relais Riserva di Fizzano
info@borgopietrafitta.com,,,Borgo di Pietrafitta Relais
privacy@borgopietrafitta.com,,,Borgo di Pietrafitta Relais
promotion@caratteretoscano.com,,,Borgo di Pietrafitta Relais
casafrassi@gmail.com,,,Villa Casafrassi
info@locandalepiazze.it,,,Locanda le Piazze
info@podere1384.it,,,PODERE 1384
booking@hotelvillacasalecchi.com,,,Hotel Villa Casalecchi
backoffice@hotelvillacasalecchi.com,,,Hotel Villa Casalecchi
info@casavacanzesquarcialupi.com,,,Hotel Palazzo Squarcialupi - La Castellina
info@ricudda.it,,,Hotel Palazzo Squarcialupi - La Castellina
booking@castellolaleccia.com,,,Castello la Leccia
info@castellolaleccia.com,,,Castello la Leccia
info@villacristinachianti.it,,,Villa cristina
account-name_info@villacristinachianti.it,,,Villa cristina
info@lamatassinatuscany.com,,,La Matassina Tuscany
privacy@hosteriaalmalandrone.com,,,Hotel Il Malandrone
lidors@aruba.it,,,Il Poggetto
info@tenutalalupa.eu,,,Tenuta la Lupa
info@casaledelsole.it,,,Casale del sole
info@villaborgogni.it,,,Villa Borgogni
info@villagloria.cloud,,,La Loggia Villa Gloria
symonamartelli@alice.it,,,Bellavista
symonamrtelli@alice.it,,,Bellavista
office@casa-cernano.com,,,Casa Cernano Bed & Breakfast
info@casacertosa.it,,,B&B Casa Certosa
info@castelmonastero.com,,,Castel Monastero RESORT
reservations@castelmonastero.com,,,Castel Monastero RESORT
reservation@castelmonastero.com,,,Castel Monastero RESORT
martina.freddolosi@dievole.it,,,Dievole Wine Resort
valerie.salzotti@dievole.it,,,Dievole Wine Resort
serena.marchi@dievole.it,,,Dievole Wine Resort
ilpozzodellaciterna.itilpozzodellaciterna.itinfo@ilpozzodellaciterna.it,,,Il Pozzo Della Citerna Castelnuovo Berardenga
info@villacurinaresort.com,,,Villa Curina Resort
sales@villacurinaresort.com,,,Villa Curina Resort
ristorante@villacurinaresort.com,,,Villa Curina Resort
reservations@villacatignano.it,,,Villa Catignano
villacatignano@gmail.com,,,Villa Catignano
info@oasidelgrillo.it,,,Casa Vacanze Oasi del Grillo
info@casaluciainchianti.it,,,Casa Lucia
casaluciainfo@gmail.com,,,Casa Lucia
info@poderesanquirico.it,,,Azienda Agraria Podere San Quirico Societa' Agricola
info@arceno.it,,,Villa Arceno
info@mastrojannirelais.com,,,Mastrojanni Relais
santantimolocanda@gmail.com,,,B & B Locanda Sant'Antimo
reservation@castellodivelona.it,,,"Castello Di Velona Resort, Thermal SPA & Winery - Montalcino - Tuscany"
info@robertocipresso.it,,,Poggio al Sole - Roberto Cipresso
rc@robertocipresso.it,,,Poggio al Sole - Roberto Cipresso
info@poggioalsole.it,,,Poggio al Sole - Roberto Cipresso
info@hotelludovicoariosto.it,,,Hotel Ludovico Ariosto Restaurant
informazioni@lalanterna.eu,,,Hotel Ristorante La Lanterna
ristorante@agriturismoventuro.com,,,Agriturismo Venturo (chat sul sito) CircuitoLuccaTurismo
info@agriturismoventuro.com,,,Agriturismo Venturo (chat sul sito) CircuitoLuccaTurismo
info@ilpradicciolo.it,,,"Agriturismo B&B ""Il Pradicciolo"""
info@themarquee.it,,,Hotel The Marquee
info@villabertagni.it,,,Villa Bertagni
villabertagni@gmail.com,,,Villa Bertagni
info@lalocandainfiore.it,,,La Vecchia Locanda
innocentiadolfo41@gmail.com,,,La Vecchia Locanda
danielaaugustin@hotmail.it,,,La Vecchia Locanda
info@hoteldeiconti.com,,,Hotel dei Conti
lataccola2020@gmail.com,,,B&B La Taccola
info@cathomas.it,,,Affittacamere Ca' Thomas
info@ippotur.it,,,Ippotur Agriturismo
jorgevhotel@hotmail.com,,,The House in the Sun
nonnobeppesarzana@libero.it,,,Locanda La Valle
info@casacolleverde.com,,,Casa Colleverde | B&B
info@vecchioospitale.it,,,Agriturismo Il Vecchio Ospitale
reena.mann@rosewoodhotels.com,,,Rosewood Castiglion del Bosco
julian.haddon@rosewoodhotels.com,,,Rosewood Castiglion del Bosco
jcamisa@rosewoodhotels.com,,,Rosewood Castiglion del Bosco
info@castellocastiglionfibocchi.com,,,B & B Il Castello
info@cappannelle.it,,,Cappannelle - Country House Tuscany
info@palazzorobicci.com,,,Palazzo Robicci ~ Dimora d'Arte ~ B&B
info@suitesanmichele.it,,,San Michele al Castello
giovanna@ilbellaghetto.it,,,Azienda Agrituristica il Bel Laghetto
reception@ilbellaghetto.it,,,Azienda Agrituristica il Bel Laghetto
giovannadardi@virgilio.it,,,Azienda Agrituristica il Bel Laghetto
info@viziottavo.com,,,B&B Viziottavo
info@centroserristori.it,,,Residence Serristori
casaportagioia@outlook.com,,,"Casa Portagioia, Tuscany B&B"
tuttomiobb@gmail.com,,,Tuttomio-Home&Breakfast
info@residence-roggi.it,,,Residence La Casina Roggi
info@osteriadivillaschiatti.it,,,Villa Schiatti
osteriadivillaschiatti@gmail.com,,,Villa Schiatti
danielefrappi@gmail.com,,,Villa Bellavista
info@agriturismosanfrancesco.com,,,Agriturismo San Francesco
info@rondinellebedandbreakfast.com,,,Bed and Breakfast Relais Le Rondinelle
info@villaparisi.com,,,Grand Hotel Villa Parisi
grandhotelvillaparisi@gmail.com,,,Grand Hotel Villa Parisi
villaparisieventi@gmail.com,,,Grand Hotel Villa Parisi
info@agriturismogianmaria.it,,,Agriturismo Gianmaria
info@hotellasmorfia.it,,,Hotel La Smorfia b&b
info@hotelcostaverdecastiglioncello.com,,,Hotel Costa Verde
guerrini@gvhotels.it,,,Guerrini Hotel
info@villagiuliettacastiglioncello.com,,,Villa Giulietta Castiglioncello
contact@ytcvn.com,,,Albergo Pensione Bartoli
info@dimorasantamargherita.it,,,Dimora Santa Margherita - Relais di Charme - Suite di Lusso
sabbott@monteverdituscany.com,,,Monteverdi Tuscany
jdehart@monteverdituscany.com,,,Monteverdi Tuscany
walz@monteverdituscany.com,,,Monteverdi Tuscany
ilvecchietta@virgilio.it,,,B&B Il Vecchietta
info@belsentiero.com,,,BelSentiero
luciasaletti@libero.it,,,Farmhouse Poderuccio /
info@osteriadellorcia.com,,,Relais Osteria dell'Orcia
privacy@osteriadellorcia.com,,,Relais Osteria dell'Orcia
info@locandaintuscany.com,,,Locanda in Tuscany
info@albergolatorretta.it,,,Bar Albergo La Torretta
info@lucantoru.it,,,Bar Albergo La Torretta
info@albergo-ilponte.it,,,Bar Albergo Ristorante Il Ponte
fattoria@ca-di-fatino.it,,,Fattoria Ca' di Fatino
info@farmholidaysitaly.emiliaromagna.it,,,Fattoria Ca' di Fatino
info@tuscanyoffroad.it,,,Fattoria Ca' di Fatino
info@residenceranieri.it,,,Residence Ranieri srl
residenceranieri@gmail.com,,,Residence Ranieri srl
info@boschettodellago.com,,,Agriturismo Boschetto del Lago
contact@villacozzano.it,,,Villa Cozzano
residencecastiglione@trasinet.com,,,Residence Castiglione
ivaserg@libero.it,,,Residence Castiglione
info@hotel-trasimeno.it,,,Hotel Trasimeno Bittarelli
info@villainitalia.it,,,Umbria villa con piscina private pool offerte last minute estate 2022
info@hotelcorgna.com,,,Hotel Duca della Corgna
info@postedelchiugi.it,,,Agriturismo Poste del Chiugi
info@albergo-lemacerine.com,,,The Macerine Hotel
info@isolaverderesort.it,,,Isola Verde
info@laloggiaelorologio.it,,,La loggia e l'orologio - Bed&Breakfast
info@residenzailcasone.it,,,Residenza il Casone
fontepecciano1856@gmail.com,,,Fonte Pecciano 1856
info@latorretrasimeno.com,,,La Torre
latorre@trasinet.com,,,La Torre
info@hotelaganoor.it,,,Hotel Aganoor
info@anticagabella.com,,,B&B antica gabella
umbriagreencentralrooms@gmail.com,,,Umbria Green Central Rooms - Camere Hotel
events@villavalentinibonaparte.it,,,Villa Valentini Bonaparte
info@villavalentinibonaparte.it,,,Villa Valentini Bonaparte
lacasaterradeisogni@gmail.com,,,La casa terra dei sogni
residenceal-lago@libero.it,,,Residence Al Lago
info@laportaccia.net,,,Albergo Ristorante Pizzeria La Portaccia
info@albergomirella.it,,,Hotel Mirella
annullamenti@clubdelsole.com,,,Camping Stella del Mare
marinajuliacampingvillage@clubdelsole.com,,,Camping Stella del Mare
italiacampingvillage@clubdelsole.com,,,Camping Stella del Mare
beach@baiaazzurra.it,,,Camping Village Baia Azzurra
info@hotelvillagina.com,,,Hotel Villa Gina
info@hoteltirrenocastiglione.it,,,Hotel Tirreno
info@perlacastiglione.it,,,Hotel Perla
nfo@perlacastiglione.it,,,Hotel Perla
direzione.fattorialaprincipina@gmail.com,,,Hotel L'Approdo
alpadasrl@mypec.eu,,,Hotel L'Approdo
info@agrituristprile.it,,,Agriturist Prile
info@poggiomariett.it,,,Poggio Mariett
booking@tennisrocchette.it,,,Tennis Rocchette Resort
v.spalluto@andana.it,,,L'Andana
c.otera@andana.it,,,L'Andana
torredicasallia@gmail.com,,,Torre di Casallia
galassilucio57@gmail.com,,,Torre di Casallia
info@hotelsabrinaonline.it,,,Hotel Sabrina
hotelromacastiglione@gmail.com,,,Hotel Roma - Castiglione della Pescaia
infoilcorallo@gmail.com,,,Residenza Turistico Alberghiera Corallo
info@casavacanzelequerce.com,,,Casa Vacanze Le Querce
info@botrona.com,,,Agriturismo Diaccia Botrona
info@lalocandieracastiglione.com,,,BED AND BREAKFAST LOCANDIERA
info@agriturismolaluciana.com,,,Agriturismo La Luciana
info@hotelkinda.it,,,Hotel Kinda
info@hotel-castiglione.com,,,Piccolo Hotel
info@hotelceraunavolta.com,,,Hotel C'Era Una Volta
info@hotelilcasone.it,,,Il Casone Albergo Ristorante
agenzia@pubblimedia.com,,,"Albergo Ristorante L'Appennino ""da Pacetto"" (CircuitoLuccaTurismo)"
info@agriturismoilcolombaiolo.it,,,Agriturismo Il Colombaiolo
info@labussoladagino.it,,,Hotel La Bussola
info@casaturchetti.it,,,Agriturismo Casa Turchetti
laurenzi34@libero.it,,,Hotel Levante - Cavo
info@villalapineta.it,,,Residence Villa La Pineta Di Fedi Dante
info@lalocandadicavoleto.it,,,La Locanda di Cavoleto
erika@amoliv.com,,,Agriturismo Amoliv
ignace.lataire@verspurten.be,,,Agriturismo Amoliv
info@europehotel.be,,,Agriturismo Amoliv
info@bedandparkingcecinarooms.it,,,Bed and Parking Cecina Rooms
info@hotelcecinabeach.it,,,Bed and Parking Cecina Rooms
info@palacelidosuites.com,,,Palace Lido Hotel & Suites
info@sanbaiorelais.it,,,Relais SanBaio
info@delfinotuscanyresort.it,,,Delfino Tuscany Resort
info@lacecinella.com,,,Tourist Village the Cecinella
francesca@fattoriadicollemezzano.it,,,Fattoria di Collemezzano
info@poggioalfico.it,,,B&B Poggio al Fico
info@hoteltornesececina.it,,,Hotel Tornese
centroestetico@hotelmassimo.it,,,Hotel Massimo
info@zimaria.com,,,Zì Maria
fritumuv@gmail.com,,,Zì Maria
info@riviera-residence.com,,,Riviera Residence Appartamenti Vacanze
piazzaduomodeluxe@gmail.com,,,Affittacamere Piazza Duomo Deluxe
info@hotelilgabbiano.com,,,Hotel Ristorante Il Gabbiano
albergolampara@gmail.com,,,La Lampara Hotel
reception@laliante.com,,,Residence L'Aliante
info@miramaresuites.com,,,Miramare Suites
info@olmitoscana.it,,,Podere gli Olmi
info@borgoguglielmo.it,,,Agriappartamenti Borgo Guglielmo
info@sobrini.it,,,Agriappartamenti Borgo Guglielmo
info@goldenresidenceclub.it,,,Golden Hotel & Apartments
lungomarehotelcecinamare@gmail.com,,,Lungomare Hotel
info@agrihotelelisabetta.it,,,Agrihotel Elisabetta Srl
amministrazione@agrihotelelisabetta.it,,,Agrihotel Elisabetta Srl
info@bagnolalanterna.it,,,Agrihotel Elisabetta Srl
privacy@labucadelgatto.com,,,La Buca Del Gatto
info@bb-puccini-ristorante.it,,,Ristorante Puccini e Bed & Breakfast
comune.lucca@postacert.toscana.it,,,Ristorante Puccini e Bed & Breakfast
info@consulenzepaci.it,,,Ristorante Puccini e Bed & Breakfast
info@ilpoggio.net,,,Il Poggio
aziendagricola@ilpoggio.net,,,Il Poggio
info@labiciclettarossa.it,,,La bicicletta Rossa Bed & Breakfast
info@affittacameremeri.it,,,Affittacamere Meri
info@relaispoggiodelsole.it,,,Relais Poggio del Sole
info@bnblavandaerosmarino.it,,,B&B Lavanda e Rosmarino
info@agriturismolaserra.com,,,Farmhouse La Serra
agriturismo@musignano.it,,,Azienda Agrituristica Musignano
info@agriturismocolombaia.it,,,Agriturismo La Colombaia
info@villapetriolotuscany.com,,,Villa Petriolo
info@borgofilicaja.com,,,Borgo Filicaja
info@hotelcristallocerreto.com,,,Hotel Cristallo Reggio Emilia
info@parkhotelcerreto.it,,,Park hotel
info@albergoristorantediana.it,,,Albergo Diana
info@lafattoriadinonnaeugenia.it,,,B&B Fattoria di Nonna Eugenia
chiappos@hotmail.it,,,B&B Fattoria di Nonna Eugenia
info@anticatorredelborgo.it,,,Antica Torre del Borgo
info@fattoriapogni.it,,,Fattoria Pogni
info@villaavanella.com,,,Villa Avanella
info@hotelcertaldo.it,,,Hotel Certaldo
info@mytours.it,,,Hotel Certaldo
info@monteriggioniturismo.it,,,Hotel Certaldo
info@villailpozzo.it,,,Villa il Pozzo | Weddings/Events & Suites
info@dievole.it,,,Villa il Pozzo | Weddings/Events & Suites
info@paluffo.com,,,Il Paluffo
osteriadelvicario@gmail.com,,,Osteria Del Vicario
benvenuti@la-collina.it,,,Agriturismo La Collina degli Olivi
info@antica-cisterna.it,,,Antica Cisterna
info@poderebenintendi.com,,,Podere Benintendi
info@tenutadisticciano.it,,,Tenuta di Sticciano
reception@tenutadisticciano.it,,,Tenuta di Sticciano
osteria@tenutadisticciano.it,,,Tenuta di Sticciano
info@linando2.it,,,Locanda Linando II
info@fattoriabassetto.com,,,Bassetto Guesthouse & Apartments
reservations@fattoriabassetto.com,,,Bassetto Guesthouse & Apartments
gingerale@yandex.ru,,,Terra della Lanterna
info@lalocandadianita.it,,,La Locanda di Anita
info@locandatoscanini.it,,,B&B Locanda Toscanini
info@locandadicetona.com,,,La Locanda di Cetona Accoglienza Toscana
info@poderesangirolamo.com,,,Podere San Girolamo
info@cevolicountryresort.com,,,Cevoli Country Resort
info@albergolarosetta.it,,,Albergo La Rosetta
info@savoiapalacechiancianoterme.it,,,Savoia Palace Chianciano Terme
info.villagaiahotel@gmail.com,,,Hotel Villa Gaia
info@albergosanremo.net,,,Albergo Sanremo
albergosanremo@libero.it,,,Albergo Sanremo
info@hotelvittoriachianciano.com,,,Hotel Vittoria
booking@hotelvittoriachianciano.com,,,Hotel Vittoria
info@hotelnobile.it,,,Hotel Nobile
info@grandhotelexcelsior.it,,,Grand Excelsior
info@grandhotellefonti.com,,,Grand Hotel Le Fonti
info@agriturismogello.com,,,Agriturismo Gello
info@hotel-michelangelo.it,,,Michelangelo
ciao@casamtuscany.com,,,Casa M Vineyard
careers@casamtuscany.com,,,Casa M Vineyard
info@hotelpresidentchiancianoterme.it,,,Hotel President
info@hotelperugina.com,,,Hotel Perugina
info@atlanticohotel.it,,,Atlantico Palace Hotel
info@hotelsantarita.it,,,Hotel Santa Rita
marketing@barbettihotels.it,,,Hotel Patria
info@myhotelmediterraneo.com,,,Hotel Mediterraneo
r.leone@myhotelmediterraneo.com,,,Hotel Mediterraneo
g.sorrentino@myhotelmediterraneo.com,,,Hotel Mediterraneo
info@hotelangiolino.it,,,Albergo Angiolino
hotelmonicabooking@gmail.com,,,Albergo Hotel Monica
info@hotelvillaferrara.it,,,Hotel Ferrara
info@hotelcristallo.eu,,,Cristallo
info@paradisone.it,,,Cristallo
info@hotelattico.net,,,Hotel Attico
hotel.nanda@libero.it,,,Hotel Nanda Chianciano Terme
mymail@mailservice.com,,,Hotel Nanda Chianciano Terme
info@ecohoteledy.com,,,Hotel Edy
info@albergolesorgenti.it,,,Hotel Le Sorgenti
info@hotelaggravichianciano.com,,,Aggravi
info@admiralpalace.it,,,Grand Hotel Admiral Palace
info@hotelpanoramachianciano.it,,,Hotel Panorama
info@termechianciano.it,,,Villa Edelweiss
gcioli@libero.it,,,Villa Edelweiss
reservations@grandhotelboston.it,,,Grand Hotel Boston
info@albergosantantonio.com,,,Hotel Sant'Antonio
info@stelladoro.it,,,Stella D'Oro
hcristina@tin.it,,,Hotel Cristina
info@rvenere.it,,,Residence Venere - Apartment
info@hotelsaturno.it,,,Hotel Saturno
info@nuovohotelsestriere.com,,,Hotel Sestriere
info@albergoandreucci.it,,,Albergo Villa Andreucci
info@hotelgardenchianciano.it,,,Hotel Garden Snc Di Micheli Irene E C.
info@suiteweb.it,,,Hotel Villa Ricci
terme@paradisehotels.it,,,Grand Hotel Terme
info@albergorossana.it,,,Albergo Rossana
info@hotelarnochianciano.it,,,Hotel Arno
info@anticaquerciaespa.com,,,Antica Quercia Villa & Spa
info@lagrencaia.it,,,Country House Grencaia
poderelasvolta@gmail.com,,,La Svolta - bed and breakfast
info@agriturismodueponti.it,,,Agriturismo Due Ponti
agriturismodueponti@gmail.com,,,Agriturismo Due Ponti
info@relaismariacristina.it,,,Relais Maria Cristina
info@tuscookany.com,,,Torre del Tartufo Tuscookany cooking classes in Tuscany
doncarlossrl@legal.email.it,,,Motel Parco delle Rose
info@pensioneannamaria.it,,,Pensione Annamaria
daannamaria@livornopec.it,,,Pensione Annamaria
info@hotelauroraelba.it,,,"Hotel Aurora in Marciana, Hotel in Marciana"
affittacamere.victoria@gmail.com,,,Affittacamere Victoria
mail@locandailgallo.it,,,Ristorante Locanda Il Gallo
info@locandailgallo.it,,,Ristorante Locanda Il Gallo
luciovaleri@me.com,,,Hotel Ristorante Docciola
hotelristorantedocciola@yahoo.it,,,Hotel Ristorante Docciola
francesca.torchiana@hapimag.com,,,Hapimag Resort Pentolina
hassan.kadbi@hapimag.com,,,Hapimag Resort Pentolina
kurt.scholl@hapimag.com,,,Hapimag Resort Pentolina
info@sangalgano.it,,,Agriturismo San Galgano - Terre di San Galgano
info@villalicia.it,,,Villa Licia
info@residenzadeiricci.com,,,Residenza Dei Ricci
info@hotelbelmondo.it,,,Hotel Belmondo
info@macciangrosso.it,,,"Macciangrosso Country House. Agriturismo, B&B, Casa Vacanze. Chiusi, Siena"
info@locandagranducato.it,,,Locanda Granducato
info@hotelismaele.it,,,Albergo Ismaele
info@gameli.it,,,L'Albero di Gamelì
poderedellabruciata@gmail.com,,,Podere della Bruciata Villa
inforondini@libero.it,,,Le Rondini
info@algiardinodeglietruschi.it,,,Al Giardino Degli Etruschi
gilberto@bellavistalbergo.com,,,Albergo Ristorante BELLAVISTA
info@nuovaeralife.com,,,Agriturismo Nuova Era
contatti@nuovaeralife.com,,,Agriturismo Nuova Era
web@suorefse.org,,,Pastor Angelicus - La Verna
info@borgosanto.com,,,Borgo Santo
ilpozzo@borgosanto.com,,,Borgo Santo
bar@borgosanto.com,,,Borgo Santo
info@lamacina.net,,,La Macina Residential House
info@terre-toscane.com,,,B&B Terre Toscane
info@poderecarceroni.it,,,Podere Carceroni
info@parco-maremma.it,,,Podere Carceroni
centrovisite@parco-maremma.it,,,Podere Carceroni
agriturismo@mariannino.com,,,agriturismo mariannino
spa@termedellaversilia.com,,,Terme della Versilia Hotel Villa Undulna
hotel@termedellaversilia.com,,,Terme della Versilia Hotel Villa Undulna
hotelzeno87@gmail.com,,,Albergo Zeno
info@hotelgiuliocesarecinquale.com,,,Hotel Giulio Cesare
info@hotelstoryville.it,,,Hotel Storyville
info@lavecchiatenenza.it,,,La Vecchia Tenenza B&B
info@sancarlobeb.it,,,B&B San Carlo A La Molinella
b.blacasadelsarto@gmail.com,,,B&B la Casa del Sarto
info@ristoranteilpozzetto.it,,,Ristorante Albergo Il Pozzetto
info@collomici.it,,,Appartamento Zafferano
info@hotel-vannucci.com,,,Hotel Vannucci
info@hotel-vannucci.it,,,Hotel Vannucci
info@casagrinta-bnb.net,,,Casa Grinta B&B
info@locandadellapicca.it,,,Locanda Della Picca
info@casavacanzecheznous.it,,,B&B Chez Nous Città della Pieve
b@casavacanzecheznous.it,,,B&B Chez Nous Città della Pieve
booking@casavacanzecheznous.it,,,B&B Chez Nous Città della Pieve
booking@pievesuites.com,,,Pieve Suites
anne@pievesuites.com,,,Pieve Suites
info@pievesuites.com,,,Pieve Suites
lebosch@tiscali.it,,,hotel ristorante il boschetto 2 stelle
hotel.ilboschetto@icloud.com,,,hotel ristorante il boschetto 2 stelle
info@borgodicelle.it,,,Borgo di Celle
direzione@hotellemura.it,,,Le Mura
info@hotelparkgeal.it,,,Hotel Park Ge. Al.
cultura@ilpoliedro.org,,,Hotel Park Ge. Al.
info@hotelvillasandonino.it,,,Hotel Villa San Donino
info@hotelvillasandonnino.it,,,Hotel Villa San Donino
umbria@hotelumbria.net,,,Albergo Ristorante Umbria
serezeta@tin.it,,,Palazzo San Florido
ilsarale@sheetz.nl,,,Sheetz Agriturismo Il Sarale
receptie.thefallon@sheetz.nl,,,Sheetz Agriturismo Il Sarale
gideon@sheetz.nl,,,Sheetz Agriturismo Il Sarale
mauriziolombardi12@gmail.com,,,B&B Le Terre di Caprano
info@lacasapaterna.com,,,Country House la Casa Paterna
info@hoteltiferno.it,,,Hotel Tiferno
info@hotelgardenexperience.com,,,Hotel Garden Experience
garden@hotelgarden.com,,,Hotel Garden Experience
info@anticacanonica.it,,,Residenza Antica Canonica
jacopadue@yahoo.it,,,Residenza Antica Canonica
info@albergovaldolo.com,,,Hotel Val Dolo
palazzoninci@gmail.com,,,Palazzo Ninci
castello@maiano.net,,,CASTELLO DI MAIANO
borgosantercolano@gmail.com,,,Agriturismo Borgo Sant'Ercolano
poggiodeldrago@gmail.com,,,B & B Country House Poggio Del Drago
info@antborgo.it,,,Ristorante - Bed & Breakfast Antico Borgo
info@laloccaia.it,,,B&B La Loccaia con piscina in Toscana tra Arezzo e Siena
info@lampugnano.com,,,Agriturismo B&B Appartamenti Lampugnano
info@artandgarden.it,,,Art and Garden Appartamenti - Villa con Piscina panoramica
info@agriturismovaldifarma.it,,,Farm Val Di Farma
nlafuen@virgilio.it,,,Antico Borgo Montacuto
info@santagenoveffa.it,,,Santa Genoveffa Resort Hotel
info@g-arsapua.com,,,B&B Galleria Ars Apua
arsapuacarrara@gmail.com,,,B&B Galleria Ars Apua
info@palazzosanlorenzo.it,,,Palazzo San Lorenzo Hotel & Spa
sportlandlabadia@gmail.com,,,Sportland la badia
info@poderecampinovi.it,,,Agriturismo Podere Campinovi
info@lavecchiacartiera.it,,,Hotel la Vecchia Cartiera
info@sansebastianosuite.com,,,San Sebastiano Suite & Luxury
info@mensanello.com,,,Agriturismo Tenuta di Mensanello
ristorante@mensanello.com,,,Agriturismo Tenuta di Mensanello
malcolm@voltrona.com,,,Agriturismo Tenuta di Mensanello
info@hotelpietreto.it,,,HOTEL AL VECCHIO PIETRETO
info@pievedisanmartino.it,,,La Pieve di San Martino
info@palazzopacini.com,,,Hotel Palazzo Pacini
info@palazzorenieri.it,,,Hotel Palazzo Renieri
info@relaisdellarovere.it,,,Relais Della Rovere
arnolfo@temainf.it,,,Arnolfo B&B
info@bitebip.it,,,Fattoria di Mugnano
info@agriturismocharmetoscana.com,,,Agriturismo La Pieve
info@borgocolleoli.com,,,Karma Borgo di Colleoli
info@dimoraghirlandaio.it,,,Dimora Ghirlandaio
info@motelvespucci.com,,,Motel Vespucci
cookie@interportotoscano.com,,,Motel Vespucci
info@mulinodellarivolta.it,,,mulino della rivolta
info@nelbelmezzo.it,,,B&B Puccioni
info@miramonti-albergo-ristorante.it,,,Albergo Miramonti
chef@miramonti-albergo-ristorante.it,,,Albergo Miramonti
info@villalefarnete.com,,,Villa Le Farnete - Relais and Events
info@bedandbreakfastcadelduca.it,,,B&B Ca' Del Duca
info@cadelduca.it,,,B&B Ca' Del Duca
info@pievedicamaggiore.it,,,Holiday House Pieve di Camaggiore
info@sassaalsole.com,,,Relais Sassa Al Sole
reservation@sassaalsole.com,,,Relais Sassa Al Sole
otiumspa@sassaalsole.com,,,Relais Sassa Al Sole
info@casalapace.com,,,Casa La Pace
lee.hinder@ntlworld.com,,,Casa La Pace
info@albergodiffusogarfagnana.it,,,La Pietra Antica Albergo Diffuso
info@hotelleonardo.net,,,Hotel Leonardo
info@albergodagigino.com,,,"Albergo Locanda Pizzeria ""Da Gigino"""
info@agriturismoristorodelcavaliere.it,,,Agriturismo Ristoro del Cavaliere
mirinadavi82@libero.it,,,Agriturismo Ristoro del Cavaliere
info@villasantamargheritacortona.it,,,Villa Santa Margherita
hotel153319@wearehotels.top,,,Hotel Oasi Neumann
info@ilpoggiodelsoletuscany.com,,,Il Poggio del Sole B&B
sanfrancescobbcortona@gmail.com,,,B&B San Francesco - Cortona
lucia@borgodivagli.com,,,Borgo di Vagli
stefania@borgodivagli.com,,,Borgo di Vagli
daria@borgodivagli.com,,,Borgo di Vagli
info@villalamorina.com,,,Farmhouse Villa La Morina
info@hotelsanlucacortona.com,,,Hotel San Luca
cortona@casadreosti.com,,,Casa Dreosti. Boutique accommodation
locanda@pane-vino.it,,,B&B - Locanda Pane e Vino
taverna@pane-vino.it,,,B&B - Locanda Pane e Vino
info@agriturismoilborgo.com,,,Farmhouse Il Borgo
info@fontelunga.it,,,Pupa B&B
info@casasoleluna.com,,,House Forums - B & B Cortona
casakita@gmail.com,,,B & B Casa Kita
info@rentintuscany.it,,,Cortona Suite B&B
info@cortonaresortspa.it,,,Cortona Resort - Villa Aurea
info@casachilenne.com,,,Casa Chilenne B&B
info@ilcasale.com,,,Residence Il Casale
info@cortonaluxuryrooms.com,,,The Court of Ambra B & B Luxury in Cortona
info@locandadelmolino.com,,,Locanda Del Molino
weddings@lacortedeipapi.com,,,Relais La Corte Dei Papi
info@palazzopetrella.com,,,Palazzo Petrella
info@terretrusche.com,,,Villa Cristina
ticketing@terretrusche.com,,,Villa Cristina
webmaster@bypixel.com,,,Villa Cristina
info@togethertuscany.com,,,Casale Pietrenta
info@anticocarrocortona.it,,,Casale l'Antico Carro
info@monasterodicortona.com,,,Monastero di Cortona - Hotel & Spa
privacy@planhotel.com,,,Hotel Italia
info@theviewlugano.com,,,Hotel Italia
info@bebcortona.it,,,B&B Piccolo Hotel
info@belvedereapartments.it,,,Appartamenti Belvedere
info@borgosanpietro.com,,,Villa Borgo San Pietro
bnbdeipapi@gmail.com,,,Bed and Breakfast dei Papi
info@hotelpaesecorvara.it,,,Paese Corvara
deniagriturismo@gmail.com,,,Agriturismo Deni
info@casabellavista.it,,,Casa Bellavista BB
info@lasiegia.it,,,La Siègià resort Pool & Restaurant
contattandoinfo@lasiegia.it,,,La Siègià resort Pool & Restaurant
dataprotectionoffice@booking.com,,,La Siègià resort Pool & Restaurant
info@abetonebellavista.it,,,Hotel Bellavista
info@locandatinti.it,,,Locanda Tinti
info@poderecastellare.it,,,Podere Castellare
info@peterinflorence.com,,,Podere Castellare
info@trebbiolo.com,,,Agriturismo Trebbiolo
hello@montedomini.com,,,Montedomini Forest & Farm Retreat
info@villacellaia.com,,,il borgo di villa cellaia
info@francosvilla.com,,,B&B Franco's Villa - Bed and Breakfast Lucca - Culliness
motori@tuonome.it,,,Albergo Ristorante Val di Luce
hotelbristol@abetone.com,,,Hotel Bristol
info@valdelrio.com,,,Hotel Val del Rio
pagnipaolo@gmail.com,,,Hotel Val del Rio
info@doganaccia2000.it,,,Rifugio La Grande Baita c/o Funivia Doganaccia
info@paraduresort.com,,,Paradú EcoVillage & Resort
reservations@paraduresort.com,,,Paradú EcoVillage & Resort
sales@paraduresort.com,,,Paradú EcoVillage & Resort
nfo@hotelcucciolo.com,,,Hotel Cucciolo
vallesanta@hotmail.it,,,Borgovallesanta
info@fanano.eu,,,Alle Cascate Bed And Breakfast
info@ladylunafirenze.it,,,Lady Luna B&B
laura@versofirenze.com,,,Verso Firenze
info@hoteltazzadoro.com,,,Hotel Tazza d'Oro Taddei B & C sas
affittacamerestazione@gmail.com,,,Affittacamere Stazione Empoli
info@homybnb.com,,,HOMY BnB
antichemuraempoli@gmail.com,,,Villa Antiche Mura
u003eantichemuraempoli@gmail.com,,,Villa Antiche Mura
info@fattoriadicorniola.com,,,Country B&B Villa di Corniola
info@bebelduche.it,,,B&B EL DUCHE
prenota@bebelduche.it,,,B&B EL DUCHE
info@itigliempoli.it,,,I Tigli Empoli - Casa Vacanze
spring@itigliempoli.it,,,I Tigli Empoli - Casa Vacanze
urgenze@itigliempoli.it,,,I Tigli Empoli - Casa Vacanze
info@scarselliaffittacamere.it,,,Scarselli Affittacamere
info@borgosangiusto.it,,,Bed and Breakfast Borgo San Giusto
info@hotelilsole.eu,,,Hotel Il Sole
brunelleschi39@gmail.com,,,B&B Brunelleschi 39
info@affittacamereempoli.it,,,Five Rooms
info@casavinicia.it,,,Casa Vinicia
info@labettoladelbuttero.com,,,La Bettola del Buttero Hotel
info@ilpoderaccio.com,,,Casale il Poderaccio
info@hotelilfocolare.it,,,Hotel Il Focolare
focolarefabro@gmail.com,,,Hotel Il Focolare
info@casaleserena.it,,,Casale Serena
info@anticheterrehotel.com,,,Antiche Terre Hotel & Relax
info@baiahotel.com,,,Antiche Terre Hotel & Relax
info@albergok2.com,,,Albergo K2
info@campodiluna.it,,,Campo di Luna Agriturismo
info@casaballoni.it,,,CasaBalloni
info@beb-ilfortino.com,,,B&B Il Fortino
cadeltop@llht.org,,,B&B Ca' del top
hotelbologna@libero.it,,,Albergo Bologna
info@albergosolefanano.it,,,Albergo Ristorante Sole di Monterastelli Cinzia & C. snc
laterrazzadireggello@virgilio.it,,,B&B La Terrazza di Reggello
info@verdeulivo.it,,,Bed & Breakfast VerdeUlivo
info@residenzafarnese.net,,,Residenza Farnese
tarotg@tin.it,,,Residenza Farnese
setterg@libero.it,,,B&B Dei Riri
info@fattorialaviosa.com,,,Fattoria Laviosa
hotelddfauglia@gmail.com,,,D&D HOTEL
info@residencelacalle.it,,,Residence La Calle
hotelmontemerlo@gmail.com,,,Hotel Montemerlo
anna@fetovaia.it,,,Hotel Anna
manager@castellodisantamarianovella.com,,,Castello di Santa Maria Novella
info@hotelfiascherino.it,,,Hotel Fiascherino
info@poggiopiano.it,,,AGRITURISMO POGGIOPIANO- B&B con PISCINA PANORAMICA
info@eridu.it,,,Eridu
info@villadicampolungo.it,,,Villa Campolungo Farm
f.bartolozzi@alice.it,,,B&B Il Camino delle Fate Rosa
bartolozzifiorenza@gmail.com,,,B&B Il Camino delle Fate Rosa
supporto@vetrina-digitale.com,,,Florence Country Relais
privacy@sendinblue.com,,,Florence Country Relais
info@lecannellefiesole.com,,,B&B Le Cannelle FIESOLE
cborden@belmond.com,,,"Villa San Michele, A Belmond Hotel, Florence"
dillard.dearborn@belmond.com,,,"Villa San Michele, A Belmond Hotel, Florence"
carol.etheridge@belmond.com,,,"Villa San Michele, A Belmond Hotel, Florence"
info@maisontorrini.it,,,Casa Torrini B&B
info@montereggi.it,,,Agriturismo Montereggi
info@residencefiesole.com,,,Residence Fiesole
bbletorridifirenze@gmail.com,,,B&B Le Torri Di Firenze
jason@bit.ly,,,B&B Renaio
jonathan@bit.ly,,,B&B Renaio
pn@bit.ly,,,B&B Renaio
info@palagina.it,,,Palagina | la dimora
jesse@albereto.de,,,Agriturismo Alberetino
info@einsteinhouse.it,,,Einstein's House
info@residencelapoggerina.it,,,The Residence Poggerina
residencelapoggerina@gmail.com,,,The Residence Poggerina
info@relaisvillaalvento.com,,,Relais Villa Al Vento
restaurant@casanuova-toscana.it,,,Locanda Casanuova
info@casalelagora.it,,,Casale La Gora
info@relaisvillabelvedere.it,,,Relais Villa Belvedere
info@casaleginette.com,,,B&B Casale Ginette
info@panoramatuscany.com,,,Residence Panorama
reception@albergo-toscana.com,,,Hotel Toscana
info@albergo-toscana.com,,,Hotel Toscana
info@villalaborghetta.com,,,Villa La Borghetta
info@podereconti.com,,,Hotel Podere Conti
noreply@hotelrunner.com,,,Hotel Podere Conti
info@ilmelogranonano.com,,,Il Melograno Nano
lunaestelletuscany@gmail.com,,,Luna & Stelle
info@birillinaguesthouse.it,,,Birillina Guest House B&B in Garfagnana
info@lacollinadeifranchi.it,,,B & B in Garfagnana - La Collina dei Franchi
info@bbdonnini.it,,,B&b Donnini Firenzuola
info@levignetoscana.com,,,B&B le Vigne
hotelpiccolafirenzere@gmail.com,,,Hotel Piccola Firenze
hotelpiccolafirenze@gmail.com,,,Hotel Piccola Firenze
info@gliorzali.it,,,Hotel Gli Orzali
marco.mezzetti@gmail.com,,,B&B Antico Borgo - Piancaldoli
hotel121227@wearehotels.top,,,Albergo La Carinzia
info@hotelillaghetto.it,,,Hotel Ristorante Il Laghetto
info@residencepax.it,,,Residence PAX
info@albergoristoranteilpilota.it,,,Albergo Ristorante Il Pilota
info@riverparkhotel.it,,,River Park Hotel
maisondelmagra@gmail.com,,,Maison del Magra
info@iscra.it,,,boat and breakfast Frapicchia-Fiumaretta
lalunadiquarazzana@gmail.com,,,Agriturismo Luna di Quarazzana special place to stay
info@allaportadisotto.it,,,Bed and Breakfast alla Porta di Sotto
info@passodelcerreto.it,,,Passo Del Cerreto 42037 Collagna Re
ubaldogiannarelli@gmail.com,,,B&B La Bredia
info@ilsicomoro.it,,,Albergo Ristorante Il Sicomoro
info@lalunadeimedici.com,,,B&B La Luna dei Medici
larisorgiva.fivizzano@gmail.com,,,B&b La Risorgiva
info@alvecchiotino.com,,,Agriturismo Al Vecchio Tino
cantoquinto1@gmail.com,,,Bed and breakfast CantoQuinto
info@albergodiffusocentoborghi.com,,,Albergo Diffuso Centoborghi
info@albergofirenze.net,,,Albergo Firenze
lucchesi@toflorence.it,,,Plaza Hotel Lucchesi
concierge.lucchesi@toflorence.it,,,Plaza Hotel Lucchesi
info@dipiazzaduomo.com,,,B&B di Piazza del Duomo
info@soggiornopezzati.it,,,Soggiorno Pezzati B&B
info@piazzapittipalace.com,,,Piazza Pitti Palace
info@corteguelfa.com,,,Corte Guelfa
info@nazionale31.com,,,Bed and Breakfast Nazionale 31
reservations@atlanticpalace.it,,,Hotel Atlantic Palace
concierge.flo@albanihotels.com,,,Hotel Albani Firenze
info@mywayfirenze.com,,,B&B My Way
info@amcollectionflorence.com,,,AM Collection Florence
info@fuordarno.it,,,FuordArno Bed & Breakfast
241950info@fuordarno.it,,,FuordArno Bed & Breakfast
info@magnificomesserefirenze.it,,,B&B Magnifico Messere
info@uffiziharmony.com,,,Uffizi Harmony Hotel
info@casagfirenze.it,,,Casa G. Firenze
info@firenzeattache.com,,,Casa G. Firenze
info@secretgardenfirenze.com,,,Secret Garden Firenze
hotelbodonifirenze@virgilio.it,,,Hotel Bodoni
duccillo@gmail.com,,,Bed and Breakfast Terrazza Belfiore
4159info@casarabatti.it,,,Casa Rabatti
info@casarabatti.it,,,Casa Rabatti
info@florencevacationrental.it,,,Dei Cerchi Holidays
info@bbtheattico.com,,,B&B The Attico
info@larosadifirenze.it,,,La Rosa di Firenze
info@gobycar.it,,,La Rosa di Firenze
accademiadellacrusca@cscsigma.it,,,La Rosa di Firenze
info@residenzatoscanelli.com,,,Toscanelli Residenza d'Epoca
xvega@25hours-hotels.com,,,25hours Hotel Florence Piazza San Paolino
gschuepbach@25hours-hotels.com,,,25hours Hotel Florence Piazza San Paolino
fkollenz@25hours-hotels.com,,,25hours Hotel Florence Piazza San Paolino
isleepbb@gmail.com,,,I Sleep B&B
info@hotelcoronaditalia.com,,,Corona D'Italia
info@hoteldavid.com,,,Hotel David
info@hotelmeridianafirenze.com,,,Hotel Meridiana
info@bnbflo.com,,,B&B FLO
info@antichedimorefiorentine.it,,,Residenza Johanna I
anticajohlea@antichedimorefiorentine.it,,,Residenza Johanna I
johanna@antichedimorefiorentine.it,,,Residenza Johanna I
info@proconsolo.com,,,La Residenza del Proconsolo
nfo@residenzaognissanti.com,,,Residenza Ognissanti
info@residenzaognissanti.com,,,Residenza Ognissanti
info@adelaidehouse.eu,,,Adelaide House
lecameredeiconti@gmail.com,,,Le Camere dei Conti
info@residenzamaglionialbattistero.it,,,B&B Tourist House Battistero
info@hotel900toscana.it,,,Hotel 900 Toscana
hoteltoscanawang@gmail.com,,,Hotel 900 Toscana
info@soggiornocampos.com,,,Soggiorno Campos
email@hotelcareggi.com,,,Hotel Careggi
info@hotelcareggi.it,,,Hotel Careggi
info@residenzalamusa.it,,,Residenza La Musa Amarcord
info@casabotticelli.com,,,Casa Botticelli in San Felice
info@attico43.it,,,Attico43
info@lacasadelghiberti.it,,,La Casa del Ghiberti B&B
ristorante@krafthotel.it,,,Hotel Kraft
fb@krafthotel.it,,,Hotel Kraft
info@touristhouseliberty.it,,,Tourist House Liberty
lacasarosabnb.firenze@gmail.com,,,La Casa Rosa bnb
info@residenzadeglispeziali.it,,,Residenza Degli Speziali
info@bebmonteoliveto.it,,,B&B Monte Oliveto
info@locandadeipoeti.com,,,Locanda dei Poeti
info@hotelpaganini.it,,,Hotel Paganini
rpd@gprp.it,,,Hotel Paganini
renascentia@flatinflorence.com,,,Renascentia in Florence
info@flatinflorence.com,,,Renascentia in Florence
info@casadelgiramondo.it,,,Casa del Giramondo b&b
info@tornabuoniview.com,,,TORNABUONI VIEW Luxury Bed and Breakfast Firenze
info@hotellascaletta.it,,,Hotel La Scaletta Florence
direzione@oliverbb.com,,,B&B Oliver
info@dromflorence.com,,,Drom Florence Rooms&Apartments
info@villaallerampe.com,,,Villa alle Rampe
info@hotelpendini.it,,,Hotel Pendini
strangeunclefirenze@gmail.com,,,Strange Uncle
info@bbsantamariadelfiore.com,,,B&B Santa Maria del Fiore
info@fiorenzabb.it,,,Fiorenza Bed and Breakfast
info@soggiornolapergola.it,,,Soggiorno La Pergola Firenze
info@florenceroomgroup.it,,,FLORENCEROOM GROUP - HOTELS - BED & BREAKFAST - FLORENCE - ITALY - FIRENZE CENTRO & ZONA STADIO/MANDELA FORUM
booking@villacora.it,,,Villa Cora
info@villacora.it,,,Villa Cora
concierge@villacora.it,,,Villa Cora
info@firenzealduomo.com,,,Firenze al Duomo Luxury Bed & Breakfast
info@badiafiorentina.com,,,Bed and Breakfast Badia Fiorentina
info@rovezzano.com,,,Rovezzano B & B - Bed And Breakfast
annadisanto1967@gmail.com,,,Dimora Del Magnifico
s_orefice@yahoo.it,,,Cosy House
s.orefice@yahoo.it,,,Cosy House
info@hotelmaximaxial.com,,,Hotel Maxim Axial
maiolihotels@messaggipec.it,,,Hotel Maxim Axial
villaolmi@toflorence.it,,,Hotel Villa Olmi Firenze
events@toflorence.it,,,Hotel Villa Olmi Firenze
info@hoteljane.it,,,Hotel Jane
info@laterrazzadijenny.it,,,LaTerrazza di Jenny B&B
info@gigliopalace.com,,,Giglio Palace
info@borgopintisuites.it,,,Borgo Pinti Suites
bronzehorsefi@gmail.com,,,Bronze Horse Affittacamere Firenze
info@lacchiappasognifirenze.it,,,L'Acchiappasogni
info@lestanzedelduomo.it,,,The Duomo Rooms
info@affittacamerealba.it,,,Affittacamere Alba
info@parkhotel-theater.de,,,Adre Majestic View
info@santafemotel.com,,,Adre Majestic View
support@dyermgmt.com,,,Adre Majestic View
info@soggiornostibbert.com,,,Relais Firenze Stibbert
info@myforteflorence.com,,,My Forte Relais
info@forte16.com,,,My Forte Relais
giovanpaolo@kursonia.com,,,Hotel Kursaal & Ausonia Firenze
luz@kursonia.com,,,Hotel Kursaal & Ausonia Firenze
info@isoladarno.it,,,B&B Isola d'Arno
info@hotelcordova.it,,,Hotel Cordova
info@ilviaggiatorleggero.it,,,Il Viaggiator Leggero
info@villaagape.it,,,Art Hotel Villa Agape
events@villaagape.it,,,Art Hotel Villa Agape
jobs.siena@soges-group.com,,,Art Hotel Villa Agape
info@1900artevita.com,,,1900 Artevita Bed & Breakfast
info@keyresidence.it,,,Quadra Key Residence
info@hotelvenetofirenze.com,,,Hotel Veneto Firenze
info@bebpalazzi.com,,,B&B Palazzi
info@relaisdelduomo.it,,,Relais del Duomo
info@residenzadellasignoria.com,,,Residenza Della Signoria
info@florenceglancehotel.com,,,Glance Hotel In Florence
bencihouse@bencihouse.com,,,Benci House - Luxury Guest House
info@bencihouse.com,,,Benci House - Luxury Guest House
benciart@bencihouse.com,,,Benci House - Luxury Guest House
info@letrelunefirenze.it,,,B&B Le tre Lune
palazzopanzani@gregorihotels.com,,,Palazzo Panzani
info@hotelgolf.it,,,Hotel Golf in Florence
info@villaroyalfirenze.com,,,Hotel Royal
info@hotelginorialduomo.com,,,Hotel Ginori al Duomo
anna@casa-thiele.com,,,Casa Thiele alla Signoria
patrizio.falorni@gmail.com,,,Residenza Falorni
bastilla_revisa_0k@icloud.com,,,Lovely Home San Niccolò
info@domoflorenzia.com,,,Guest House Domo Florenzia
info@hotelcalimala.com,,,Hotel Calimala
reservations@angelroofbar.com,,,Hotel Calimala
acasadililli@yahoo.com,,,A Casa di Lilli
bblatavernetta@libero.it,,,Bed & Breakfast La Tavernetta
info@palazzoltrarno.it,,,Palazzo D'Oltrarno - Residenza D'Epoca
info@hoteldelanzi.it,,,Hotel De Lanzi
info@californiaflorence.it,,,Hotel California
info@residencemichelangiolo.it,,,Residence Michelangiolo
info@galileohotel.it,,,The Galileo Hotel
blacksheepfirenze@gmail.com,,,The Black Sheep B & B
info@internationalgarage.com,,,The Black Sheep B & B
info@garageeuropafirenze.it,,,The Black Sheep B & B
info@hoteldelapace.com,,,"De La Pace, Sure Hotel Collection by Best Western"
casabertini@gmail.com,,,Casa Bertini Florence Tourist Apartment
info@guicciardini24.it,,,Guicciardini24
thelux.firenze@gmail.com,,,B&B The Lux
info@soggiornoalessandra.it,,,Soggiorno Alessandra
ilgiglioguesthouse@gmail.com,,,Il Giglio Guest House
info@dimorasassetti.it,,,Dimora Sassetti 6
support@weglot.com,,,Dimora Sassetti 6
info@santacrocebb.com,,,Santa Croce 14 B&B
info@soggiorno-michelangelo.it,,,SOGGIORNO MICHELANGELO
franchi@micelihotels.com,,,Franchi
amministrazione@micelihotels.com,,,Franchi
info@hotelalexfirenze.com,,,Alex Florence
info@hotelvillabetania.it,,,Hotel Villa Betania
info@hotelarcadiaflorence.com,,,Hotel Villa Betania
br1zan8@gmail.com,,,B&B Bonsignori
lavagninimyplace@gmail.com,,,Lavagnini My Place B&B
d.dascola@ihosp.it,,,Lavagnini My Place B&B
info@keyflorencebedandbreakfast.com,,,Kf Deluxe B&B Firenze
info@residenzasassetti.it,,,MABELLE FIRENZE Residenza Sassetti
info@residenzagambrinus.it,,,MABELLE FIRENZE Residenza Sassetti
info@hortoconvento.com,,,Hotel Horto Convento Firenze
booking@cosmopolitanhotel.it,,,Cosmopolitan Hotel
info@yourflorencebb.it,,,Your Florence B&B
info@mimasuites.com,,,La Dimora del Mercante
info@edenloftfirenze.com,,,Eden Loft Firenze
info@globusurbanhotel.com,,,Hotel Globus
m.piccione@hotelglobus.it,,,Hotel Globus
plusberlin@humancompany.com,,,PLUS Florence
plusflorence@humancompany.com,,,PLUS Florence
plusprague@humancompany.com,,,PLUS Florence
info@villalefontanelle.com,,,Villa Le Fontanelle
info@villalefontanelle.it,,,Villa Le Fontanelle
info@miohotelfirenze.com,,,Mio Hotel Firenze
ilpitti@gregorihotels.com,,,Il Pitti Soggiorno
info@ggfirenzesuites.com,,,G&G Firenze Suites
info@inpiazzadellasignoria.com,,,Residenza d'Epoca In Piazza della Signoria
info@bbbeatrice.it,,,B&B Beatrice Di Beatrice Burzagli
info@hotelpalazzodalborgo.it,,,Hotel Torre Guelfa
fi.ambasciatori@c-hotels.it,,,Ambasciatori Hotel Florence
bookingambasciatori@c-hotels.it,,,Ambasciatori Hotel Florence
meetings@c-hotels.it,,,Ambasciatori Hotel Florence
info@miltontre.it,,,MILTONTRE Guest House affittacamere
begaccomodations@outlook.it,,,B&B Tornabuoni Boutique
info@bedbreakfastalighieri.it,,,B & B Dante Alighieri
shrey.desai@wyndhamhotels.com,,,Wyndham Garden Florence
ross.buckley@wyndhamhotels.com,,,Wyndham Garden Florence
info@soloexperiencehotel.com,,,Solo Experience Hotel
info@hotelbonifacio.it,,,Hotel Bonifacio
info@duchess.it,,,Duchess Boutique de Charme
privacy@hubspot.com,,,Duchess Boutique de Charme
1suitefirenze@gmail.com,,,1 suite firenze
info@hotelstjamesfirenze.com,,,Hotel St. James
info@themoonhotel.com,,,The Moon Boutique Hotel & Spa
info@relaistwelve.com,,,Relais Twelve Florence
hotel.contact.us@gmail.com,,,Arno Boutique Hotel
info@hotelborgo.com,,,Hotel Borgo
mulino@toflorence.it,,,Hotel Mulino di Firenze
frontdesk.mulino@toflorence.it,,,Hotel Mulino di Firenze
info@popartment.com,,,PopArtment
info@anticadimoradebenci.it,,,Antica dimora de Benci
patrizialenzipat@gmail.com,,,Antica dimora de Benci
info@bbrepubblica.com,,,B&B Repubblica
info@hotelnizza.com,,,Hotel Nizza
info@hotelorologioflorence.com,,,Hotel L'Orologio Florence
bbmonteverdi@gmail.com,,,B&B Monteverdi - L'Arancio
info@portaallacroce.com,,,Porta Alla Croce Guest House
reception@firenzenumbernine.com,,,Firenze Number Nine
direzione@firenzenumbernine.com,,,Firenze Number Nine
bookinghotelbernini@duetorrihotels.com,,,Hotel Bernini Palace
info.hotelbernini@duetorrihotels.com,,,Hotel Bernini Palace
info.hotelberninipalace@duetorrihotels.com,,,Hotel Bernini Palace
info@luxorflorence.com,,,Luxor Hotel Florence
info@hotelarizonafi.com,,,Hotel Arizona
storres@roccofortehotels.com,,,Hotel Savoy
mcera@roccofortehotels.com,,,Hotel Savoy
crenz@roccofortehotels.com,,,Hotel Savoy
info@relaisflorence.it,,,Relais Florence
soggiornovenere@libero.it,,,Soggiorno Venere
info@hotelferruccifirenze.it,,,Hotel Ferrucci
info@cerretanipalace.com,,,Cerretani Palace Luxury B&B
info@florencedream.it,,,Florence Dream
cantodeiservi19@gmail.com,,,Canto Dei Servi Guesthouse
info@amabiliaflorence.com,,,Amabilia Bed&Breakfast
info@fonteboema.com,,,Amabilia Bed&Breakfast
infofirenze2000@gmail.com,,,Youth Firenze 2000
ninfo@hotelunicorno.it,,,Hotel Unicorno
info@hotelmagentafirenze.it,,,Hotel Magenta
privacy@hotelmagentafirenze.it,,,Hotel Magenta
info@hotelbavariafirenze.it,,,Hotel Bavaria Florence
info@fhotels55.com,,,FH55 Grand Hotel Mediterraneo
info@hotelpalatino.com,,,FH55 Grand Hotel Mediterraneo
info@hotel-arno.it,,,Hotel Arno Bellariva
info@hotelcamillaguelfa.com,,,Hotel Guelfa Firenze
livia.misuri@gmail.com,,,Casaldo's rooms
utente@dominio.com,,,Casaldo's rooms
casadigiuseppe@gmail.com,,,Casa di Giuseppe
jodi.eisenbarth@radissonhotels.com,,,"Radisson Blu Hotel, Florence"
remy.merckx@radissonhotels.com,,,"Radisson Blu Hotel, Florence"
info@hotel-berna.it,,,Hotel Berna
info@hotelduomofirenze.it,,,Hotel Duomo Firenze
info@hotelvillailcastagno.com,,,Hotel Villa IL Castagno
info@hoteledenfirenze.it,,,Hotel Eden
info@villalastella.it,,,Villa la Stella - Casa per Ferie
info@ilmercatocentrale.it,,,Il Mercato Centrale B and B
lucanuara@icloud.com,,,Apartamenti Al Giglio Bottonato
info@hoteluniversoflorence.com,,,Hotel Universo
info@hotelperseo.it,,,Hotel Perseo
atish.shah@hyatt.com,,,IL Tornabuoni Hotel - In the Unbound Collection by Hyatt
todd.garvin@hyatt.com,,,IL Tornabuoni Hotel - In the Unbound Collection by Hyatt
salesclerc@hyatt.com,,,IL Tornabuoni Hotel - In the Unbound Collection by Hyatt
firenzerooms2021@gmail.com,,,Firenze Room's Cathedral
press@planetariahotels.com,,,Ville Sull'Arno
palazzobenci@palazzobenci.com,,,Hotel Palazzo Benci
info@virtual-zoom.cz,,,Hotel Palazzo Benci
info@hotelferretti.com,,,Hotel Ferretti
info@themarketurbanhotel.com,,,The Market Urban Hotel
m.piccione@hotelglobus.com,,,The Market Urban Hotel
info@hotelsantacroce.it,,,Hotel Santa Croce
info@villatolomeihotel.it,,,Villa Tolomei Hotel & Resort
reception@villatolomeihotel.it,,,Villa Tolomei Hotel & Resort
eventi@villatolomeihotel.it,,,Villa Tolomei Hotel & Resort
roomsbyanna@gmail.com,,,Rooms by Anna Affittacamere
info@biancafirenze.it,,,Bianca B&B
info@hotel-balestri.it,,,Hotel Balestri
info@fornacesuite.it,,,Fornace Suite
bbzipflorence@gmail.com,,,Zip b & b in Florence
centro@casaurora.it,,,CasAurora
info@martelli6apartments.com,,,Martelli 6 Suite and apartments
info@castellodimontalbano.com,,,Montalbano Castle
info@hotelgioia.it,,,Hotel Gioia
info@bsj15.it,,,BSJ15 - Borgo San jacopo Room
reservation@bsj15.it,,,BSJ15 - Borgo San jacopo Room
info@villavanda.it,,,Villa Vanda
info@hotelrosso23.com,,,Hotel Rosso 23
info@hotellombardiafirenze.com,,,Hotel Lombardia
reservations@hotelriver.com,,,LHP Hotel River & SPA
river.reservations@lhphotels.com,,,LHP Hotel River & SPA
info@bbdeamicis.com,,,B. & B. De Amicis
info@poggioimperiale.fi.it,,,Poggio Imperiale Apartments
info@homelink-tuscany.com,,,Homelink Firenze - The Key
info@hotelandreafirenze.com,,,Hotel Andrea
info@palazzodambra.it,,,Palazzo D'Ambra Residenza d'Epoca
info@zulabnb.it,,,Zula B&B
info@firenzeforesteria.it,,,Foresteria Valdese di Firenze
piccolo.snc@piccolohotelfirenze.com,,,Piccolo Hotel Firenze
privacy@localweb.it,,,Piccolo Hotel Firenze
info@localweb.it,,,Piccolo Hotel Firenze
info@hotelartatelier.com,,,Hotel Art Atelier
direzione@hotelartatelier.com,,,Hotel Art Atelier
staff.lombardi@gmail.com,,,HOTEL LOMBARDI
staff.lombardi@gmail.it,,,HOTEL LOMBARDI
info@hoteldazegliofirenze.it,,,Hotel D'Azeglio
info@hoteljoly.it,,,Hotel Joli
hotel@loggiafiorentina.com,,,Loggia Fiorentina
info@pergola42.com,,,Haggi's Residence
info@easyflorence.it,,,Easy Florence B&B
info@artemideguesthouse.it,,,Artemide Guest House
info@residenzalearti.com,,,RESIDENZA DELLE ARTI
amscity@thesocialhub.co,,,The Social Hub Florence Lavagnini
annemarie.sanderink@thesocialhub.co,,,The Social Hub Florence Lavagnini
prenotazioni@largentiere.it,,,Argentiere b&b Firenze
daliaptflorence@gmail.com,,,Hotel Dali
hoteldaliflorence@gmail.com,,,Hotel Dali
hoteldali@tin.it,,,Hotel Dali
info@3110arthotelfirenze.com,,,3110 Art Hotel Firenze
info@tailorhousefirenze.com,,,Tailor House B&B
info@delloliofirenze.com,,,Tailor House B&B
booking@villaberryroom.com,,,Villa Berry
info@maisonsantacroce.it,,,Maison Santa Croce
marco.milocco@salviatino.com,,,il Salviatino Firenze
nada@salviatino.com,,,il Salviatino Firenze
sara@salviatino.com,,,il Salviatino Firenze
info@villaneroli.com,,,Villa Neroli
alberghino@gmail.com,,,Alberghino B&B Firenze
dimora72firenze@gmail.com,,,Dimora72 Luxury Rooms
info@setteangelirooms.com,,,Sette Angeli Rooms
info@lacortedeiprincipi.com,,,La Corte dei Principi
info@residenzacastiglioni.com,,,Residenza Castiglioni
info@signoria64.com,,,Signoria 64
info@hotelbolognafirenze.it,,,Hotel Bologna
info.museoragazzi@comune.fi.it,,,Hotel Bologna
info@hotelesperanza.it,,,Hotel Esperanza
pec@albergosonia.com,,,Albergo Sonia
amministrazione@albergosonia.com,,,Albergo Sonia
info@sanfirenzesuites.com,,,San Firenze Suites & Spa
davidmichael.fargion@ingpec.eu,,,San Firenze Suites & Spa
info@gardenblue.it,,,Garden Blue
info@firenze400.it,,,B&B Firenze 400
info@bbfirenzemartini.it,,,B&B Martini
margheritamartini55@gmail.com,,,B&B Martini
info@dgnet.it,,,bed and breakfast Orsini
armoniedivillaincontri@gmail.com,,,Villa Incontri
info@hotelastromediceo.it,,,Hotel Astro Mediceo
info@fmmfirenze.it,,,Casa Santo Nome di Gesù
florencecathedral@libero.it,,,b&b Florence Cathedral
florencechatedral@libero.it,,,b&b Florence Cathedral
villalestatue@libero.it,,,Casa vacanze Villa le Statue
info@casabilli.com,,,Casa Billi
info@villaruch.com,,,Villa Aruch
pec@villaruch.com,,,Villa Aruch
info@casaledeicentoacri.it,,,Casale dei Cento Acri
info@hoteldelcorsofirenze.it,,,Hotel del Corso Firenze
info@hotelreginafirenze.it,,,Hotel Regina
info@residenza24.it,,,Residenza24
privacy@csmsoft.it,,,Residenza24
info@frantoiodellegrazie.it,,,The Frantoio delle Grazie
reception.hiflorence@italiana-hotels.com,,,Italiana Hotels Florence
info@italiana-hotels.com,,,Italiana Hotels Florence
book@hotelannabella.com,,,Hotel Annabella Roof Terrace
info@hotelleopolda.com,,,Hotel Leopolda
info@parkpalace.com,,,Park Palace Hotel
info@centrohotelflorence.com,,,Hotel Centro
revoca@centrohotelflorence.com,,,Hotel Centro
riccardo@casadeitintori.it,,,B&B La Casa dei Tintori
reception@annalenahotel.com,,,Casa di Annalena
info@residenzacecchi.it,,,Residenza Cecchi
info@corsinitintori.com,,,Corsini Tintori Guest House
info@lamaisondusage.com,,,La Maison du Sage
info@lacasadimorfeo.it,,,Hotel La Casa di Morfeo
reservation@lacasadimorfeo.it,,,Hotel La Casa di Morfeo
public.relations@lacasadimorfeo.it,,,Hotel La Casa di Morfeo
hotelmasaccio@yahoo.it,,,Hotel Masaccio
info@dimoredeicherubini.it,,,La Dimora degli Angeli
tim.powers@fourseasons.com,,,Four Seasons Hotel Firenze
kymn.mane@fourseasons.com,,,Four Seasons Hotel Firenze
bob.hall@fourseasons.com,,,Four Seasons Hotel Firenze
info@hotelcollodi.com,,,Hotel Collodi
hoteldalmazia@gmail.com,,,Hotel Dalmazia
info@chezmoifirenze.it,,,Chez Moi B&B
r.anderson@room-matehotels.com,,,Room Mate Isabella Hotel
j.spies@room-matehotels.com,,,Room Mate Isabella Hotel
b.baer@room-matehotels.com,,,Room Mate Isabella Hotel
fermin.4142016@gmail.com,,,Hotel Paola
kostika.02@mail.ru,,,Hotel Paola
reservascondina18@gmail.com,,,Hotel Paola
info@casadibarbano.it,,,Casa di Barbano
info@villanardi.it,,,Villa Nardi - Residenza D'Epoca
info@jointminds.it,,,Villa Nardi - Residenza D'Epoca
info@miapalace.com,,,B & B Mia Palace
info@leopoldohouse.it,,,B & B Leopoldo Firenze
info@hotelgenzianellaflorence.com,,,Hotel Genzianella
info@residenzailpoggetto.it,,,Residenza il Poggetto
info@hotelritamajor.com,,,Hotel Rita Major
info@palazzograziani.com,,,B&B Palazzo Graziani
firenzeinfo@palazzograziani.com,,,B&B Palazzo Graziani
info@pontevecchiosuites.com,,,Hotel Ponte Vecchio Suites & Spa
info@palazzolorenzo.it,,,Palazzo Lorenzo Hotel Boutique & Spa
civico50@micelihotels.com,,,Hotel Miceli - Civico 50
j.deckert@lungarnocollection.com,,,Portrait Firenze
r.carrieri@lungarnocollection.com,,,Portrait Firenze
c.fogliatto@lungarnocollection.com,,,Portrait Firenze
info@residenceleopoldo.it,,,Leopoldo Residence
info@cortedeisogni.com,,,Hotel Giotto
casaleopardi@yahoo.com,,,Casa Leopardi Bed & Breakfast
info@residencehilda.com,,,Residence Hilda
erba@bypillow.com,,,Hotel Goldoni
wander@bypillow.com,,,Hotel Goldoni
seaborn@bypillow.com,,,Hotel Goldoni
info@hotelester.it,,,Hotel Ester Firenze
info@marboflorence.com,,,B&B Marbo Florence
info@tornabuoni1.com,,,Antica Torre di Via Tornabuoni 1
restaurant@theplacefirenze.com,,,The Place Firenze
info@theplacefirenze.com,,,The Place Firenze
info@belfiore40.it,,,Affittacamere Belfiore
info@hotelvillani.com,,,Hotel Villani
info@belduomofirenze.com,,,Domus Duomo b&b
info@lasostadesavi.it,,,La Sosta de' Savi - B&B
info@residenzabellieri.it,,,Residenza Bellieri
info@maisonpittiflorence.com,,,Maison Pitti Florence
info@lestanzedisantacroce.com,,,Le Stanze di Santa Croce
info@bbdueabeti.it,,,Due Abeti Bed and Breakfast
info@villacarobbiapartments.it,,,Villa Carobbi Apartments — by NilHotel
info@il-torrino.it,,,Bed and breakfast Il Torrino a Firenze
alan.clarke@homestay.com,,,Homestay Ponte Vecchio
caoimhe.duffy@homestay.com,,,Homestay Ponte Vecchio
paolo.dona@homestay.com,,,Homestay Ponte Vecchio
info@anticaportafirenze.com,,,L'Antica Porta Boutique B&B
azalema@live.it,,,B&B GauTama
info@bebdeipapi.it,,,Beb dei papi firenze
welcome@hotelnellafirenze.it,,,Hotel Nella
concierge@regency-hotel.com,,,Hotel Regency
reservations@regency-hotel.com,,,Hotel Regency
direzione@nilhotel.it,,,NilHotel | Centro Congressi
carminelandi1@gmail.com,,,B&B Lorenzo de' Medici
info@hotelburchianti.it,,,Albergo Burchianti
certificata.hotelburchianti@cert.ticertifica.it,,,Albergo Burchianti
info@casahoward.it,,,Casa Howard Firenze - Residenza d'Epoca
casa-howard-srl@registerpec.it,,,Casa Howard Firenze - Residenza d'Epoca
bbsmnfirenze@gmail.com,,,B & B Santa Maria Novella
groups@hotelmirage.it,,,Hotel Mirage Florence
infocustomer@hotelbellavistaflorence.com,,,Hotel Bellavista
florencedavidsapartment@gmail.com,,,Florence David's Guesthouse
info@kattihouse2.com,,,Katti House 2
reservation@scala-garden.com,,,SCALA GARDEN B&B
chanel.shen101@gmail.com,,,SCALA GARDEN B&B
info@hotelbellafirenze.com,,,Hotel Bella Firenze
privacy@difirenze.eu,,,B&B Il Salotto di Firenze
book@hotelbijouflorence.com,,,Boutique Hotel Bijou
info@palazzoguicciardini.com,,,Palazzo Roselli Cecconi
info@palazzorosellicecconi.com,,,Palazzo Roselli Cecconi
info@xeniahc.com,,,Palazzo Roselli Cecconi
info@theframehotel.com,,,Hotel The Frame
info@albergobencidormi.it,,,Albergo Bencidormi
info@aperosarelais.com,,,Ape Rosa Relais
trestanze@yahoo.it,,,The three rooms
info@tregigli.it,,,Tre Gigli Bed & Breakfast Firenze
privacy@numastays.com,,,numa | Vita Apartments
media@numastays.com,,,numa | Vita Apartments
orchideafirenze@gmail.com,,,Locanda Orchidea
franco.venni@gmail.com,,,B&B Bruna
info@hotel-margaret.it,,,Hotel Margaret
email@email.it,,,Hotel Margaret
graziano3@hotmail.com,,,Hotel Margaret
info@mycoderooms.com,,,Coderooms Firenze
soggiornoblivium@gmail.com,,,Affittacamere Shabby
info@ilterrazzinosuboboli.it,,,Il Terrazzino su Boboli
alpafirenze@gmail.com,,,Guest House L'Aranceto
info@relaiscloris.com,,,Relais La Corte di Cloris
booking@hotelfortezza.com,,,Hotel la Fortezza
info@hotelfortezza.com,,,Hotel la Fortezza
info@velonasjungle.com,,,Velona's Jungle Luxury Suites
info@villalariflorence.com,,,Torre dei Lari Residenza d'epoca
info@dellenazioni.it,,,Hotel Delle Nazioni
jdoe@dellenazioni.it,,,Hotel Delle Nazioni
residenzacontedicavour.itresidenzacontedicavour.itinfo@residenzacontedicavour.it,,,Residenza Conte di Cavour & Rooftop
info@iparigi.com,,,I Parigi Corbinelli b&b
bblamarmora39@gmail.com,,,B&B La Marmora 39
info@mosifirenze.com,,,MòSì B&B
bookingdiplomat@c-hotels.it,,,c-hotels Diplomat Firenze
info@latorredelcestello.it,,,La Torre del Cestello
info@numero8firenze.it,,,La Torre del Cestello
anna.zevolini65@gmail.com,,,La Vigna Dolce di Anna
firenzevolini@gmail.com,,,La Vigna Dolce di Anna
info@liliumhotelfirenze.com,,,LILIUM HOTEL - Firenze Centro Storico
info@poggiobellofirenze.com,,,Poggio Bello
info@amaliapartments.it,,,Amalia Suites - Via San Zanobi
info@santambrogiofirenze.com,,,Guest House Santambrogio
staff@aruba.it,,,Guest House Santambrogio
info@dimorabandinelli.com,,,Dimora Bandinelli B&B Firenze
info@ecourbanbb.com,,,Eco Urban B&B
bookingclub@c-hotels.it,,,Hotel Club Florence
hotelanapoli@gmail.com,,,Messori Suites
apaella@gmail.com,,,Messori Suites
hotelselffirenze@gmail.com,,,Messori Suites
info@myguestinflorence.it,,,My Guest in Florence
reservations@parishotel.it,,,Hotel Paris
reservation@parishotel.it,,,Hotel Paris
info@ilgrillodifirenze.it,,,Bed & Breakfast Il Grillo Di Firenze
info@antichearmonie.com,,,Antiche Armonie bed and breakfast Firenze
info@ilgigliorosso.com,,,The Red Lily
info@bellevuehouse.it,,,Bellevue House Affittacamere Professionale
peterson@bedinflorence.it,,,B&B Cassia
info@anticapostafirenze.it,,,Antica Posta - B&B Vicino Stazione di Firenze
info@anticaposta.net,,,Antica Posta - B&B Vicino Stazione di Firenze
graziabellesi@me.com,,,Dimora La Petraia
info@hotelgenesi.it,,,HOTEL GENESI - 2 stelle
info@cosmoshotel.it,,,Hotel Cosmos
welcome@casadelgarbo.it,,,Casa del Garbo - Luxury Rooms & Suite
katie_seay@hilton.com,,,Hilton Garden Inn Florence Novoli
mike.grisetti@hilton.com,,,Hilton Garden Inn Florence Novoli
joe_hirsch@hilton.com,,,Hilton Garden Inn Florence Novoli
info@dolcelunafirenze.com,,,B&B Dolce Luna
locandamosconi@gmail.com,,,Locanda di' Mosconi
info@latorredeisalterelli.it,,,La Torre dei Salterelli
info@artistspalaceflorence.com,,,The Artists' Palace Florence
info@ilmarzocco.com,,,B&B Il Marzocco
info@pensionecanada.com,,,Albergo Canada
info@alfieri9.it,,,Alfieri9
info@eurostarshotels.com,,,Eurostars Florence Boutique
e-marketing@hotusa.com,,,Eurostars Florence Boutique
startraveler@eurostarshotels.com,,,Eurostars Florence Boutique
info@hotellascala.it,,,Hotel la Scala
info@aurumhotels.it,,,Aurum Uffizi
paraelios@aurumhotels.it,,,Aurum Uffizi
duchi@aurumhotels.it,,,Aurum Uffizi
info@florencebandb.com,,,Gianna's B & B
info@residenzaquartieristorici.it,,,Residenza Quartieri Storici Suites Firenze
l.cimino@hotelbrunelleschi.it,,,Hotel Brunelleschi
info.portinari@ldchotels.com,,,Palazzo Portinari Salviati
info.aroma@ldchotels.com,,,Palazzo Portinari Salviati
info.rsu@ldchotels.com,,,Palazzo Portinari Salviati
info@locandadeciompi.it,,,Locanda de 'Ciompi
eventi@hotelcavour.com,,,Grand Hotel Cavour Florence
manager@hotelmachiavelli.it,,,Hotel Machiavelli Palace
welcome@palazzocastri.com,,,Palazzo Castri 1874
aflorenceviewbb@gmail.com,,,A Florence View
info@relaislavagniniflorence.com,,,Relais Lavagnini Florence
info@dimoraaltea.com,,,Alla Dimora Altea
info@ilvillino.it,,,Residenza Il Villino
reservations@ilvillino.it,,,Residenza Il Villino
info@cimatori.it,,,Cimatori B & B
info@florencecomfort.com,,,Florence Comfort B & B
info@soprarnosuites.com,,,SoprArno Suites
info@hotelcamillafirenze.com,,,Hotel Camilla
info@palazzogalletti.it,,,Palazzo Galletti - Florence b & b
info@astridhotelfirenze.com,,,ASTRID HOTEL - Firenze Centro Storico
info@bbfirenzedebiffi.com,,,B & B de 'Biffi
info@duomoviewbb.it,,,Duomo View
vistaduomobb@gmail.com,,,Duomo View
info@residenzavespucci.it,,,Residenza Vespucci
info@casa-alda.it,,,Casa Alda Bed & Breakfast
info@leresidenzeafirenze.it,,,Residenza Benizzi
holidayrooms@libero.it,,,Holiday Rooms florence
info@marignolle.com,,,Marignolle relais & charme
info@la-locandiera.com,,,B&B La Locandiera
info@residenzedepocacollection.com,,,Residenza Historia Luxury Boutique
info@residenzaborgoalbizi.com,,,Residenza Historia Luxury Boutique
info@lasignoriadifirenze.it,,,La Signoria di Firenze
lafonderiafirenzebb@gmail.com,,,La Fonderia Firenze
info@blunottefirenze.com,,,B & B Blu Notte
info@operabeb.it,,,Opera Boutique B&B
info@4fboutiquehotelflorence.com,,,4F Boutique Hotel Florence
0982106info@4fboutiquehotelflorence.com,,,4F Boutique Hotel Florence
book@bbflorencerooms.com,,,Sangaggio House B&B
s.dondi@starhotels.com,,,Starhotels Tuscany
s.afzaal@starhotels.com,,,Starhotels Tuscany
s.sinha@starhotels.com,,,Starhotels Tuscany
info@bbsangallo79.com,,,Residenza San Gallo 79
kurt.barela@bestwestern.com,,,Best Western Plus CHC Florence
john.lanzone@bestwestern.com,,,Best Western Plus CHC Florence
chuck.curran@bestwestern.com,,,Best Western Plus CHC Florence
info@cantodegliaranci.it,,,Canto degli Aranci
info@adastraflorence.com,,,Ad Astra
info@joyhotel.it,,,c-hotels Joy Firenze
effesevens@libero.it,,,BandBFirenze 8 Cittadella 8
info@alconsolato.it,,,B&B Al Consolato
info@conferenceflorentiahotel.com,,,Conference Florentia Hotel
info@sangiulianoinnflorence.com,,,Hotel San Giuliano Inn
info@domusuffizi.com,,,Domus Uffizi
info@kattihouse.com,,,Soggiorno Annamaria
info@hotelsangiovanni.com,,,Hotel San Giovanni
info@bedfirenze.com,,,BBH Firenze Bed and Bed House
info@granduomo.com,,,Granduomo
oredondo@casualhoteles.com,,,Casual Rinascimento Firenze
gurea@casualhoteles.com,,,Casual Rinascimento Firenze
lopd@casualhoteles.com,,,Casual Rinascimento Firenze
info@bebfirenzecentro.it,,,3B Bed & Breakfast Florence Center
info@hbflorence.com,,,Home Boutique Santa Maria Novella
info@casarovai.com,,,B&B Casa Rovai
info@black5florencesuite.it,,,Black 5 Florence Suite
info@crocedimaltaflorence.com,,,Hotel Croce di Malta
info@olivofirenze.it,,,B&B l'Olivo
info@sognandofirenze.it,,,Dreaming Florence Bed & Breakfast
info@lorenasuites.com,,,Lorena Suites & Apartments
info@pontenani.com,,,Residenza Marchesi Pontenani
info@firenze-bedandbreakfast.it,,,Bed & Breakfast il Bargello
info@laresidenzadimichelangelo.com,,,La Residenza di Michelangelo
booking@arshotels.it,,,Hotel Rivoli
info@burchiellobb.com,,,Burchiello b&b
info@lecontesseflorence.com,,,B & B Le Contesse
info@righiinsantacroce.com,,,B&B Righi in Santa Croce
info@lunariasuites.com,,,Lunaria Suites
info@farmholidaylatorricella.it,,,Residenza La Torricella
martin.picard@sonder.com,,,The Sonetto powered by Sonder
daniel.gavigan@sonder.com,,,The Sonetto powered by Sonder
kyle.barrett@sonder.com,,,The Sonetto powered by Sonder
info@hituscany.com,,,Da Giosuè Affittacamere
marinaazzurra@hituscany.com,,,Da Giosuè Affittacamere
ledonzelle@hituscany.com,,,Da Giosuè Affittacamere
info@domuxhome.it,,,Simone's Scala House
info@firenzeprestige.it,,,Donatello Apartments by Firenze Prestige
info@kumbe.it,,,Donatello Apartments by Firenze Prestige
marcellofatucchi@gmail.com,,,Casa Vacanze Fatucchi
info@poggioalventotoscana.it,,,B&B Poggio al Vento
vmorillogiles@gmail.com,,,Agriturismo CasaViVa
info@lalodola.com,,,La Lodola
info@hotelimperatrice.it,,,Hotel L'Imperatrice
info@fonteripa.it,,,Fonte Ripa Resort & Spa
info@sleepbnb.it,,,Sleep BnB
info@ledunedifollonica.it,,,Le Dune
info@leterrazzefollonica.com,,,Residence The Terraces
bb@vialeitalia22.it,,,B&B Viale Italia 22
booking@thesenseresort.it,,,The Sense Experience Resort
info@thesenseresort.it,,,The Sense Experience Resort
prenotazioni@lapinetafollonica.it,,,Hotel la Pineta
bagnopineta@yahoo.it,,,Hotel la Pineta
info@bbfollonica.com,,,B&B Follonica
cristiana@nautilusbbfollonica.it,,,nautilus b&b suite design
nautilus@nautilusbbfollonica.it,,,nautilus b&b suite design
a@nwk.it,,,nautilus b&b suite design
oltremarefollonica@gmail.com,,,Oltremare
info@casamargheritafollonica.it,,,Margaret House Bed and Breakfast
casamargheritafollonica@gmail.com,,,Margaret House Bed and Breakfast
info@casacarlottafollonica.it,,,Affittacamere Casa Carlotta FOLLONICA
e.m.e.shatrolliesat@gmail.com,,,affitta camere casa brajan
info@residenceilsole.com,,,Residence Il Sole
andrea.mazzei@nanonet.it,,,Residence Il Sole
ristorantebellavista@parrinihotel.com,,,Hotel Parrini
info@lalunanelgolfo.it,,,La Luna nel Golfo - Appartamenti a Follonica a 100 metri dal mare
info@hotellidofollonica.com,,,Hotel Lido
acquamarinabeb2018@gmail.com,,,Acquamarina beb
info@hotelgiardino.net,,,Hotel Giardino
info@giardinobeach.it,,,Hotel Giardino
info@hotelletiziafollonica.it,,,Hotel Letizia
info@internododici.it,,,B&B Interno12
info@hotelausonia.it,,,"Hotel Ausonia, Ristorante Spiaggia"
info@hotelboschetto.it,,,The Grove Hotel
info@icinquepini.com,,,I Cinque Pini
info@lampadadialadino.it,,,La Lampada Di Aladino
info@hoteledenfollonica.it,,,Hotel Eden
booking.riva@mirahotels.com,,,Riva Toscana Golf Resort & SPA
info@ibiscusbeach.it,,,Ibiscus Beach Village
info@hotelsabatino.biz,,,HRS HOTEL
info@villasannicola.com,,,B&B Villa San Nicola
info@hotelorchideafollonica.it,,,Albergo Ristorante Orchidea stabilimento baneare
prenotazioni@emporiovacanze.com,,,Appartamenti Oasi
info@borgovalmarina.it,,,Borgo Valmarina
hotelmaida@hotmail.com,,,Hotel Stella & Maida
info@pepenerorelax.com,,,Pepe Nero Relax
info@martinihotelfollonica.it,,,Hotel Martini di Martini Giovanni
info@campingfollonica.it,,,Camping Il Veliero
lacasadibianca.follonica@gmail.com,,,House La Casa Bianca
info@domussocolatae.it,,,Domus Socolatae Residenza D'Epoca Charming B & B
domussocolatae@gmail.com,,,Domus Socolatae Residenza D'Epoca Charming B & B
info@marconi1935.it,,,MARCONI 1935
info@bebilmulino.it,,,B&B Il Mulino
montecuccolohouse@gmail.com,,,Monte Cuccolo House B&B
info@lamarta.it,,,Agriturismo La Marta
info@fontermosa.it,,,Hotel Ristorante Fontermosa
cantinasantalucia@gmail.com,,,Farm Saint Lucia
slagriturismosantalucia@gmail.com,,,Farm Saint Lucia
info@borgovenecca.it,,,Borgo Venecca - Residence Talamone - Hotel Tuscany Sea
mazzei@mazzei.it,,,Castello di Fonterutoli
hospitality@mazzei.it,,,Castello di Fonterutoli
info@mazzei.it,,,Castello di Fonterutoli
hotelradarcarrara@gmail.com,,,Hotel Restaurant Radar
info@raffaellivillaangela.com,,,Hotel Raffaelli Villa Angela
info@hotel1908.com,,,Hotel 1908
info@albergosonia.it,,,Hotel Sonia
info@bbfortedeimarmi.it,,,B&B A Due Passi
info@bagnoumberto.eu,,,B&B A Due Passi
info@albergohermitage.it,,,Hermitage Hotel & Resort
concierge@albergohermitage.it,,,Hermitage Hotel & Resort
frontoffice@augustus-hotel.it,,,Hermitage Hotel & Resort
info@olimpiahotel.it,,,Hotel Olimpia
booking@villaromaimperiale.com,,,Villa Roma Imperiale
info@hotelfranceschi.it,,,Hotel Franceschi – Villa Mimosa
info@forteinn.it,,,Forte Inn
info@resortalforte.com,,,Resort al Forte
direzione@resortalforte.com,,,Resort al Forte
eventi@resortalforte.com,,,Resort al Forte
info@gruppouna.it,,,UNAHOTELS Forte dei Marmi
reservation@gruppouna.it,,,UNAHOTELS Forte dei Marmi
meeting@gruppouna.it,,,UNAHOTELS Forte dei Marmi
info@hotelbelvederefortedeimarmi.com,,,Hotel Belvedere
info@hotelmodernofortedeimarmi.com,,,Hotel Moderno
reservations@themagiccollection.com,,,The Magic Forte Dei Marmi
info@villadiletta.it,,,Villa Diletta B&B
info@albergopiccolohotel.it,,,Piccolo Hotel
cv@principefortedeimarmi.com,,,Hotel Principe
info@principefortedeimarmi.com,,,Hotel Principe
vascellari@principefortedeimarmi.com,,,Hotel Principe
info@hotelreginafortedeimarmi.it,,,Hotel Regina
info@ilraffaellino.it,,,Bed & Breakfast Il Raffaellino
nauturalspa@stmauritiushotel.com,,,Hotel St. Mauritius
direzione@grandhotelimperiale.it,,,Grand Hotel Imperiale
reservations@grandhotelimperiale.it,,,Grand Hotel Imperiale
pvelena@libero.it,,,Pensione Villa Elena
info@hotelelbano.it,,,Hotel Elbano
info@villinolimoni.it,,,B&B Raffaelli Villino Limoni
booking@hotelilnegresco.com,,,Hotel Il Negresco
eventi@hotelilnegresco.com,,,Hotel Il Negresco
reservation@augustus-hotel.it,,,Augustus Hotel & Resort
communication@augustus-hotel.it,,,Augustus Hotel & Resort
info@iltremarino.it,,,Hotel Bellonda
info@albergogradita.it,,,Albergo Villa Gradita
info@hotel-nautilus.com,,,Hotel Nautilus
info@hotelacapulco.it,,,Hotel Acapulco 4 Stars
reservation.logos@jr-hotels.com,,,JR Resort Logos Forte dei Marmi
reservation.gate7@jr-hotels.com,,,JR Resort Logos Forte dei Marmi
frontoffice.gate7@jr-hotels.com,,,JR Resort Logos Forte dei Marmi
bookingrandhotel@bluhotels.it,,,Grand Hotel
info@laprimulahotel.it,,,Hotel La Primula
info@villagrey.it,,,Villa Grey
info@hotelmiramontiforte.com,,,Hotel Miramonti
direttore@hotelgoya.it,,,Hotel Goya
fieradinatalefortedeimarmi@gmail.com,,,Hotel la Pineta Al Mare
info@mercurioviareggio.com,,,Hotel la Pineta Al Mare
info@bbortensia.it,,,B & B Ortensia
info@etruriahotel.it,,,Hotel Etruria Forte dei Marmi
info@hotelbijou.it,,,Hotel Bijou
info@raffaelliparkhotel.it,,,Raffaelli Park Hotel
info@laserenahotel.it,,,La Serena Hotel Forte Dei Marmi
info@relaisdialice.it,,,Alice Relais
relaisdialice@yahoo.it,,,Alice Relais
galatia@edge.com,,,Mignon
webcat@italiancase.com,,,Villa Nannini
gestore@lestellesulmare.com,,,"B & B ""Le Stelle sul Mare"""
info@cabianca.toscana.it,,,Ca' Bianca Bed & Breakfast
email@yoursite.com,,,Terra D’Incanto
elifood.hotel@gmail.com,,,Hotel La Pietra
support@booked.net,,,B&B Il Girasole
info@castellodifosdinovo.it,,,Castello Malaspina
email@dominio.it,,,B&B Casa Gregori
enq@love-tuscany.com,,,Le Casine
info@villamariaonline.com,,,Villa Maria di Bandecchi Simone
info@locandalequerce.com,,,B&B Country House Locanda Le Querce
paxismith@libero.it,,,Bed & Breakfast Ca' Giorgetto Frontino
info@roccadeimalatesta.it,,,Hotel Ristorante La Rocca dei Malatesta
info@roccadeimalatesta.com,,,Hotel Ristorante La Rocca dei Malatesta
st.sacchi@gmail.com,,,The Furnace of San Galgano
info@lecasedisonia.com,,,"LE CASE DI SONIA ""TRE GEMME B&B"""
info@lastregattabeb.it,,,B&B La Stregatta
info@bnbcasalisa.it,,,B&B Casalisa
info@borgonuovohousing.com,,,Borgo Nuovo Housing
info@lacampagnolahotel.com,,,Hotel La Campagnola
lorenzocalucci@hotmail.com,,,La casa di Agata
c.calucci@libero.it,,,La casa di Agata
info@affittacamereilpoggio.it,,,Affittacamere Il Poggio
info@hotelcorteantica.it,,,Corte Antica
lapostagaggio@gmail.com,,,Antica Locanda La Posta
info@albergolachiocciola.it,,,Albergo La Chiocciola
info@cavarchino.it,,,Cavarchino B&B
info@eroicochianti.it,,,L' Eroico
info@podereilcolto.it,,,B&B Podere Il Colto
anticherime@gmail.com,,,B&B Antiche Rime
info@paradisoinchianti.it,,,Paradiso in Chianti
info@eroiciinmoto.it,,,Paradiso in Chianti
info@spaltenna.it,,,Castello di Spaltenna
sienainfo@spaltenna.it,,,Castello di Spaltenna
egokhangonul-egokhangonul@hotmail.com,,,Tenuta di San Giusto
direzione@lepozzedilecchi.it,,,Hotel Relais Le Pozze di Lecchi
barone@ricasoli.it,,,BROLIO AGRIROOM
shop@ricasoli.it,,,BROLIO AGRIROOM
info@castellidelchianti.it,,,Castelli del Chianti - Affittacamere
info@sofiavillas.com,,,Boutique Relais Villa Sofia wellness center Jacuzzi®
info@borgoargenina.it,,,Pieve Marsina & Borgo Argenina
info@castellomeleto.it,,,Meleto Castle
booking@castellomeleto.it,,,Meleto Castle
enoteca@castellomeleto.it,,,Meleto Castle
info@lacortedelchianti.it,,,La Corte del Chianti
info@hotelbelvedere.eu,,,Hotel Belvedere
dapratochiara@gmail.com,,,In Castello
eliseo@eliseo.info,,,RISTORANTE ELISEO Bed & Breakfast
booking@relaisvillabianca.it,,,Relais Villa Bianca
agriturismovaianino@gmail.com,,,Agriturismo Vaianino
info@area52park.com,,,Agriturismo Vaianino
info@ildefizio.it,,,Il Defizio
emanuela@agricolatamburini.it,,,Il Defizio
information@libertyrent.it,,,Il Defizio
info@villadellacertosa.it,,,Villa Della Certosa
info@olmoagriturismogambassi.it,,,L'Olmo Agriturismo Gambassi Terme (FI)
info@agriturismogirasole.it,,,Agriturismo Girasole
info@renaiemonte.com,,,Monte - Agriturismo Renai e Monte
ristorante@tenutasantilario.it,,,Tenuta Sant'Ilario
booking@tenutasantilario.it,,,Tenuta Sant'Ilario
info@poggioaigrilli.it,,,Agriturismo Poggio ai Grilli
info@anticocasalerodilosso.it,,,Villa Montignoso
turismo@comune.montaione.fi.it,,,Villa Montignoso
info@gargonza.it,,,Castello di Gargonza
info@cadimartino.com,,,Ca' di Martino
info@gavillaccio.it,,,Residence Il Gavillaccio
arcipelago@gavillaccio.it,,,Residence Il Gavillaccio
info@hotelgiardini.it,,,Albergo Ristorante Giardini
info@bb-aurora.it,,,B&B Aurora
info@fattoriadipietra.com,,,Agriturismo Bio Fattoria di Pietra - Locanda Lenta Ristorante - KM0
reception@ilpelagone.com,,,Il Pelagone Hotel & Golf Resort
sales@ilpelagone.com,,,Il Pelagone Hotel & Golf Resort
fabrizio0188@gmail.com,,,Tonini House
info@casacontidisotto.it,,,Casa Conti di Sotto
casacontidisotto@yahoo.it,,,Casa Conti di Sotto
info@agriturismogiualpozzo.it,,,Agriturismo Giù al Pozzo - Nuova realizzazione 2022 - Ristorante Tipico Maremmano
booking@picchiodellatinaia.it,,,Picchio Della Tinaia
info@ladimoradelbassotto.it,,,La Dimora Del Bassotto
info@anticadimorapisa.it,,,Bed & Breakfast Antica Dimora
info@sleepandride.it,,,Sleep and Ride
info@tenutadighizzanoresort.it,,,BB Gli Aristogatti
info@bbonthebeach.it,,,B & B On The Beach
info@argentariocampingvillage.com,,,Argentario Camping Village
info@gitavillage.com,,,Argentario Camping Village
info@albergodagiovanni.com,,,Albergo da Giovanni
info@lepostedisimplicio.it,,,Le poste di Simplicio
casagiovannagiglio@gmail.com,,,B&B Casa Giovanna
info@albergoisoladelgiglio.com,,,Hotel P.Fanciulli Bahamas and c.snc
hotelbahamas@gigapec.it,,,Hotel P.Fanciulli Bahamas and c.snc
lapergoladidemo17@libero.it,,,Albergo la Pergola di Demo
bblavelaisoladelgiglio@gmail.com,,,B&B La Vela
reservations@laguardiahotel.it,,,LA GUARDIA Hotel
info@laguardiahotel.it,,,LA GUARDIA Hotel
amministrazione@borgosantippolito.it,,,Borgo Sant'Ippolito Ginestra Fiorentina
info@bnbginestra.it,,,B&B Ginestra
info@dalbrillante.com,,,B&B DAL BRILLANTE
info@albergoruggeri.it,,,Albergo Ruggeri
albergristruggeri@libero.it,,,Albergo Ruggeri
sandra.rugali@gmail.com,,,Hotel Lo Scozzese
hotel128003@wearehotels.top,,,La Perazzeta Una Finestra sul Lago
info@anticocorniolo.it,,,Antico Corniolo
info@elisirdamor.com,,,Castello dell'Aquila
boris.bragalli@gmail.com,,,B&B La Presa
info@iduecipressi.com,,,b&b i due cipressi
info@medicivilla.com,,,Medici Villa of Lilliano Wine Estate
visite@malenchini.it,,,Medici Villa of Lilliano Wine Estate
info@malenchini.it,,,Medici Villa of Lilliano Wine Estate
info@castellodimontegonzi.com,,,Castello di Montegonzi
fabrizio.troni@gmail.com,,,Castello di Montegonzi
info@nellapiazza.it,,,Nella Piazza bed and breakfast
info@granoelavanda.com,,,b&b grano e lavanda
casa@casabenincasachianti.com,,,Casa Benincasa Chianti
casabenincasa@gmail.com,,,Casa Benincasa Chianti
casagioietta@gmail.com,,,Villa Gioietta
info@laveronicaresort.com,,,La Veronica Resort
info@ilcielobio-chianti.com,,,B&B Il Cielo Bio
selvabellainchianti@gmail.com,,,Selvabella in Chianti
info@casaalchianti.it,,,Casa al Chianti
info@ilcolto.it,,,D&D Il Colto Agriturismo
info@chiantirooms.it,,,"Chiantirooms Affittacamere Greve in Chianti (FI), B&B Greve in Chianti (FI)"
info@animafranca.it,,,Anima Franca Bed and breakfast
info@lionforti.com,,,Lionforti Da Vico
luciano@albergoverrazzano.it,,,Albergo Ristorante Giovanni da Verrazzano
rossella@albergoverrazzano.it,,,Albergo Ristorante Giovanni da Verrazzano
mail@casamezzomonte.com,,,Mezzomonte
flaminia.cipriani@gmail.com,,,Mezzomonte
info@ancoradelchianti.it,,,Ancora del Chianti B&B
info@borgodelcabreo.it,,,Borgo Del Cabreo
info@pietradelcabreo.it,,,Borgo Del Cabreo
folonari@tenutefolonari.com,,,Borgo Del Cabreo
lacamporena@gmail.com,,,Farmhouse La Camporena
decimochianti@gmail.com,,,B&B Casa Decimo
info@lecetinelle.it,,,B&B Le Cetinelle Greve in Chianti 3355
anticopastificioum@gmail.com,,,Antico Pastificio Ulisse Mariotti srl
anticopastificioum@alice.it,,,Antico Pastificio Ulisse Mariotti srl
info@rignana.it,,,Fattoria e Villa di Rignana
villa@rignana.it,,,Fattoria e Villa di Rignana
shop@rignana.it,,,Fattoria e Villa di Rignana
contatti@casalelemasse.it,,,B & B Casale Le Masse - Greve in Chianti
sauro-gori@alice.it,,,B&B Casa Gori
sferreira@anticoborgodellerose.com,,,Antico Borgo delle Rose
casadonella.bnb@gmail.com,,,Casa Donella B&B
info@ilboscodeicervi.it,,,B&B Il Bosco dei Cervi
mail@amohahotelcattolica.com,,,6Stanco Affittacamere e Ville
info@locandafienilidelcampiaro.it,,,Locanda dei Fienili del Campiaro
info@hotelmaremma.it,,,Maremma
info@granciaglamping.it,,,Grancia Glamping
info@aiadicarinda.it,,,L' aia di Carinda R.T.A.
info@alsognalibro.it,,,At Sognalibro B & B
info@alberesevacanze.it,,,Alberese Vacanze
info@hotelnuovagrosseto.com,,,Hotel Nuova Grosseto
info@athomeinmaremma.it,,,At Home in Maremma
info@agriturismosalcino.it,,,Agriturismo Salcino
info@fattoriasanlorenzo.it,,,Fattoria San Lorenzo
ristorantecasaliviagr@gmail.com,,,Fattoria San Lorenzo
info@latortorella.com,,,Agriturismo La Tortorella
info@il-rustico.it,,,Farmhouse Il Rustico
sanluigi@poderecernaia.it,,,Farmhouse San Luigi
info@hotelicrespi.it,,,Hotel I Crespi
booking@hotelbastiani.com,,,Grand Hotel Bastiani
privacy@hotelbastiani.com,,,Grand Hotel Bastiani
barbaruta.rta@gmail.com,,,Barbaruta Residenza Turistico Alberghiera
info@agriturismo-larondine.com,,,Farmhouse La Rondine
info@agriturismo-larondine.it,,,Farmhouse La Rondine
mice@fattorialaprincipina.it,,,Fattoria La Principina Hotel & Congress
400380info@fattorialaprincipina.it,,,Fattoria La Principina Hotel & Congress
info@residenceiltombolo.it,,,Residence Il Tombolo
agriturismo@podere109.it,,,Agriturismo Bio Podere 109 - Vicino al Parco della Maremma
info@carpine.eu,,,Carpine Agriturismo Bio in Maremma
info@poderecurtatone.it,,,Podere Curtatone
info@lemarze.it,,,Gitavillage Le Marze
warmupgrosseto@gmail.com,,,B&B Warm Up Grosseto
buonavistaagriturismo0@gmail.com,,,Agriturismo Buonavista - Vicino al Parco dell'Uccellina
luciana@agriturismolameridiana.info,,,Farmhouse La Meridiana
info@albergoluisss.com,,,Albergo Luisss
luisss@virgilio.it,,,Albergo Luisss
info@verdepineta.it,,,Residence Verde Pineta
info@illeccio.it,,,Farmhouse Il Leccio
ac.lemura@libero.it,,,B&B Le Mura
legalere@maremmaresidence.com,,,Residence La Canova - Maremma Residence
montoto@maremmaresidence.com,,,Residence La Canova - Maremma Residence
cernaia@maremmaresidence.com,,,Residence La Canova - Maremma Residence
privacy@agriturismopiandelgrano.it,,,Nadir Abi Nassif
hotel128006@wearehotels.top,,,108 b&b
info@a2passidallago.com,,,A 2 Passi Dal Lago
info@residenceilparadiso.it,,,Residence Ristorante Il Paradiso
info@ilborgocv.it,,,Il Borgo
paola@tenutaricrio.it,,,Villa Bacio
info@tenutaricrio.it,,,Villa Bacio
info@pinzagrilli.it,,,B&B Il Sogno Del Pinzagrilli
pinzagrilli@libero.it,,,B&B Il Sogno Del Pinzagrilli
info@agriturismocheloni.com,,,Agriturismo Cheloni
info@agriturismocinuzza.it,,,Agriturismo Cinuzza
info@lapoderinadeipoggi.com,,,La Poderina Dei Poggi
info@borgodeiricci.com,,,Farm residence Borgo De 'Ricci Impruneta
info@laborraina.it,,,B&B la Borraina
riccardo@laborraina.it,,,B&B la Borraina
info@claudiomazzoni.it,,,B&B la Borraina
info@fortehospitality.it,,,Villa Castiglione Hotel & Ristorante
booking@agriturismozanzara.it,,,Villa Castiglione Hotel & Ristorante
info@residenceilconnubio.com,,,Di Benedetta Bianchi B&B
info@inalbi.it,,,Agriturismo Inalbi
reservation@villacesiresort.com,,,Hotel Villa Cesi
info@villacesiresort.com,,,Hotel Villa Cesi
info@villa-ambrosina.com,,,Hotel Villa Ambrosina
villa-ambrosina@ambrogiopec.com,,,Hotel Villa Ambrosina
info@bellavistaimpruneta.it,,,Hotel Bellavista Impruneta
iviticci@gmail.com,,,Agriturismo i Viticci
info@relaisvillaolmo.com,,,Relais Villa Olmo
info@villalecolline.com,,,Villa Hills
info@bnblazolla.com,,,B&B La Zolla
agnesescapicchi@gmail.com,,,La Casa Gialla
info@villaicipressi.it,,,"Villa ""I Cipressi"""
info@castellodicafaggio.com,,,Castello di Cafaggio
info@poderescaluccia.it,,,PODERE SCALUCCIA Agriturismo
camereairone@hotmail.it,,,Heron Bed & Breakfast
info@affittacamereisoladelgiglio.it,,,"Landini Angelo: Affittacamere Isola del Giglio, Castello"
faber51@hotmail.it,,,La Rosada affittacamere
asiamel76@gmail.com,,,Hotel Saraceno
parcheggio.fanciulligianni@gmail.com,,,Hotel Saraceno
appartamenti@hotelcastellomonticello.com,,,Hotel Castello Monticello
info@hotelcastellomonticello.it,,,Hotel Castello Monticello
info@farodipuntafenaio.it,,,Resort Faro di Punta Fenaio - Isola del Giglio
info@dasauro.it,,,Albergo Ristorante da Sauro
info@lagodarte.com,,,Albergo Ristorante da Sauro
info@airport.umbria.it,,,Albergo Ristorante da Sauro
infoisolasanta@libero.it,,,Antico Borgo Di Isola Santa
info@poggiocavallo.com,,,Agriturismo Tenuta di Poggio Cavallo
info@poggiocavallo.it,,,Agriturismo Tenuta di Poggio Cavallo
rivagiotti@poggiocavallo.it,,,Agriturismo Tenuta di Poggio Cavallo
ciao@lacasinadiparrana.com,,,B & B cottage Parrana
prenota@lacasinadiparrana.com,,,B & B cottage Parrana
info@lafoce.com,,,B&B Palazzolo La Foce
info@ilcarpignone.it,,,Il Carpignone
info@gliolivi.it,,,Bed&Breakfast gli Olivi
anticatoscana@gmail.com,,,Il Laboratorio delle Fate
aviotelsrl@aviotel.it,,,Aviotel Residence Hotel
info@casalecardini.com,,,Casale Cardini
scrivi@bbcinqueterre.it,,,Guest House Erika
erika@bbcinqueterre.it,,,Guest House Erika
contattascrivi@bbcinqueterre.it,,,Guest House Erika
info@cinqueterredamare.com,,,La Casa dei Treni: Comfort & Design Rooms
info@cinqueterredamare.com.com,,,La Casa dei Treni: Comfort & Design Rooms
laura.malatesta@outlook.it,,,Levante Blu
info@lacasadelleacciughe.it,,,Affittacamere La Casa delle Acciughe
privacy@cedraltassoni.it,,,Affittacamere La Casa delle Acciughe
spaziocinemailnuovo@gmail.com,,,Monteverdi Resort
info@affittacameregolfoecinqueterre.it,,,Affittacamere del Golfo e delle Cinque Terre
info@hotelghironi.it,,,Hotel Ghironi
rooms@apprododellammiraglio.it,,,L'Approdo Dell'Ammiraglio
vicolocorto1@gmail.com,,,Vicolocorto Affittacamere
donfa.spezia@gmail.com,,,Casa per ferie San Giovanni Bosco
turismo@comune.sp.it,,,Casa per ferie San Giovanni Bosco
iat_spezia@provincia.sp.it,,,Casa per ferie San Giovanni Bosco
laura@hotelfirenzecontinentale.it,,,Hotel Firenze e Continentale
info@hotelfirenzecontinentale.it,,,Hotel Firenze e Continentale
info@villettadelgolfo.com,,,La Villetta del Golfo
info@leveneridelgolfo.it,,,Le Veneri del Golfo
info@lungomarespezia.it,,,Lungomare Rooms and Charme
barbaratuvo77@gmail.com,,,A Nanna Da Matilde
reception@casadane.it,,,Affittacamere Casa Danè
info@casadane.it,,,Affittacamere Casa Danè
info@affittacameremargherita.it,,,Affittacamere Margherita
seapearl.luxuryrooms@gmail.com,,,Sea Pearl Luxury Rooms Affittacamere
info@laterrazzadelgolfo.it,,,La Terrazza del Golfo Affittacamere
info@residenzaviani.com,,,Residenza Viani Guest House
info@hotelmary.it,,,Hotel Mary
info@quietnightlaspezia.it,,,Quiet Night Affittacamere La Spezia
hotel89929@wearehotels.top,,,Villino Isò
alfonsoosolemio@gmail.com,,,Affittacamere O'Sole Mio 2 La Spezia
spalfonsoosolemio@gmail.com,,,Affittacamere O'Sole Mio 2 La Spezia
info@golfodellaluna.it,,,Rooms Gulf of the Moon - La Spezia
info@golfodellaluna.com,,,Rooms Gulf of the Moon - La Spezia
info@lafinestrasulgolfo.it,,,B&B La Finestra sul Golfo
info@saporedimare5terre.it,,,Sapore di mare 5 terre Affittacamere
nfo@saporedimare5terre.it,,,Sapore di mare 5 terre Affittacamere
info@vittorioveneto126.it,,,VittorioVeneto126
info@affittacamereaeg.it,,,A&G affittacamere
gliamicidicarlabeb@gmail.com,,,Gli Amici di Carla
booking.superior@affittacameregolfoecinqueterre.it,,,Affittacamere Superior Golfo e 5 Terre
roelviosmani@hotmail.com,,,Affittacamere Elvi
info@affittacamereeverest.it,,,Affittacamere Everest
info@hotelcorallospezia.com,,,Hotel Corallo
info@digiside.it,,,Hotel Corallo
rosy.107@virgilio.it,,,Affittacamere Rosy
procasadue.zero@gmail.com,,,Affittacamere il Viaggiatore
info@mira-mare.com,,,Mira-Mare
info@fideliorooms.it,,,Fidelio Affittacamere
info@affittacamerelefarfalle.it,,,Affittacamere Le Farfalle
info@albergobirillo.it,,,Hotel Birillo - La Spezia - Italy
info@affittacamerealtamarea.it,,,Affittacamere Altamarea
info@affittacamereangel2.it,,,Affittacamere Angel 2
info@nellirooms.it,,,Nelli Rooms Via Veneto
info@glamresort.it,,,Glam Resort Ghostel
le5terrelaspezia@gmail.com,,,Le 5 Terre La Spezia
le5camere@gmail.com,,,Le 5 Terre La Spezia
reception@affittacamerelunamar.com,,,Affittacamere Lunamar
info@approdo36.it,,,Affittacamere Approdo 36
info@foresteriadelpescatore.com,,,Affittacamere Foresteria del Pescatore
privacy@larosadelgolfodeipoeti.eu,,,La Rosa del Golfo dei Poeti
info@civico69affittacamere.it,,,Civico 69 affittacamere
prenotazioni@civico69affittacamere.it,,,Civico 69 affittacamere
info@aut-aut.eu,,,Luna Blu
info@lunablusp.it,,,Luna Blu
info@santannahostel.it,,,Luna Blu
info@cinqueterregateway.com,,,Cinque Terre Gateway
info@raccontidimare5terre.com,,,Racconti di Mare - 5 Terre
info@albergodellespezie.com,,,Albergo delle Spezie
info@lecamerediteo.it,,,Le Camere di Teo
info@affittacamereatmosfere.it,,,Atmosfere Guest House - Cinque Terre e La Spezia
info@costaestate.it,,,Via Chiodo Luxury Rooms
info@lalineadacquasp.com,,,La Linea d'Acqua affittacamere
antonio@albergoteatro.it,,,Albergo Teatro
info@viadelle5terre.it,,,Affittacamere Via delle 5 Terre
affittacamere5borgate@gmail.com,,,Affittacamere 5 Borgate
reservation@thefirstluxury.com,,,The First - Luxury Rooms & Suites
laspezia@hotelcdh.com,,,CDH Hotel La Spezia
info@bbsopranos.it,,,Bed & Breakfast Sopranos
affittacamerelapiccolalady@gmail.com,,,La Piccola Lady
info@lalbatros.com,,,Affittacamere L'Albatros
info@meneghiniweb.it,,,Affittacamere L'Albatros
prenotazioni@maremmanobnb.com,,,Maremmano B&B
booking@chiantinelle.it,,,La Chiantinelle Guesthouse
andrea@mhateriarelais.it,,,MHATERIA RELAIS
booking@hotellacona.com,,,Uappala Hotel Lacona
info@hotellacona.com,,,Uappala Hotel Lacona
info@hotelcapodistella.it,,,Hotel Capo Di Stella Capoliveri 3 Stars
info@ilgrecalebnb.it,,,Il Grecale Bnb
info@residenceilmandorlo.it,,,Residence Il Mandorlo
info@minihotelelba.it,,,Residence Mini Hotel - Residenza Alberghiera e Appartamenti Vacanza
info@albergosterlina.com,,,Albergo Sterlina
sabrina.weiss73@gmail.com,,,Chalet Leonard House in the wood
info@biofattoriacadpignat.it,,,Ca’ d’Pignat | Home Resturant | Organic Farm | B&B | Ospitalità con la O maiuscola
biofattoriacadpignat@gmail.com,,,Ca’ d’Pignat | Home Resturant | Organic Farm | B&B | Ospitalità con la O maiuscola
info@adelgunde.com,,,Ca’ d’Pignat | Home Resturant | Organic Farm | B&B | Ospitalità con la O maiuscola
info@albergoconcadoro.com,,,Albergo Ristorante Conca D'oro
info@campolungo.ch,,,CampoLungo
11info@campolungo.ch,,,CampoLungo
stella@valdericarte.com,,,ValdericArte creative residence
info@montihotel.com,,,Hotel Monti
info@casorelle.com,,,Farmhouse Borgo Casorelle
reception@casorelle.com,,,Farmhouse Borgo Casorelle
info@anticomasetto.it,,,Hotel Antico Masetto
direzione@anticomasetto.it,,,Hotel Antico Masetto
ifo@anticomasetto.it,,,Hotel Antico Masetto
info@ilborghettodiandreatafi.it,,,Il Borghetto Andrea Tafi
info@ilpoderedellanonna.it,,,Il Podere della Nonna
info@agriturismotoscanacasaitalia.com,,,Farm House Italy - Farm House Italy
info@tastingtuscany.it,,,Hotel CastelMartini
info@valdirose.com,,,Valdirose
info@cascinadefagiolari.it,,,Cascina Dè Fagiolari Bed and Breakfast
prenotazioni@cascinadefagiolari.it,,,Cascina Dè Fagiolari Bed and Breakfast
ristorante@cascinadefagiolari.it,,,Cascina Dè Fagiolari Bed and Breakfast
info.bedandcar@gmail.com,,,Lastra Bed & Car
info@lavalledianna.com,,,La Valle Di Anna
dameditoscana@gmail.com,,,Dame di Toscana
agriturismo.cupoli@gmail.com,,,Farm Villani - Poderi Nesti and Cupoli
info@ipiaggioni.it,,,B&B I PIAGGIONI
info@azzurrebeb.it,,,B&B Azzurre
noreply@blogger.com,,,Il Crinale Holiday House
ilcasolarebioenergetico@virgilio.it,,,Il Casolare Bioenergetico
madreterraalbareto@virgilio.it,,,Il Casolare Bioenergetico
madreterralbareto@virgilio.it,,,Il Casolare Bioenergetico
info@weloveabetone.it,,,Pensione Ristorante Noemi
default@osm.org,,,Pensione Ristorante Noemi
otticagufoni@live.it,,,Pensione Ristorante Noemi
info@hotelvedute.net,,,HOTEL VEDUTE
booking@villalecchi.com,,,Villa Lecchi Hotel Wellness & Tuscan Retreats
ristorante@villalecchi.com,,,Villa Lecchi Hotel Wellness & Tuscan Retreats
villalecchi@pecconfesercentisi.it,,,Villa Lecchi Hotel Wellness & Tuscan Retreats
info@iremiadimorediffuse.it,,,Casa Barbara - Iremia Dimore Diffuse
albergo.nettuno@libero.it,,,Hotel Nettuno
info@casaledelsolelerici.it,,,Casale Del Sole
info@hotelshelley.it,,,Hotel Shelley e delle Palme
hstellamarinalerici@gmail.com,,,Hotel Stella Marina
hstellamarina@libero.it,,,Hotel Stella Marina
info@camerabellavista.it,,,Camera Bellavista
info@almolo.it,,,Al Molo Sea View Rooms
stay@bellevue.com,,,Al Molo Sea View Rooms
info@hotelflorida.it,,,Hotel Florida Lerici
kellrose@ilecsi.com,,,B&B I Lecci - Affittacamere
info@europahotel.it,,,Europa Grand Hotel - Lerici
luigipini@doriahotels.com,,,Europa Grand Hotel - Lerici
francescoilliano@doriahotels.com,,,Europa Grand Hotel - Lerici
info@albergoserena.net,,,Albergo Serena -
info@hotelitalialerici.it,,,Hotel Italia
gicoruz@libero.it,,,Alla Casa del Monte
info@hotelrosadeiventi.it,,,Hotel Rosa dei Venti
direzione@doriaparkhotel.it,,,Doria Park Hotel
info@doriaparkhotel.it,,,Doria Park Hotel
ristorante@doriahotels.com,,,Doria Park Hotel
info@locandailsenatore.com,,,Locanda Il Senatore
info@hotelvenereazzurra.com,,,Hotel Venere Azzurra
info@lacameliabiancabb.com,,,La Camelia Bianca B&B
info@lamusa.it,,,La Musa
info@hoteldelgolfo.com,,,Hotel del Golfo Lerici
info@hotelnido.com,,,Hotel il Nido
prenotazioni@hotelnido.com,,,Hotel il Nido
info@miramaretellaro.com,,,Albergo Miramare Ristorante
info@velamicaresort.it,,,Velamica Resort B&B Lerici
info@ocaneranest.it,,,Oca Nera - B&B
bblerici@allizzo.it,,,Bed & Breakfast Al Lizzo
zabodorio@hotmail.it,,,Villa Thea B&B Lerici - Il Golfo Artisti e Poeti
info@baiablurta.com,,,BAIA BLU RTA
info@locandamiranda.com,,,Locanda Miranda
info@hoteldellido.it,,,Piccolo Hotel del Lido
info@bblericimare.it,,,B&B Lerici al Mare
info@torrettasanrocco.com,,,Torretta San Rocco Luxury Suite
lasosta@lasosta.com,,,La Sosta di Ottone III
reception@lasosta.com,,,La Sosta di Ottone III
info@levantoshuttleservice.it,,,La Sosta di Ottone III
info@costamorroni.com,,,Resort Costa Morroni - Levanto - Cinque Terre
info@angiolinasfarm.com,,,Angiolina's Farm
angiolinafarms@gmail.com,,,Angiolina's Farm
info@ilpicchioverde.com,,,Farmhouse Il Picchio Verde
ilpoderetto.info@gmail.com,,,Agriturismo Il Poderetto
info@palazzodelduca.it,,,Palazzo del Duca
info@hotelsirena.net,,,Hotel Sirena
info@hotel-smeraldodilinari.it,,,Hotel Smeraldo
info.lemidi@gmail.com,,,LE MIDI VERSILIA
catering@grandhotelriviera.it,,,GRAND HOTEL & RIVIERA
info@hotelapalma.it,,,Hotel La Palma
info@hotelbracciotti.com,,,Hotel Bracciotti
booking@hotelbracciotti.com,,,Hotel Bracciotti
info@hotelpinetamare.net,,,Hotel Pineta Mare
teatrodeiservi@comune.massa.ms.it,,,Hotel Pineta Mare
info@florentiahotel.it,,,Florentia Hotel
info@hotelnuovotirreno.com,,,Hotel Nuovo Tirreno
info@lidoinnhotel.it,,,Hotel Lido Inn
info@parkhotelversilia.it,,,Park Hotel
info@villalibertyversilia.it,,,Hotel Moranna
paypal@hoteleur.it,,,Hotel Eur
info@laurin-hotel.com,,,Hotel Laurin
iinfo@hotelcapriversilia.com,,,Hotel Capri
booking@villaariston.it,,,Park Hotel Villa Ariston
info@hotellungomareversilia.com,,,Hotel Lungomare
info@reginahotelversilia.it,,,Hotel Regina
ingo@reginahotelversilia.it,,,Hotel Regina
info@hotelmontecarloversilia.it,,,Hotel Montecarlo
info@hoteleuropaversilia.com,,,Hotel Europa
lalocandadigioele@gmail.com,,,La locanda di Gioele
info@poderevecchiacommenda.com,,,La locanda di Gioele
info@hotelmilaniversilia.it,,,Hotel Milani
info@hotelbiagi.com,,,Hotel Biagi
info@hotelliu.it,,,Hotel Liù
info@hotelpuccinelli.it,,,Hotel Puccinelli
info@hotelversilia.com,,,Hotel Versilia
info@residenceannarosa.it,,,Residence Anna Rosa
info@hotelgiardinolidodicamaiore.com,,,Hotel Giardino
info@hotelgiusy.it,,,Hotel Giusy
info@hotelornellalidodicamaiore.it,,,Hotel Ornella Alessio Vannucci
info@ptithotel.com,,,Petit Hotel
info@villacapitorsola.it,,,Villa Capitorsola
info@tirrenoferries.it,,,Villa Capitorsola
info@ilrifugiodellaquila.com,,,Il Rifugio Dell'aquila
info@lacasadizefiro.it,,,La Casa di Zefiro
info@hotelmythosmilano.com,,,La Casa di Zefiro
villapia@villapia.com,,,Villa Pia
janehaughton27@gmail.com,,,Villa Pia
mohamed.aboelhassan@reschio.com,,,Hotel Castello di Reschio
pelagatti.mariangela@gmail.com,,,Casa Accogliente Livorno
villa.liburnia@yahoo.it,,,Villa Liburnia Bed and Breakfast
ristorante@granduca.it,,,Gran Duca Hotel
info@bblivorno.com,,,B&B Metropolis
affittacamereilporto2016@gmail.com,,,AFFITTACAMERE IL PORTO
info@bbricci.it,,,B&B Ricci
casamascagnilivorno@gmail.com,,,"Casa Mascagni, Art Guest House Livorno"
info@hotiday.it,,,Hotiday Hotel Livorno
isabella@bbvillaeugenia.com,,,Villa Eugenia
cherimoi@tiscali.it,,,Villa Eugenia
info@butterflylivorno.it,,,B & B Butterfly
piacentinosara@livornopec.it,,,B & B Butterfly
info@livornohoteluniversal.com,,,Hotel Universal
info@lavilladeidestiniincrociati.it,,,VILLA ANSELMI
segreteria@arteindiretta.it,,,VILLA ANSELMI
hello@agaveflowers.it,,,Agave in Città
podere@agaveflowers.it,,,Agave in Città
incentrale@agaveflowers.it,,,Agave in Città
info@suitelivorno.it,,,Marilia Tuscany Suites Apartments
fondiariasaffi@lamiapec.it,,,Marilia Tuscany Suites Apartments
info@hoteleuropalivorno.it,,,Hotel Europa Parking
piccolonavy@hotelnavy.it,,,Hotel Navy
residencefrenzio@aol.it,,,Albergo Frenzio Bar/Ristorante
info@parcodelmulino.it,,,B&B Parco del Mulino
b@parcodelmulino.it,,,B&B Parco del Mulino
ristocamoro@parcodelmulino.it,,,B&B Parco del Mulino
info@parkinghotelgiardino.com,,,Parking Hotel Giardino
ledabnblivorno@gmail.com,,,Leda B&B
info@latorrettabedandbreakfast.com,,,B & B La Torretta
ricevimento@ghpalazzo.it,,,Grand Hotel Palazzo - Livorno
info@miramare.me,,,Miramare - Village Apartments Camping
info@alberghionline.biz,,,Hotel Amico Fritz
info@dalindalivorno.it,,,Da Linda
paradiseinnlivorno@gmail.com,,,PARADISE INN
cavourlivorno@gmail.com,,,Hotel Cavour Livorno
casagrande@casagrandelivorno.it,,,CASAGRANDE - GUEST HOUSE
nappo@iol.it,,,Hotel Ristorante Nappini
info@borgopianello.eu,,,Borgo Pianello
info@lefrascare.it,,,B&B Le Frascare
cagabrielli@libero.it,,,Agriturismo Cà Gabrielli
info@villafedora.it,,,Residence Villa Fedora
info@piccolohoteltanamalia.it,,,Albergo Piccolo Hotel Tanamalia
info@hotelmontepizzo.it,,,Hotel Montepizzo
info@hotelilfondaccio.it,,,Hotel Il Fondaccio
morena_bernardi@alice.it,,,Hotel Il Fondaccio
info@hotelmiravalle2000.it,,,Hotel Miravalle 2000
hotelappennino@libero.it,,,Hotel Appennino
info.cadilucca@gmail.com,,,Cà di Lucca
info@guadaluperesort.it,,,Guadalupe Tuscany Resort
eventsguadalupe@guadaluperesort.it,,,Guadalupe Tuscany Resort
info@tuscanyhouseofartist.com,,,Tuscany house of Artist
angelini@hotellabitta.com,,,Tuscany house of Artist
info@villabelvedere.com,,,Hotel Villa Belvedere
info@castelloditornano.it,,,Castello di Tornano
piandeipini@gmail.com,,,Agriturismo Pian Dei Pini
info@lamaddalenacinqueterre.it,,,Eremo della Maddalena
info@casalegiulia.it,,,Casale Giulia
agriturismocasalegiulia@gmail.com,,,Casale Giulia
info@molenda.it,,,Molenda B&B
biblioteca@comune.grizzanamorandi.bo.it,,,Hotel Il Crinale
info@palazzo-loup.it,,,Palazzo Loup
melegamassimo@gmail.com,,,La Tana degli Scoiattoli
info@lanocedifrancesca.com,,,Agriturismo La Noce di Francesca
info@villanerone.com,,,VillaNerone B&B
info@ospitidelborgo.it,,,B&B Ospiti del Borgo
romadamore@ilnidodamore.it,,,Il Nido d'Amore - Lorenzana Colombaie
simone@ilborro.it,,,Il Borro
booking@ilborro.it,,,Il Borro
ilborro@ilborro.it,,,Il Borro
info@dimoracasaeugenia.com,,,Dimora Casa Eugenia
podere.casarotta@gmail.com,,,Podere Casarotta - Villa & Holiday Apartments
info@laferriera.com,,,Residence La Ferriera
bazzechi.cocomeraio@tiscali.it,,,Agriturismo Cocomeraio
info@labellalucca.com,,,B&B La Bella Lucca
receptionilpontelucca@gmail.com,,,Il Ponte
info@casabiancalana.it,,,Casa Biancalana
info@dimorasanlazzaro.it,,,Dimora San Lazzaro B&B
info@villaagnesesuites.it,,,Villa Agnese B&B
info@palazzorocchi.it,,,Palazzo Rocchi Hotel
info@larondinepisa.it,,,Appartamento Lucca mura la Rondine
ristoranteilgranaio@live.it,,,Guest House Villa In Campora
cortemeraviglia.lucca@gmail.com,,,Corte Meraviglia Relais - Lucca
info@linchettobedandbreakfast.com,,,Il Linchetto B&B
info@thetuscanian.com,,,The Tuscanian Hotel
reservations@thetuscanian.com,,,The Tuscanian Hotel
info@bbangelini.net,,,B&B Angelini
info@affittacamerelacamelia.com,,,Affittacamere La Camelia
info@laterrazzadelfotografo.com,,,La Terrazza Del Fotografo
info@insidethewall.it,,,Inside the Wall
info@vacanzedaiparenti.com,,,Vacanze dai Parenti - Lucca
luisa.gianni64@gmail.com,,,B&B Come a Casa Casa Vacanze
info@casasanjacopo.it,,,Bed and Breakfast Casa San Jacopo
antonella@guidelucca.it,,,Bed and Breakfast Casa San Jacopo
info@anticaresidenzadellangelo.com,,,Antica Residenza Dell'Angelo
lacolonnalucca@gmail.com,,,B & B La Colonna
info@anticaresidenzasantachiara.com,,,Antica Residenza Santa Chiara
info@affittacamerebuonanotte.it,,,Buonanotte
info@ilcortiledielisa.com,,,Il Cortile di Elisa
booking@athomelucca.com,,,At Home Bed and Breakfast
cecchiniart@inwind.it,,,B and B Blu Studio
alcardinalelucca@gmail.com,,,Al Cardinale
info@alportodilucca.com,,,Al Porto di Lucca B & B
info@apalazzobusdraghi.it,,,"A Palazzo Busdraghi, Residenza d'Epoca"
sidd@tinyurl.com,,,La Stanza in Villa
kevin@tinyurl.com,,,La Stanza in Villa
info@tinyurl.com,,,La Stanza in Villa
poderemicheli@gmail.com,,,Micheli Suite Anfiteatro Square
info@terrarossalucca.com,,,Terrarossa
ilcasaledivillarossi@gmail.com,,,B&B Il Casale di Villa Rossi
info@ilpozzodisantazita.it,,,Il Pozzo di Santa Zita
info@villacheli.it,,,Hotel Villa Cheli
bbcaterina@alice.it,,,B&b Caterina
info@cortetoro.it,,,Corte Toro
info@relaiscasamassima.it,,,Hotel Diana partner di San Martino & Diana Hotel Lucca
info@villalapreziosa.com,,,Villa La Preziosa
booking@villalapreziosa.com,,,Villa La Preziosa
info@ailinchi.it,,,Agriturismo Ai Linchi
info@affittacamerevilladelia.it,,,Rooms Villa Delia
admin@chaletlucca.com,,,Chalet Lucca
info@cortedeitemplari.it,,,Castello dei Templari
info@villalatuia.it,,,Villa La Tuia
info@sanlorenzorelais.it,,,Relais San Lorenzo
info@villariccilucca.com,,,Villa Ricci Suites Lucca
villariccilucca@gmail.com,,,Villa Ricci Suites Lucca
sanpierinorooms@gmail.com,,,San Pierino Rooms
sanpierinororooms@gmail.com,,,San Pierino Rooms
info@bbarenalucca.com,,,B&B Arena di Lucca
info@tangohotellucca.com,,,TangoHotel
reservation@cortecelli.it,,,B&B Antico Cancello
info@villabuonvisi.se,,,Villa Buonvisi
ida@villabuonvisi.se,,,Villa Buonvisi
reception@lalocandafrancigena.it,,,La Locanda Francigena
info@chillintuscany.com,,,Chill in Tuscany
info@pergolahouse.net,,,Pergola House
info@principecalaf.com,,,B&B La Bella Addormentata e il Principe Calaf
principecalafbb@gmail.com,,,B&B La Bella Addormentata e il Principe Calaf
info@guesthousesantagiustina.it,,,Guest House Santa Giustina
apartment@altostino.it,,,B&B Al Tostino
info@myguesthouse.it,,,My GuestHouse
pkudadeni@yahoo.com,,,BINARIO 5
info@villafedoraluxury.com,,,Villa Fedora Luxury
tartansrl@gmail.com,,,Home Sweet Home - Lucca
info@sanlucapalace.com,,,San Luca Palace Hotel
info@ospitalitaruraleuccelliera.it,,,Ospitalità Rurale l’ Uccelliera
info@lucuslucca.com,,,LUCUS Exclusive Bed and Breakfast
lamaisondejardinlucca@gmail.com,,,La Maison de Jardin
casaleitigli@gmail.com,,,Casale I Tigli
info@luccainvilla.it,,,Villa Lucrezia
elisa@luccainvilla.it,,,Villa Lucrezia
villalucrezia@luccainvilla.it,,,Villa Lucrezia
casadiocesanalucca@gmail.com,,,Diocesan House of Lucca mons.E. Bartoletti
principecalaftre@gmail.com,,,B&B Principe Calaf 3
info@palazzofroussard.it,,,Palazzo Froussard B&B and Living
info@tenutaditramonte.com,,,Tenuta di Tramonte
info@hotelbernardino.com,,,Hotel Bernardino
alfoioncoresidenza@gmail.com,,,Casa vacanze Al Foionco
d.simoncelli@albergovillamarta.it,,,Albergo Villa Marta
b.lumi@albergovillamarta.it,,,Albergo Villa Marta
r.ponti@albergovillamarta.it,,,Albergo Villa Marta
info@cortedeifolletti.it,,,Corte dei Folletti
info@hotelpalazzoalexander.it,,,Hotel Palazzo Alexander
ilcantucciolucca@gmail.com,,,Il Cantuccio affittacamere
info@anfiteatrolucca.it,,,B&B Anfiteatro
info@hotellaluna.it,,,Hotel La Luna
info@vdhotels.it,,,Residenza FillAnfi
residenzafillanfi@gmail.com,,,Residenza FillAnfi
casasanmarco76@gmail.com,,,Casa San Marco Lucca
info@bebseminario.com,,,B&B Il Seminario 2
centopassidallemura@gmail.com,,,B&B Cento Passi dalle Mura
info@hotelprincipessalucca.it,,,Hotel Villa La Principessa
info@ladimoranellanfiteatro.it,,,La Dimora Nell`Anfiteatro
anfiteatroapartment@gmail.com,,,La Dimora Nell`Anfiteatro
info@granduniverselaresidenza.com,,,Grand Universe La Residenza
info@cortedeinobili.it,,,Luxury Corte dei Nobili
locanda@pescebriaco.it,,,"Locanda del Pesce Briaco, B&B"
ristorante@pescebriaco.it,,,"Locanda del Pesce Briaco, B&B"
info@pescebriaco.it,,,"Locanda del Pesce Briaco, B&B"
cortevolpe@gmail.com,,,B&B Corte Volpe
info@cortedireartu.it,,,Corte di Re Artù
delete@cortedireartu.it,,,Corte di Re Artù
cortedireartu1943@gmail.com,,,Corte di Re Artù
info@tenutasanpietro.com,,,Tenuta San Pietro Hotel & Resort
liris.lucca@gmail.com,,,L'Iris B&B in Terrazza
info@irisbedandbreakfast.it,,,L'Iris B&B in Terrazza
info@villalaperla.it,,,Villa La Perla
villalaperla@peccap.it,,,Villa La Perla
reservationvillasardi@gmail.com,,,Villa Sardi Luxury Boutique Hotel
info@lacecca.it,,,Villa Sardi Luxury Boutique Hotel
norc.vinchiana@yahoo.it,,,Villa Sardi Luxury Boutique Hotel
info@palazzodipinto.com,,,Palazzo Dipinto
ricevimento@grandhotelguinigi.it,,,Best Western Grand Hotel Guinigi
lula.lucca@gmail.com,,,B&B LuLa
info@hotelvillasanmichele.it,,,Hotel Villa San Michele
bbcasaalba@gmail.com,,,B & B Casa Alba
info@ilgiardinodeipoeti.com,,,Il Giardino dei Poeti
info@almabedandbreakfast.com,,,B&B Alma
info@acasadiantonio.it,,,A Casa Di Antonio
info@elvisia.it,,,Elvisia B&B
elvisia@hotmail.it,,,Elvisia B&B
info@hotelmelecchi.it,,,Hotel Melecchi Sas Di Clocchiatti Marino E C.
info@lachiusadellemonache.it,,,Chiusa Delle Monache
info@visiondesign.sk,,,Chiusa Delle Monache
lagemma@interfree.it,,,Bed & Breakfast The gem of Helen
info@relaisinnlucca.it,,,Relais Inn Lucca
info@ristorantestefani.it,,,Al Borgo
info@boheme.it,,,Bed & Breakfast La Boheme
info@bblamimosa.it,,,B&B la Mimosa
info@villapardilucca.it,,,Villa Pardi
marketing@villapardilucca.it,,,Villa Pardi
info@anticabifore.it,,,L'Antica Bifore Guest House
info@aicipressi.it,,,Ai Cipressi B&B Lucca
info@villasunrisebeb.com,,,b&b Villa Sunrise Lucca
info@postagattaiola.it,,,B & B Posta Gattaiola
info@relaisfarinati.com,,,La Cappella
info@luccacharm.com,,,Lucca Charm B&B
info@ledimoredelborgo.com,,,Le Dimore del Borgo
info@bedandbreakfaststellalucca.it,,,Bed and Breakfast Stella Lucca
urp@comune.lucca.it,,,Bed and Breakfast Stella Lucca
centrostoricores@gmail.com,,,Residenza Centro Storico
info@villacasanova-lucca.it,,,Hotel Villa Casanova Lucca
privacy@grupposantachiara.it,,,Hotel Villa Casanova Lucca
info@villaladoganalucca.it,,,Villa la Dogana
info@arancio2.it,,,Affittacamere L'Arancio
facebookfacebookinfo@arancio2.it,,,Affittacamere L'Arancio
info@luccainazzurro.it,,,B&B Lucca in Azzurro
info@fabbricadisanmartino.it,,,Fabbrica Di San Martino
info@nonna-adriana.com,,,B&B Nonna Adriana
lerondinidisandonato@gmail.com,,,Le Rondini di San Donato (rooms and apartment)
info@casolarelucchese.it,,,Agriturismo Casolare Lucchese
infi@casolarelucchese.it,,,Agriturismo Casolare Lucchese
ask@martaguesthouse.it,,,Marta Guest House
info@martaguesthouse.it,,,Marta Guest House
info@vacationinlucca.com,,,Lucca Vacation Apartments
info@poderelavilletta.it,,,AGRITURISMO AZIENDA AGRICOLA PODERE LA VILLETTA
info@casamontalgallo.it,,,Casa Montalgallo
francesca@casamontalgallo.it,,,Casa Montalgallo
hotel155266@wearehotels.top,,,La Casalta
info@elisabethhouse.it,,,Elisabeth House di Caporali Elisabetta
info@icappuccini.it,,,B&B I Cappuccini
info@ilpapaveroverde.it,,,Il Papavero Verde
barbieriandrea456@gmail.com,,,Il Papavero Verde
info@cipressoepietra.com,,,Cipresso e Pietra
info@allapievedilucignano.it,,,"Casa Vacanze ""Alla Pieve di Lucignano"""
booking@cassida.com,,,Casale San Giorgio B&B
info@villasanmichelechianti.it,,,Villa San Michele
info@luccafora.it,,,Bed & Breakfast Lucca Fora
info@residenceitalialunimare.com,,,Residence Italia
info@albergoanticaluni.it,,,Albergo Antica Luni
info@lemasdilaura.it,,,Le Mas di Laura
info@poggiopiglia.com,,,Boutique Hotel Poggio Piglia
info@albergoristorantepoli.it,,,Albergo Ristorante Poli
picchiobb@gmail.com,,,B&B Picchio
info@cepostoperte.net,,,B&B C'È POSTO PER TE
bruno.diber@gmail.com,,,B&B Borgo del Fornello
bebromani@libero.it,,,Albergo Romani
laromanaantica@gmail.com,,,La Romana Antica
lecasettedierica@gmail.com,,,LA CASETTA DI AURORA
info.lecasette@gmail.com,,,LA CASETTA DI AURORA
info@legrazieest.com,,,Rta Residence Le Grazie Est
ronald.berti@alice.it,,,Le3Api
le3api@gmail.com,,,Le3Api
info@locandapietracupa.com,,,La Locanda Di Pietracupa
info@lapievedisantandrea.it,,,La Pieve di Sant' Andrea
info@villelucchesi.net,,,La Pieve di Sant' Andrea
info@villabernardini.it,,,La Pieve di Sant' Andrea
info@bellamagione.it,,,Bella Magione B & B in Villa
info@hoteltorricella.com,,,Hotel Torricella
info@agriturismovecchiogranaio.it,,,Agriturismo Vecchio Granaio
info@hotel-cantalodole.com,,,Agriturismo Vecchio Granaio
info@isoletramonti.com,,,B&B ISOLE E TRAMONTI
contianicia@gmail.com,,,B & B QUICONTI
quicontibb@gmail.com,,,B & B QUICONTI
info@letartarughebb.com,,,B&B LE TARTARUGHE
info.borgomagliano@gruppohorizons.com,,,Borgo Magliano Resort
info@artemisiabnb.com,,,B&B Artemisia negli ulivi
info@santamariahouse.it,,,Santa Maria in Borraccia
info@casalesterpeti.it,,,Casale Sterpeti
bpc@pierreetvacances.com,,,Résidence Vacances Pierre Et Vacances
cpc@pierreetvacances.com,,,Résidence Vacances Pierre Et Vacances
relation.client@groupepvcp.com,,,Résidence Vacances Pierre Et Vacances
info@leduerocche.it,,,B & B The two rocks
ballallaluna@gmail.com,,,B&B Ballallaluna
info@laboscara.it,,,B&B La Boscara
info@casavacanzerimini.it,,,B&B La Boscara
info@bbecoantico.it,,,B&B EcoAntico casa in Paglia
iinfo@castellodimammoli.com,,,Castello di Mammoli - Lucca
info@castellodimammoli.com,,,Castello di Mammoli - Lucca
casalegiacomini@gmail.com,,,Casale Giacomini
info@leguardiole.it,,,Agriturismo Le Guardiole
00658700539info@leguardiole.it,,,Agriturismo Le Guardiole
azi.pietricciorosso@gmail.com,,,Pietriccio rosso
az.pietriccio.rosso@gmail.com,,,Pietriccio rosso
ranchonville@gmail.com,,,Pietriccio rosso
agriturismolasiesta@tiscali.it,,,Agriturismo La Siesta
info@quercialpoggio.com,,,Agriturismo Poggio della Quercia
info@montecristocountryhouse.it,,,Montecristo Country House
lamarianaccia@gmail.com,,,Bed and Breakfast La Marianaccia
fiorisa10@yahoo.it,,,B&B Villa Isa
dmorgante@termedisaturnia.it,,,Terme di Saturnia Natural SPA & Golf Resort
fbucciotti@termedisaturnia.it,,,Terme di Saturnia Natural SPA & Golf Resort
fpacini@termedisaturnia.it,,,Terme di Saturnia Natural SPA & Golf Resort
arizonateam@tin.it,,,AGRITURISMO IL CAPANNONE
info@agriturismogaleazzi.com,,,Agriturismo Galeazzi
dabianchina@gmail.com,,,Da Bianchina Bed & breakfast - Trattoria
info@casabice.it,,,B&B Casa Bice
info@fontedizeno.com,,,Fonte di Zeno B&B
info@hotelilio.com,,,Boutique Hotel Ilio
tematourism@livornopec.it,,,Boutique Hotel Ilio
info@monokraft.com,,,Appartamenti Villa Mare
info@hotelbrigantino.com,,,Hotel Brigantino | Isola d'Elba
info@villacecilia.it,,,Appartamenti Villa Cecilia
info@valledeimulini.it,,,Valle Dei Mulini Di Turchi Emilio & C. Snc
procchio@hoteldelgolfo.it,,,Outbuildings Hotel del Golfo
info@silverairtravels.com,,,Outbuildings Hotel del Golfo
carlo.goretti@desireehotel.it,,,Hotel Désirée
prenotazioni@desireehotel.it,,,Hotel Désirée
info@beltramontohotel.it,,,Hotel Bel Tramonto
info@arthotelgabbianoazzurrodue.it,,,Arthotel Gabbiano Azzurro Due
info@campingscaglieri.it,,,Arthotel Gabbiano Azzurro Due
info@soggiornotagliaferro.it,,,Country House Tagliaferro
soggiornotagliaferro@hotmail.it,,,Country House Tagliaferro
hotel121005@wearehotels.top,,,Villa Alba
mailbox@hotelisolaverde.it,,,Hotel Residence Isola Verde
info@hoteltamerici.com,,,Hotel Tamerici
info@hotelyachtclub.it,,,Hotel Yacht Club
info@hotelgabbianoazzurroelba.it,,,Hotel Gabbiano Azzurro
info@hotelaconchiglia.it,,,Hotel La Conchiglia
info@marinagardenhotel.it,,,Marina Garden Hotel
info@albergolebriciole.it,,,Hotel Le Briciole
info@elbasea.srl,,,Hotel Le Briciole
info@hotelanselmi.it,,,Hotel Anselmi
paolabiscaro@livornopec.it,,,Hotel Anselmi
info@intur.it,,,Residence Intur Isola d'Elba
santangiolo@gmail.com,,,Sant'Angiolo B&B
pensionemizia@libero.it,,,Pensione Mizia
info@locandailfornello.com,,,B&B Locanda Il Fornello
igiglidimare@gmail.com,,,I Gigli di Mare
fausto.tori@yahoo.com,,,I Gigli di Mare
igiglidimare@livornopec.it,,,I Gigli di Mare
habitat@residencehabitat.it,,,Residence Habitat
info@villaedi.it,,,Villa Edi
info@csahotel.it,,,C.S.A. Hotel-Beach-Park
info@bolgherimarinaresort.com,,,Varo Village Hotel
info@hermitagebibbona.it,,,Hotel Hermitage
hermitagebibbona@tiscali.it,,,Hotel Hermitage
info@albergoparadisoverde.it,,,Green Paradise Hotel
booking@hotelmarinetta.it,,,Hotel La Marinetta
info@lamazzanta.it,,,Hotel Nina di Maurizio Bicchi
info@villabolgherello.it,,,Villa Bolgherello
dsmsnc@registerpec.it,,,Villa Bolgherello
booking@residencelerose.it,,,Residence le Rose Snc
info@la-magnolia.it,,,Hotel Residence Magnolia
info@lefornaci.com,,,Residence Le Fornaci
linfo@lefornaci.com,,,Residence Le Fornaci
info@residencedolores.com,,,Residence Dolores
info@elbamarmarinadicampo.com,,,Elbamar Marina Di Campo
info@maricampo.it,,,Residence Maricampo
info@residenceilpavone.it,,,Residence Il Pavone
emporiovacanze@gmail.com,,,Residence Il Pavone
info@lozizzolo.it,,,Lo Zizzolo Bed & Breakfast
info@puntoverdehotel.it,,,Hotel Puntoverde
info@elbaselect.it,,,Hotel Select
hotel.rustichello.elba@gmail.com,,,Hotel Rustichello
info@hotelelba.it,,,Hotel Elba - Residence dei Fiori
post@labarcarolahotel.it,,,Hotel La Barcarolle
prenotazioni@lillyhotel.it,,,Hotel Lilly
info@hotelbarcarola2.it,,,Hotel Barcarola 2
info@elbaappartamentiserenity.it,,,Appartamenti Serenity
info@hotelthomas.it,,,Hotel Thomas
info@hotelthomas.com,,,Hotel Thomas
info@marbianco.it,,,MarBianco B&B
ben.boy@gmx.com,,,MarBianco B&B
info@villaacero.net,,,B&B Villa Acero
idueoleandri@gmail.com,,,Eco B&B I Due Oleandri
info@bb-levante.it,,,Bed and Breakfast LEVANTE
carlotta@bb-levante.it,,,Bed and Breakfast LEVANTE
info@hoteltendarossa.com,,,Hotel Tenda Rossa
webmaster@weboperator.it,,,Hotel Atlantic
reservations@doridesuites.com,,,Doride Suites Boutique Hotel
info@residenzamarina.it,,,B&B Residenza Marina
lapinetasrl@casellapec.com,,,Hotel La Pineta
info@hotelmorgana.it,,,Hotel Morgana
villinomicol@gmail.com,,,Villino Micol
info@bagnovenezia.eu,,,B&B Venezia
info@poderecontegherardo.com,,,Podere Conte Gherardo
a.ingoglia@uplink.it,,,Podere Conte Gherardo
info@etrusconia.it,,,Etrusconia Hotel Castagneto Carducci
contatti@agriturismotenutadeiprincipi.it,,,Tenuta dei Principi
info@tenutadeiprincipi.com,,,Tenuta dei Principi
info@larosadinettuno.it,,,Residence La Rosa di Nettuno
info@iduepini.it,,,Residence I Due Pini
prenotazioni@iduepini.it,,,Residence I Due Pini
info@pinetaazzurra.it,,,Residence Pineta Azzurra
bluvacanzesrl@lamiapec.it,,,Residence Pineta Azzurra
info@albergo-ariston.it,,,Hotel Ariston
info@rtamediterraneo.it,,,Mediterraneo RTA
lolapiccolohotel@gmail.com,,,Lola Piccolo Hotel
info@riccihotel.com,,,Ricci Hotel
info@hotelbelmaretoscana.it,,,Hotel Ristorante Belmare di Galli Marco
affittacamereilmolo@gmail.com,,,Affittacamere Il Molo
info@sweet-cottage.com,,,Agriturismo Sweet Cottage - Ristorante KM0 - Maneggio ed Equitazione
webmaremma@gmail.com,,,Agriturismo Sweet Cottage - Ristorante KM0 - Maneggio ed Equitazione
info@lacanova.com,,,La Canova Il
lapaceresidence@gmail.com,,,Residence Pace & Relax - Nuovi appartamenti Marina di Grosseto
info@termemarine.com,,,Grand Hotel Terme Marine Leopoldo II
info@beb.it,,,Hotel Caprice
vicolodellinferno@gmail.com,,,Hotel Caprice
salvoandreateletu@gmail.com,,,Hotel Caprice
info@casaversiliahotel.it,,,Casa Versilia Hotel
info@latavernettadeironchi.com,,,Hotel la Tavernetta dei Ronchi
info@lapergolarta.com,,,Rta la Pergola
info@bedandbreakfastlatosca.com,,,Bed and breakfast La Tosca
info@hotelecodelmare.com,,,Hotel Eco del Mare
booking@lavillatoscana.net,,,Relais La Villa
marovelli.beatrice@gmail.com,,,Residence Il Castelluccio
info@hotelitaliamarinadimassa.com,,,Hotel Italia
mail@hotelgabrini.it,,,Hotel Gabrini
info@hoteleura.com,,,Hotel Eura
info@hoteltirrenomarinadimassa.com,,,Hotel Tirreno
info@hotel-vera.com,,,Vera
info@hote-vera.com,,,Vera
info@albergo-laperla.com,,,Hotel La Perla
info@hotelvillagiada.it,,,Hotel Villa Giada
tebsrl@messaggipec.it,,,Hotel Villa Giada
info@campeggioitalia.com,,,Campeggio Italia
info@hotellidomarinadimassa.it,,,Hotel Lido
info@hotelilcaravaggio.com,,,Hotel Il Caravaggio
info@hotelnaviglio.it,,,Hotel Naviglio
info@hotelvillalafonte.it,,,Hotel Villa la Fonte
info@hotelermione.it,,,Hotel Ermione
info@labottegalab.com,,,LABottega
3einfo@labottegalab.com,,,LABottega
info@recuperarti.org,,,LABottega
info@nuovasabrina.com,,,Hotel Nuova Sabrina
info@hotelvillaedera.it,,,Hotel Villa Edera
info@hotelvillaombrosa.com,,,Hotel Villa Ombrosa
info@benwijnen.com,,,Hotel Villa Ombrosa
amministrazione@remarhotels.com,,,Versilia Palace Hotel
info@ariannahotel.it,,,Hotel Arianna
cv@lalbahotel.it,,,L'Alba Hotel
scalea@hotelderose.it,,,Hotel Venezia - Marina di Pietrasanta
info@villa-amelia.com,,,Villa Amelia Bed & Breakfast
info@zenhotelversilia.com,,,Zen Hotel Versilia
info@savoia.eu,,,Zen Hotel Versilia
info@hotelesplanadeversilia.it,,,Hotel Esplanade
ottomarzo@gigapec.it,,,Hotel Esplanade
info@re-versiliana.it,,,RE-Versiliana
hotel@re-versiliana.it,,,RE-Versiliana
info@hotelandreaneri.com,,,Hotel Andreaneri
booking@albergosavoy.com,,,Savoy Hotel
info@villasignori.it,,,Villa Signori
info@hotelnettunoversilia.it,,,Hotel Nettuno - Vacanze Estive b&b - Vacanze Olistiche
info@crystal-hotel.it,,,Crystal Hotel - Marina di Pietrasanta
milanohotel@landinihotels.it,,,Hotel Milano
info@villatiziana.com,,,Hotel Villa Tiziana
amministrazione@villatiziana.com,,,Hotel Villa Tiziana
info@hotelvillabarsanti.it,,,Hotel Villa Barsanti Stephen
info@hotelambasciatoriversilia.it,,,Albergo Ambasciatori
digital.image.e@gmail.com,,,Albergo Ambasciatori
info@albergomilton.com,,,Albergo Milton
info@hotellapigna.it,,,La Pigna
info@mediterraneoalbergo.com,,,Albergo Mediterraneo
info@albergoverdesolemare.it,,,Albergo Verdesolemare
hotel.elizabeth@tiscali.it,,,Hotel Elizabeth
info@albergolegiraffe.it,,,Albergo Le Giraffe
info@apusportambientemozioni.it,,,Albergo Le Giraffe
info@apu.bike,,,Albergo Le Giraffe
info@azzurrahotel.it,,,Hotel Azzurra
loretha.davis@sunrise.ch,,,Sunrise
timm@sunrise.ch,,,Sunrise
janos.hee@sunrise.ch,,,Sunrise
info@torredelsole.it,,,Torre Del Sole - Hotel & Resort
e.l.ospitalita@gmail.com,,,Albergo La Pineta
g.bracci@gazzolifood.it,,,Albergo La Pineta
foodysrls@gmail.com,,,Albergo La Pineta
info@hotelrondine.it,,,Hotel Rondine
bagnoambra@gmail.com,,,Affittacamere Ambra
info@alfalchetto.it,,,Villa Al Falchetto
info@ristoranteloscoglioprato.it,,,Villa Al Falchetto
info@locandazacco.com,,,Locanda Zacco - Goraiolo
info@lavillamarsiliana.it,,,"Affittacamere ""La Villa"""
info@dalaviniabb.it,,,Da Lavinia B&B
info@ladolcevitabeb.com,,,"B&B ""La Dolce Vita"""
info@freehtml5.co,,,"B&B ""La Dolce Vita"""
info@poggiobono.it,,,Poggiobono Country House
info@montetermine.it,,,"Azienda Agricola Montetermine, Circolo Ippico ""Horse Riding in the Wild"""
ocagiulivabologna@gmail.com,,,L’Oca Giuliva Relais
info@casavacanzealsettimocielo.it,,,Casa Vacanze Al Settimo Cielo di Podestà Giorgio
azzurra.rta.hall@gmail.com,,,Rta Azzurra
azzurra.rta@gmail.com,,,Rta Azzurra
giulestelle@gmail.com,,,B&B Giù Le Stelle
info@illihotel.it,,,ILLI HOTEL
info@villabonini.com,,,Villa Bonini
info@cavour33.com,,,Cavour33
poliziamunicipale@comune.massa.ms.it,,,Cavour33
marketing@hotelexcelsior.it,,,Hotel Excelsior
info@stellaversilia.com,,,Hotel Stella Della Versilia Srl
sales@stellaversilia.com,,,Hotel Stella Della Versilia Srl
info@bbacasadialma.it,,,B & B A Casa Di Alma
fabriziobertoneri@yahoo.it,,,B & B A Casa Di Alma
laquerciolaia@gmail.com,,,IL PRINCIPINO B&B
ilprincipino.massa@gmail.com,,,IL PRINCIPINO B&B
info@hotelpeselli.com,,,Hotel Peselli
info@frarivi.com,,,I Frarivi Bed&Breakfast
nome@gmail.com,,,Pensione Piccolo Mondo
info@galleriahotel.it,,,Hotel Galleria
info@hoteleuromar.eu,,,Hotel Euromar
e.jacobson@sites.google.com,,,Hotel Isa
c.karns@sites.google.com,,,Hotel Isa
r.neill@sites.google.com,,,Hotel Isa
info@leginestretuscany.com,,,B&B Le Ginestre
info@albergotonarelli.it,,,Albergo Tonarelli
info@beflorence.com,,,Hotel Nedy
info@abbainomassa.it,,,B&B Abbaino
info@combustibilibonuccelli.it,,,B&B Abbaino
info@cavalieridelmare.com,,,Hotel Cavalieri Del Mare
info@bbilcuore.it,,,B & B Il Cuore
cpfsacrocuore@consorzio-zenit.it,,,Sacred Heart
cpfsacrocuore@campusleonardo.it,,,Sacred Heart
info@hotelvillaelsa.com,,,Hotel Villa Elsa
info@lillymare.com,,,Residence Lilly Mare House For Holidays
info@hotelhermitage.net,,,Hotel Hermitage Massa
booking@hotelmaremonti.com,,,Hotel Villa Maremonti
info@casadiletta.it,,,Casa Diletta
info@isetteborghi.it,,,I Sette Borghi
info@ilsassone.it,,,Il Sassone - Tuscany Residence Hotel - Swimming Pool Hotel
info@massaalta.com,,,Residence Massa Alta
info@camerecasaaurora.it,,,Casa Aurora
info@agriristoro.com,,,Agriristoro Podere Sant'Andrea
info@bblacura.it,,,B&B La Cura
info@massavecchia.it,,,Hotel Massa Vecchia
info@palazzolafenice.com,,,La Fenice Park Hotel
info@casadellapia.eu,,,Casa della Pia
booking@hoteldinardogroup.com,,,Hotel Duca Del Mare - Hotel di Nardo Group
info@ipiastroni.com,,,Hotel Duca Del Mare - Hotel di Nardo Group
info@casaleetrusco.com,,,Hotel Duca Del Mare - Hotel di Nardo Group
ilvenaiobb@gmail.com,,,Il VENAIO B&B
info@dojobianco.com,,,Dojo Bianco Hotel
agriturismo@sanlorenzo1866.com,,,Agriturismo Podere San Lorenzo 1866
sanlorenzo1866@gmail.com,,,Agriturismo Podere San Lorenzo 1866
info@ilgirifalco.com,,,Albergo Il Girifalco
hotel@ilgirifalco.com,,,Albergo Il Girifalco
bikeworld@tenutacicalino.com,,,Tenuta Il Cicalino
info@cicalinogreen.it,,,Tenuta Il Cicalino
info@bebal32.it,,,AL 32 B&B
ufficiotecnico@diocesimassamarittima.it,,,Casa Mater Ecclesiae
segreteriavescovile@diocesimassamarittima.it,,,Casa Mater Ecclesiae
comunicazionisociali@diocesimassamarittima.it,,,Casa Mater Ecclesiae
info@agriturismoilbelvedere.it,,,"Agriturismo ""Il Belvedere Country houses"""
palazzomalfatti@gmail.com,,,Residenza d'Epoca Palazzo Malfatti
info@montepozzali.it,,,Il Convento di Montepozzali Country Resort
info@ilcastellobb.it,,,Il Castello Bed & Breakfast
info@resortdeilimoni.it,,,Resort dei limoni
info@residenzaelisalucca.it,,,Residenza Elisa
info@sunrisebeb.com,,,B&B Sunrise Massarosa
info@hotelmarnie.it,,,Hotel Marnie
casevacanzalaventura@alice.it,,,Case Vacanza La Ventura
segreteria@residenceprunali.it,,,Residence Prunali
info@concadisopra.it,,,Conca di Sopra
info@vistalagoversilia.com,,,VISTALAGO VERSILIA
villagobbibenelli@gmail.com,,,VILLA GOBBI BENELLI
info@sullapiazza.it,,,B&B Sulla Piazza
ceccodinara@gmail.com,,,Hotel Cecco di Nara
info@pecoraneravolterra.it,,,B & B La Pecora Nera
info@giusybb.it,,,Giusy Bed & Breakfast
campoallemonache@gmail.com,,,Campo Alle Monache
castellogabbiano@castellogabbiano.it,,,Castello di Gabbiano
accommodations@castellogabbiano.it,,,Castello di Gabbiano
accomodations@castellogabbiano.it,,,Castello di Gabbiano
hotel122494@wearehotels.top,,,Albergo Locanda Sacchi
info@lequercedelmetauro.it,,,Le Querce Del Metauro
a.andreoni@wooow.it,,,B&B Il Soccorso
info@cabetania.nl,,,Agriturismo Ca'Betania
info@lucashome.it,,,Luca's Home in Tuscany
walter@parlapendio.it,,,Agriturismo La Pisana
info@villabordoni.com,,,Villa Bordoni
ristorante@villabordoni.com,,,Villa Bordoni
info@mediturhotelpisa.it,,,Meditur Hotel
info@locandagavarini.it,,,Locanda Ristorante Gavarini
degliallorib.b@gmail.com,,,B&B degli Allori
locanda@itrebaroni.it,,,Borgo I Tre Baroni
campingcamaldoli@itrebaroni.it,,,Borgo I Tre Baroni
info@residence-baiaazzurra.it,,,Baia Azzurra Residence
info@hotelpilade.it,,,Country Hotel Residence Da Pilade
emailinfo@hotelpilade.it,,,Country Hotel Residence Da Pilade
info@ilpradaccio.it,,,B&B Il Pradaccio
info@villalemonache.it,,,Villa le Monache
info@cookingacademyfirenze.it,,,Villa le Monache
info@residencelamezzaluna.it,,,La Mezzaluna
locandacentolaghi@gmail.com,,,Locanda Centolaghi
robertomalmassari@gmail.com,,,B&b Al Paradis
info@pratospilla.pr.it,,,Prato Spilla
info@villasassolini.it,,,Villa Sassolini Luxury Boutique Hotel & Spa
info@kristall-hotel.it,,,Hotel Kristall
info@salogi.com,,,Villa Damiano
assistance@salogi.com,,,Villa Damiano
alessandro@villasanbastiano.it,,,Relais Villa San Bastiano
info@villaroncovisi.it,,,Villa Roncovisi
info@poggiodegliolivi.it,,,Poggio Degli Olivi
lucialaveglia@hotmail.com,,,La Casa Nell'Aia
info@villamaccioni.it,,,Villa Maccioni
info@maisonbrinati.it,,,Maison Brinati Bed and Breakfast
bebviadellagrotta@gmail.com,,,B&B Via della Grotta
rossobaccara@gmail.com,,,B&B Rosso Baccarà
michael.meretta@marriott.com,,,"Grotta Giusti Thermal Spa Resort Tuscany, Autograph Collection"
diana.zhao@marriott.com,,,"Grotta Giusti Thermal Spa Resort Tuscany, Autograph Collection"
helen.zhu@marriott.com,,,"Grotta Giusti Thermal Spa Resort Tuscany, Autograph Collection"
info@poderepozzofatato.com,,,Podere Pozzo Fatato
info@colleresort.it,,,Colle Resort
ludovicabenedetti@alice.it,,,Bed & Breakfast Corte degli Armonici Arezzo
filippo.bracci@piedicosta.com,,,Piè di Costa
staff@larimessa.eu,,,Tenuta La Rimessa
info@lavecchiasassa.it,,,La Vecchia Sassa
info@agriturismolacollinella.it,,,Agriturismo La Collinella
info@brand-on.it,,,Agriturismo La Collinella
info@interhome.be,,,Poggio al Colle
myhome@interhome.be,,,Poggio al Colle
dsb@interhome.com,,,Poggio al Colle
info@santamariaresidence.net,,,Casa Vacanze Santa Maria
aseynave@gmail.com,,,Casa Vacanze Santa Maria
info@castelfalfi.com,,,"Castelfalfi, Hotel"
winery@castelfalfi.com,,,"Castelfalfi, Hotel"
romina.mancini@castelfalfi.it,,,"Castelfalfi, Hotel"
info@collebertini.com,,,Holiday Apartment Colle Bertini
reservations@collebertini.com,,,Holiday Apartment Colle Bertini
info@villasestilia.it,,,Villa Sestilia B&B
infovillavittoria@gmail.com,,,VILLA VITTORIA TUSCANY
solangeloyon@gmail.com,,,VILLA VITTORIA TUSCANY
info@ifiamminghi.it,,,chambre d'hotes i fiamminghi
info@boccioletoresortspa.it,,,Boccioleto Resort&Spa
postbox@fattoriasantostefano.com,,,Villa Le Cascine
ciao@villaamadeo.com,,,VILLA AMADEO
wm@ideenpark.at,,,VILLA AMADEO
office@glossy-works.com,,,VILLA AMADEO
info@borgolacasaccia.it,,,Borgo La Casaccia
info@vallacchi.it,,,Vallacchi
info@agriturismogalgani.com,,,Agriturismo Galgani - Historical Medieval House with Exclusive Pool and Park
info@cordellavini.it,,,Cordella in Montalcino Wine Resort
info@albergoilgiardino.it,,,Albergo Giardino
albergogiardino@outlook.it,,,Albergo Giardino
info@ilsognodelmusicista.it,,,The Musician's Dream - B & B in Montalcino (SI)
info@dimoradellemuse.it,,,Dimora delle Muse
info@latorremontalcino.it,,,Affittacamere La Torre
info@palazzodelcardinale.it,,,Il palazzo del cardinale
info@castelbrunello.com,,,Castel Brunello
info@trend-media.com,,,Castel Brunello
fulvia.soda@gmail.com,,,Idolina Guest House B&B
info@barlanzone.com,,,B&B Affittacamere Il Barlanzone Enoteca
info@valdorcialife.it,,,Cottimellino
ladimoradiclo@gmail.com,,,Cottimellino
valdorciariding@gmail.com,,,Cottimellino
info@portacastellana.com,,,B & B Porta Castellana
info@anticagranciadiquercecchio.it,,,Agriturismo Antica Grancia di Quercecchio
info@locandafranci.com,,,Drogheria & Locanda Franci
info@gigliohotel.com,,,Albergo - Hotel Il Giglio - Montalcino
hospitality@caparzo.com,,,Agriturismo La Casa
caparzo@caparzo.com,,,Agriturismo La Casa
altesino@altesino.it,,,Altesino Suites
info@simontalcinohotel.it,,,Si Montalcino Hotel
otelloguesthouse@gmail.com,,,Otello Guest House - Montalcino
info@colsereno.it,,,Farm House Colsereno
info@scalettedipiazza.it,,,Scalette di Piazza B&B
wine@ilcocco.it,,,Agriturismo Il Cocco
info@ilburellino.it,,,il burellino
info@poderemartoccia.it,,,L'Affaccio
poderemilla@gmail.com,,,Podere Milla
ilcochino@yahoo.it,,,Albergo Ristorante Il Cochino
info@locandalarotonda.com,,,Locanda La Rotonda Di Gioffredi Tiziano E. Snc
locandadeglietruschi@libero.it,,,B&B Locanda degli Etruschi
info@casalventodimare.it,,,B&B Casalventodimare e Tramontana
nfo@casalventodimare.it,,,B&B Casalventodimare e Tramontana
info@a2passidalmare.it,,,B&B Casalventodimare e Tramontana
vulci@hotelvulci.it,,,Vulci
mail@hotelenterprise.it,,,Hotel Enterprise
info@hotelkeyclub.com,,,Hotel Residence Key Club
direzione@hotelkeyclub.com,,,Hotel Residence Key Club
pietro@hotelkeyclub.com,,,Hotel Residence Key Club
info@hotelmaremmamare.com,,,Hotel Maremma
info@baiadargento-hotel.it,,,Baia D'Argento
info@baiadargento.com,,,Baia D'Argento
info@argentariolagoonresort.it,,,Argentario Lagoon Resort & Spa
reservation@argentariolagoonresort.it,,,Argentario Lagoon Resort & Spa
ellerestaurant@argentariolagoonresort.it,,,Argentario Lagoon Resort & Spa
info@affittacamerelevele.com,,,Affittacamere Le Vele
info@collemassarihospitality.it,,,ColleMassari Hospitality
privacy@collemassari.it,,,ColleMassari Hospitality
info@ilborgosullago.com,,,Il borgo sul lago relais de charme
prenotazioni@chimeratuscanyresort.com,,,Chimera Tuscany Resort
casaaloebeb@gmail.com,,,Casa Aloe B&B
info@poderependolino.com,,,Il B&B Podere Pendolino
info@baldovinodimonte.it,,,B&B Baldovino Di Monte
info@molindeltopo.it,,,B&B MOLIN DEL TOPO
info.molindeltopo@gmail.com,,,B&B MOLIN DEL TOPO
info@dormivegliabnb.it,,,DormiVeglia B&B
info@sangallohotel.it,,,Sangallo Hotel
info@dallacarla.it,,,dalla CARLA in Toscana
info@hotelilmonte.it,,,Hotel Il Monte
info@hotelloggedeimercanti.it,,,HOTEL LOGGE MERCHANTS
nimbiahotel@gmail.com,,,HOTEL LOGGE MERCHANTS
castelloditocerano@tiscali.it,,,Castello Di Tocerano
facciolilb@libero.it,,,"Holiday Home ""Il Castello"""
info@laselva.net,,,Villa Felciai
info@villanemora.it,,,Villa Felciai
lacasettamontecarlo@gmail.com,,,B&B La Casetta
info@anticacasadeirassicurati.it,,,Antica Casa Dei Rassicurati
ranchgliamicidiciuffo@gmail.com,,,Antica Casa Dei Rassicurati
info@buonamicowineresort.it,,,Buonamico Wine Resort
ristorante@buonamicowineresort.it,,,Buonamico Wine Resort
info@anticadimorapatrizia.it,,,Antica Dimora Patrizia
leonardocambi@hotmail.com,,,Tuscany Villa Centopino
alpacacountryhouse.it@gmail.com,,,Alpaca Country House
info@vecchiapostabistrot.it,,,Vecchia Posta bistrot
info@onlineristoranti.com,,,IL CASTELLO bed and breakfast a Montecatini Terme
reserve@onlineristoranti.com,,,IL CASTELLO bed and breakfast a Montecatini Terme
luigi@caffegiardino.com,,,IL CASTELLO bed and breakfast a Montecatini Terme
info@primemontecatini.it,,,Hotel PRime - Montecatini
sales@hotelmontebello.it,,,Hotel Montebello
hotelnuovosavi@hssecure.com,,,Hotel Nuovo Savi
info@villalamoresca.it,,,"Villa La Moresca, Relais de Charme B&B Adults Only"
natalia30@hotmail.com,,,Grand Hotel Nizza
info@hotelambrogini.com,,,Hotel Ambrogini
info@palazzobelvedere.com,,,Belvedere
info@termemontecatini.it,,,Montecatini Terme
u00a0info@termemontecatini.it,,,Montecatini Terme
info@hotelcappelli.it,,,Hotel Cappelli
reception@davincihotel.it,,,Hotel Hotel Da Vinci
info@gbhotel.it,,,Hotel Byron
info@suitedreamshotelmontecatini.com,,,Suite Dreams Hotel Montecatini
info@r-hotels.it,,,Hotel Terme Pellegrini
info@albergoilparco.com,,,Albergo Il Parco Di Luca Marchetti
lucamarchetti@albergoilparco.com,,,Albergo Il Parco Di Luca Marchetti
info@ghvittoria.com,,,Grand Hotel Vittoria
booking@ghvittoria.com,,,Grand Hotel Vittoria
info@ghvittoria.it,,,Grand Hotel Vittoria
montecatini.reservations@lhphotels.com,,,Hotel Montecatini Palace
info@hoteluniverso.it,,,Hotel Universo Montecatini Terme
info@hotelmichelangelo.org,,,Michelangelo Hotel con Centro Benessere Montecatini Terme
info@bellavistamontecatini.com,,,Grand Hotel Bellavista Palace & Golf
info@villalemagnolie.it,,,Villa Le Magnolie
info@stylemixthemes.com,,,Hotel Concordia
hotelstoricoconcordia@outlook.it,,,Hotel Concordia
info@rghotels.it,,,Hotel Medici
info@hotelverenamontecatini.com,,,Verena Dependance Savoia & Campana
info@hotelpalladiomontecatini.com,,,Hotel Palladio
prenotazioni@enjoy.it,,,Hotel Torretta
centroguide.pistoia@gmail.com,,,Hotel Torretta
mariorossi@email.it,,,Hotel Alba
info@hotelmarina.biz,,,Hotel Marina
info@villamariatoscana.it,,,Villa Maria
laquerceta@bertinihotelgroup.it,,,Hotel Savona
salus@bertinihotelgroup.it,,,Hotel Savona
savona@bertinihotelgroup.it,,,Hotel Savona
otelia@gmail.com,,,Hotel Cavallotti & Giotto | Montecatini
hotelia@gmail.com,,,Hotel Cavallotti & Giotto | Montecatini
albergoparadiso@messaggipec.it,,,Albergo Paradiso Montecatini-terme
info@smarthotelbartolini.com,,,Smart Hotel Bartolini Montecatini Terme
info@piccadillyhotel.com,,,Hotel Piccadilly
brasilehotel@gmail.com,,,Hotel Brasile Montecatini-Terme
info@casalevaticano.it,,,Hotel Brasile Montecatini-Terme
reception@hotelboston.it,,,Hotel Boston
hotelmanzonisrl@pecimprese.it,,,Hotel Manzoni
info@ambasciatoripalace.it,,,Grand Hotel Ambasciatori
info@petitchateau.it,,,Petit Chateau
info@zenithhotel.it,,,HOTEL ZENITH
info@montecatini.it,,,Planet Hotel
helga@hotelalassio.it,,,Hotel Alassio
giuseppe@hotelalassio.it,,,Hotel Alassio
info@hotelveneziamontecatini.com,,,Venezia
info@residenzafarinati.com,,,Residenza Farinati
info@torredeibelforti.com,,,Torre dei Belforti
trufflehunting@boutiquedeltartufo.it,,,Torre dei Belforti
info@ilpoderebellavista.it,,,Il Podere Bellavista
info@ilbelcanto.com,,,Belcanto B&B
info@poderecerale.com,,,Podere Cerale
info@parco-del-lago.com,,,Parco del Lago
webmaster@maruga.com,,,Villa Labor
dubinlabor@gmail.com,,,Villa Labor
prolocomontecopiolo@libero.it,,,B&B IL POGGIO
booking@torrenelchianti.eu,,,B&B Torre nel Chianti
info@torrenelchianti.eu,,,B&B Torre nel Chianti
info@lepeschiere.com,,,B & B Le Peschiere
helpful@icastagnituscany.com,,,iCastagni
welcome@abbadiawinerelais.com,,,Abbadia Wine Relais
stay@borgodisotto.com,,,Borgo di Sotto
info@dimorailglicine.it,,,"B&B il glicine, dimora storica - Montefollonico"
info@belagaggio.it,,,Agriturismo Belagaggio
info@lelappe.com,,,Le Lappe Relais
info@lelappe.it,,,Le Lappe Relais
info@nidodelfalcone.com,,,Nido del Falcone Agriturismo
lestanzediguitto@gmail.com,,,Le stanze di Guitto
info@granducatohotel.it,,,Hotel Granducato
info@casamontecuccoli.it,,,Casa Montecuccoli
post@sitoscana.com,,,SiToscana
eli_cecca@yahoo.it,,,L’aia di Montemagno
alcavallucciomarinoameglia@gmail.com,,,B&B Al Cavalluccio Marino
info@golfodeipoetirelais.com,,,Poets Gulf Relais & SPA
lanipitella@gmail.com,,,La Nipitella Rooms
info@podereristella.it,,,Agriturismo Podere Ristella - Wine&Food - Piscina Panoramica
post@ribollaferien.de,,,La Ribolla
info@sbb.it,,,La Ribolla
a.maussroy@lapiaggia.com,,,B&B La Piaggia
lucialapiaggia@gmail.com,,,B&B La Piaggia
ciavattarelais@gmail.com,,,Relais Ciavatta Country Hotel
info@poggiobertino.com,,,Hotel Poggio Bertino
info@ilmelogranocountryhouse.it,,,Hotel Il Melograno
geal@raccocert.it,,,Hotel Il Melograno
info@allandreas.com,,,Locanda All Andreas
mastrotittapizza@gmail.com,,,Mastro Titta
chaletgineprino@gmail.com,,,Il Gineprino
info@iglicini.it,,,I Glicini
info@villascarfantoni.com,,,Relais Villa Scarfantoni B&B
bistrot@villascarfantoni.com,,,Relais Villa Scarfantoni B&B
restaurant@i-vivai.com,,,I Vivai Hotel
info@i-vivai.com,,,I Vivai Hotel
fnfo@i-vivai.com,,,I Vivai Hotel
info@borgodellarocca.it,,,B&B Borgo della Rocca
info@borgodellarocca-montemurlo.it,,,B&B Borgo della Rocca
info@fattoriajavello.it,,,Agriturismo La Casaccia
info@casalegregoriano.com,,,Casale Gregoriano
info@ilbarbagianni.eu,,,Il Barbagianni
nidodape.bb@gmail.com,,,B&B Nido d'Ape
info@ilriccio.net,,,Meublé Il Riccio
giorgiocaroti2016@gmail.com,,,Meublé Il Riccio
info@cugusibnb.com,,,B&B Cugusi
info.montepulciano@gmail.com,,,B&b Montepulciano
info@lortodipanza.it,,,L'Orto Di Panza
info@residenzecontucci.it,,,Contucci Residenze d'Epoca
info@contucci.it,,,Contucci Residenze d'Epoca
elisabetta.barbera@tiscali.it,,,Contucci Residenze d'Epoca
prenotazioni@hotelpanoramic.com,,,Hotel Panoramic Montepulciano
museochiusi@libero.it,,,Hotel Panoramic Montepulciano
meubleevoe.montepulciano@gmail.com,,,Meuble Evoe
info@vicolodelloste.it,,,Vicolo dell'Oste
info@samuelesantoni.com,,,Agriturismo Nibbiano
info@sanbrunorelais.com,,,Relais San Bruno
info@ilgirasole.montepulciano.com,,,Bed and breakkast IL GIRASOLE
casavacanzeichiari@gmail.com,,,Casa Vacanze I Chiari
info@residenzafabroni.it,,,Residenza Fabroni
info@agriturismoilpalazzodeidiavoli.it,,,Agriturismo Palazzo dei Diavoli
info@appartamentibellarmino.com,,,Appartamenti Bellarmino
commercial@appartamentibellarmino.com,,,Appartamenti Bellarmino
info@lafalconara.it,,,la Falconara
elena@santantonio.it,,,Sant'Antonio Country Resort Montepulciano
info@santantonio.it,,,Sant'Antonio Country Resort Montepulciano
lagnolo@hotmail.it,,,L'Agnolo Di Caroti Cinzia & C.
agnolo@hotmail.it,,,L'Agnolo Di Caroti Cinzia & C.
info@sanbartolomeoliving.it,,,Palazzo Nobile di San Donato Luxury B&B Guest House
info@borgotrerose.it,,,Borgo Tre Rose - Country Hotel Montepulciano
info@iltosco.com,,,Il Tosco
reservations@dimoradellerbe.it,,,Dimora Dell'erbe
info@dimoradellerbe.it,,,Dimora Dell'erbe
info@agriturismonobile.it,,,Agriturismo Nobile
palazzodelcorto@gmail.com,,,DelCorto Suites
hello@montefelix.com,,,DelCorto Suites
info@palazzodelmercante.it,,,Palazzo del Mercante - Residenza d'epoca Montepulciano
poderepalazzolo@gmail.com,,,B&B Al Vecchio Forno
info@lacortesegreta.com,,,the secret court
info@poggio-etrusco.com,,,Poggio Etrusco di Sheldon Johns Pamela
info@montorio.com,,,Montorio Charming Country Residence
gabriella@hotelgranducato.it,,,Hotel Granducato Montepulciano Tuscany
annamaizzi@hotelgranducato.it,,,Hotel Granducato Montepulciano Tuscany
albergolaterrazza@libero.it,,,ALBERGO LA TERRAZZA DI MONTEPULCIANO
info@casadibacco.net,,,Agriturismo Casa di Bacco
hello@poderepoggioalsole.it,,,Podere Poggio al Sole
info@villacicolina.it,,,Villa Cicolina
info@poderelarocca.it,,,Podere La Rocca Farmhouse
info@albergoilmarzocco.it,,,Albergo Il Marzocco
info@fonteroncone.it,,,B&B FONTERONCONE di KRYVUTA OKSANA
lasiestabeb@gmail.com,,,La Piccola Siesta b&b
tuscany@ortaglia.it,,,Relais Ortaglia at Podere Val D’Orcia
reservations@borgosanvincenzo.com,,,Borgo San Vincenzo
info@borgosanvincenzo.com,,,Borgo San Vincenzo
restaurant@borgosanvincenzo.com,,,Borgo San Vincenzo
osteriadelborgomontepulciano@gmail.com,,,Osteria del Borgo
info@agriturismocognanello.it,,,Agriturismo Cognanello
ladimoranelcorso@gmail.com,,,B&BMontepulciano
info@fattoriasanmartino.it,,,Fattoria San Martino
info@dionora.it,,,Podere Dionora
info@palazzocarletti.it,,,Palazzo Carletti
info@hotelmarvin.it,,,Hotel Marvin
info@stelledimonte.com,,,Stelle di Monte
info@camerebellavista.it,,,Bellavista Rooms Massoni Gabriella & C.
camerebellavistamontepulciano@gmail.com,,,Bellavista Rooms Massoni Gabriella & C.
casale-poggiano@libero.it,,,Casale a Poggiano
booking@casadelfauno.it,,,Casa del Fauno
gruppi@hotelgrifo.it,,,Hotel Grifo Montepulciano
gruoi@hotelgrifo.it,,,Hotel Grifo Montepulciano
info@agriturismodraghi.it,,,Agriturismo Draghi
ebbio.agriturismo@gmail.com,,,EBBIO
sramazzotti.sr@gmail.com,,,EBBIO
info@villamontarioso.com,,,Villa Montarioso
info@poggiarello.com,,,Antico Borgo Poggiarello
info@fattoriailcolombaio.com,,,Fattoria Il Colombaio
info@borgodebrandi.com,,,Borgo dé Brandi
info@bestofsiena.com,,,Rooms and Wine - Best of Siena
ristorante@ilpiccolocastello.com,,,Hotel Il Piccolo Castello
info@bedandbreakfastilceppo.it,,,Bed and Breakfast Il Ceppo
info@ladamacountryrooms.it,,,La Dama Country Rooms
writeus@trufflenbed.com,,,TRUFFLE'N'BED
dasavi@protonmail.com,,,TRUFFLE'N'BED
tenuta.darbia@gmail.com,,,Tenuta d'Arbia
fllisanna@libero.it,,,Hotel 1000 Miglia
fratellisanna@hotmail.it,,,Hotel 1000 Miglia
info@sanpierino.it,,,Casa Vacanze San Pierino
info@villagiuncheto.com,,,Villa Giuncheto
info@castellodisanfabiano.com,,,San Fabiano
info@ilcantodelsole.com,,,IL Canto Del Sole
info@missanega.it,,,Agriturismo Missanega
info@missanega.com,,,Agriturismo Missanega
portoroca@portoroca.it,,,Restaurant Hotel Porto Roca
direzione@portoroca.it,,,Restaurant Hotel Porto Roca
info@leccidisoviore.com,,,I Lecci Soviore
info@lesolane.it,,,Residence Ramerino
info@campetroso.it,,,Agriturismo Borgo Campetroso
reception@campetroso.it,,,Agriturismo Borgo Campetroso
hotel123695@wearehotels.top,,,Le Camere di Nonna Mara
info@lecameredelborgo.it,,,Le Camere del Borgo
lamacinabeb@gmail.com,,,B&B La Macina
info@fattorialasteccaia.it,,,Fattoria la Steccaia
ilpolveraio@gmail.com,,,Antico Podere Il Polveraio - Agriturismo in Toscana
info@loscudaio.com,,,lo scudaio b&b
info@villalavinia.it,,,Villa Lavinia B&B
info@belvederealbergo.it,,,Hotel Ristorante Belvedere
info@residenzavillaalbertina.com,,,Villa Albertina
info@lefontiasangiorgio.it,,,Le Fonti a San Giorgio
lelavandesrl@gmail.com,,,Le Lavande | Casa Vacanza Toscana Ecosostenibile
poderesanripoli@gmail.com,,,Podere Sanripoli
info@castellooliveto.it,,,Residence San Romano
info@poderelaquerce.com,,,Podere La Querce
detwilerlisa@gmail.com,,,Podere La Querce
gocha.mieble@gmail.com,,,Podere La Querce
info@motorradhoteltoskana.com,,,Hotel Molino del Ponte - Motorradhotel Tuscany
info@ilmolinodelponte.com,,,Hotel Molino del Ponte - Motorradhotel Tuscany
info@poggiocapponi.it,,,Fattoria Poggio Capponi
info@villalecalvane.com,,,Villa le Calvane
president@villalecalvane.com,,,Villa le Calvane
villalecalvane@gmail.com,,,Villa le Calvane
sahil.dua@booking.com,,,Casa le Betulle
bas.schopman@booking.com,,,Casa le Betulle
lee.smith@booking.com,,,Casa le Betulle
info@villafirenze.com,,,Villa Firenze Casa Serena
info@staseraalcinema.it,,,Hotel Valdarno
info@hoteldelta.it,,,Hotel Delta
booking@hoteldelta.it,,,Hotel Delta
info@campiglioni.it,,,Agriturismo Relais Campiglioni
suitepalazzomari@gmail.com,,,B&B Palazzo Mari suite & rooms
info@querciabruna.com,,,B&B CANNETO by QUERCIABRUNA
info@ilmerloverde.it,,,Il Merlo Verde Monteverdi
montiguesthouse@outlook.com,,,Monti Guesthouse
ropollon@gmail.com,,,B&B Cadrecca Tra Terra Luna e Mare
ropollon@libero.it,,,B&B Cadrecca Tra Terra Luna e Mare
visit@lepiccolemacie.com,,,Agriturismo Le Piccole Macìe - Magliano in Toscana
info@poggiolivi.it,,,Poggiolivi Agriturismo Bio in Maremma
olmo@olmopienza.it,,,L'Olmo
olmopienza@yahoo.it,,,L'Olmo
info@affittacameremariagabriella.it,,,"""Camera Lanciotta"""
info@intoscanacamere.it,,,In Toscana Camere
info@lemacchie.it,,,Agriturismo Le Macchie - Farmhouse in Pienza
info@lacasanelborgo-toscana.it,,,La Casa nel Borgo
info@villapoliflora.it,,,Villa PoliFlora
info@lemaribelle.it,,,Le Maribelle
info@ilchiassino.com,,,Il Chiassino Affittacamere - Appartamento
info@labanditaccia.com,,,La Banditaccia Azienda Agricola - Agriturismo
reservation@lalocandadipetriolo.it,,,La Locanda di Petriolo
hotel127456@wearehotels.top,,,Hotel Imposto
elisabetta@canovae.com,,,Ca'Novae - Tuscany FarmHouse
info@pozzolone.it,,,Al Pozzolone
info@hotelprategiano.it,,,Hotel Rifugio Prategiano
relais@montepepe.com,,,Relais Montepepe Winery & SPA
info@montepepe.com,,,Relais Montepepe Winery & SPA
info@lacagialla.it,,,La Casa Gialla B & B
gigi@lacagialla.it,,,La Casa Gialla B & B
info@tenutazamparina.it,,,Tenuta Zamparina
villa@gildafortedeimarmi.com,,,Villa Gilda Relax & Living
ristorante@gildafortedeimarmi.com,,,Villa Gilda Relax & Living
beachclub@gildafortedeimarmi.com,,,Villa Gilda Relax & Living
info@magnoliabb.it,,,Magnolia B&B
bottaccio@bottaccio.com,,,"Il Bottaccio, Relais & Châteaux"
careers@bottaccio.com,,,"Il Bottaccio, Relais & Châteaux"
borgocardaneto@gmail.com,,,Borgo Cardaneto B&B
info@hotelfortebraccio.it,,,Hotel Fortebraccio
silissima@gmail.com,,,Agriturismo La Cinciarella
info@albergoadamo.com,,,Albergo Ristorante ADAMO
info@agriturismoacquacalda.it,,,Agriturismo Acquacalda
info@lariete.org,,,Agriturismo Countryhouse L'Ariete
info@bebilmoscondoro.it,,,B&B Il Moscondoro
info@lapaggeria.com,,,La Paggeria Bed & Breakfast
info@ilnidodamorebutterfly.it,,,Al Caminetto De La Rosa
info@albergomontevenere.it,,,Albergo Ristorante Montevenere
info@domusdeglidei.it,,,B&B Domus degli Dei
info@lodole.com,,,B & B Lodole Country House
susannadgl@gmail.com,,,1727 B&B Via degli Dei
info@ostellodeglidei.it,,,"R&B ""Ostello degli Dei"""
stefano@mandelclub.com,,,Mandel residence
info@locandailrustichello.it,,,Locanda Il Rustichello
info@lacostadigavedo.it,,,B&B La Costa di Gavedo Casa Vacanza
info@borgovera.com,,,B&B Borgo Vera
lasinovola@gmail.com,,,L'Asino Vola
info@labagnaiagolfresort.com,,,La Bagnaia Golf Resort
mice@labagnaiagolfresort.com,,,La Bagnaia Golf Resort
reservations@labagnaiagolfresort.com,,,La Bagnaia Golf Resort
info@boscodellaspina.it,,,Bosco Della Spina
graziano.debellini@th-resorts.com,,,TH Capoliveri - Grand Hotel Elba International
lorenzo.bighin@th-resorts.com,,,TH Capoliveri - Grand Hotel Elba International
elisa.soramio@th-resorts.com,,,TH Capoliveri - Grand Hotel Elba International
info@hotelvocedelmare.it,,,La Voce Del Mare
elbainlove2.0@gmail.com,,,Elba Island Resort
info@pamalu.it,,,Residence Pamalu'
info@relaiscorterodeschi.com,,,Relais Corte Rodeschi
villamontecatini@gmail.com,,,Relais Villa Montecatini
palazzomatteicharmingrooms@gmail.com,,,B&B Palazzo Mattei - Charming rooms
info@bbvillamagda.it,,,BB Villa Magda
info@hotelmagda.com,,,BB Villa Magda
villacercis@libero.it,,,Villa Cercis
info@ilfondacodelmoro.it,,,B & B Il Fondaco del Moro
info@borgodioliveto.com,,,B&B Borgo Di Oliveto
info@macroweb.it,,,B&B Borgo Di Oliveto
ilcasaletoscanopisa@gmail.com,,,B&B Corso Italia
paolaloda67@virgilio.it,,,B&B Corso Italia
info@ilgiardinodellosa.com,,,Farm Garden dell'Osa
info@locandadiansedonia.com,,,"La Locanda di Ansedonia & Ristorante GRIGL""io"""
locandadiansedonia@gmail.com,,,"La Locanda di Ansedonia & Ristorante GRIGL""io"""
info@golfodimaremma.it,,,Village Golfo degli Etruschi
seaandgarden2018@gmail.com,,,B&B Sea and Garden
info@lapineta-orbetello.it,,,B&B La Pineta
info@toscanazzurra.it,,,Hotel Residence Lido di Giannella
scuolavela@ycss.it,,,Hotel Residence Lido di Giannella
biba55@icloud.com,,,Hotel Residence Lido di Giannella
vinicio@vinicio.it,,,Hotel Vinicio
booking@residenzadellalaguna.com,,,Residenza Della Laguna
laresidenzadellalaguna@gmail.com,,,Residenza Della Laguna
info@hotellequerciolaiedeiricci.com,,,Le Querciolaie
info@hotelvillaambra.com,,,Hotel Villa Ambra
acquario.argentario@gmail.com,,,Hotel Villa Ambra
villamariel2011@libero.it,,,Villa Mariel - Adults only Giannella Playa
info@orbetellocampingvillage.it,,,Orbetello Family Camping Village
casairisorbetello@gmail.com,,,Casa Iris Bed and Breakfast
contact@ourdomain.com,,,Hotel Relais Presidia
info@piandeimuciniresort.it,,,Hotel Il Telamonio
info@sanbiagiorelais.it,,,San Biagio Relais
info@algirasole.it,,,Farmhouse Al Girasole
info@postatorrenova.it,,,La Posta di Torrenova Hotel
info@torrenova.eu,,,La Posta di Torrenova Hotel
info@orbetellohotelsole.com,,,Hotel Sole
info@poderedelpriorato.it,,,Podere del Priorato
infopensionetonyandjudy@gmail.com,,,B&B Tony and Judy
camillapaci77@gmail.com,,,Podere il ghiro
camilla.paci@fastwebnet.it,,,Podere il ghiro
info@blueberryhills.it,,,Blueberry Hills
info@casalegliulivi.it,,,Bed and Breakfast Casale gli Ulivi
daniele@smart-appart.de,,,Residence Smart Appart
info@agriturismosignorini.it,,,Agriturismo Signorini
info@agriturismoponziani.it,,,Farm B & B Ponziani
contact@belgiorgio.com,,,Bed & Breakfast Bel Giorgio
info@lavecchiabottegadiorgia.it,,,La vecchia bottega di Orgia
ortano@th-resorts.com,,,Ortano Mare Village
info@borgodeicorsi.it,,,Il Borgo Dei Corsi Holiday House - Albergo Diffuso -
info@lunafiorita.it,,,B&B Luna Fiorita
lunafiorita.ortonovo@gmail.com,,,B&B Luna Fiorita
info@locandailmonastero.it,,,Locanda Il Monastero
690857info@locandailmonastero.it,,,Locanda Il Monastero
info@anticosipario.com,,,Antico Sipario Boutique Hotel
info@agriturismoifrati.it,,,Il Convento
pacinatiezzi@gmail.com,,,Agriturismo Pacinina
unpontesulgretano@yahoo.it,,,Un Ponte sul Gretano
r_anati@netvision.net.il,,,CasaMeo
info@hotelristoranteparco.it,,,Hotel Ristorante Pizzeria Parco
info@hp27.it,,,Hotel Ristorante Pizzeria Parco
info@caserrasullacollina.it,,,B&B Cà Serra sulla collina
lacasolare@gmail.com,,,Agriturismo La Ca' Solare
reservations@dimoraleones.it,,,Antica Dimora Leones
info@albergo-montechiari.it,,,Albergo Montechiari Albergo Montechiari Sas Di Sutter Verena Rosa & C.
info@acasadiirmaenilo.it,,,A Casa di Irma e Nilo
info@lacerbana.com,,,Agriturismo La Cerbana
fattoriadicolleoli@gmail.com,,,Fattoria Di Colleoli
lequerceagriturismo@gmail.com,,,agriturismo le querce
david.ciardelli@gmail.com,,,agriturismo le querce
info@villasaletta.com,,,Villa Fagnana
privacy@villasaletta.com,,,Villa Fagnana
silvia@villasaletta.com,,,Villa Fagnana
zaira@borgosantopietro.com,,,Borgo Santo Pietro
jeanette@borgosantopietro.com,,,Borgo Santo Pietro
marco@borgosantopietro.com,,,Borgo Santo Pietro
booking@mansalto.com,,,Tenute di Mansalto - Villa Le Tornaie
info@mansalto.com,,,Tenute di Mansalto - Villa Le Tornaie
info@cadischeta.it,,,Ca 'Scheta B & B
info@heuropamugello.it,,,Hotel Europa Mugello
info@locandasenio.com,,,Locanda Senio
ninfo@locandasenio.com,,,Locanda Senio
info@poderemolinaccio.it,,,Podere Molinaccio
boutiquehotel@boutiquehotelmasolino.it,,,Boutique Hotel Masolino
info@boutiquehotelmasolino.it,,,Boutique Hotel Masolino
boutiquehotel@masolino.it,,,Boutique Hotel Masolino
info@lapiaggioladegliolivi.com,,,Agriturismo La Piaggiola degli Olivi di Macchiaiolo Adele
info@rastrello.com,,,Rastrello
morami@morami.it,,,Morami Wine Agriturismo - Degustazioni - Wine experience
wine@morami.it,,,Morami Wine Agriturismo - Degustazioni - Wine experience
info@bbcasavolpini.it,,,BED & BREAKFAST CASA VOLPINI
info@rossodelchianti.com,,,Rosso Del Chianti
ibooking@rossodelchianti.com,,,Rosso Del Chianti
booking@rossodelchianti.com,,,Rosso Del Chianti
info@ilcasello.it,,,Il Casello Country House B & B
lapensione@vignamaggio.com,,,Pensione di Vignamaggio
prato@vignamaggio.com,,,Pensione di Vignamaggio
retail@vignamaggio.com,,,Pensione di Vignamaggio
info@villalapetraia.com,,,Villa La Petraia
teodosi@sharingxchange.com,,,GIGLIO Apartment in the Countryside for 4
alex@sharingxchange.com,,,GIGLIO Apartment in the Countryside for 4
kolyo.iliev@sharingxchange.com,,,GIGLIO Apartment in the Countryside for 4
info@ilcasalino.com,,,Agriturismo Il Casalino
mail@ilcasalino.com,,,Agriturismo Il Casalino
info@poggioallarocca.it,,,Poggio alla Rocca
mkmarchinicamia@gmail.com,,,I Ghirardi Nature&Culture
marie@fondazionebideri.it,,,I Ghirardi Nature&Culture
marchinicamia@hotmail.com,,,I Ghirardi Nature&Culture
info@borgogiustotuscany.com,,,Borgo Giusto
supporto@quovai.com,,,Il Leoncino Rooms & Apartments
info@poderefignano.com,,,Il Leoncino Rooms & Apartments
hello@quovai.com,,,Il Leoncino Rooms & Apartments
info@hotel-il-gabbiano.it,,,Hotel Ristorante Il Gabbiano
info@kursaalhotel.net,,,Hotel Lake Trasimeno - Kursaal
lido@umbriahotels.com,,,Hotel Lido
info@hotellavela.it,,,Hotel La Vela
info@hoteldarsena.it,,,Hotel la Darsena
ihre@email.de,,,Villa La Rogaia Holiday Apartments
info@hoteltrasimeno.it,,,Hotel Trasimeno
info@montigeto.com,,,Parkhotel Montigeto
hotelbelvederesnc@libero.it,,,Belvedere
hotelcavalieri@hotelcavalieri.it,,,Hotel Cavalieri
carmelo@villatrasimeno.com,,,Villa Trasimeno
inquiries@villatrasimeno.com,,,Villa Trasimeno
reservations@villatrasimeno.com,,,Villa Trasimeno
bookingparadiso@bluhotels.it,,,Villa Paradiso Village - Blu Hotels
info@hotelprosperi.it,,,Hotel Prosperi
casprinidaomero@c-posta.it,,,Ristorante Residence Casprini da Omero
sindaco@comune.greve-in-chianti.fi.it,,,Ristorante Residence Casprini da Omero
urp@comune.greve-in-chianti.fi.it,,,Ristorante Residence Casprini da Omero
info@villanozzole.com,,,Villa Nozzole
info@rifugimugello.it,,,The Alpine Refuge Diacci
info@locandadelbarbagianni.com,,,Bed & Breakfast La Locanda del Barbagianni Pisa
officinadeiviaggi@gmail.com,,,Patresi Mare Appartamenti
enoteca@pratello.it,,,Villa di Pratello
tenuta@pratello.it,,,Villa di Pratello
weddings@pratello.it,,,Villa di Pratello
info@podereborgaruccio.com,,,Relais Podere Borgaruccio
info@villaborgovecchio.it,,,Villa Borgovecchio B&B
balconesulmetauro@tin.it,,,Albergo Balcone Sul Metauro
reception@theflorencehills.com,,,The Florence Hills Resort & SPA
info@ristonchi.com,,,Castello Di Ristonchi
hhbelpanorama@gmail.com,,,Home Holiday Bel Panorama
info@hotelducamontefeltro.it,,,Hotel Duke
info@locandasospesa.com,,,Locanda Sospesa
info@isaliciagriturismo.com,,,I Salici Agriturismo
info@poderebellaria.com,,,Agriturismo Podere Bellaria
marcella@lapensionada.com,,,La pensionada
aurelio@lapensionada.com,,,La pensionada
pdb@piandelbosco.com,,,Pian del Bosco
info@altaperugia.com,,,Alta Perugia Bed & Breakfast
info@agriturismovolpeuva.it,,,Farmhouse La Volpe E L'uva
leterrazzepg@gmail.com,,,B & B Le Terrazze
info@bb-allecime.it,,,"B&B ""Alle Cime"""
roel@roelschneemann.com,,,Palazzo Giusti
info@rphotels.com,,,Villa delle Rose
poderescogliodoro@gmail.com,,,Podere Scoglio d'Oro
lacornacchiacapalbio@libero.it,,,"Agriturismo La Cornacchia Pescia Romana(VT), Agriturismo Capalbio, Agriturismo Pescia Fiorentina"
info@villapoggiochiaro.it,,,Villa Poggio Chiaro
il_melarancio@libero.it,,,IL MELARANCIO
info@cortedeglistruzzi.it,,,Corte degli Struzzi
info@casaledellassiolo.it,,,Casale Dell'Assiolo - B&B e Affittacamere
booking@borgopetrognano.com,,,Borgo Petrognano
info@borgopetrognano.com,,,Borgo Petrognano
ortodeibruchi@gmail.com,,,L'Orto dei Bruchi
info@palazzobrandano.it,,,Palazzo Brandano
info@lacallarb.it,,,LA CALLA R & B
reservation@lacallarb.it,,,LA CALLA R & B
podere269@gmail.com,,,Podere 269
info@anticocasaleumbro.com,,,Antico Casale Umbro
info@fattoriapiandirocca.it,,,Fattoria Pian di Rocca
info@guardalaluna.com,,,"b&b casa vacanze ""Guardalaluna"""
irene.gentilini@me.com,,,Antica Locanda Alpina
info@olivium.it,,,Residence Olivium La Spezia
info@conventosanbartolomeo.com,,,Convento San Bartolomeo
agriturismosenese@gmail.com,,,Agriturismo S. Apollinare
infohoteldelbosco@gmail.com,,,Hotel Del Bosco
info@albergo-alpino.com,,,ALBERGO RISTORANTE ALPINO di Lunardi Ferdinando
hotel120163@wearehotels.top,,,La Posta
info@ilgiardinoincantato.it,,,~ilgiardinoincantato.it~ Casa vacanze & allevamento Pappagalli addestrati
info@hotelmazzieri.com,,,Mazzieri
iltuo@email.it,,,Mazzieri
info@chiantibbdesign.it,,,Chianti B&B Design
ilvisibilio@fontanellestate.com,,,Hotel Le Fontanelle
nilvisibilio@fontanellestate.com,,,Hotel Le Fontanelle
bookingclubhouse@fontanellestate.com,,,Hotel Le Fontanelle
info@daferro.it,,,Bed & Breakfast da Ferro
luxen@2035themes.com,,,Bed & Breakfast da Ferro
https@twitter.com,,,Bed & Breakfast da Ferro
info@casaleilnocciolo.it,,,Casale Il Nocciolo
info@bnbamici.it,,,B&B Amici - Bed and Breakfast La Spezia
info@enjoypianosa.it,,,Albergo Milena
info@rossotoscano.com,,,B&B RossoToscano
info@cadeprincipi.com,,,Ca' de' Principi
lacasadigotely@gmail.com,,,La Casa Di Gotely
info@lascarzuola.com,,,Resort Podere dell'Angiolo
info@ilcasaledellegirandole.com,,,Il Casale delle Girandole
astro@bigpond.net.au,,,Il Casale delle Girandole
info@daelio.it,,,da elio
tom.webb8819@gmail.com,,,L'Antica Vetreria
info@casa-newton.com,,,Casa Newton
info@labellavitapienza.it,,,La Bellavita B&B
info@portalepienza.it,,,Oliviera Camere
stella@a440intuscany.com,,,A440 in Tuscany
privacy@a440intuscany.com,,,A440 in Tuscany
dpo@a440intuscany.com,,,A440 in Tuscany
infogarage47@gmail.com,,,GARAGE47 LOFT B&B iN PIENZA
kstacey120@gmail.com,,,GARAGE47 LOFT B&B iN PIENZA
ninfo@relaisilchiostrodipienza.com,,,Relais Il Chiostro di Pienza
info@fontebertusi.it,,,Fonte Bertusi
terrapille@bccmp.com,,,Le Moggiaglie
montepulcianolettings@gmail.com,,,"Casa Olivieri - Casa Gioia ""PienzaLettings"""
pienzalettings@gmail.com,,,"Casa Olivieri - Casa Gioia ""PienzaLettings"""
chiancianolettings@gmail.com,,,"Casa Olivieri - Casa Gioia ""PienzaLettings"""
info@lasaracina.it,,,La Saracina
info@poderegonzaga.it,,,PODERE GONZAGA
spagnacinque@gmail.com,,,Spagna 5
info@gozzante.com,,,Affittacamere Gozzante
residenzadepocalarosa@gmail.com,,,Residenza d'Epoca La Rosa
info@poderespedalone.it,,,Agriturismo Podere Spedalone
info@hotelcorsignano.it,,,Hotel Corsignano
ristorantedalfalcopienza@hotmail.it,,,Affittacamere Dal Falco
info@pienzavacanze.it,,,B&B Camere La Vite
info@palazzomassaini.com,,,Palazzo Massaini
info@bonello.eu,,,Agriturismo Bonello
lacollina.pienza@gmail.com,,,Agriturismo La Collina
info@appartamentipienza.it,,,Cardinali Apartment
info@piccolohotellavalle.com,,,Piccolo Hotel la Valle - Hotels in Pienza
info@camereilgigliopienza.it,,,Il Giglio B & B
info@relaisvaldorcia.com,,,Relais Val d'Orcia
giardino-segreto@libero.it,,,"Bed & Breakfast Il Giardino Segreto, Dormire Pienza"
info@millefioriroomspienza.it,,,Millefiori Rooms Pienza
ilaria.depieri@libero.it,,,Millefiori Rooms Pienza
booking@lacasadiadelina.eu,,,"B&B La Casa Di Adelina, Monticchiello"
info@ilmastiodispedaletto.it,,,Il Mastio di Spedaletto Relais
info@ristorantehotellideale.com,,,L'Ideale - Albergo - Ristorante - Pizzeria
mail@residenziadelsogno.com,,,Residenzia del Sogno
sarabaldetti@gmail.com,,,Agriturismo Dominus Domenico
emailinfo@sanfaustinoresort.com,,,Abbazia San Faustino
info@sanfaustinoresort.com,,,Abbazia San Faustino
assistenza@webador.it,,,B&B Antica Terrazza Pietramala
sarti.robertostefano@libero.it,,,B&B Antica Terrazza Pietramala
matildesarti.libera@gmail.com,,,B&B Antica Terrazza Pietramala
info@lapietrapiana.com,,,La Pietra Piana Restaurant B&B
info@dapio.it,,,B&B Da Pio
info@cbsnet.it,,,B&B Da Pio
relaisvillaisabel@gmail.com,,,Relais Villa Isabel
info@hotellegiare.com,,,Hotel Le Giare
tonfano@cremonavacanze.com,,,Casa per Ferie Nostra Signora Tonfano
info@cremonavacanze.it,,,Casa per Ferie Nostra Signora Tonfano
info@sostadegliartisti.com,,,La Sosta degli Artisti bed&breakfast
info@bbilmaggese.com,,,Bed and Breakfast - Il Maggese
info@residencearistea.it,,,Residence Aristea
info@arcadia.lu.it,,,L'Arcadia
info@miamibeb.com,,,B & B Miami Beach Pietrasanta
info@residenceinternazionale.it,,,Residence Internazionale
info@labugneta.com,,,B & B La Bugneta
info@hoteljoseph.net,,,Hotel Joseph
info@pietrasantaresort.com,,,Palazzo Ferretti
info@rivieraresidence.com,,,Riviera Residence
info@dimoracarducci.com,,,Dimora Carducci
info@pievedegliartisti.com,,,B & B Pieve Degli Artisti
info@sulprado.com,,,b&b Sul Prado
info@sulprado.it,,,b&b Sul Prado
federica@lamimosachic.it,,,B&B La Mimosa Chic - Pietrasanta
info@lecamerepietrasantine.com,,,Le Camere Pietrasantine - Centro Storico
info@ilduomosuites.com,,,IL DUOMO SUITES
barbarapardini@gmail.com,,,IL DUOMO SUITES
casale1918@gmail.com,,,Casale1918
info@hotelvillamarzia.it,,,Hotel Villa Marzia
hotel@suissehp.com,,,Hotel Suisse
info@hotelaironeversilia.it,,,Hotel Airone B&B
htlgemmadelmare@gmail.com,,,Hotel Gemma del Mare
info@pietrasantamareresidence.it,,,Pietrasantamare Residence
assistenza@blastness.com,,,Versilia Golf Resort
resort@versiliagolf.com,,,Versilia Golf Resort
golf@versiliagolf.com,,,Versilia Golf Resort
info@versiliagolf.it,,,Forte dei Marmi Golf Club
ilgioiellob.b@yahoo.com,,,B&B Il Gioiello
info@spaziodarterelais.com,,,Spazio d'Arte
info@hotelpalagi.it,,,Hotel Palagi
info@hotelalk.it,,,Hotel Alk
info@bellavistaversilia.it,,,Bellavista Versilia - Bed and Breakfast
booking@paradispietrasanta.it,,,Paradis Pietrasanta
info@orangeriepietrasanta.com,,,Orangerie Pietrasanta
giuliatalini77@gmail.com,,,Orangerie Pietrasanta
info@happyhotelapartments.it,,,HAPPY - hotels & apartments
info@arthotelpietrasanta.it,,,Art Hotel Pietrasanta
info@centralparkversilia.it,,,Hotel Central Park
info@hoteloceano.it,,,Hotel Oceano
prenota@ondamarinarta.it,,,Residence Onda Marina
info@residenzapalazzovisdomini.com,,,Residenza Palazzo Visdomini | Hotel Pietrasanta
info@residenceverdeluna.it,,,Verde Luna
info@relaislamartina.it,,,Relais La Martina
reservation@sogaglia.com,,,Relais San Filippo in Sogaglia
info@sogaglia.com,,,Relais San Filippo in Sogaglia
info@lavillaresort.info,,,La Villa Resort
fioreroma19@hotmail.it,,,B&B Pietra E Glicine
info@villalebarone.com,,,Villa Le Barone Hotel
info@ilcastellare.eu,,,il Castellare B&B
f.venturucci@wineuropa.it,,,Euro Hotel
info@hotelsantostefanoarezzo.it,,,Hotel Santo Stefano
info@hotelvalleverde.net,,,Hotel Valle Verde s.n.c.
albergobucaneve@tiscali.it,,,Bucaneve
sciatori@libero.it,,,Albergo Ristorante Skiers
locanda@locandadamarco.it,,,Locanda Da Marco
info@greenquiet.net,,,Green Quiet
info@onirika.net,,,Green Quiet
info@lameridianacasale.it,,,B&B La meridiana
info@villataddea.com,,,B&B Villa Taddea
primadellelba@gmail.com,,,B&B Prima dell'Elba
noreply@envato.com,,,B&B Prima dell'Elba
info@hotelristoranteesperia.it,,,HOTEL ESPERIA
vivaibartolini@gmail.com,,,Agriturismo OlivoMare
piombino1428@gmail.com,,,PIOMBINO 1428
bebreginamargherita@hotmail.it,,,Bed & Breakfast REGINA MARGHERITA
regina.margherita.piombino@gmail.com,,,Bed & Breakfast REGINA MARGHERITA
reception@marinasalivoli.it,,,RTA Marina Salivoli
immobiliare@marinasalivoli.it,,,RTA Marina Salivoli
info@hotelestpiombino.com,,,Hotel Est Piombino
latorrettaresidence@yahoo.com,,,Residence La Torretta
info@baiaetrusca.com,,,Hotel Baia Etrusca
larosadeiventi2018@gmail.com,,,La Rosa dei Venti Resort | Resort a Piombino direttamente sul Mare | Vacanze in Toscana
info@hotelmodernopiombino.it,,,HOTEL MODERN
info@mareetrusco.com,,,Mare Etrusco
hotelcentralepiombino1@gmail.com,,,Hotel Centrale
info@relaistorremozza.com,,,Torre mozza
info@albergoitalia.eu,,,Albergo Italia nel CENTRO STORICO di Piombino vicino al GOLFO di BARATTI e dalla Città Etrusca di POPULONIA
ilrivellino@livornopec.it,,,Albergo Italia nel CENTRO STORICO di Piombino vicino al GOLFO di BARATTI e dalla Città Etrusca di POPULONIA
info@hotelaristonpiombino.com,,,Hotel Ariston
info@villaggioturisticoairone.com,,,Villaggio Turistico Airone
aironesrl@livornopec.it,,,Villaggio Turistico Airone
info@excelsior71.it,,,Excelsior
booking@excelsior71.it,,,Excelsior
ilbiribino@gmail.com,,,B&B Biribino
inf@beblequattrostagioni.com,,,Bed and Breakfast The Four Seasons - Cisanello - Pisa
info@beblequattrostagioni.com,,,Bed and Breakfast The Four Seasons - Cisanello - Pisa
villa.gini@gmail.com,,,Villa Gini
info@coloradohome.it,,,Bed and Breakfast Colorado Home Pisa
info@bebcorsoitaliapisa.it,,,B&B corso Italia
atticosullatorre@gmail.com,,,Attico sulla Torre
info@ilcielodilucio.it,,,"Affittacamere ""Il Cielo di Lucio"""
info@royalvictoria.it,,,Royal Victoria Hotel
lalu.roomsinpisa@gmail.com,,,la Lu cozy rooms
info@relaissassetti.it,,,Relais Sassetti B&B
ildolcesospiropisa@gmail.com,,,B&b Il dolce sospiro pisa
relaisdeimercanti@gmail.com,,,Relais dei Mercanti B & B and Suites
prenotazioni.lebaleari@cripisa.it,,,Baleari Park Hotel
hotel.lebaleari@cripisa.it,,,Baleari Park Hotel
coeb.litorale@cripisa.it,,,Baleari Park Hotel
contact@theprimebnb.com,,,Villa Rismondo
info@casalelasterpaia.eu,,,Casale La Sterpaia · Hotel
bbsognando@gmail.com,,,"Bed and Breakfast ""Sognando verso la Torre"" Pisa"
info@betaniapisa.com,,,Casa Betania
info@fiveroses.it,,,Five Roses Bed and Breakfast
info@lemusepisa.it,,,Le Muse - Affittacamere
casaldipeppe@gmail.com,,,Casal di Peppe B&B
appartamentipisa@gmail.com,,,Appartamenti Cisanello
info@bblepiagge.it,,,BB le Piagge Pisa
bblepiagge@outlook.it,,,BB le Piagge Pisa
info@hellopisa.com,,,Hello Pisa B&B
info@affittacamere-centro-pisa.com,,,Guest House Stazione Pisa Centro
info@hotelpisatower.com,,,Hotel Pisa Tower
colombobbpisa@gmail.com,,,B&B Colombo Pisa 6th floor
colombobbpisa@outlook.it,,,B&B Colombo Pisa 6th floor
bbcolombopisa@outlook.it,,,B&B Colombo Pisa 6th floor
asad.tanvir@googleadservices.com,,,Crown Guest House
mark.faulkner@googleadservices.com,,,Crown Guest House
robert.mueller@googleadservices.com,,,Crown Guest House
info@magnoliaroomspisa.com,,,Magnolia Comfort & Rooms
info@hotelvillakinzica.com,,,"Hotel Villa Kinzica ""The Pelican Ltd."""
info@terminusplaza.it,,,Hotel Terminus Plaza
info@hotelleonardopisa.it,,,Hotel Leonardo
info@mediceo42.it,,,Mediceo 42
booking@aweshome.it,,,AwesHome Villa Tower
mrcbaldacci@gmail.com,,,Aduepassidaltreno Appartamento
info@hoteltouringpisa.it,,,Hotel Touring
info@aristonpisatower.it,,,B&B Ariston Pisa Tower
info@lauriloft.it,,,Lauri Loft - Affittacamere
tulipan@residencetulipan.it,,,Residence Tulipan
info@annateresaluxury.it,,,Anna Teresa Luxury B&B
info@santommasopisa.com,,,Casa San Tommaso
info@hotelmoderno.pisa.it,,,Hotel Moderno Pisa
info@ariannandfriends.com,,,Hotel Moderno Pisa
info@palazzoferoci.com,,,Palazzo Feroci
info@casaciampi.it,,,Casa Ciampi
info@brezzadellaprimavera.it,,,Affittacamere B&B Brezza della Primavera
info@aduepassidalcentro.it,,,B & B near the center
info@affittacamerebolondi.it,,,Affittacamere Bolondi Pisa
info@hoteldistefano.it,,,Hotel di Stefano
pisahotelverdi@gmail.com,,,Hotel Verdi
info@hotelcapitol.pisa.it,,,Hotel Capitol
allatorreconvista@gmail.com,,,At the tower with views
info@bedandbreakfastester.it,,,B&B Ester
bb.orchideapisa@gmail.com,,,B&B L'Orchidea Pisa
info@hotelathenapisa.it,,,Hotel Soggiorno Athena
antonio@rossi.it,,,Hotel Soggiorno Athena
info@bebsantacaterinadalessandria.it,,,Santa Caterina D'Alessandria - Residenza D'Epoca
hotelminerva20@gmail.com,,,Hotel Minerva
e-mailadresinfo@hotelamalfitana.it,,,Hotel Amalfitana
ecopisatower@gmail.com,,,Eco Pisa Tower Guesthouse
info@hotelgiardino.pisa.it,,,Hotel Il Giardino
info@affittacamerelikehome.com,,,Affittacamere Like Home
info@bbgalileorooms.com,,,Il Galielo Rooms
info@albergobernardini.it,,,Albergo Bernardini
ivana@aurorabandb.it,,,Aurora BnB
info@bedandbreakfastsanmichele.com,,,Bed Breakfast San Michele
info@mayflowers.it,,,B&B Mayflowers
giornoenottepisa@gmail.com,,,B&B Giorno e Notte
eurohotel@katamail.com,,,Euro Hotel
info@hotellatorrepisa.it,,,Hotel la Torre Pisa
affittacamerepisacisanello@gmail.com,,,B&B La Gioiosa
info@ilporticato.it,,,B&B Il Porticato
info@lacortedistelio.it,,,The Court of Stelio
info@lacortedilisa.com,,,B&B La Corte di Lisa
bebdadebora@libero.it,,,B & B by Debora Pisa
delfopisa@gmail.com,,,Affittacamere Delfo
info@convention.pisa.it,,,Holiday Pisa Gare B&B
labicocca.pisa@gmail.com,,,la bicocca
youandmepisa@gmail.com,,,You & Me
info@accommodationpisa.it,,,La Maison de Tommy
info@relaisimiracoli.it,,,Relais B & B The Miracles
booking@villatowerinn.pisa.it,,,Hotel 4 stelle Pisa Villa Tower Inn
info@ilmattinopisa.it,,,Il Mattino ha l'oro in Bocca B&B
info@bbdicamilla.it,,,B&B di Camilla
info@hotelmilanopisa.it,,,Hotel Milano
info@bbaliante.it,,,Aliante B&B
info@hotelgalileipisa.it,,,Hotel Galilei
cbarigliano@sanranierihotel.com,,,San Ranieri Hotel
info@bbarcobaleno.it,,,Arcobaleno
bbarcobaleno@interfree.it,,,Arcobaleno
info@live09.it,,,Live09 B&B Design
info@bbchristianpisa.it,,,BBC Christian Bed & Breakfast
m.bigongiali@hotmail.it,,,BBC Christian Bed & Breakfast
info@hotelmariapisa.it,,,Hotel Maria
villareginapisa@gmail.com,,,Villa Regina
harmonyhouseprestige@gmail.com,,,Harmony House Prestige
philip@safestay.com,,,Safestay Pisa Centrale
groups@safestay.com,,,Safestay Pisa Centrale
safestaybrussels@safestay.com,,,Safestay Pisa Centrale
info@ilcampanile.pisa.it,,,Il Campanile B&B
info@deicavalieri.pisa.it,,,Bed And Breakfast dei Cavalieri
info@blueshades.it,,,BLUE SHADES apart-HOTEL
info@rinascimentopisa.it,,,Rinascimento Bed & Breakfast
info@leaningtower.pisa.it,,,Le Ciel d’Orphèe - B&B
info@edukom.it,,,Le Ciel d’Orphèe - B&B
info@grandhotelbonanno.it,,,Grand Hotel Bonanno
ninfo@grandhotelbonanno.it,,,Grand Hotel Bonanno
reception@grandhotelduomo.it,,,Grand Hotel Duomo
info@palazzocinipisa.com,,,Palazzo Cini - Luxury Rooms in Pisa
info@htlbooking.it,,,Palazzo Cini - Luxury Rooms in Pisa
info@relaisparadise.it,,,B & B Relais Paradise
info@welcomebedandbreakfast.it,,,Welcome Bed And Breakfast
info@anticapiazzamiracoli.it,,,B&B Antica Piazza dei Miracoli
book@aiquattroelementi.info,,,Ai 4 Elementi
info@laterrazzasuimiracoli.it,,,La Terrazza Sui Miracoli
info@therif.it,,,The Rif - Boutique Hotel
info@7roomspisa.it,,,B & B 7 Rooms
info@affittacameredarita.it,,,Da Rita Affittacamere a Pisa
francesco.pardini@tin.it,,,LA CASA DI NILA
info@pisatowerplaza.com,,,Hotel Pisa Tower Plaza
info@gialelpisa.it,,,Gialel Pisa
info@dolcenottepisa.it,,,Dolce Notte B & B
ginoshouse@outlook.it,,,Rent Room - Gino's House
ginoshouse@hotmail.it,,,Rent Room - Gino's House
info@cisanellohouse.it,,,Cisanello House
info@hotelnovecento.pisa.it,,,Hotel Novecento Pisa
info@guest-house.it,,,Michele Guest House Bed and Breakfast
emanueladiciotti@gmail.com,,,B&B Red Horse
cinzia.diciotti@libero.it,,,B&B Red Horse
info@homesweethomepisa.it,,,Home Sweet Home B&B
info@bbstefypisa.it,,,BB Stefy
info@ilgiardinodeisemplicipisa.it,,,B&B Il Giardino dei Semplici
hopepisa@gmail.com,,,Hope Apartment Pisa
empedokles@hotmail.it,,,B&B Empedokles
info@viacorsica10.it,,,B&B Via Corsica 10
info@bebginevra.it,,,Colombo Street Station
info@villaagnolaccio.com,,,B&B Villa Agnolaccio
info@affittacamerelafortezza.it,,,Affittacamere La Fortezza
ilgiglioapartments@gmail.com,,,Appartamenti il Giglio
casarowepistoia@gmail.com,,,Casa Rowe B&B
info@anticadimorapellegrino.it,,,Antica Dimora Pellegrino guest house in Pistoia
villamagni@hotmail.it,,,Villa Magni
francagori@gmail.com,,,La Casina di Sant'Alessio
cantoallaportavecchia@gmail.com,,,Canto alla Porta Vecchia
info@allombradeltiglio.it,,,All'Ombra Del Tiglio
info@villagiorgia.it,,,Villa Giorgia - Albergo in collina
info@villa-giorgia.it,,,Villa Giorgia - Albergo in collina
giancarlovannucci@yahoo.it,,,Alle vecchie mura
info@stefanonannucci.com,,,B&B Porta 93
info@lostudiobb.it,,,B&B Lo Studio
info@agriturismolatorricella.it,,,Farmhouse La Torricella Pistoia
info@hotelprime.it,,,Hotel Piccolo Ritz
prenota@hotelmilanopistoia.it,,,Hotel Milano
info@hotelmilanopistoia.it,,,Hotel Milano
segreteria@hotelmilanopistoia.it,,,Hotel Milano
info@bedandbreakfastsanjacopo.it,,,Bed & Breakfast San Jacopo
girasoli@rivocorte.com,,,Rivo della Corte
info@residenzabattistero.it,,,Battistero Residenza d'Epoca
info@casaledellorso.it,,,Casale Dell'Orso
info@palazzo42.it,,,Palazzo 42 - boutique hotel & suites - Hotel 4 Stelle Pistoia
info@bebacasadelliside.com,,,B&B a Casa dell'Iside
principe.rospo@tiscali.it,,,Il Principe Rospo
ristorante@hotelvillacappugi.com,,,Grand Hotel Villa Cappugi
villacappugi@gmail.com,,,Grand Hotel Villa Cappugi
smartroomspistoia@gmail.com,,,SMART Rooms Pistoia
22info@pistoiainn.com,,,B&B PISTOIA INN
info@pistoiainn.com,,,B&B PISTOIA INN
palazzopuccini@lsmpistoia.it,,,LSM-Locanda San Marco Palazzo Caluri
direzione@lsmpistoia.it,,,LSM-Locanda San Marco Palazzo Caluri
ilceppo@lsmpistoia.it,,,LSM-Locanda San Marco Palazzo Caluri
holiday.grado@gmail.com,,,Villa De' Fiori
info@tuscanhouses.com,,,Villa De' Fiori
info@agriturismoamedea.it,,,Amedea Tuscany Country Experience | Holidays Rooms & Apartment with Pool
info@olivanda.com,,,Agriturismo B&B Olivanda
info@lacasadegliarchi.com,,,La Casa Degli Archi
booking@piandesomari.com,,,Pian De' Somari
piandeisomari@gmail.com,,,Pian De' Somari
info@agriturismopoderebello.com,,,Agriturismo Podere Bello - Vacanze nella Maremma
dimora.anto46@gmail.com,,,B&B Dimor'à
3883089338ladolcevitaffittacamere@gmail.com,,,La Dolce Vita Zen
ladolcevitaffittacamere@gmail.com,,,La Dolce Vita Zen
ilune@ilune.it,,,Locanda Ilune
info@maremmaneltufo.com,,,Country House Maremma Nel Tufo
datitta@libero.it,,,Da Titta
ungiardinoneltufo@gmail.com,,,Un Giardino nel Tufo
info@iltuforosa.com,,,B&B LOCANDA IL TUFO ROSA
info@ceccottino.com,,,Le Camere Del Ceccottino
info@villaetruria.it,,,VILLA ETRURIA B & B
info@lacasadeicarrai.com,,,"Bed and breakfast ""la Casa dei Carrai"" Pitigliano, Maremma Toscana"
info@pubblicitaonlineroma.com,,,"Bed and breakfast ""la Casa dei Carrai"" Pitigliano, Maremma Toscana"
info@ficolivo.com,,,Il FicOlivo
info@bebvillalicia.it,,,B&B Villa Licia
bebvillalicia@gmail.com,,,B&B Villa Licia
info@albergoristorantemirador.com,,,Ristorante Albergo Mirador 2.0
info@vicarello.it,,,Castello di Vicarello
info@anticoborgosanlorenzo.it,,,Antico Borgo San Lorenzo
gruppi@toscana-ambassador.it,,,Hotel Toscana Ambassador
info@hotelvillasangiorgio.it,,,Hotel Villa San Giorgio
info@albergo-italia.it,,,Hotel Albergo Italia S.n.c.
sales@hotelalcide.com,,,Hotel Alcide
prenotazioni@bbtoscana.com,,,Antico Podere Il Bugnolo
info@bbtoscana.com,,,Antico Podere Il Bugnolo
info@villalamalva.it,,,Villa La Malva
borgo@banfi.it,,,Castello Banfi - Il Borgo
reservations@banfi.it,,,Castello Banfi - Il Borgo
hospitality@banfi.it,,,Castello Banfi - Il Borgo
info@terrasaturniatentedlodges.com,,,Terra - Saturnia Glamping and Tented Lodges
agriturismolegret@gmail.com,,,Le Gret
info@saturniatuscanyhotel.com,,,Saturnia Tuscany Hotel
sth@raccocert.it,,,Saturnia Tuscany Hotel
info@beb8380.it,,,B&B 8380 Miracolle
info@acasadieli.it,,,A Casa di Eli
info@buoninsegna.it,,,Villa Buoninsegna
alma.srl@linkwave.eu,,,Casale di Poggioferro
info@latorrettadibarbarolo.it,,,LA TORRETTA DI BARBAROLO
beblafontanella57@libero.it,,,Bed & Breakfast La Fontanella
sandrariccardi1962@libero.it,,,Bed & Breakfast La Fontanella
info@agriturismoilgelso.com,,,Agriturismo Il Gelso
ilgelso@livornopec.it,,,Agriturismo Il Gelso
info@sancarloagriturismo.it,,,Agriturismo San Carlo
info@ilmonastero.com,,,Residence Il Monastero
info@apparita.it,,,Agriturismo Apparita
sbarbaracentroippico@libero.it,,,Agriturismo Apparita
info@santommaso.com,,,"Agriturismo San Tommaso, Pomarance"
info@hotellaburraia.com,,,Albergo La Burraia
sanfrancesco.residencepomarance@gmail.com,,,Residence San Francesco
info@leduevie.com,,,Bed and Breakfast Le due Vie
info@pomonte.com,,,Agriturismo vicino le Terme di Saturnia Il Girasole del Terzuolo
appartamentitesta@gmail.com,,,Il Girasole
info@hotelsardi.it,,,Hotel Sardi
hotelsardi@gmail.com,,,Hotel Sardi
alecardarelli31@gmail.com,,,Podere Pagliaiolo
info@bbclaudiaechiara.it,,,Bed and breakfast Claudia e Chiara
info@lecolombaiecountryresort.com,,,Le Colombaie Country Resort
hotel75657@wearehotels.top,,,Tuscany Country
info@leonardosrooms.it,,,Leonardo's Rooms Locanda Nova
stefano@sostaalcapitano.com,,,Sosta al Capitano
fabrizio@tuscanynowandmore.com,,,"The Estate Of Petroio, Tuscany"
enquiries@tuscanynowandmore.com,,,"The Estate Of Petroio, Tuscany"
conciergeteam@tuscanynowandmore.com,,,"The Estate Of Petroio, Tuscany"
info@castellodeltrebbio.eu,,,Castello del Trebbio
info@lasostadelgusto.it,,,Castello del Trebbio
tour@castellodeltrebbio.eu,,,Castello del Trebbio
info@toscanidasempre.it,,,Toscani Da Sempre
prenotazioni@toscanidasempre.it,,,Toscani Da Sempre
info@fattoriailpoeta.com,,,Fattoria Il Poeta
info@iltrebbiolo.it,,,The Trebbiolo Relais
info@ivillini.it,,,Albergo I Villini
hotel@ivillini.it,,,Albergo I Villini
alsolatiocasavacanze@gmail.com,,,Al Solatio Casa Vacanze con Piscina
info@anticadimoradelpellegrino.com,,,Antica Dimora del Pellegrino
sample@gmail.com,,,Albergo Ristorante Meucci
abc@xxx.com,,,Albergo Ristorante Meucci
webmaster@codepoint.it,,,Albergo Ristorante Meucci
dapaola.berni@gmail.com,,,Da Paola B&B - Pennabilli
info@locandadicampagna.com,,,Locanda di Campagna
info@castellodipontebosio.it,,,Castello di Pontebosio Luxury Resort
info@ilviale-bb.it,,,B&B Il Viale
ciritorno2014@gmail.com,,,B&B Il Viale
museo@museopiaggio.it,,,B&B Il Viale
info@ilpiccolorooms.it,,,Il Piccolo Rooms
info@lesodole.it,,,Le Sodole Country Resort & Golf
golf@lesodole.it,,,Le Sodole Country Resort & Golf
info@ilchiesino.it,,,Il Chiesino camere monolocali
info@hotelfalchetto.it,,,Hotel Il Falchetto
info@alrossodisera.it,,,AL ROSSODISERA -BED&BREAKFAST- AFFITTACAMERE-
info@hotelapania.it,,,Hotel La Pania Stazzema
infobbacquacotta@yahoo.it,,,Bed And Breakfast the Acquacotta
info@artsuitegallery.it,,,Art Suite Gallery
info@hotelrisveglio.it,,,Hotel Risveglio
info@hotelfondovalle.it,,,Hotel Fondovalle
info@lacertosadipontignano.com,,,Certosa di Pontignano
ristorante@lacertosadipontignano.com,,,Certosa di Pontignano
events@lacertosadipontignano.com,,,Certosa di Pontignano
info@agripodereilfalco.it,,,Agripodere Il Falco
devin.vale@libero.it,,,Torre del Campanone
info@beppabb.it,,,La Beppa - Casa Vacanze
aichiosi@libero.it,,,B&B Ai Chiosi
info@cadelmoro.it,,,Ca' del Moro Resort
napoleonpontremoli@gmail.com,,,Hotel Napoleon
lacasamedievale@gmail.com,,,La Casa Medievale - Suites & SPA
info@villamanini.com,,,Villa Manini
webmaster@ponzanello.it,,,affittacamere stagionale Orazio
info@ponzanello.it,,,affittacamere stagionale Orazio
segreteria@palazzogatteschi.it,,,Palazzo Gatteschi
info@palazzogatteschi.it,,,Palazzo Gatteschi
info@fattoriadibelvedere.it,,,Fattoria di Belvedere - Agriturismo
parchotel1@gmail.com,,,Parc Hotel
info@anticofio.com,,,Farmhouse Antico Fio
info@borgocorsignano.it,,,Borgo Corsignano
info@fattoriedicelli.it,,,Borgo Corsignano
asqua@asqua.it,,,RIFUGIO ASQUA
info@sanlorenzopoppi.com,,,Hotel San Lorenzo
nomecognome@email.it,,,Hotel San Lorenzo
info@poggioallagnello.it,,,Resort Poggio all'Agnello
booking@poggioallagnello.it,,,Resort Poggio all'Agnello
n.boraso@gmail.com,,,Resort Poggio all'Agnello
info@hotelplazza.it,,,Hotel Plazza Porcari
info@montefiorecasavacanze.it,,,Casa vacanze Montefiore
info@albergocini.it,,,Hotel Cini
info@hotelsantoli.com,,,Hotel Santoli
info@hotelbertusi.it,,,Hotel Bertusi
info@hotelromaporretta.com,,,Hotel Roma
info@helvetiabenessere.it,,,Hotel Helvetia Thermal Spa
spa@helvetiabenessere.it,,,Hotel Helvetia Thermal Spa
foreveryoung@helvetiabenessere.it,,,Hotel Helvetia Thermal Spa
hotelitalia@gmail.com,,,Hotel Italia
hotelitaliaporretta@gmail.com.com,,,Hotel Italia
hotelitaliaporretta@gmail.com,,,Hotel Italia
villaitalia.elba@gmail.com,,,Hotel Italy
villaitalia.elba@gamil.com,,,Hotel Italy
delucagg@gmail.com,,,Hotel Italy
info@hotelplazaelba.com,,,Hotel Plaza
info@ilcasaledimonserrato.it,,,Il Casale di Monserrato
info@elbavistamare.it,,,Affittacamere B&B Vista Mare
info@agrirebua.it,,,Agriturismo Rebua
info@villagiuliahotel.it,,,Hotel Villa Giulia
ilcasalenellelba@libero.it,,,B&B Il Casale nell'Elba
lacasadiberenice@gmail.com,,,La casa di Berenice
info@hotelapprodoelba.com,,,Hotel L'Approdo
info@elbavip.it,,,Residence Elba Vip
info@residencereale.com,,,Residence Reale
info@hotelvillarosa.info,,,Hotel Villa Rosa
info@albergoduetorri.it,,,Hotel Due Torri
duetorri@infoelba.it,,,Hotel Due Torri
info@residencelesoliviers.it,,,residence les oliviers portoazzurro
info@beaguesthouse.it,,,Bea Guest House
amarooms2021@gmail.com,,,Ama Rooms
reservations@pellicanohotels.com,,,Hotel Il Pellicano
info@pellicanohotel.com,,,Hotel Il Pellicano
info@zeropuntootto.it,,,0.8 Guest House
info@loraia.it,,,LORAIA design Rooms
info@laroqqa.com,,,LA ROQQA - Porto Ercole
info@azds.com,,,LA ROQQA - Porto Ercole
hello@laroqqa.it,,,LA ROQQA - Porto Ercole
ilcaravaggioportoercole@gmail.com,,,caravaggio camere
info@terrarossagolfresort.it,,,Red Land Golf Resort
info@hotelconchiglia.net,,,Hotel La Conchiglia
brezzamarina2022@gmail.com,,,Brezza Marina Guest House
info@seahouseportoercole.it,,,Sea House Porto Ercole Rooms
info@portoercoleguesthouse.it,,,Porto Ercole Guest House
marcocomitale@torredicalapiccola.com,,,Boutique Hotel Torre di Cala Piccola
stefaniamarconi@torredicalapiccola.com,,,Boutique Hotel Torre di Cala Piccola
hassansenhadji@torredicalapiccola.com,,,Boutique Hotel Torre di Cala Piccola
info@belvedereargentario.com,,,Albergo Belvedere
info@navarrohill.it,,,Navarro Hill Resort
info@affittacamereilfortinoargentario.it,,,Affittacamere Il Fortino
orestina_sclano@yahoo.it,,,Affittacamere Il Fortino
info@villastaderini.it,,,Villa Staderini
monica@argentariobedandbreakfast.it,,,M&M Guest House -
lastellamarisargentario@gmail.com,,,Stella Maris
stelladargento2013@gmail.com,,,Stella Maris
info@bbargentariohotel.it,,,Bike&Boat Argentario Hotel
info@villafloraargentario.com,,,VILLA FLORA ARGENTARIO
info@pensioneweekend.it,,,Hotel Week-End
prenotazioni@pensioneweekend.it,,,Hotel Week-End
info@al28.it,,,Al 28 B&B
info@hotelfabricia.com,,,Hotel Fabricia
info@villagaiaelba.com,,,Hotel Villa Gaia
info@residencecapobianco.it,,,Residence CapoBianco
info@elbaportosole.com,,,Porto Sole Rooms B&B
carlo@hotelhermitage.it,,,Hotel Hermitage
info@aethaliabedandbreakfast.com,,,B&B Aethalia
info@indarsena.com,,,Indarsena b&b
portadelmare@yahoo.com,,,B&B Porta del Mare
info@lalimonaiaelba.com,,,Residenza La Limonaia
info@hotelhorizonelba.it,,,Hotel Horizon Elba
caladeifrati@gmail.com,,,Mansarda a cinque minuti dal Mare
terrazzasulmareelba@virgilio.it,,,B & B La terrazza sul mare
info@casaleagavi.com,,,B&B Casa le Agavi
info@hotel-acquamarina-elba.it,,,Hotel Acquamarina
info@fontemurata.it,,,B&B Fonte Murata
info@hotelmare.org,,,Hotel Mare
elbaparadiso@gmail.com,,,Hotel Paradiso - Island of Elba with sea view swimming pool
giovanni.tognoli@tin.it,,,Hotel Ape Elbana
apeelbana@elba2000.it,,,Hotel Ape Elbana
info@hoteltirrena.com,,,Hotel Tirrena Country Hotel - Bike Hotel
santostefano@infoelba.it,,,Hotel Santo Stefano
info@hotelgrottedelparadiso.com,,,Hotel Grotte del Paradiso
info@gliacquerellielba.it,,,Hotel Gli Acquerelli
gliacquerelli@libero.it,,,Hotel Gli Acquerelli
booking@tesiviaggi.it,,,Elbamar Lacona 1
info@resortlepicchiaie.it,,,Resort Le Picchiaie
info@casalinaelba.com,,,Casalina B&B
info@residencevillafranca.it,,,Residence Villa Franca
villafiorisella@icloud.com,,,Hotel Villa Fiorisella
info@emporiodiines.com,,,Fontelunga Hotel & villas
info@borgo69.com,,,Fontelunga Hotel & villas
info@fontelunga.com,,,Fontelunga Hotel & villas
info@locandapoggioleone.it,,,Locanda Poggioleone|Hotel e Ristorante Lago Trasimeno
info@locandagiolica.it,,,Locanda Giolica
info@hotelpresidentprato.com,,,Hotel President
motori@tosnet.it,,,Residence Golf Hotel
sweeneykareem2103@residenceferrucci.it,,,Residence Ferrucci
gardeniabbprato@gmail.com,,,B&B Gardenia
bandbigprato@gmail.com,,,B&BIGPRATO
booking@boutiquehotelenia.it,,,Boutique Hotel Enia
info@boutiquehotelenia.it,,,Boutique Hotel Enia
reservation@petithotelfirenze.com,,,Petit Hotel
info@albergoilgiglio.it,,,Albergo Il Giglio
info@affittacamere-roma.it,,,Albergo Il Giglio
info@accademiaresidence.it,,,ACCADEMIA RESIDENCE
info@villagioverooms.com,,,VILLAGIOVEROOMS
info@residencemanassei.it,,,Residence Manassei
info@hoteltrendyprato.it,,,Hotel Ristorante Trendy
julien.guintrand@hotel-bb.com,,,B&B HOTEL Prato City Center
markus.bornemann@hotel-bb.com,,,B&B HOTEL Prato City Center
bintou.diarra@hotel-bb.com,,,B&B HOTEL Prato City Center
info@poderelacontessa.it,,,Podere La Contessa
canneto@masternet.it,,,Villa Rucellai
info@torredegliammannati.it,,,Torre degli Ammannati Apartments
info@torredegliammannatiapartments.com,,,Torre degli Ammannati Apartments
simone@hoteltoscana.prato.it,,,Hotel Toscana
alessio@hoteltoscana.prato.it,,,Hotel Toscana
info@dimora16.com,,,Dimora16 rooms & garden
bnbgiglio999@gmail.com,,,999 Hotel | B&B Giglio
info@accantoalcentro.com,,,Accasa & Next to the Center
eventi@hoteldatini.com,,,Datini Hotel
massimiliano.booking@hoteldatini.com,,,Datini Hotel
serenabeb@gmail.com,,,Bed and Breakfast Serena
eventi@larugealespighe.com,,,Casa Vacanze Le Spighe
info@larugealespighe.com,,,Casa Vacanze Le Spighe
info@villaggiolamadonnina.it,,,La Madonnina Village Resort
info@borgoromena.it,,,Borgo Romena
pn.circeo@parks.it,,,B&B Casa Landino
assistenza.operatori@parks.it,,,B&B Casa Landino
comunic.azione@comunic.it,,,B&B Casa Landino
vacanze@agriturismolachiusa.com,,,Agriturismo La Chiusa
info@agritur-castagneto.com,,,Agriturismo Castagneto Picci
email@domain.com,,,Agriturismo Castagneto Picci
reservations@viaroma33.com,,,Via Roma 33 Boutique Hotel
info@viaroma33.com,,,Via Roma 33 Boutique Hotel
kayma@viaroma33.com,,,Via Roma 33 Boutique Hotel
info@borgotramonte.it,,,Farmhouse Borgo Tramonte
info@grifonehotel.it,,,Hotel Grifone - Hotel Principina Mare
info@marebludimaremma.it,,,Residence Mareblù
residenzaprincipina@gmail.com,,,Residenza Principina - Residence e Appartamenti Vacanza
info@agriturismolegrazie.com,,,Boerderij - Vakantiehuis in Toscane - Agriturismo Le Grazie
info@elbasolare.it,,,Hotel Edera
info@albergo10colori.it,,,Hotel 10 Colors
info@elbacasadegliulivi.it,,,La Casa degli Ulivi
info@hoteldelfinoelba.com,,,Hotel Delfino
bebcasacorbezzolo@gmail.com,,,B&B Casa Corbezzolo
clactus@libero.it,,,Oasis Bed and Breakfast
castello.proceno@orvienet.it,,,Castello di Proceno
info@casinacenteno.it,,,Casina Centeno
info@prumiano.it,,,La Chiara di Prumiano
gaia@prumiano.it,,,La Chiara di Prumiano
arianna@prumiano.it,,,La Chiara di Prumiano
arli.hideaway@gmail.com,,,Arli Hotel Hideaway Punta Ala _Adults only
spa.london@baglionihotels.com,,,Baglioni Resort Alleluja
francesca.zucchero@baglionihotels.com,,,Baglioni Resort Alleluja
massimopalmerini@baglionihotels.com,,,Baglioni Resort Alleluja
info@scoglietto50.com,,,Residence Scoglietto 50
info@golfhotelpuntaala.it,,,Golf Hotel Punta Ala
info@golfbeachpuntaala.it,,,Golf Hotel Punta Ala
info@labussolapuntaala.it,,,La Bussola Hotel&Beach Punta Ala
lorenzo@labussolapuntaala.it,,,La Bussola Hotel&Beach Punta Ala
info@dhynet.com,,,La Bussola Hotel&Beach Punta Ala
reservations@caladelportoresort.com,,,"Cala del Porto Resort - Punta Ala, Tuscany"
info@puntaalarooms.com,,,Puntaalarooms
info@holidayhomesmarina.com,,,Appartamento 46
redazione@trovaspiagge.it,,,Piastrone beach
mail@trovaspiagge.it,,,Piastrone beach
social@trovaspiagge.it,,,Piastrone beach
soniapam75@gmail.com,,,Beb de'Macchiaioli
concierge@calabeachresort.com,,,Hotel Cala Beach
reservations@calabeachresort.com,,,Hotel Cala Beach
info@ombraverde.it,,,Shadow Green Residence
cortedeitusci@geturhotels.com,,,Corte dei Tusci - Village Palace
info@vacanzepuntonevecchio.it,,,Il Puntone Vecchio
reservation@marinadiscarlino.com,,,Marina di Scarlino Resort
losport.sas@tiscali.it,,,Marina di Scarlino Resort
lb.biagioli_lb@libero.it,,,Marina di Scarlino Resort
info@laresidenzadelgolfo.it,,,La Residenza del Golfo
info@ortali.it,,,B&B Ortali Country House
info@laroccadelmaestrino.it,,,La Rocca del Maestrino
silviaburchietti89@gmail.com,,,Il vecchio Mandorlo
info@poggiodesto.it,,,Poggio Desto B&B
info@sanmartinotizzana.it,,,Agriturismo San Martino
info@villahoteldelsole.com,,,Villa Hotel Del Sole
casalgallo@libero.it,,,Casalgallo
poderecasagrande@gmail.com,,,B&B CASAGRANDE
info@sangiuseppecasaperferie.it,,,San Giuseppe casa per ferie
lacasadiulisse@lorsamaggiore.com,,,La Casa di Ulisse B & B
lacasadiulusse@lorsamaggiore.com,,,La Casa di Ulisse B & B
info@hotelfiammetta.it,,,Hotel Ristorante Fiammetta
info@lapiaggetta.com,,,The Piaggetta Bed & Breakfast
info@villasantuberto.it,,,Villa Sant'Uberto Country Inn
radda@hotelcdh.com,,,CDH Hotel Radda
contact@lesdomainesdefontenille.com,,,Pieve Aldina
reservation.toscane@lesdomainesdefontenille.com,,,Pieve Aldina
reservations@lesbordsdemer.com,,,Pieve Aldina
info@agriturismo-tegline.com,,,Agriturismo Podere Tegline
info@hotelvillacampomaggio.it,,,Hotel Villa Campomaggio
castelvecchi@castelvecchi.com,,,Farmhouse Borgo Castelvecchi
info@relaissantacristina.com,,,Relais Santa Cristina
proradda@chiantinet.it,,,Relais Santa Cristina
info@cortedomina.it,,,Tenuta CorteDomina
info@livernano.it,,,Livernano
info@casalvento.net,,,Livernano
info@lalocandadellefate.it,,,La Locanda delle Fate
direzione@fattoriadiradi.com,,,Fattoria di Radi
montalla@bccmp.com,,,Agriturismo La Montalla
hotel125925@wearehotels.top,,,Agriturismo Corvaia
losbalconesretreat@gmail.com,,,Villa Podere Isabella
agriturismopoderesangiorgio@gmail.com,,,Agriturismo Podere San Giorgio
info@lafattoriabellandi.it,,,Ristorante La Fattoria Bellandi
info@casaalmaestro.it,,,Casa al Maestro
info@pietreta.it,,,Podere Pietreta
info@cugnanello.com,,,Locanda Cugnanello di Marion Maria Riedmiller
info@belagaio.com,,,Podere Cerciano Villa e vino
germany@belagaio.com,,,Podere Cerciano Villa e vino
amministrazione@verdeoasi.it,,,Hotel Verde Oasi
j.garcia@termesangiovanni.it,,,Terme San Giovanni
s.rinaldi@termesangiovanni.it,,,Terme San Giovanni
info@acasadibiagio.it,,,A Casa di BiaGio B&B
lacquaelapietra@gmail.com,,,L'Acqua e la Pietra Camere & Appartamenti
info@lamurata.it,,,La Murata
contact@laticastelli.com,,,Laticastelli Country Relais
info@annita.it,,,Albergo Da Annita
info@alle-terme.com,,,Alle Terme B&B
alle-terme@peceasy.it,,,Alle Terme B&B
info@ladimoradelleterme.com,,,B&B La Dimora delle Terme
info@viescatoscana.com,,,VIESCA TOSCANA - Small Luxury Hotel
fattoriamandri@gmail.com,,,Fattoria di Mandri
fattoriadimandri@gmail.com,,,Fattoria di Mandri
info@podereisorbi.it,,,Podere I SORBI Agriturismo
weddings@villapitiana.com,,,Villa Pitiana Hotel
sansirohouse@gmail.com,,,SAN SIRO house
info@ilmaraviglio.it,,,B&B Il Maraviglio
info@parkhotelgalileo.com,,,Park Hotel Galileo
info@emmavillas.com,,,Villa il Magnifico - casa del Pastore
amministrazione@emmavillas.com,,,Villa il Magnifico - casa del Pastore
grandhotelvallombrosa@gmail.com,,,Grand Hotel Vallombrosa
info@alcovabeb.it,,,B&B ALCOVA REGGELLO
bbramirise@gmail.com,,,B&B Ramirise
info@borgomuracci.it,,,Borgo de' Muracci
info@hotellerondini.com,,,Le Rondini
reservation@hotellerondini.com,,,Le Rondini
bebiltulipano@virgilio.it,,,B & B Il Tulipano
enrico.iuliani@coccinelle.com,,,Le Coccinelle
barry.aicha@coccinelle.com,,,Le Coccinelle
andrea.baldo@coccinelle.com,,,Le Coccinelle
info@ilpalazzoridracoli.it,,,Il Palazzo di Ridracoli
lacortecciadelfaggio@gmail.com,,,la corteccia del faggio
htlambasc@gmail.com,,,Hotel Parco dei Faggi - Monte Amiata
info@bnbdicorsa.it,,,B&B di Corsa
daniele@diemme.it,,,B&B di Corsa
hotel50589@wearehotels.top,,,B&b Villa Francesca
info@villapalagio.it,,,Villa Il Palagio
countryhouseilfaeto@gmail.com,,,Country House Il Faeto
info@resort37.com,,,Resort 37
info@alpruno.com,,,Resort 37
torrebiancatuscany@gmail.com,,,B&B Torrebianca Tuscany
info@cortedirigoso.it,,,Le Camere della Piazza
info@isolaelba.com,,,La Chiusa di Rio
info@elbitat.com,,,Elbitat Homes
info@capopero.com,,,B&B Capo Pero
info@iltermineelba.com,,,Experience Relais Il Termine Elba
info@hotelriomarina.com,,,Hotel Rio sul Mare - Hotel Elba 3 stars
info@utopiascuolavela.eu,,,Hotel Maristella
info@cavodiving.it,,,Hotel Maristella
info@aloeranchelba.it,,,Aloe B & B Ranch Elba
caserra@me.com,,,B&B Cà Serra
gabifalk@gmx.de,,,B&B Casa Gigli
info@hotelcimone.it,,,Hotel Ristorante Cimone
info@lepollehotel.it,,,Hotel Polle Life
asdstraydogs@gmail.com,,,Hotel Polle Life
info@ilseccatoio.it,,,B&B Il Seccatoio
casabenassibb@gmail.com,,,R&B Casa Benassi
reception@casapinirio.it,,,Casa Pini Rio
info@casapinirio.it,,,Casa Pini Rio
info@tenutasantatrice.it,,,Agriturismo Tenuta Santa Trice
ilgiardinobeb@virgilio.it,,,Il Giardino
info@bbventoemare.it,,,Vento e Mare
info@baiatoscana.com,,,Baia Toscana Village con parco piscine - APPARTAMENTI in residence con PISCINA e idromassaggio fronte MARE sulla SPIAGGIA
info@salvapiano.com,,,Salvapiano Holiday Ranch
prenotazioni@ocagiuliva.it,,,B&B Oca Giuliva
amministrazione@ocagiuliva.it,,,B&B Oca Giuliva
info@ocagiuliva.it,,,B&B Oca Giuliva
info@agriresidencedebbiare.com,,,Agriresidence Debbiare
info@terenzana.com,,,Agriturismo Terenzana
info@pundarika.it,,,Casale Pundarika
info@pureyogacheshire.co.uk,,,Casale Pundarika
letegoleriparbella@gmail.com,,,Le Tegole Resort & Glamping
info@sanmartinocountryresort.it,,,Antico Borgo San Martino
info@fonteallalepre.com,,,Spa Resort Fonte Alla Lepre
booking@fonteallalepre.com,,,Spa Resort Fonte Alla Lepre
info@lapievevecchiarelais.com,,,Relais La Pieve Vecchia
lapievevecchia@gmail.com,,,Relais La Pieve Vecchia
info@ilcigliereresort.it,,,Il Cigliere Wellness Spa & Resort
info@emilyhouse.it,,,Emily House
info@arcobalenobooking.com,,,Residence Poggio agli Olivi
lucianabrigadoi1@gmail.com,,,B&B La Rocchetta dal Sròz
info@hotelmaestraleresort.it,,,"Maestrale Resort Hotel - Alberese, Grosseto"
booking@rivadelsole.it,,,Riva del Sole Resort & SPA
rivazpizzeriaegrill@rivadelsole.it,,,Riva del Sole Resort & SPA
rachele@laripadoro.it,,,Le Residenze di Rivalto
info@albergolapietra.com,,,La Pietra albergo & sala da pranzo
mandalinafrescobaldi@gmail.com,,,agriturismo fattoria didattica Capra Matilda
info@sant-anna.it,,,Agriturismo Antica Locanda Sant'Anna
info@poderecamaiano.it,,,B&B Podere Camaiano
afmarchetti@gmail.com,,,B&B Podere Camaiano
locandadiaurora@libero.it,,,La Locanda di Aurora
info@trattoriadanada.com,,,Da Nada Locanda Toscana
info@ilciliegioresidence.it,,,Country House Il Ciliegio - Appartamenti con Piscina
bandite@comune.scarlino.gr.it,,,Country House Il Ciliegio - Appartamenti con Piscina
info@cuccaroclub.it,,,Cuccaro Club
cuccaroclub@gmail.com,,,Cuccaro Club
hotel130525@wearehotels.top,,,Agriturismo Giumin
info@66imperialinn.com,,,66 Imperial Inn
i-giardini@virgilio.it,,,B&B I Giardini
barzodiaco@libero.it,,,Lo Zodiaco
gasparristefano1960@libero.it,,,Lo Zodiaco
info@hotellarosamugello.it,,,Hotel La Rosa
info@hotelmarrani.it,,,HOTEL MARRANI
booking@agriturismo-sanfrancesco.com,,,Antico Podere San Francesco
booking@borgoverdevacanze.it,,,Residence Borgo Verde
info@alberelli.com,,,Agriturismo Alberelli
info@agriturismopaneevino.it,,,Agriturismo Pane e Vino
info@residencerosadeiventi.com,,,Wind rose
locandaditerramare@gmail.com,,,Locanda di Terramare
villasandomenico@uappala.com,,,Castiglioncello Villa San Domenico
info@villamatildesuite.it,,,Castiglioncello Villa San Domenico
info@hotel-rosignano.com,,,Hotel Rosignano Sas
lasperanzahotel@virgilio.it,,,La Speranza Hotel GRAZZINI
info@bnblavolta.it,,,La Volta
info@ilpezzatino.it,,,Il Pezzatino
info@agriturismolafontaccia.com,,,Agriturismo La Fontaccia
hotel20678@marketinghotelero.top,,,Le Corti
info@agriturismolegiare.it,,,Farmhouse Le Jars Of Roberto Falini
hotel121247@wearehotels.top,,,B&B Boscoverde
lacolombaia.amiata@gmail.com,,,La Colombaia Amiata
booking@tuscanyforever.it,,,Tuscany Forever
office@tuscanyforever.it,,,Tuscany Forever
agents@tuscanyforever.it,,,Tuscany Forever
hotel137853@wearehotels.top,,,Hotel Moderno
agriturismolapalma@gmail.com,,,Agriturismo La Palma Ristorante Pernottamento
info@bellavistasanbaronto.com,,,Bellavista
info@villadelparco.net,,,Villa Del Parco - Residence
info@agriturismobellavita.it,,,Agriturismo Bellavita
info@residenceilcastiglio.it,,,Residence Il Castiglio
info@ganeden.it,,,Gan Eden
hellomappamundi@gmail.com,,,Bed and Breakfast Mappamundi
info@pizzeriadragoverde.it,,,PIZZERIA DRAGO VERDE
pizzeria.ildragoverde@gmail.com,,,PIZZERIA DRAGO VERDE
info@musolesi.it,,,Hotel Musolesi
info@agriturismodalpoeta.com,,,Agriturismo Dal Poeta
eben@eyebytes.com,,,Transilvania Rockstar Hotel
typesetit@att.net,,,Transilvania Rockstar Hotel
info@trekkingtorino.it,,,Rifugio la casa delle Guardie
info@hotelsancarlomassa.com,,,Hotel San Carlo - Massa
info@quattrovesta.it,,,Locanda Quattro Vesta
info@ilpoderedegliartisti.com,,,il podere degli artisti
info@villavetrichina.it,,,Villa Vetrichina
villavetrichina@gmail.com,,,Villa Vetrichina
info@pizzinelliliving.com,,,Casa Pizzinelli
info@fonteliving.com,,,FonteLiving
info@medialabinformatica.it,,,FonteLiving
l.gualtieri@filpucci.it,,,FonteLiving
gisella.ortu@fonteverdespa.com,,,Fonteverde
info@lafontedelmachiavelli.com,,,La Fonte del Machiavelli
reservation@mangiacane.com,,,Villa Mangiacane
reservations@mangiacane.com,,,Villa Mangiacane
info@bbart.eu,,,B&B Art
info@ibarronci.com,,,Villa I Barronci
info@salvadonica.com,,,Salvadonica - Borgo del Chianti
info@tenutamassabo.com,,,Tenuta Massabò
booking@tenutamassabo.com,,,Tenuta Massabò
ordini@jmibeach.it,,,Tenuta Massabò
mini@minisoggiorno.it,,,Minisoggiorno
hotelcalzaiolo@virgilio.it,,,Hotel Calzaiolo
info@casamontani.com,,,Villa il Poggiale
info@icasalini.it,,,Agriturismo I Casalini
fighezia@hotmail.com,,,Agriturismo I Casalini
icasalini@tiscali.it,,,Agriturismo I Casalini
villa.giglio.chianti@gmail.com,,,B&B Il Giglio Etrusco
mezzacosta@ledimore.eu,,,Le Dimore Mezza Costa Bed and Breakfast
info@villailfedino.it,,,Villa il Fedino
candidabing@libero.it,,,Candida's Chianti House
info@villacortedeglidei.it,,,Villa Corte Degli Dei
info@villasandonato.it,,,Lucca in Villa
info@locandadeilogi.it,,,Locanda dei Logi
tasting@colombaiosantachiara.it,,,Locanda dei Logi
info@palazzomalaspina.it,,,Palazzo Malaspina B & B
asdcentroippicoprumiano@yahoo.it,,,Palazzo Malaspina B & B
flyitaly@gmail.com,,,Palazzo Malaspina B & B
info@usignoli.it,,,Fattoria degli Usignoli
segreteria@wildhorse.it,,,Fattoria degli Usignoli
direzione@usignoli.it,,,Fattoria degli Usignoli
info@andaerianda.com,,,Anda and Rianda Bed and Breakfast
info@laspigacamere.com,,,La Spiga di Gambino Grazia AFFITTACAMERE
info@borgosanfedele.com,,,Borgo San Fedele
boutiquefarmhouses@gmail.com,,,B&B San Gennaro Castello
info@palazzoboccella.it,,,Palazzo Boccella
booking@palazzoboccella.it,,,Palazzo Boccella
info@staytonic.it,,,Palazzo Boccella
booking@lacappuccina.com,,,Hotel Relais La Cappuccina
info@santalessandro.com,,,Podere Sant'Alessandro
info@poderelecase.it,,,Podere Casa vacanze Le Case
info@casolaredibucciano.com,,,Agriturismo Il Casolare di Bucciano
info@remignoli.com,,,Casolare di Remignoli
prenotazioni@icoppi.com,,,I Coppi
bbicoppi@tiscali.it,,,I Coppi
info@tenutasovestro.com,,,Tenuta Sovestro
tuscanyartandnature@gmail.com,,,Tenuta Sovestro
info@dapode.com,,,Tenuta Sovestro
info@larniano.it,,,Fattoria di Larniano
info@agrisanbenedetto.com,,,Capanna 1826
info@villaalbasangimignano.it,,,Villa Alba Bed & Breakfast
info@roccadegliolivi.com,,,Rocca degli Olivi
locandasangi@gmail.com,,,Affittacamere La Locanda Di Quercecchio
info@fattoriadifugnano.com,,,Fattoria di Fugnano
info@rossicarla.it,,,B & B San Gimignano Diffuso
eftc@narrativetherapychicago.com,,,B & B San Gimignano Diffuso
info@primettahouse.it,,,Primetta House
info@ciclosportporciatti.biz,,,Hotel Sovestro
info@t-rafting.com,,,Hotel Sovestro
info@casatinacci.it,,,"Casa Tinacci, camere, appartamenti per vacanze"
casavacanze@tinacci.com,,,"Casa Tinacci, camere, appartamenti per vacanze"
ilfeudosangimignano@gmail.com,,,Il Feudo Affittacamere
info@ilvecchiomaneggio.com,,,Farm The Old Stables
info@guardastelle.com,,,Guardastelle
tasting@guardastelle.com,,,Guardastelle
info@casatorremargherita.it,,,Casa Torre Margherita Luxury B&B San Gimignano
info@nomipesciolini.com,,,La Torre Nomipesciolini - Appartamento
info@casolardelpellegrino.it,,,Casolar Del Pellegrino
info@locandaviani.it,,,Locanda Viani
info@robertoviani.com,,,Locanda Viani
info@poderiarcangelo.it,,,Agriturismo Poderi Arcangelo San Gimignano
golf@castelfalfi.it,,,Agriturismo Poderi Arcangelo San Gimignano
info@borgomontauto.com,,,Borgo Montauto
farmilcoltro@gmail.com,,,Casa Vacanze Il Coltro
info@villaducci.com,,,Hotel Villa Ducci
info@rsc.it,,,Relais Santa Chiara Hotel
info@molinodifoci.com,,,Molino di Foci Srl
hotel88289@wearehotels.top,,,Affittacamere La Casina
villadelsole@live.it,,,Villa del Sole
pescille@casanovadipescille.com,,,Agriturismo Casanova di Pescille
booking@palagetto.it,,,Farmhouse Villa Palagetto
info@hotelvillabelvedere.net,,,Hotel Villa Belvedere San Gimignano
info@palazzobuonaccorsi.it,,,Palazzo Buonaccorsi
info@palazzoaltorrione.com,,,B & B Palazzo al Torrione
info@hoteltorciano.com,,,Hotel Vecchio Asilo
info@duccionaccirooms.it,,,Duccio Nacci Rooms
info@antica-dimora.it,,,Antica Dimora
info@poderedegliolivi.it,,,Podere Degli Olivi
info@lacapannadisovestro.com,,,La Capanna di Sovestro
info@ipinitoscana.com,,,"Vegan Agrivilla I Pini, Tuscany"
info@ipinitoscana.it,,,"Vegan Agrivilla I Pini, Tuscany"
support@mts-online.com,,,"Vegan Agrivilla I Pini, Tuscany"
info@palazzomari.it,,,Palazzo Mari
info@poggiacolle.com,,,Agriturismo Poggiacolle
info@rosolaccio.com,,,Il Rosolaccio San Gimignano B&B and Apartments
info@bebilfienile.it,,,B&B Il Fienile
affittacamereilfienile@hotmail.com,,,B&B Il Fienile
info@anticoborgodefrati.com,,,Antico Borgo De' Frati
info@poderesantelena.com,,,Podere Sant'Elena Bed Breakfast San Gimignano
info@leundicilunesangimignano.it,,,Le Undici Lune
locandailpino@gmail.com,,,Locanda Il Pino
info@villabaciolo.com,,,Villa Baciolo - Bed & Breakfast
info@lacollegiata.it,,,Hotel La Collegiata
info@insangimignano.com,,,B&B La Cornice
info@ilcardino.it,,,Antico Borgo Il Cardino
montelifre@gmail.com,,,Castello Montelifre'
info@tuscan-experience.com,,,Pieve a Pava
emilio.cabrini@inter.ikea.com,,,villa montalcino
bassettiandreasganascia@gmail.com,,,villa montalcino
info@canonicaholiday.com,,,Agriturismo La Canonica di Vannetti Orfeo e Figlie
info@vecchiogranaio.it,,,Vecchio Granaio
info@borgodegliaranci.it,,,BORGO DEGLI ARANCI - Loc. LE CAPANNE
info@bbcanova.com,,,B&B Cascina Canova
info@cribo.net,,,Bed and Breakfast Cribò
info@agriturismo-lagrotta.com,,,Agriturismo La Grotta
info@bbcasafischer.com,,,B&B Casa Fischer
info@agriturismocamatra.it,,,Agriturismo Ca' Matra
info@hotelfoxsinn.com,,,Hotel Ristorante Fox's Inn
info@villacassiadibaccano.it,,,Villa Cassia di Baccano
commerciale@villacassiadibaccano.it,,,Villa Cassia di Baccano
info@villalagrotta.com,,,Villa la Grotta
info@zimartino.com,,,Country Hotel Zi Martino
info@anticapergola.it,,,Antica Pergola B&B
booking@anticapergola.it,,,Antica Pergola B&B
astieto@yahoo.it,,,Astieto B&B
info@terraluna-sanleo.it,,,"TERRALUNA - Country house, Casale vacanze"
sanleoalbergodiffuso@gmail.com,,,San Leo Albergo Diffuso
arcobalenosanleo@gmail.com,,,Affittacamere Arcobaleno
info@lecicalebedandbreakfast.it,,,Le Cicale B&B
info@belvederesanleo.it,,,Locanda Osteria Belvedere San Leo
culaccinoitalia@gmail.com,,,Casa Miedi
info@leperseidiglamping.it,,,Le Perseidi Bubble Glamping
leperseidiglamping@gmail.com,,,Le Perseidi Bubble Glamping
info@relaisvictoria.it,,,Relais Victoria B&B
lenzini_simone@yahoo.it,,,Agriturismo Il Volpino
barbaralynnemagni@yahoo.it,,,B & B Scacco Matto
service@smoobu.com,,,B & B Scacco Matto
info@oasyhotel.com,,,Oasyhotel
info@elbaparkhotelnapoleone.it,,,Park Hotel Napoleone
prenotazioni@elbaparkhotelnapoleone.it,,,Park Hotel Napoleone
camillodichiara@gmail.com,,,Park Hotel Napoleone
garfagnana@tin.it,,,Agriturismo Celli
info@agriturismopoggiomonte.biz,,,Agriturismo Poggio Monte
robertotecchio@tiscali.it,,,Agriturismo Poggio Monte
busattina@libero.it,,,La casa di Emilio
info@chiarafonte.it,,,Chiarafonte B&B
ulivogaio@gmail.com,,,B&B Ulivo Gaio
info@panerose.com,,,B&B Pane e Rose
bebcasadalma@gmail.com,,,Casa Dalma
bcasadalma@gmail.com,,,Casa Dalma
info@collebrunacchi.it,,,Collebrunacchi Ristorante B&B
info@bedandbreakfastlaserra.it,,,B&B La Serra
sport@comune.san-miniato.pi.it,,,B&B La Serra
info@hotelmiravallesanminiato.it,,,Hotel Miravalle
info@nuoviorizzonti.org,,,St. Francis Convent
formazione@nuoviorizzonti.org,,,St. Francis Convent
sanminiato@nuoviorizzonti.org,,,St. Francis Convent
info@essenzainsanminiato.it,,,Palazzo Essenza
nervia@nerviaviaggi.com,,,Villa Sonnino San Miniato
info@dimorasottolarocca.it,,,Dimora Sotto La Rocca
info@villa-contessa-marianna.it,,,Villa Contessa Marianna
beb.antonietta@gmail.com,,,B&B Antonietta
info@darina.it,,,Affittacamere da Fiorella
info@half-apartments.com,,,LUI Tuscany Loft
info@hotellafelicina.com,,,Hotel La Felicina
sara.lafelicina@gmail.com,,,Hotel La Felicina
accademiafelicina@gmail.com,,,Hotel La Felicina
info@lapievebeb.it,,,b & b LA PIEVE
affittacameretagliaferro@gmail.com,,,B&B Tagliaferro
info@indiantypefoundry.com,,,Tenuta Schifanoia
info@ebeweb.it,,,Hotel Ebe
vacanzeinmugello@virgilio.it,,,B&B vacanze in mugello
info@ristorantedelponte.it,,,Albergo Del Ponte
hotel128017@wearehotels.top,,,Albergo Ristorante Agnelli
info@ilmiraggioinvaldorcia.com,,,Il Miraggio in Val d'Orcia Relais & Spa
info@casamacrose.it,,,Casa Mac&Rose
ristoranteilgaribaldi@virgilio.it,,,Ristorante Hotel Il Garibaldi
info@casalemmi.com,,,B&B Casa Lemmi
lalocandadelsorriso.debora@gmail.com,,,La Locanda del sorriso
minacciedoardo2015@gmail.com,,,Agriturismo La Buca di Bellugi
azienda@agriturismocantagalli.it,,,Agriturismo Cantagalli
barbarossa.bellugi@alice.it,,,Wellness Center Casanova srl
info@sarnaresidence.it,,,Sarna Residence
jessiccamantengoli@gmail.com,,,palazzetto del pittore
jessicamantengoli@gmail.com,,,palazzetto del pittore
info@wellnesscentercasanova.it,,,Resort Casanova - Panoramic Rooms and Suites
info@capitanocollection.com,,,Hotel Relais Palazzo del Capitano
info@aiportali.com,,,Ai Portali b&b
pr@adler-thermae.com,,,ADLER Spa Resort THERMAE
info@tenutalasantissima.com,,,Tenuta La Santissima
info@tuscasiaparthotel.it,,,Tuscasì Aparthotel
sanroccoimmobiliare@gigapec.it,,,Hotel Castello
info@anfamtos.com,,,Fattoria di Cavaglioni
info@linari.it,,,I Palazzi - San Lorenzo a Linari
info@ilcastellodisanruffino.com,,,Il Castello di San Ruffino
locandadelsolenero@libero.it,,,La Locanda del Sole Nero
info@hotelsanterenzo.it,,,Lerici Hotel San Terenzo
info@hotelpino.it,,,Hotel Pino
info@residencevillapiani.it,,,Residence Villa Piani
prenotazioni@residencevillapiani.it,,,Residence Villa Piani
info@cavcostadeglietruschi.it,,,Cav Etruscan Coast
info@etruriaresidence.com,,,Etruria
info@guardamare.it,,,Residence Guardamare San Vincenzo
info@appartamenti-mare.com,,,Le Dune Sea View and Ground Floor Apartments
residenceledune@gmail.com,,,Le Dune Sea View and Ground Floor Apartments
spiaggia@bagnoveneretalani.it,,,Le Dune Sea View and Ground Floor Apartments
info@miiohotel.com,,,MIIO Hotel
info@residencecardellino.it,,,Residence il Cardellino
bookinglecci@bluhotels.it,,,Park Hotel I Lecci - Blu Hotels
info@lerondinidisanbartolo.it,,,Le Rondini di San Bartolo
casamarehotelsanvincenzo@gmail.com,,,Casamare Hotel
lazattera.camere@gmail.com,,,La Zattera Camere
info@etruriamare.com,,,etruriaMARE
info@residencesanvincenzo.it,,,Residences Santa Costanza - Residences Et.El.Am. Ltd.
info@villaliberty.net,,,Villa Liberty
nome@sito.it,,,Villa Lo Scoglietto
prenotazioni@villamarcella.it,,,Hotel Villa Marcella
info@yourshop.com,,,Hotel Villa Marcella
pensionetruscosanvincenzo@gmail.com,,,Hotel l'Etrusco - San Vincenzo
reservation@marivadunesuites.it,,,Mariva Dune Suites
info@residencepoderesangiuseppe.it,,,Podere San Giuseppe
info@ghlazzeriniholidays.it,,,Il Cantinone - Apartments
info@ghlazzerini.it,,,Il Cantinone - Apartments
info@hotelkontiki.eu,,,"Hotel Ristorante Kontiki San Vincenzo - HOTEL vicino al mare con PISCINA, parcheggio e SPIAGGIA PRIVATA San Vincenzo"
info@gardentoscanaresort.com,,,Garden Toscana Resort
reservation@gardentoscanaresort.com,,,Garden Toscana Resort
mice@gardentoscanaresort.com,,,Garden Toscana Resort
info@zefiroapartments.it,,,Zefiro Apartments
inforde@rivadeglietruschi.it,,,Riva Degli Etruschi
reservationrde@rivadeglietruschi.it,,,Riva Degli Etruschi
nautico@rivadeglietruschi.it,,,Riva Degli Etruschi
info@acquavivaexperience.it,,,Albergo B&b Acquaviva
info@casetta.net,,,Agriturismo Casetta
casetta@finnpartners.com,,,Agriturismo Casetta
janedoe@abnb.me,,,B&B la Barrique
hostalamacarena@gmail.com,,,B&B la Barrique
info@artimpact.es,,,B&B la Barrique
ristorante@ristorantefiorentino.it,,,Ristorante Fiorentino Locanda del Giglio
i.ricci@borgopalace.it,,,Borgo Palace Hotel
info@enotecaguidi.com,,,Enoteca & Locanda Guidi
infosansepolcro@apt.arezzo.it,,,Enoteca & Locanda Guidi
lagiuggiolasweethome@gmail.com,,,La Giuggiola Sweet Home
info@lacasanova.toscana.it,,,La Casa Nova
info@lacerorosso.it,,,B&B L'Acero Rosso
info@relaisoroscopo.com,,,Relais Oroscopo
a.puleri@gmail.com,,,Alla Battuta
info@albergotaverna.com,,,"Albergo Ristorante Taverna dalla ""Lisina"""
info@lapaladina.com,,,La Paladina
privacy@iltrebbio.it,,,Agriturismo Il Trebbio
info@bebmargheritalefiabe.it,,,B&B Margherita Le Fiabe
albergolagaggiola@gmail.com,,,Albergo Gaggiola
info@falconhotel.it,,,Falcon Hotel
info@molinodelgobbo.com,,,B&B Molino Del Gobbo
info@trestellehotel.com,,,Hotel Tre Stelle
info@villaambra.com,,,Villa Ambra
info@hotelbambu.it,,,Hotel Holiday Bamboo
info@camereanselmi.it,,,Bed & Breakfast Alda Anselmi
info@ilvelierohotel.com,,,Hotel Il Veliero
latogatahotellerie@gmail.com,,,La Togata Hotellerie de Charme - Relais il Pozzo
info@latavolamarche.com,,,La Tavola Marche
capaiardo@bnbsantangeloinvado.it,,,B&B Ca' Paiardo
info@palazzosantinelli.it,,,Palazzo Santinelli
dottimarco01@libero.it,,,Giannetti bed & breakfast
hotel121251@wearehotels.top,,,B&b La Violetta
info@villaicedri.it,,,Villa I Cedri
info@tuscanyone.it,,,La Vecchia Fornace
info@hoteledensantafiora.it,,,Hotel Eden
info@gregoriopiccoli.it,,,Casa Bigi
info@hotelfungo.com,,,Hotel Il Fungo & Dea Wellness
almabnb23@gmail.com,,,ALMA BNB
info@hotelvalledelfiora.it,,,Hotel Valle del Fiora
info@valledelfiora.it,,,Hotel Valle del Fiora
info@ilmontelletto.it,,,Il Montelletto
booking@la-vitaverde.com,,,La Vitaverde Agriturismo
contact@la-vitaverde.com,,,La Vitaverde Agriturismo
privacy@knauf.it,,,Borgo San Carlo Residence
info@poderecortesi.it,,,Podere Cortesi
info@sangiorgiotoscana.it,,,San Giorgio residenza di campagna
info@podereilmulino.it,,,Bed & Breakfast Podere Il Mulino Santa Luce
info@agriturismofossederi.com,,,Agriturismo Fossederi
roby70@recoverypc.it,,,Podere Le Retine
info@casolaredibonci.it,,,B&B Il Casolare di Bonci
nfo@casolaredibonci.it,,,B&B Il Casolare di Bonci
info@tenutailpino.com,,,Agriturismo Tenuta Il Pino di Tiberi
fattoria@tenutailpino.com,,,Agriturismo Tenuta Il Pino di Tiberi
olgairone@gmail.com,,,B&B Il Viandante
enrico.cresci@libero.it,,,Agriturismo B&B: La Volpe e L’Uva
raffaellaricciardi@hotmail.com,,,Agriturismo B&B: La Volpe e L’Uva
info@hotellatrigola.it,,,Hotel La Trigola
info@poderevaldorcia.com,,,Podere Val D'Orcia Resort - Tuscany Equestrian
play@playpixel.it,,,Podere Val D'Orcia Resort - Tuscany Equestrian
info@lebucheresort.com,,,Le Buche Wine Resort & Spa
info@albergolalanterna.com,,,La Lanterna
info@pioiii.it,,,Palazzo Pio III - Residenza d'epoca
info@lagustea.com,,,La Gustea Hotel & Cucina
info@lasovana.com,,,The Sovana Farm Resort
info@ortobiosarzana.it,,,L'OrtoBio
infoprenotazioni@dilunaedisole.it,,,Di Luna e di Sole
bbariasarzana@gmail.com,,,B&B Aria
info@suitesimonetta.it,,,Affittacamere Suite Simonetta Cod CITR-011027-AFF-0006
info@alsantandrea.com,,,Hotel Al Sant'Andrea
info@agriturismobini.it,,,Agriturismo Bini
info@agorabedinsarzana.it,,,Agorà
hotel40353@wearehotels.top,,,Casa Giangarè
info@anticocasalesarzana.com,,,Antico Casale
info@sarzanarooms.it,,,Sarzana's Rooms
info@laviadeicardi.it,,,La Via dei Cardi
hotel70529@wearehotels.top,,,Le camere di Sabrina
info@paracucchilocanda.it,,,HOTEL Locanda dell'Angelo
locandadeilimoni@virgilio.it,,,Locanda dei limoni
info@bbwelcome.it,,,B&B Welcome a Sarzana
allafortezza@gmail.com,,,B&B Alla Fortezza
info@fondachisarzana.it,,,Residenza d'epoca dei Fondachi
info@alborgo.eu,,,Al Borgo - Residence
vaniavignale64@gmail.com,,,Aurora
info@sitiwebturismo.it,,,Aurora
d.catcast@gmail.com,,,Villa Emozione & Passione
info@boccanegrasarzana.it,,,Le camere di BoccaNegra
info@alcampanile-sarzana.com,,,Affittacamere Al campanile
info@pensionemarinella.it,,,Albergo Marinella
info@pensionemarinella.com,,,Albergo Marinella
info@anticadoganasarzana.it,,,Antica Dogana Sarzana
info@sun-times.it,,,Antica Dogana Sarzana
richy1975@tiscali.it,,,Antica Dogana Sarzana
dolcedormiresuite.arcola@gmail.com,,,Dolce dormire suite
info@vernazzaroomsandapartments.com,,,Dolce dormire suite
info@albergolavilletta.net,,,Albergo la Villetta
resort@tenutalaghiaia.it,,,Resort la Ghiaia
info@santacaterinaparkhotel.it,,,Santa Caterina Park Hotel
info@vacanze-da-sogno.com,,,Villa San Giorgio
info@ledamedelborgo.com,,,"Albergo Diffuso ""Le Dame del Borgo"""
hotel135929@wearehotels.top,,,Hotel Arca
office@valdonica.com,,,VALDONICA Winery I Agrihotel I Restaurant
ciao@valdonica.com,,,VALDONICA Winery I Agrihotel I Restaurant
martin.kerres@valdonica.com,,,VALDONICA Winery I Agrihotel I Restaurant
bar-affittacamere-momo@live.it,,,B&B Momo
info@tenutaserena.it,,,Tenuta Serena Maremma
info@casaleterrerosse.com,,,Casale Terre Rosse
info@saturniafontenuova.it,,,FonteNuova
info@villacquaviva.com,,,Villa Acquaviva Wine Resort
info@lafontedelcerro.com,,,Hotel la Fonte del Cerro
saturniacountryvillas@gmail.com,,,Saturnia Country Villas
saturnofontepura@gmail.com,,,Hotel Saturno Fontepura
isicomori@gmail.com,,,I Sicomori - Seme di Carota - Glamping e appartamenti con piscina a Saturnia
info@residencebagnosanto.it,,,Bagno Santo Hotel
villagardensaturnia@gmail.com,,,Villa Garden
info@bedandbreakfastilcantuccio.com,,,Il Cantuccio
mailt@saturnia.toscana.it,,,S.Leonardo Agriturismo Vignagrande a Saturnia
mail@saturnia.toscana.it,,,S.Leonardo Agriturismo Vignagrande a Saturnia
mail@agriturismo-saturnia.it,,,S.Leonardo Agriturismo Vignagrande a Saturnia
info@bebvillagiulia.com,,,Villa Giulia
info@hotelvillaclodia.it,,,HOTEL VILLA CLODIA
info@aiacolonna.it,,,Agriturismo Bio Aia della Colonna - Ristorante Km 0 - Vicino Terme di Saturnia
magi.saturnia@gmail.com,,,Le camere dei magi
info@agrestasaturnia.it,,,B&B Agresta
info@arteservice.it,,,B&B Agresta
residencebartolini@gmail.com,,,Bartolini - Ai Campi da Golf
golfclubtermedisaturnia@termedisaturnia.it,,,Bartolini - Ai Campi da Golf
info@maremmaonline.it,,,Mazzini
info@ilcolombaino.com,,,The Colombaino B & B
ufficio@il-poggio.com,,,Il Poggio B&B - Appartamento Vacanze
info@lorenzashouse.it,,,Lorenza's House - Villa Costanza
valdibotte@tin.it,,,B&B Podere Valdibotte
info@perlageflorence.com,,,Hotel Perlage Florence
info@bnbflorence.com,,,B&B Maranatha
info@locandamontaguglione.it,,,Locanda Montaguglione
info@casanovanardini.it,,,Agriturismo - Azienda Agricola Casanova Nardini
s.giusto@tiscalinet.it,,,Agriturismo Podere San Giusto
morelliana@morelliana.it,,,Morelliana 4 rooms
tradition.info@anticocasalediscansano.it,,,Antico Casale Di Scansano Resort
locanda.terenzi@terenzi.eu,,,B&B Terenzi Winery
francisca@aione.it,,,Agriturismo Podere L' Aione - Ristorante Tipico con Vista Panoramica sul Mare
info@aione.it,,,Agriturismo Podere L' Aione - Ristorante Tipico con Vista Panoramica sul Mare
lambsold@ouverture.it,,,Bed&Breakfast Podere Vignolo
ccmonki@gmail.com,,,Bed&Breakfast Podere Vignolo
servizi@tenutalemandorlaie.it,,,Tenuta Le Mandorlaie
info@botronabb.it,,,Botrona B&B
davide.elisei@poderesancristoforo.it,,,Botrona B&B
info@casainmaremma.net,,,Casa In Maremma Tuscany Village
info@hotelrodeo.it,,,Hotel Rodeo 3 stelle
info@oasimaremma.it,,,Oasi Maremma Village
ranchhotel@alice.it,,,Alberguccio Ranch Hotel
info@poggiolacroce.com,,,Poggio la Croce
info@giardinodeisugheri.it,,,b&b Giardino dei Sugheri
info@hoteladarsena.it,,,PFA Hotel La Darsena - Follonica
info@bevedetta.com,,,Vedetta Townhouse - B & B located in Scarlino Maremma Tuscany
info@boccadalma.com,,,Appartamento vacanze Boccadalma
info@poderesansebastiano.it,,,Podere San Sebastiano
francescomaccianti@libero.it,,,Podere San Sebastiano
scabris1@virgilio.it,,,Affittacamere Hotel Scabris
info@madonnadelpoggio.it,,,Madonna del Poggio B&B
madonnadelpoggio@libero.it,,,Madonna del Poggio B&B
info@pastexperience.it,,,Madonna del Poggio B&B
booking@poderelacasella.it,,,Podere La Casella
simone.serotti@gmail.com,,,Podere La Casella
poggiosavelli@libero.it,,,Poggio Savelli
lacasadicosimo@gmail.com,,,B.b&b La Casa di Cosimo
info@lalocandasanbarnaba.com,,,Locanda San Barnaba
info@ilgiardinetto.com,,,LA LOCANDA DI ADELE - IL GIADINETTO B&B
fattoriasenni@gmail.com,,,Villa Senni
info@ilfienilediscarperia.it,,,The Barn B & B in Scarperia
intornofirenze@gmail.com,,,La Terrazza Affittacamere
info@leisolemugello.it,,,Locanda le Isole
hello@youremail.com,,,Locanda le Isole
ireneevangelisti90@gmail.com,,,Locanda le Isole
la.piazza.cr@gmail.com,,,Il Podere della piazza
informazioni@prolocoscarperia.it,,,Il Podere della piazza
info@villalosprocco.com,,,Villa Medicea Lo Sprocco
info@florencemyhome.com,,,Florence My Home
info@residencemugello.it,,,Residence Mugello Resort
info@tenutaletrevirtu.it,,,Tenuta Le Tre Virtù - Resort nel Mugello
ninfo@tenutaletrevirtu.it,,,Tenuta Le Tre Virtù - Resort nel Mugello
info@ilnidodigabbiano.it,,,Il Nido di Gabbiano
info@mezzacosta.it,,,Mezzacosta
info@lecameredimario.it,,,Le Camere di Mario
cristina.rossomandi@gmail.com,,,B&B Il nido della rondine
info@villa-cardeto.it,,,B&B Villa Cardeto
info@ilmelogranoisoladelba.it,,,B&B L'albero di Melograno
info@sassoerminia.it,,,SassoErminia B&B Ecosostenibile
info@autocostruzionesolare.it,,,SassoErminia B&B Ecosostenibile
info@lascottiglia.it,,,La Scottiglia
mail@potentino.com,,,Castello Di Potentino
info@terredorcia.it,,,Hotel Terre d'Orcia
info@agricolacasinadigiannetto.it,,,La casina di Giannetto
info@vitabellatoscana.com,,,Vitabella Toscana
info@anticoborgoseggiano.it,,,B&B Antico Borgo Seggiano
affittacamerebeppe@gmail.com,,,Affittacamere da Beppe
info@casailgobbo.com,,,Casa Il Gobbo
info@casamennone.com,,,Casa Mennone
mariociambelli@me.com,,,La Mirolla
support@overplace.com,,,Agriturismo La Leggenda
info@overplace.com,,,Agriturismo La Leggenda
privacy@overplace.it,,,Agriturismo La Leggenda
leantichemura@hotmail.com,,,Le Antiche Mura
hotel131733@wearehotels.top,,,Il Borgo di Sempronio
robertobenedini@virgilio.it,,,"B&B Locanda la Pieve e Cena - A due passi dalle Terme di Saturnia e Cascatelle . Prenota con whatsapp, miglior tariffa web.."
ilparadiso@inversilia.it,,,Agriturismo Il Paradiso
pittituscany@gmail.com,,,Agriturismo I Pitti
agriturismovillabracali@gmail.com,,,Agriturismo Villa Bracali
info@oliviabedandbreakfast.it,,,Olivia Bed and Breakfast
bb-ilcappero@hotmail.com,,,Bed and Breakfast Il Cappero
info@casatitty.com,,,Bed and Breakfast Casa Titty
mailing@anticogranaione.com,,,Antico Granaione B&B Residenza d'Epoca
reservation@anticogranaione.com,,,Antico Granaione B&B Residenza d'Epoca
info@castellodelleserre.com,,,Castello Delle Serre
serre.hotel@gmail.com,,,Grand Hotel Serre
info@oneminutesite.it,,,B&B Casa Zizzolo
info@lafrontiera.it,,,La Frontiera Stables
casabarboni@eutelia.com,,,Il Casale dei Barboni Affittacamere B&B
info@terrazzaginori.com,,,B&B Terrazza Ginori
info@hotelmontemorello.com,,,Hotel Montemorello
stdgraphic@gmail.com,,,Querceto B&B
info@thegatehotel.it,,,The Gate Hotel
meeting@thegatehotel.it,,,The Gate Hotel
mirella@casavaliversi.it,,,Casavaliversi B&B - Sesto Fiorentino
info@bedandberli.it,,,Bed and Berli
eventi@fantastic-garden.com,,,Fantastic Garden Hotel & Ristorante
anunturibrx@gmail.com,,,Il Veliero
info@terzidisiena.it,,,B & B I Terzi Di Siena
info@casadiosio.com,,,Casa di Osio
info@senesino.it,,,B&B Il Senesino
151emailinfo@senesino.it,,,B&B Il Senesino
info@lecameredilivia.com,,,B&B Le Camere di Livia
hospitality@battisterosiena.com,,,Il Battistero Siena - Residenza d'epoca
enoteca@battisterosiena.com,,,Il Battistero Siena - Residenza d'epoca
bistrot@battisterosiena.com,,,Il Battistero Siena - Residenza d'epoca
residenzaborghesi@gmail.com,,,Residenza d'Epoca Palazzo Borghesi
info@bbpalazzobulgarini.com,,,"B&B Pantaneto Palazzo Bulgarini, Siena"
info@latorrealletolfe.com,,,La Torre alle Tolfe
residence@latorrealletolfe.com,,,La Torre alle Tolfe
wine@latorrealletolfe.com,,,La Torre alle Tolfe
info@lecamerinedisilvia.com,,,B&B Le camerine di Silvia
info@leloggeluxuryrooms.it,,,B&B Le Logge Luxury Rooms
adunatasoftwaresiena@gmail.com,,,B&B Le Logge Luxury Rooms
ventena.siena@gmail.com,,,B&B Le Logge Luxury Rooms
e-mailadresinfo@hotelmodernosiena.it,,,Hotel Moderno
info@imerlidiada.it,,,I Merli di Ada
info@palacedueponti.com,,,Palace Hotel Due Ponti
info@hoteller.com,,,Palace Hotel Due Ponti
info@villapatriziasiena.com,,,Villa Patrizia Siena
info@acasamastacchi.it,,,A casa Mastacchi
280655emailinfo@acasamastacchi.it,,,A casa Mastacchi
bnbsiena@gmail.com,,,Country Lodge B&B Siena
info@barrieradisanlorenzo.it,,,La Barriera di San Lorenzo
info@paradiso4.com,,,B&B Paradiso n.4
info@studio21.it,,,B&B Paradiso n.4
info@buonenottibeb.com,,,buonenotti beb
info@montecchino.it,,,Agriturismo La Grotta Di Montecchino
info@studiopecciarini.it,,,Agriturismo La Grotta Di Montecchino
simona@villacaprera.net,,,Villa Caprera
wellness@hotelsanmarcosiena.it,,,Hotel San Marco
info@casatorredeileoni.it,,,Casatorre dei Leoni
ticket@comune.siena.it,,,Agriturismo La Torretta
poggiocivitate@museisenesi.org,,,Agriturismo La Torretta
info@palazzodelpapa.com,,,PALAZZO DEL PAPA B&B
info@sallustiorooms.com,,,Sallustio Rooms
info@casalbergo-siena.it,,,Casalbergo
info@ilgirasoledisiena.com,,,Il Girasole di Siena
info@nibirumail.com,,,Il Girasole di Siena
reservations.helvetiabristol.fi@starhotels.it,,,Grand Hotel Continental Siena - Starhotels Collezione
reservations.thefranklin@starhotels.com,,,Grand Hotel Continental Siena - Starhotels Collezione
reservations.thegore@starhotels.com,,,Grand Hotel Continental Siena - Starhotels Collezione
info@hotelsantacaterinasiena.com,,,Hotel Santa Caterina Siena
info@aparthotelanghel.com,,,ApartHotel Anghel
info@aparthotelanghel.it,,,ApartHotel Anghel
info@hotelaitufi.com,,,Hotel Ai Tufi
info@agriturismoilpoggiarello.com,,,Farmhouse Il Poggiarello Siena
info@villatuscanysiena.it,,,Affittacamere Villa Tuscany Siena
direzione@hotelitalia-siena.it,,,Hotel Italia Siena
ufficio@hotelitalia-siena.it,,,Hotel Italia Siena
info@hotelarcobalenosiena.it,,,Hotel Arcobaleno
silvano.vigni@agriturismolecrete.it,,,Agriturismo Le Crete - Asciano
info@piccolochianti.it,,,Piccolo Chianti
privacy@piccolochianti.it,,,Piccolo Chianti
info@elehomesiena.it,,,ELEROOM Siena
info@hotelsienaborgogrondaie.com,,,Hotel Borgo Grondaie Siena
attiliocamere@gmail.com,,,Attilio Camere
info@appartamentisanlorenzo.it,,,San Lorenzo Apartments
info@lacertosadimaggiano.com,,,Certosa di Maggiano
info@villapiccolasiena.com,,,Villa Piccola Siena
simonetta.gianni.yvbw@si.omceo.it,,,Le Case di Simonetta
lecasedisimonetta@gmail.com,,,Le Case di Simonetta
ninfo@chiostrodelcarmine.com,,,Il Chiostro del Carmine
giuseppe@samond.it,,,Bnbpaolina
0577930589info@anticafonteresidenza.it,,,Antica Fonte Residenza di Siena
info@anticafonteresidenza.it,,,Antica Fonte Residenza di Siena
hotel@moredicuna.it,,,More Di Cuna
info@palazzomasi.it,,,B&B Palazzo Masi
info@palazzodevecchi.it,,,palazzo de vecchi
info@secretgardensiena.com,,,Secret Garden Siena
info@blossomsofsiena.com,,,Secret Garden Siena
info@hotellaperlasiena.com,,,Hotel La Perla
ladimoradeimonaci@gmail.com,,,La Dimora Dei Monaci
info@sienahillsapartments.com,,,Siena Hills Apartments
info@tettidisiena.com,,,The Siena Roofs
tettidisiena@gmail.com,,,The Siena Roofs
info@villascacciapensieri.it,,,Villa Scacciapensieri
info@tredonzelle.com,,,Albergo Tre Donzelle
info@lavilladistr.it,,,La Villa Di STR
booking@lavilladistr.it,,,La Villa Di STR
elisa@santa10.it,,,Santa10
info@orsapellion.it,,,Santa10
mereupaola64@gmail.com,,,Santa10
info@sanmartino29.it,,,Residenza d'epoca San Martino 29
marco.rossi@email.it,,,Albergo Chiusarelli
info@governodeinove.it,,,B&B Governo dei Nove
info@bb-camollia.it,,,B&B Camollia
therosesuitesiena@gmail.com,,,The Rose Suite
parcheggioosiena@gmail.com,,,The Rose Suite
portaromana@lucehotels.it,,,Hotel Porta Romana
booking@executivehotelsiena.com,,,Executive Hotel Siena
info@executivehotelsiena.com,,,Executive Hotel Siena
info@laverbenasiena.it,,,B & B La Verbena
info@domusilpalio.it,,,DOMUS IL PALIO
santandreasiena@gmail.com,,,B&B Villa Sant’Andrea
villasantachiarasiena@gmail.com,,,Appartamenti Villa Santa Chiara
staff@agriturismomarciano.it,,,Agriturismo Marciano
chri.betti@gmail.com,,,Agriturismo Marciano
informazioni@palazzodivalli.it,,,Hotel Palazzo di Valli
reception@palazzodivalli.it,,,Hotel Palazzo di Valli
bblelupesiena@gmail.com,,,Le Lupe B&B Siena
infoilcorso@gmail.com,,,B&B Il Corso
info@essenzasardegna.com,,,Casacenti Centi Stefano
info@hotelrovere.it,,,Casacenti Centi Stefano
info@myflorenceholiday.com,,,Casacenti Centi Stefano
info@quattrotorra.it,,,Castello Delle Quattro Torra
info@albergobernini.com,,,Albergo Bernini
ilpozzodisantandrea@gmail.com,,,B&B il pozzo di sant'Andrea
jeckert@nh-hotels.com,,,Hotel NH Siena
rlarsen@nh-hotels.com,,,Hotel NH Siena
dbattle@nh-hotels.com,,,Hotel NH Siena
info@palazzobruchi.it,,,B&B Palazzo Bruchi
booking@palazzobruchi.it,,,B&B Palazzo Bruchi
lacoroncina62@gmail.com,,,La Coroncina Lodging
agriturismo@villailcastagno.it,,,Villa il Castagno Wine Resort & Restaurant
info@villadelsolesiena.com,,,Villa del Sole Siena
info@sanfrancescosiena.it,,,B&B San Francesco
marco@hotelathena.com,,,Hotel Athena
info@relaiscortedeicavalieri.it,,,Relais La Corte Dei Cavalieri - B&B Residenza d'Epoca
direzione@relaiscortedeicavalieri.it,,,Relais La Corte Dei Cavalieri - B&B Residenza d'Epoca
info@ilbarbero.it,,,B&B il Barbero
info@palazzettorosso.com,,,Palazzetto Rosso Art Hotel
info@almercatobb.it,,,Al Mercato B & B
info@lemeridiane.com,,,Residence Le Meridiane
booking@gardenhotel.it,,,Hotel Garden Siena
info@torredelfuggisole.com,,,Hotel Torre del Fuggisole
info@casalevirgili.it,,,B & B Casale Virgili
lachiccasiena@gmail.com,,,La Chicca B&B Siena
info@cabiancasiena.com,,,Ca' Bianca Tuscany Relais
info@villafiorita-siena.com,,,Bed & Breakfast Villa Fiorita Siena
bebvillafiorita@gmail.com,,,Bed & Breakfast Villa Fiorita Siena
info@bnbleaquilesiena.it,,,"Residenza d’Epoca ""Le Aquile"" Siena"
letizia@poderelastrega.it,,,Podere la Strega
info@podereilpero.it,,,Podere Il Pero
info@sienavip.it,,,Siena Vip B&B
info@poderelevigne.it,,,Podere Le Vigne B&B
info@casamavisiena.it,,,Casa Mavì Siena
info@palazzodelmagnifico.it,,,Palazzo del Magnifico
ifo@villaeldasiena.it,,,Hotel Villa Elda
info@villaeldasiena.it,,,Hotel Villa Elda
info@assisium.com,,,L'Aia Country Holidays
info@aspasiaincoming.com,,,L'Aia Country Holidays
info@villapetranovellara.com,,,L'Aia Country Holidays
albergominervasiena@lamiapec.it,,,Hotel Minerva
info@lucehotels.it,,,Vittoria Design Hotel
latorretta@lucehotels.it,,,Vittoria Design Hotel
ilbello2016@lucehotels.it,,,Vittoria Design Hotel
hospitality@birbosiena.com,,,Birbo - Bike Hospitality
info@amiroomsiena.com,,,AmiRooms Affittacamere per le tue vacanze nel centro storico di Siena
paradisoaccommodations@gmail.com,,,B&B Quattro Cantoni
villalecameliesiena@gmail.com,,,Villa Le camelie Siena
hotel124608@wearehotels.top,,,B&B Casa Fei
hotel124606@wearehotels.top,,,Dolce Notte
info@lapiazzettasigna.it,,,Appartamenti La Piazzetta Signa near Florence
infol@eurohomesigna.it,,,EuroHome Hotel Bed & Breakfast
bnb@locandadecolli.it,,,Locanda De' Colli
loft@locandadecolli.it,,,Locanda De' Colli
infol@eurohomecomfortapartment.it,,,EuroHome Comfort Apartment
agriturismolavilla2@gmail.com,,,Agriturismo La Villa
peteaxthelm@gmail.com,,,Agriturismo La Villa
info@ilcasaledelmarchese.com,,,Il Casale Del Marchese
info@villailpoggio.it,,,Villa Il Poggio
info@madonnadelrifugio.it,,,Our Lady of Refuge
ilrifugiodidante@outlook.com,,,B&B Il Rifugio di Dante
info@tuscany-anguria.it,,,Podere L'Erbolario
info@maisontuscany.it,,,Maison Tuscany Bed&Breakfast
reservations@maisontuscany.it,,,Maison Tuscany Bed&Breakfast
info@gagnoni.it,,,Villa Gagnoni
hotel@hotelsantorotto.it,,,Hotel Santorotto
info@hotelapogeo.it,,,Hotel Apogeo
pleromaspa2019@gmail.com,,,Hotel Apogeo
albergolagoverde@gmail.com,,,Ristorante Albergo Lago Verde
info@hotelmilano-lucca.it,,,EcoHotel Ristorante Milano
info@dimorafragiovanni.com,,,B&B Dimora Frà Giovanni
booking@casaagricolarossi.it,,,Casa Agricola Rossi
info@casaagricolarossi.it,,,Casa Agricola Rossi
info@borgomelone.it,,,Borgo il Melone
info@borgopetra.com,,,Borgopetra
info@hoteldellafortezza.com,,,Hotel della Fortezza
info@aiadeltufo.com,,,Bio Agriturismo Aia del Tufo
doe@santegle.it,,,Glamping e Agriturismo biologico Sant'Egle con Floating & relax Center
j.doe@santegle.it,,,Glamping e Agriturismo biologico Sant'Egle con Floating & relax Center
info@piancasale.com,,,Piancasale b&b
rasnaheartguesthouse@gmail.com,,,Rasna Heart Guest House
info@termedisorano.it,,,Terme di Sorano Residence
information@sovanahotel.it,,,Sovana Hotel & Resort
info@poggioba.it,,,PoggioBa
info@albergoscilla.com,,,Hotel Scilla
info@palazzomerse.it,,,B&B Palazzo a Merse
info@casadicampagnaintoscana.com,,,B&B Casa di campagna in toscana
info@podereolmo.it,,,Residence Podere Olmo
info@montioni.it,,,Montioni Farmhouse
info@castellopoggiarello.it,,,Poggiarello di Toiano
info@cortedeicerri.eu,,,la corte dei cerri
info@lorenzahotel.it,,,Hotel Lorenza Beach B&B
info@villanadar.it,,,Villa Nadar
info@casaercoli.it,,,Casa Ercoli - B&B VINCI
amministrazione@casaercoli.it,,,Casa Ercoli - B&B VINCI
lalocandadicorrado@gmail.com,,,La Locanda di Corrado
affittacameregiannotti@gmail.com,,,Affittacamere BB Giannotti Enzo
info@agriturismosaletta.it,,,Agriturismo Azienda Agricola Saletta di Ticci Andrea e Massimo
group@hmlivorno.it,,,Mediterraneo Livorno
info@casaleaurelia.it,,,Casale Aurelia
casagiorgini@libero.it,,,B & B Casa Giorgini
albergoraffaello@tiscali.it,,,Albergo Ristorante - Raffaello
info@imposto.it,,,B&B Locanda l'Imposto
info@lospitaledeibrilli.it,,,L'Ospitale dei Brilli
booking@nobiliadimore.it,,,Nobilia Dimore - Suite & Spa
v.bianchi@nobiliadimore.it,,,Nobilia Dimore - Suite & Spa
m.celli@nobiliadimore.it,,,Nobilia Dimore - Suite & Spa
laguardiabb@gmail.com,,,La Guardia B&B
falterona@albergofalterona.com,,,Albergo Falterona
alterona@albergofalterona.com,,,Albergo Falterona
138falterona@albergofalterona.com,,,Albergo Falterona
info@bbcasamonti.it,,,B&B CASAMONTI
lufreya@gmail.com,,,B&B CASAMONTI
info@pescaiaresort.com,,,La Pescaia Resort
info@macinedistigliano.com,,,Relais Le Macine Di Stigliano
info@castellodimugnana.it,,,Castle of Mugnana
info@agriturismoilleccio.it,,,Agriturismo Villa il Leccio
giada@agriturismoilleccio.it,,,Agriturismo Villa il Leccio
paolo@agriturismoilleccio.it,,,Agriturismo Villa il Leccio
info@ilcielodistrela.it,,,"Organic farm - farm ""The sky Strela"" Mario Marini"
prenotazioni@costalta.com,,,B&B Costalta
info@castellobigozzi.it,,,Relais Castel Bigozzi
wedding@castellobigozzi.it,,,Relais Castel Bigozzi
info@casaltahotel.com,,,Casalta Boutique Hotel
direzione@borgosanluigi.it,,,Borgo San Luigi
info@villanella.it,,,Bed And Breakfast Villanella
valentina@puntoweb-arezzo.it,,,Castello Di Valenzano
info@locandamontegiovi.it,,,Montegiovi
rosita.bidini@gmail.com,,,Montegiovi
info@borgoilpoggio.com,,,Borgo Il Poggio Agritourismo
iltartufo@borgoilpoggio.com,,,Borgo Il Poggio Agritourismo
booking@bbsuvereto.it,,,Bed & Breakfast SUVERETO
reception@lecortidimontepitti.com,,,Le Corti di Montepitti Residence
locandadellestelle@hotmail.com,,,Il giardino dei limoni
info@belvederedisuvereto.it,,,Belvedere Bed & Breakfast
info@casa-cavallo.it,,,Affittacamere Casa Cavallo
info@chiostrosuvereto.it,,,Il Chiostro Appartamenti e Suites
labucadellefate@pecconfesercentimo.it,,,La Buca delle Fate
labucadellefatetagliole@gmail.com,,,La Buca delle Fate
labucadellefatetagliole@pecconfesercentimo.it,,,La Buca delle Fate
info@bb-lavalle.it,,,B&B La Valle
agriturismo@buratta.com,,,Agriturismo Buratta
doma@buratta.com,,,Agriturismo Buratta
cavalli@buratta.com,,,Agriturismo Buratta
info@residencetalamone.it,,,Residence Il Poderino - Talamone
info@talamonecampingvillage.com,,,Talamone Camping Village
hotel74103@wearehotels.top,,,Villa Talente
info@valledelmarta.it,,,Villa Hotel Restaurant Valle del Marta
info@villatirreno.it,,,Hotel Villa Tirreno
info@hoteltarconte.it,,,Hotel Tarconte
info@cameredelre.com,,,Rooms Del Re - Hotel and B & B
fattoria@tattifattoria.it,,,La Fattoria di Tatti
info@vianaldini61.it,,,B&B Via Naldini 61
info@villaspoiano.com,,,Villa di Spoiano
spoiano@tin.it,,,Villa di Spoiano
info@villafillinelle.com,,,Villa Fillinelle
rosanna@villafillinelle.com,,,Villa Fillinelle
info@soggiornoitalia.it,,,Soggiorno L'Italia
fatimacecilio07@gmail.com,,,Soggiorno L'Italia
info@anticapieve.net,,,Antica Pieve B & B
info@casadilaura.it,,,Bed and Breakfast Casa Laura
booknow@hotelscheck-in.com,,,Villa Le Rose
info@theflat233.com,,,The Flat 233
info@ilpoggiolodellerose.it,,,B & B Il Poggiolo delle Rose
reservations@poderebrizio.it,,,Az. Agr. Podere Brizio
1416beb@gmail.com,,,B&B 1416
info@albergoblueline.com,,,Albergo Blueline
info@ecodelmare.it,,,Eco del Mare Night & Day beachclub
labaiadifiascherino@gmail.com,,,B&B La Baia Di Fiascherino
giovanna.duranti@virgilio.it,,,La Fagiana
serena17390@gmail.com,,,agriturismo
christian.sisti@gmail.com,,,agriturismo
info@casadinacortona.com,,,B&B Cortona Casa Dina
beatrice08nardi@gmail.com,,,The Wayfarer Hotel
info@moodyhotel.it,,,Moody Hotel
info@anticatabaccaiaresort.it,,,Antica Tabaccaia Resort
info@hotelmichelangelovaldarno.com,,,Michelangelo Hotel Valdarno
romignano@gmail.com,,,Romignano Wine Farm
bb@a-loro.com,,,A'Loro B&B
barbara.boninsegni@gmail.com,,,A'Loro B&B
fulvio.capaccioli@gmail.com,,,A'Loro B&B
info@break-house.com,,,Break House Hotel
info@villalefacezie.it,,,Villa Le Facezie Charming B&B in Tuscany
info@sassomatto.it,,,SassoMatto
cristina@letassinaie.com,,,Agriturismo Le Tassinaie
es@in-toscana.de,,,Ferienhaus In Toscana
info@colleverdeagriturismo.it,,,Agriturismo Colleverde
info@room-rent.it,,,Room Rent Morrona
dharmaterricciola@gmail.com,,,Bed & Breakfast Dharma
allameria@libero.it,,,Alla Meria
webserver@staff.aruba.it,,,Locanda la Luna
info@bbiricordi.it,,,B&B I Ricordi
info@cavalierenero.eu,,,Hotel Il Cavaliere Nero
regina@olympichotels.it,,,olympic beach - centro le torri
info@olympichotels.it,,,olympic beach - centro le torri
palace@olympichotels.it,,,olympic beach - centro le torri
info@grandhotelgolftirrenia.it,,,Grand Hotel Golf Tirrenia
reception@grandhotelgolftirrenia.it,,,Grand Hotel Golf Tirrenia
prenotazione@hotelfloridatirrenia.com,,,Hotel Florida Tirrenia
mariachiara.luongo@gmail.com,,,Villa Aurora
info@miramareresort.it,,,Bagno Miramare
info@albergoeresidencevittoria.it,,,Hotel Residence Vittoria Pisa
hvittoriatirrenia@gmail.com,,,Hotel Residence Vittoria Pisa
al.rist.miramonti@gmail.com,,,Albergo Ristorante Miramonti Di Toni Erik
info@comeraunavolta.com,,,B&B Com'era una volta
info@villaferraia.com,,,Villa Ferraia Country Resort
info@villaferraia.it,,,Villa Ferraia Country Resort
info@sienahoteliplatani.com,,,Hotel I Platani
host@villa-lena.it,,,Villa Lena
luisa.carrarini@alice.it,,,B&B luisa & mark
info@albergoandreadoria.it,,,Hotel Andrea Doria
booking@website.com,,,Hotel Andrea Doria
booking@andreadoria.it,,,Hotel Andrea Doria
orlandinicofoto@gmail.com,,,Affittacamere Torre Del Lago Sapore di Mare
caffeletti@gmail.com,,,B&B Caffeletti
info@casasimonetti.com,,,Casa Simonetti
laselva341@gmail.com,,,Ristorante Albergo La Selva
gritex@live.it,,,Ristorante Albergo La Selva
info@levilli.com,,,Le Villi
info@bedandbreakfastversilia.com,,,Le Villi
assistenza@microcode-workshop.com,,,Le Villi
stasia.2y@gmail.com,,,B & B L'incanto Torrenieri Montalcino
info@agliamicicortona.it,,,Locanda agli Amici
info@borgoditorri.it,,,Antico Borgo di Torri - Bed&breakfast
info@lacasasullago.com,,,la casa sul lago
fabio@follonico.com,,,Follonico
booking@follonico.com,,,Follonico
info@villasansanino.it,,,Relais San Sanino
reservations@villasansanino.it,,,Relais San Sanino
info@adlecontrade.com,,,Antica Dimora le Contrade
info@lupaia.com,,,Lupaia
info@residenzadarte.com,,,Residenza D'Arte
info@poggioparadisoresort.com,,,Poggio Paradiso Resort & Spa
info@hotellapiccolastazione.it,,,Hotel La Piccola Stazione
info@letrefonti.com.com,,,LE TRE FONTI - Ristorante / Hotel
omhom@omhom.it,,,Omhom
3318098900omhom@omhom.it,,,Omhom
pietrantica.trebiano@gmail.com,,,PIETRANTICA Guest House
info@pietrantica.it,,,PIETRANTICA Guest House
info@sottoilcastello.com,,,B&B Sotto il Castello
contact@itrepoderi.it,,,I Tre Poderi 1872
info@le3rane.it,,,Le 3 Rane - Rooms
info@lec-renate.eu,,,B&B Renate
info@poderesole.com,,,Podere Sole
info@azienda-trequanda.it,,,Residenza Trequanda Corso Matteotti
info@abbadiasicille.it,,,Abbadia Sicille Relais
imaginedwebsites@gmail.com,,,Abbadia Sicille Relais
info@agriturismosole.it,,,Agriturismo SOLE
contatti@ilgiuncheto.it,,,Il Giuncheto
info@castellomalaspinaditresana.it,,,B&B Castello Malaspina di Tresana
info@saladitresana.com,,,Sala di Tresana
contatti@iltempodelvento.com,,,B&B Il Tempo del Vento
mail@podereorto.com,,,Podere Orto Wine Country House
lamonaldesca@libero.it,,,Agriturismo La Monaldesca
reservations@eleonorauccella.com,,,B&B La Cucina
volanteinn@libero.it,,,Hotel Ristorante Pizzeria Volante Inn
info@villasensi.it,,,Bed & Breakfast Villa Sensi
info@villapellegrino.com,,,Villa Pellegrino B&B/Apartments
info@beblatosca.it,,,La Tosca
info@puntanavaccia.it,,,Camping Village Punta Navaccia
info@relaislanticoconvento.com,,,Relais The Convent
jakob@vocabolomoscatelli.com,,,Vocabolo Moscatelli Boutique Hotel & Restaurant
reservations@borgoilpoeta.com,,,Borgo Il Poeta
gabriele.conrado@borgoilpoeta.com,,,Borgo Il Poeta
info@borgoilpoeta.com,,,Borgo Il Poeta
info@villavalentinaspa.it,,,Villa Valentina
daniela@hotelcapponi.com,,,Hotel Capponi
info@hotelrioumbertide.it,,,Hotel Rio
langolinodiusigliano@gmail.com,,,B&B L'angolino
golfobaratti@gmail.com,,,Hotel Residence la Ventola
info@antoniopolzella.com,,,Hotel Residence la Ventola
info@stelladelmare.it,,,Hotel Residence Stella Del Mare
segreteria@sobrini.it,,,Hotel Residence Stella Del Mare
info@villettadino.it,,,Casa Vacanze Villetta Dino
casalemancini@gmail.com,,,Il Casale Mancini - Ristorante B&B
reservation@vadavillage.com,,,Vada Village
info@lapinetinavada.it,,,Vada Village
info@casesobrini.it,,,Case Sobrini
info@villagraziani.com,,,Villa Graziani
info@villettatina.it,,,Casa Vacanze Villetta Tina
info@oleandri.eu,,,Residence Gli Oleandri
info@villamazzanta.it,,,Hotel Relais Villa Mazzanta
booking@locandadeisettelimoni.it,,,Locanda dei Sette Limoni
info@biricoccole.it,,,Agriturismo Le Biricoccole
info@hotelvallecorsa.it,,,Hotel Residence VALLECORSA
info@ristoranteottimannata.it,,,Ristorante Un'Ottima Annata
florencecountryresidence@gmail.com,,,Florence Country Residence
lecollinedelparadiso@gmail.com,,,Florence Country Residence
info@lecollinedelparadiso.com,,,Le Colline del Paradiso
lafornacedemedici@gmail.com,,,Le Colline del Paradiso
dataprotectionofficer@hostelworld.com,,,Le Ginestre B&B De Charme
info@astreo.it,,,Villa Astreo La Casa di Rompicollo
ilgiardinodicristina@gmail.com,,,Il Giardino di Cristina B&B
info@casalesanlorenzo.com,,,Antico Casale San Lorenzo
info@borgocarpineto.com,,,Borgo Carpineto
privacy@bestogoo.com,,,Casetta verde
info@bestogoo.com,,,Casetta verde
info@bestogoo.it,,,Casetta verde
info@residencefilippo.it,,,Residence Filippo
e.boanini@blubit.it,,,Residence Filippo
info@borgovalagnesi.com,,,B&B Borgo Valagnesi
info@albergodarita.it,,,Da Rita
valditacca@libero.it,,,Da Rita
centolaghirooms@gmail.com,,,Centolaghi Rooms
marcorivieri@libero.it,,,Agriturismo La Casina Rosa
agriturismomezzano@gmail.com,,,Agriturismo Lago di Mezzano
info@prolocovalentano.it,,,La Mela Rosa
lagiuditta.laspezia@gmail.com,,,La Giuditta
info@ipalazziarte.com,,,I Palazzi B&B
info@solemaremma.it,,,Residence Solemaremma
info@hotelrifugiolaforesta.com,,,Hotel Rifugio la Foresta
info@poderecornacchia.it,,,Agriturismo Podere Cornacchia
lacornacchia@virgilio.it,,,Agriturismo Podere Cornacchia
info@fattoriadimigliarino.it,,,"Agriturismo Fattoria di Migliarino, Tenuta Salviati"
info@pratavecchie.it,,,Borgo di Pratavecchie
flygestaoartistica@gmail.com,,,i fiori del Feo
ahmedga789@gmail.com,,,i fiori del Feo
info@ocanaalbert.es,,,i fiori del Feo
info@bbsilvia.it,,,B&B SILVIA
barsilvia@sirius.pisa.it,,,B&B SILVIA
info@rifugio-battisti.it,,,Rifugio Battisti
bcube@mypec.eu,,,Rifugio Battisti
info@termediventurina.it,,,Hotel Terme di Venturina
info@albergogrecale.it,,,Hotel Grecale - Venturina Terme
amministrazione@worsp.it,,,Hotel Grecale - Venturina Terme
info@villapoggetto.it,,,Il Poggetto Venturina Terme
info@villaterme.it,,,Villa Terme di Caldana B & B
calidario@calidario.it,,,Calidario Terme Etrusche
info@calidario.it,,,Calidario Terme Etrusche
info@lecortidelsole.it,,,Residence Le Corti del Sole
bebilgiardinodijacqueline@gmail.com,,,B&B Il giardino di Jacqueline
info@fumaioloparadisehotel.it,,,Fumaiolo Paradise Ristorante Pizzeria Hotel
valentino@fumaioloparadisehotel.it,,,Fumaiolo Paradise Ristorante Pizzeria Hotel
franco@fumaioloparadisehotel.it,,,Fumaiolo Paradise Ristorante Pizzeria Hotel
info@ilpozzodicelle.it,,,B&B il Pozzo di Celle
info@casalebandite.com,,,Casa Vacanze e Ristorante Casa Le Bandite
labgusto@casalebandite.com,,,Casa Vacanze e Ristorante Casa Le Bandite
info@bbdagina.com,,,B&B da Gina
info@albergolacroce.com,,,Hotel La Croce
info@agriturismofontevecchia.it,,,Agriturismo Fontevecchia
info.agriturismofontevecchia@gmail.com,,,Agriturismo Fontevecchia
info@ilpinobeb.it,,,Bed and Breakfast Il Pino
info@laduchessa.org,,,Il B&B La Duchessa
info@ortodemandorli.it,,,Orto de' Mandorli B&B
info@hotelvatluna.com,,,Hotel Vatluna
museovetulonia@libero.it,,,Hotel Vatluna
info@hotelalconvento.com,,,Hotel Relais Al Convento
davideramoretti@gmail.com,,,Collimare Rooms & Sailing
info@ombrosa.it,,,Hotel Locanda l'Ombrosa
info@hotelsognoviareggio.it,,,Hotel Sogno
sofia.calabresi@sinahotels.com,,,Sina Astor
mauro.vicini@sinahotels.com,,,Sina Astor
belinda.bortolan@sinahotels.com,,,Sina Astor
info@hotelpaolina.it,,,Hotel Paolina
info@hotel-ondina.com,,,Hotel Ondina
info@miramarehotel.net,,,Hotel Miramare
info@bagnoannita.it,,,Grand Hotel Royal Viareggio
info@bagnoflorida.it,,,Grand Hotel Royal Viareggio
hotelvillabenvenuti@gmail.com,,,Villa Benvenuti
villamorgana@alberghiinversilia.it,,,Hotel Villa Morgana
villamorgana@alberghiversilia.it,,,Hotel Villa Morgana
booking@hoteltahiti.it,,,Hotel Tahiti - Viareggio
info@hotelviareggiohv.it,,,Hotel Viareggio
info@brandfactory.it,,,Hotel Residence Esplanade
info@arsellaviareggio.it,,,Casa Arsella Viareggio
allegratoscana@gmail.com,,,Allegra Viareggio b&b affittacamere casa vacanze
staff@hoteldelhy.it,,,Albergo Delhy
reservations@visuitesviareggio.it,,,Vi Suites
info@visuitesviareggio.it,,,Vi Suites
info@hotellapace.info,,,Hotel La Pace
info@bbviareggio.it,,,La Casa Nei Pini
info@ilburlamacco.it,,,Burlamacco Gold
cinemascuderie@gmail.com,,,Villa Grazia
info@hotel-residence-luana.com,,,Hotel Residence Luana
info@hotelpresident.it,,,Hotel President Viareggio
mariaelenabertacca@gmail.com,,,Maria Elena
ilsoleanticoviareggio@gmail.com,,,Il Sole Antico - B&B
mohamed@principedipiemonte.com,,,Grand Hotel Principe di Piemonte
bachini@principedipiemonte.com,,,Grand Hotel Principe di Piemonte
masoni@principedipiemonte.com,,,Grand Hotel Principe di Piemonte
info@hotelliberty.eu,,,Hotel Liberty
elenachiusalupi@libero.it,,,Il Mirto
info@hotel4assi.com,,,Hotel I 4 Assi
info@residencemaestoso.it,,,Maestoso
residencepatriarca@tiscali.it,,,Maestoso
info@residencepatriarca.it,,,Maestoso
info@hotellisa.it,,,Hotel Lisà
info@hotelgiuly.it,,,Hotel Giuly
info@hotelrexviareggio.it,,,Hotel Rex
massimo.hotel21@gmail.com,,,Hotel Massimo
info@hotelfirenzeviareggio.com,,,Firenze
info@hotelplayaviareggio.it,,,Hotel Playa
villagiuliabnb@gmail.com,,,Villa Giulia Bed and Breakfast
info@elyhotel.it,,,Hotel Ely
hotelcilene@gmail.com,,,Hotel Cilene
info@hotelstelladelmare.net,,,Hotel Stella del Mare
info@residencecolomboviareggio.it,,,Residence Colombo Viareggio
info@hotelstelladitalia.info,,,Hotel Stella d'Italia
info@hotelalbachiara.it,,,Hotel Albachiara
nom@domaine.com,,,Mercure Viareggio
nombre@dominio.com,,,Mercure Viareggio
naam@domein.com,,,Mercure Viareggio
hotelquirina@gmail.com,,,Hotel Quirina di Berti Claudio
info@chalettoscane.nl,,,www.chalettoscane.nl
info@agriturismoilchiuso.it,,,AGRITURISMO IL CHIUSO
murray64@bigpond.net.au,,,Vecciano
theapartmentkirbysbeach@gmail.com,,,Vecciano
info@somma-villa.com,,,SommaVilla B&B
info@leduevolpi.it,,,Le Due Volpi
info@fattoriairicci.it,,,Agriresort & Spa Fattoria I Ricci
info@casatorta.eu,,,CASATORTA B&B
mxdreier@gmail.com,,,CASATORTA B&B
info@ilmugellobb.it,,,Il Mugello B&B
info@montelleri.com,,,Residenza di Campagna Montelleri
operatorecis@hotmail.it,,,Residenza di Campagna Montelleri
info@bedandbreakfastmugello.com,,,Bed and Breakfast Mugello
info@villasanmichelebnb.com,,,Villa San Michele Bed and Breakfast
info@trovaretuscany.it,,,Trovare Tuscany (Villa Lenzi B&B)
debbie.natoli@helloworld.co.nz,,,Trovare Tuscany (Villa Lenzi B&B)
lisa@wishfulfillment.com.au,,,Trovare Tuscany (Villa Lenzi B&B)
info@villamorosa.com,,,B&B Villamorosa
arivellinivicopisano@virgilio.it,,,B&B Arivellini
info@hotelcapriolo.it,,,Hotel Capriolo
lapiazzetta.vidi@icloud.com,,,Hotel La Piazzetta
info@hotelcornoallescale.com,,,Hotel Corno alle Scale
info@albergovillasvizzera.eu,,,Albergo Villa Svizzera
hotelvalcarlina@gmail.com,,,Hotel Val Carlina
valcarlina@libero.it,,,Hotel Val Carlina
info@villadisotto.it,,,Villa Di Sotto
direzione@villadisotto.it,,,Villa Di Sotto
info@albergopanoramico.it,,,Hotel Panoramic Restaurant
giancarlobar@hotmail.com,,,Hotel Panoramic Restaurant
info@ilgolfarone.it,,,Il Golfarone
info@leboccede.it,,,Le Boccede Country House
info@sanfedelealloggi.it,,,Agriturismo San Fedele
sanfedelealloggi@virgilio.it,,,Agriturismo San Fedele
info@poderemonteselunigiana.it,,,Podere Montese
poderemontese@libero.it,,,Podere Montese
massydonati@libero.it,,,Gredo
press@bed-and-breakfast.it,,,Casa dolce casa
privacy@bed-and-breakfast.it,,,Casa dolce casa
info@bed-and-breakfast.it,,,Casa dolce casa
info@albergomanganelli.com,,,Albergo Manganelli
albergomanganelli@lunigiana.net,,,Albergo Manganelli
info@happy.rentals,,,La Palazzina
bellavallerrooms@gmail.com,,,BELLAVALLE ROOMS VINCI
bellavallerooms@gmail.com,,,BELLAVALLE ROOMS VINCI
info@winemonnacaterina.it,,,Monna Caterina Wine Resort
info@villedeimedici.it,,,Ville dei Medici - Fattoria de' Medici Resort
info@borgobeneventi.com,,,Borgo Beneventi B&B Vinci
info@casinadimanon.it,,,La Casina di Manon
info@museoleonardiano.it,,,La Casina di Manon
cantinelarco@gmail.com,,,Agriturismo Il Principino
info@ilpiastrino.it,,,B&B La vigna di Leonardo
info@villadianella.it,,,Villa Dianella
info@animadivinci.it,,,Anima di Vinci B&B
hotelviticcio@gmail.com,,,"Hotel Viticcio, Elba Island"
info@agriturismosantagiuditta.it,,,Agriturismo Santa Giuditta
villasantanastasio@yahoo.com,,,VILLA SANT'ANASTASIO Luxury Agriturismo
info@molinodera.com,,,Hotel Molino D'Era
info@borgodellasperanza.it,,,Borgo della Speranza
info@albergodiffusovolterra.com,,,Albergo Diffuso Volterra - Holiday Different
info@affittacamere-laprimavera.com,,,Bed and Breakfast la Primavera
info@chiostrodellemonache.com,,,Cloister of Monache Hostel Volterra
info@locandailboschetto.com,,,Locanda Il Boschetto
info@casedepocavolterra.com,,,Villa Mascagni
iinfo@ilpalagetto.com,,,Agrihotel il Palagetto
info@ilpalagetto.com,,,Agrihotel il Palagetto
info@podere-sanlorenzo.com,,,PODERE SAN LORENZO - BOUTIQUE FARMSTAY
incantosulpoggio@gmail.com,,,In Canto Sul Poggio
booking@ilsognodiannalisa.it,,,Il Sogno di Annalisa - IL NIDO - IN FAMIGLIA
info@foresteriavolterra.com,,,Hotel Foresteria Volterra
gerencia@hotelitalian.com,,,Podere Pian Dei Gelsi
reserva@hotelitalian.com,,,Podere Pian Dei Gelsi
reserva@hotelitalian.com.br,,,Podere Pian Dei Gelsi
info@borgogatteraia.com,,,Borgo Gatteraia
info@agriturismosantantonio.com,,,Sant'Antonio
davide.bonanni@borgopignano.com,,,Borgo Pignano
reservations@borgopignano.com,,,Borgo Pignano
info@borgopignano.com,,,Borgo Pignano
info@casallolmo.it,,,Agriturismo Casa all'Olmo
reservations@allegroitalia.it,,,Allegroitalia Nazionale Volterra
infoetna@allegroitalia.it,,,Allegroitalia Nazionale Volterra
info@hotelvolterrain.it,,,Volterra In
info@smyhotels.com,,,Smy Civico Zero
info.arearoma@smyhotels.com,,,Smy Civico Zero
info.koflerhof@smyhotels.com,,,Smy Civico Zero
artgallerybb@gmail.com,,,Art Gallery Bed & Breakfast
albergomodernolucca2021@gmail.com,,,Il Rio di Vorno
angiolina@elbalink.it,,,Appartamenti da Angiolina
info@lefigarole.it,,,Le Figarole Pescarino
info@zumzeri.eu,,,Zum Zeri
andrea.casini4@gmail.com,,,Residence Playa
info@hotelrubensrimini.com,,,Hotel Rubens
consuelo@castellodimonterado.it,,,Castello di Monterado
info@bebmarche.it,,,B&B Girovagando
info@albergopiceno.it,,,Albergo Piceno
info@hotelholiday.it,,,Hotel Holiday
maria.rasicci@libero.it,,,Hotel Holiday
direzione@hoteldeimarsi.it,,,Hotel dei Marsi
info@hotelamorocchi.it,,,Hotel Amorocchi
info@hoteltaormina.it,,,hotel taormina
info@hotelvillaimmacolata.it,,,park hotel villa immacolata
info@vecchiogelso.com,,,agriturismo vecchio gelso
info@masseriacordadilana.it,,,Masseria Corda di Lana
booking@sanremoroma.com,,,Hotel San Remo
info@hotel33baroni.it,,,Hotel 33 Baroni
cjessj@virgilio.it,,,Sea Lion Hotel
refused1@libero.it,,,Sea Lion Hotel
beatrice.uva@tiscali.it,,,OasiClub Hotel
dario.polimeno@hotmail.it,,,Hotel Palazzo Papaleo
info@domuslaetitiae.it,,,Albergo Domus Laetitiae
info@hotelpina.it,,,hotel pina
info@hotelpalace.net,,,Hotel Palace
arcomagnohotel@gmail.com,,,Arcomagno Village Htl Club
info@parkhotelalcione.com,,,Park Hotel Alcione
info@hotelclipper.it,,,Hotel Clipper
info@hotelhawaiiriccione.com,,,hotel hawaii
duca.massi@gmail.com,,,La Cantina di Ale
info@hotel2torri.com,,,Hotel Club Due Torri
garganomizarhotel@gmail.com,,,Hotel Mizar
info@oleandriresort.com,,,Oleandri Resort
info@albergointernazionale.it,,,Grande Albergo Internazionale
caputov@yahoo.it,,,Terreamare Agriturismo
info@smeraldosuitehotel.com,,,Smeraldo Suites & SPA
info@cristalhotel.it,,,Hotel Cristal
info@glicinihotel.com,,,Hotel Villa Glicini
info@masseriabosco.it,,,masseria bosco
miletto@campitello.com,,,Hotel Miletto
info@hotel-pineta.it,,,Hotel Pineta
info@residencebizzoni.it,,,Residence Bizzoni
gian61963@libero.it,,,hotel principe
chiara@residencestar.com,,,Hotel Residence Star
info@agriturismocostarella.it,,,Agriturismo Costarella
acelentano@ghtiberio.com,,,Grand Hotel Tiberio
mauriziadalessandro@virgilio.it,,,Anna Giardinelli & C. snc
info@hotelcapital.it,,,Hotel Capital
info@greengardencamping.it,,,Green Garden Camping Village
martiprov@gmail.com,,,Hotel Prisma
direzione@hotelprismagallipoli.it,,,Hotel Prisma
mrfccc@gmail.com,,,Torretta ai Sassi Room & Breakfast
hotelcecil@hotmail.com,,,Hotel Cecil
info@domusdomas.com,,,Affittacamere Domus Domas
giovannibattista.montino@gmail.com,,,"Casa Vacanza ""Casa Michelangelo"""
annacampis@hotmail.it,,,NYCE Club Sunbeach Resort
info@palacehotelvieste.it,,,Palace Hotel Vieste
info@correra.it,,,Hotel Correra 241
info@sangiorgiohotel.biz,,,Hotel San Giorgio
direzione@villafraulo.com,,,Hotel Villa Fraulo
gio@ilgattopardo.com,,,Il Gattopardo Hotel Terme & Beauty Farm
luca.campagnoli@hotelperlaverde.it,,,Hotel Perla Verde & Hotel Trionfal
info@magnificohotel.it,,,Magnifico Inn
amministrazione@palazzotasso.com,,,Palazzo Tasso
info@martinaguesthouse.com,,,Martina House
vicios71@yahoo.it,,,Hotel Marsala
stefaniapetraroli@yahoo.it,,,Yolanda Apartment Roma
tomscottoit@yahoo.it,,,Inn Bracciano Suite
oliver.hasler@gmail.com,,,Hotel Antares - Selva di Val Gardena (BZ)
giorgia.borgogno@yahoo.it,,,Hotel Antares - Selva di Val Gardena (BZ)
juan.montanari@acmweb.it,,,Residenze Argileto
info@sorrentocoasthotel.com,,,Crowne Plaza Stabiae Sorrento Coast
info@hotelpalazzopapaleo.com,,,Hotel Palazzo Papaleo
info@leschambresdor.com,,,Les Chambres d'Or
wilmamarini@hotmail.it,,,Palazzo Guiderocchi
info@happycamping.net,,,Happy Village & Camping
info@hotelolimpico.it,,,Hotel Olimpico
carmencita@capri.it,,,Hotel Carmencita
info@hotelariccione.biz,,,Hotel Sant'Angelo
marketing@relaisdellarovere.it,,,relais della rovere
romina@tesoretto.org,,,hotel tesoretto
micholdantoni@gmail.com,,,GR Hotels
salace@libero.it,,,Hotel Sisto V
info@hotelmarebelloabruzzo.it,,,Hotel Marebello
info@palacehotelbari.it,,,Palace Hotel Bari
katia@centrovacanzepoker.it,,,centro vacanze poker
