Id1,Id2,Ragione Sociale,Indirizzo,CAP,Città,Prov,Telefono,Fax,E-mail
370495,19224,Castello di Gabbiano,Via Gabbiano 22,50024,San Casciano In Val di Pesa,FI,055 821053,,accommodations@castellogabbiano.it
337160,16614,Maison Perriere,Fr. Perriere N 105,11027,Saint Vincent,AO,0166 512862 ,,ada@perriere.it
87636,6512,Grand Hotel Admiral Palace,Viale Umbria 2,53042,Chianciano Terme,SI,,,admiral@albanesihotels.com
350858,17547,Agriturismo La Campagnola,Via Al Piano 22,23020,Gordona,SO,0343 21001 ,,agriturismo@lacampagnola.info
321611,15559,Agriturismo Le Agavi,Via Del Mare 45,84070,San Mauro Cilento,SA,,,agriturismoleagavi@virgilio.it
386878,20478,Villaggio Los Nidos,Via Sabbiadoro 1 Sabbiadoro,33054,Lignano Sabbiadoro,UD,,,albatros@lignano.it
387184,20498,Hotel Admiral,Via Dei Devoto 89,16033,Lavagna,GE,0185 306072,,albergoadmiral@libero.it
402604,21722,Hotel Villa Elle,Via S. Erasmo 10,17025,Loano,SV,019 666044 ,,albergovillaelle@yahoo.it
81630,3533,Alla Giudecca,Via Alagona 52 Ortigia,96100,Siracusa,SR,,,allagiudecca@hotmail.com
309983,14592,Hotel Ristorante Alpino,Via G. Pascoli 41,55051,Barga,LU,0583 723336,,alpino@bargaholiday.com
83142,4110,Hotel Antica Torre,Via di Fieravecchia 7,53100,Siena,SI,0577 222255 ,,anticatorre@email.it
351577,17613,Agriturismo Ai Tre Fienili,Strada Monzambano 61,46040,Ponti Sul Mincio,MN,0376 809626 ,,antotreccani@alice.it
393502,20957,Agriturismo Verger Plein Soleil,Fraz. Jacquemin 5,11010,Saint Pierre,AO,0165 903366 ,,appartamentilorena@gmail.com
382181,20056,Hotel Archimede,Ponte di Casalino 68,50066,Reggello,FI,055 8667500,,archimede@val.it
363428,18622,B&b Angelini,Via Tofanelli 151,55100,Lucca,LU,,,ariannacannoletta@virgilio.it
81983,3826,Astoria,Viale Fedeli 1,51016,Montecatini Terme,PT,0572 71191,,astoria@taddeihotels.com
14402,607,Hotel Baia Delle Sirene,Via Nazionale 163,98039,Taormina,ME,0942 628843 ,,baia.sirene@tiscali.it
85910,6118,Baia D'argento,Loc. Pozzarello,58019,Monte Argentario,GR,,,baiadargento@baiadargento.com
414954,22358,Hotel Bellavista,Loc. Fossaz Dessous 30,11010,Saint Nicolas,AO,0165 908805 ,,bellav59@albergobellavistaao.191.it
251686,10517,Hotel Bellavista,Largo Fratelli Alinari 15,50123,Firenze,FI,055 284528,,bellavistahotel@hotmail.com
41866,1822,Hotel Bernina,Via Roma 24,23037,Tirano,SO,0342 701302,0342 701430 ,bernina@saintjane.it
80665,2759,Hotel Bernini Palace,Piazza San Firenze 29,50122,Firenze,FI,,,bernini.firenze@baglionihotels.com
471400,26002,Residence Costa Templada,Passeggiata Marconi 16,18039,Ventimiglia,IM,0184 33433,,berrovincenzo@fastwebnet.it
80417,2573,Best Western Hotel Biasutti,Via E. Dandolo 29,30126,Venezia,VE,,,biasutti.ve@bestwestern.it
187015,8554,Residence Blumental,V. Deffeyes 1,11025,Gressoney Saint Jean,AO,0125 355443,0125 355394 ,blumental@libero.it
187390,8724,Abitalia Tower Plaza,Via Caduti Del Lavoro 46,56122,Pisa,PI,050 7846444,050 7846445 ,booking@abitaliatowerplaza.com
83780,4571,Castellaro Golf Resort,Strada Per I Piani 1,18011,Castellaro,IM,0184 054100,,booking@castellarogolf.it
88091,6724,Embassy Hotel,Via Jacopo Da Diacceto 8 Santa Maria Novella,50123,Firenze,FI,,,booking@embassyhotel.it
284953,12459,Hotel Europa,Via Dante 41,19015,Levanto,SP,0187 808126,0187 808594 ,booking@europalevanto.com
439626,23949,Castello Banfi - Il Borgo,Poggio Alle Mura,53024,Montalcino,SI,0577 877700 ,,borgo@castellobanfi.it
259566,10967,Hotel Calinferno,Via Giulio Cesare 41,31013,Codognè,TV,0438 791050,0438 791961 ,calinferno@hotelcalinferno.it
243085,9877,Residence Capo San Marco & Renella,Contrada San Marco,92019,Sciacca,AG,,,caposanmarcorenella@libero.it
89786,7657,Best Western Hotel Carlo Felice,Via Carlo Felice 50,07100,Sassari,SS,,,carlofelice@tiscali.it
335038,16489,Centrohotel,Piazza Eroi Della Libertà  10,18012,Bordighera,IM,,,centrohotel@libero.it
86977,6405,Hotel Certosa di Maggiano,Strada di Certosa 82,53100,Siena,SI,,,certosa@relaischateaux.com
257054,10867,Chalet Eden,Frazione Villaret 74,11016,La Thuile,AO,0165 883728,,chaleteden@lathuile.it
270418,11430,Chalet Plan Gorret,Str.plan Gorret 45,11013,Courmayeur,AO,0165 841988 ,,chaletplangorret@libero.it
461012,25249,Hotel Chateau Blanc,Frazione Entreves 39,11016,La Thuile,AO,0165 885341,0165 885343 ,chateaublanc@lathuile.it
336769,16595,Residenza Johanna Ii,Via Cinque Giornate 12,50129,Firenze,FI,,,cinquegiornate@johanna.it
439911,23971,Agriturismo Cioccoleta,Loc. Bardano 34,05018,Orvieto,TR,,,cioccoleta@cioccoleta.it
81471,3405,Best Western City Hotel,Via San Sebastiano 6,16123,Genova,GE,010 4222363,,city.ge@bestwestern.it
86894,6345,Hotel La Collegiata,Loc. Strada Nr. 27,53037,San Gimignano,SI,0577 943201 ,,collegiata@relaischateaux.com
80407,2567,Art Hotel Commercianti,Via De Pignattari 11,40124,Bologna,BO,051 74575,,commercianti@inbo.it
89938,7749,Hotel Concordia,Via Plan 114,23030,Livigno,SO,0345 65290,0345 65584 ,concordia@lungolivigno.com
325093,15868,Hotel Del Golfo,Via Miramare 19,17053,Laigueglia,SV,0182 499970 ,,contact@hoteldelgolfo.info
84950,5465,Hotel Corallo,Via Crispi 32,19124,La Spezia,SP,,,corallohotel@libero.it
255797,10790,Hotel Corso,Corso Cavallotti 194,18038,San Remo,IM,0184 509911 ,,corsohotelsanremo@virgilio.it
268733,11361,Agriturismo Corte di Valle,Via Vicchio 28,50022,Greve In Chianti,FI,055 853939,,cortedivalle@cortedivalle.it
398923,21428,B&b Lo Talapan,Frazione Rovarey 30,11020,Nus,AO,,,cristianacrea@libero.it
252988,10637,Hotel Villa Villoresi,Via Carlo Ciampi 2,50019,Sesto Fiorentino,FI,055 443212,055 442063 ,cvillor@tin.it
80180,2405,Relais Della Rovere,Via Piemonte 10 Loc. La Badia,53034,Colle di Val D'elsa,SI,,,dellarovere@chiantiturismo.it
353151,17742,Castello di Fulignano,Località  Casaglia,53037,San Gimignano,SI,,,direzione@castellodifulignano.it
83885,4654,Imperiale Palace Hotel,Pagana 19,16038,Santa Margherita Ligure,GE,0185 288991 ,,direzione@hotelimperiale.com
81634,3537,Hotel Nella,Via Genova 591,19134,La Spezia,SP,,,direzione@hotelnella.com
281603,12185,Hotel Parigi,Lungomare Argentina 16/18,18012,Bordighera,IM,0184 261405 ,,direzione@hotelparigi.com
83881,4650,Sheraton Genova Hotel,Via Pionieri ed Aviatori D'italia 44,16154,Genova,GE,,,direzione@sheratongenova.com
80804,2866,Hotel Panama,Via Xx Settembre 80,50129,Firenze,FI,055 4620236,,dondamiane@hotmail.com
81002,3020,Hotel Elite,Via Mariano Stabile 136,90139,Palermo,PA,091 329318,,elitehotel@tin.it
85219,5592,Euro Hotel,Viale Trieste 44,08100,Nuoro,NU,0784 34071,,eurohotel.nu@gmail.com
85321,5669,Hotel Paradiso,Via Roccasterone 12,18038,San Remo,IM,,,f.gaiani@paradisohotel.it
244964,9988,Relais Fattoria Valle,Via Case Sparse 56,50022,Greve In Chianti,FI,,,fattoriavalle@fattoriavalle.com
84549,5144,Hotel Villa Tavolese,Via Tavolese 221,00187,Barberino Val D'elsa,FI,,,fernando@toscanaitaly.com
469122,25894,Hotel Fertilia,S.s.s.maria La Palma N. 13,07041,Alghero,SS,079 930098,,fertilia@algheronet.it
383944,20219,Residence Fever,Via Rezia 230,39046,Ortisei,BZ,0471 796234 ,,fever@valgardena.it
236983,9359,Hotel Fiorino,Via Osteria Del Guanto 6,50122,Firenze,FI,055 210579,,fiorinohotel@tin.it
301061,13774,B&b La Pineta,Via Bacaredda 81,09017,Sant'antìoco,CI,,,fontan.mar@tiscali.it
293307,13108,B&b La Villetta,Via Privata Chiasso 4 Certosa,20155,Milano,MI,,,francesco.anastasio@fastwebnet.it
186205,8219,Free Beach Club,Via Ichnusa Monte Nai,09040,Muravera,CA,,,freebeach.club@libero.it
13955,502,Hotel Il Gabbiano,Via G. Garibaldi 97,07041,Alghero,SS,,,gabbiano@hotelilgabbianoalghero.it
280826,12115,Hotel Genzianella,Viale Roma 85,48015,Cervia,RA,0544 970442,0544 972913 ,genzianella@emmehotels.com
85738,5998,Villa La Cappella,Via Lucardese 175,50025,Montespertoli,FI,,,glicine@leonet.it
459963,25172,Agriturismo Gli Etruschi,Loc Rinsacca 11 Baratti,57022,Piombino,LI,,,glietruschi@glietruschi.it
48590,2195,Hotel Mentana,Via Morigi 2 Milan City Centre,20123,Milano,MI,,,h.mentanami@tiscali.it
81442,3382,Cerretani Firenze,Via De' Cerretani 10,50123,Firenze,FI,,,h1539@accor.com
81488,3418,Novotel Firenze Nord Aeroporto,Via Tevere 23,50019,Sesto Fiorentino,FI,055 308338,,h1798-re@accor.com
84495,5098,Hotel Hannover,Piazza 26 Maggio 10,34073,Grado,GO,0431 82264,0431 82141 ,hannover@wavenet.it
13859,473,Hotel Della Baia,Via Lungomare 111,19025,Portovenere,SP,,,hbaia@baiahotel.com
81940,3792,Hotel Bonifacio,Via Bonifacio Lupi 21,50129,Firenze,FI,055 4627133,055 4627132 ,hbf.florence@hotelbonifacio.it
398329,21384,Hotel Bianca Maria,Via Genova 2,17019,Varazze,SV,019 931023 ,,hbm@libero.it
13605,376,Hotel Byron,Via Biaggini 19,19032,Lerici,SP,,,hbyron@cdh.it
241466,9748,Hotel Delfino,Via Roma 136,17053,Laigueglia,SV,0182 690036,,hdelfino@onda.it
81018,3035,Hotel di Stefano,Via S. Apollonia 35,56127,Pisa,PI,050 553559,050 556038 ,hds@email.it
422469,22867,Appartamenti Godioz,Via Garin 1 Frazione Leverogne,11011,Arvier,AO,,,henrigodioz@tiscali.it
85686,5957,Best Western Hotel Major,Viale Isonzo 2 Porta Romana,20135,Milano,MI,,,hmajor@tin.it
187193,8612,Hotel Medusa,Lungomare di Via Concezione,17024,Finale Ligure,SV,019 692545,019 695979 ,hmedusa@ivg.it
81014,3031,Hotel Alba,Via Della Scala 22 Santa Maria Novella,50123,Firenze,FI,,,hotel.alba@firenzealbergo.it
273580,11629,Hotel Italia,Via Ghibellina 5/7,52044,Cortona,AR,0575 605763,0575 630254 ,hotel.italia@technet.it
87655,6519,Hotel Nuova Italia,Via Faenza 26,50123,Firenze,FI,055 287508,,hotel.nuova.italia@dada.it
238681,9525,Ponte Romano,P.zza Iv Novembre 14,11026,Pont Saint Martin,AO,0125 804821 ,,hotel.ponteromano@libero.it
86907,6356,Hotel Villa Belvedere,Via Dante 14,53037,San Gimignano,SI,0577 940539,0577 940327 ,hotel.villa.belvedere@tin.it
326310,15949,Albergo - Ristorante Agnello D'oro,Via Gombito 22 Bergamo Alta,24129,Bergamo,BG,,,hotel@agnellodoro.it
356176,18018,Diana Grand Hotel,Via G. Garibaldi 110,17021,Alassio,SV,0182 642701 ,,hotel@dianagh.it
245008,9994,Grande Albergo Roma,Via Cittadella 14,29100,Piacenza,PC,0523 323201,0523 330548 ,hotel@grandealbergoroma.it
28592,1752,Hotel Laghetto,Via Trois Villages 291,11022,Brusson,AO,,,hotel@hotellaghetto.it
89172,7277,Hotel San Giuan,Via G.m. Angioy 2,07041,Alghero,SS,079 951073,,hotel@hotelsangiuan.it
248194,10259,La Madonnina Del Gran Paradiso,Via Laydetrè 7,11012,Cogne,AO,0165 74078,,hotel@lamadonnina.com
83861,4634,Monna Lisa,Borgo Pinti 27,50121,Firenze,FI,055 2479751,055 2479755 ,hotel@monnalisa.it
13498,336,Hotel Nazionale,Via Jacopo Da Levanto 20,19015,Levanto,SP,0187 808102 ,,hotel@nazionale.it
83190,4145,Hotel Sa Contonera,Viale Arbatax 148,08048,Tortolì,OG,0782 665021 ,,hotel@sacontonera.it
80371,2541,Hotel Villa Undulna,Viale Marina 191,54038,Montignoso,MS,0585 807788,,hotel@villaundulna.com
174503,7968,Hotel Due Colonne,Via Sardegna 4,09124,Cagliari,CA,,,hotel2colonne@libero.it
448124,24493,Hotel Al Caminetto,Via Roma 30,11028,Valtournenche,AO,0166 92150 ,,hotelalcaminetto@libero.it
327037,16009,Hotel Alpechiara,Strada Monte Bianco 20,11010,Prè Saint Didier,AO,,,hotelalpechiara@13maggio.com
245179,10009,Hotel Ariston,Via Villagrande 16,17019,Varazze,SV,,,hotelariston@libero.it
318854,15292,Hotel Barone,Via Xx Settembre 2/23,16121,Genova,GE,,,hotelbarone@yahoo.it
400546,21561,Hotel Bellevue,Frazione La Ressaz 3,11010,Gignod,AO,0165 56392,0165 256198 ,hotelbellevuegignod@tiscali.it
443587,24220,Hotel Bijou,Piazza Carrel 4,11028,Valtournenche,AO,0166 92109,0166 92264 ,hotelbijou@tiscali.it
376817,19702,Hotel Bologna,Piazza Superiore Del Roso 3,16121,Genova,GE,,,hotelbologna-ge@libero.it
190678,8918,Hotel California,Via Ricasoli 28-30,50122,Firenze,FI,055 282753 ,,hotelcalifornia@inwind.it
349623,17450,Castelfranco Hotel,Via Visconti 6,41013,Castelfranco Emilia,MO,059 925252,059 925178 ,hotelcastelfranco@tiscali.it
89787,7658,Hotel Cavour,Via Cavour N. 22,07026,Olbia,OT,0789 204033,0789 201096 ,hotelcavour@tiscali.it
229210,9123,Hotel Citti,Viale Costa Smeralda 197,07021,Arzachena,OT,,,hotelcitti@katamail.com
372577,19410,Hotel Cristina,Via Bolognini 39,38086,Pinzolo,TN,0465 222122,,hotelcristina@pinzolo.it
83435,4319,Hotel Dante,Via San Cristofano 2,50122,Firenze,FI,055 241772 ,,hoteldante@hotel-dante.it
281588,12182,Hotel Dolonne,Via Della Vittoria 62,11013,Courmayeur,AO,0165 846674 ,,hoteldolonne@tiscalinet.it
369823,19143,Hotel Eden Srl,Corso Solaro 4,18038,San Remo,IM,0184 661701,,hoteleden@sistel.it
174518,7977,Hotel Elvia Snc,Via Miramare 2 Sabbiadoro,33054,Lignano Sabbiadoro,UD,,,hotelelvia@lignano.it
245497,10029,Hotel Eugenio,Via Pontano 40 Ischia Porto,80077,Ischia,NA,,,hotel-eugenio@libero.it
16303,847,Firenze,Corso Regina Margherita 97,18014,Ospedaletti,IM,,,hotelfirenze@azurline.com
21598,1348,Hotel Giotto,Via Del Giglio 13,50123,Firenze,FI,,,hotelgiotto@tin.it
324174,15797,Hotel Lamberti,Via Gramsci 57,17021,Alassio,SV,0182 642438,,hotellamberti@libero.it
249092,10317,Hotel La Villa,Via Regina Ponente 21,22015,Gravedona,CO,0344 89017,0344 89027 ,hotellavilla@tiscali.it
80747,2818,Hotel Minerva,Piazza Giuseppe Toniolo 20,56125,Pisa,PI,,,hotelminerva@pisaonline.it
247208,10163,Hotel Nuovo Miralago,Via Pescallo 19,22021,Bellagio,CO,031 951294,,hotelmiralago.bellagio@tin.it
310945,14643,Hotel Montallegro,Via Al Santuario di Montallegro 22,16035,Rapallo,GE,0185 50268,,hotelmontallegro@gmail.com
14325,584,Hotel Nibaru,Loc. Cala di Volpe,07021,Arzachena,OT,0789 96038,0789 96474 ,hotelnibaru@tiscali.it
326663,15982,Hotel Notre Maison,Fraz Vetan Villette 4,11010,Saint Pierre,AO,0165 908960,0165 908978 ,hotelnotremaison@tiscalinet.it
289587,12787,Hotel San Carlo,Via Friuli 41,20031,Cesano Maderno,MI,0362 541254,,hotelsancarlo@hotmail.it
418758,22658,Hotel Scoti,Via Tornabuoni 7 Tornabuoni,50123,Firenze,FI,,,hotelscoti@hotmail.com
83697,4509,Hotel Silla,Via De' Renai 5 Palazzo Pitti,50125,Firenze,FI,,,hotelsilla@hotelsilla.it
293859,13123,Hotel Stella 2000,Viale Aldo Moro 70,07026,Olbia,OT,0789 51412,,hotelstella2000@tiscali.it
88823,7081,Hotel Stella Del Nord,Strada Della Vittoria 2,11013,Courmayeur,AO,,,hotelstelladelnord@tiscalinet.it
221959,9082,Su Giganti,Localita' Campus S.p. 17,09049,Villasimius,CA,,,hotelsugiganti@tiscali.it
80447,2592,Hotel Villa Paradiso Dell'etna,Via Per Viagrande 37,95030,San Giovanni La Punta,CT,,,hotelvilla@paradisoetna.it
241300,9723,Hotel Villa Kinzica - Pisa,P.zza Dell'arcivescovado 2,56126,Pisa,PI,,,hotelvillakinzica@pisaonline.it
250592,10419,Hotel Villa Nefele,Via Vulcano 2,98030,Giardini Naxos,ME,,,hotelvillanefele@tiscali.it
294875,13208,Hotel Roma,Via Torino 7,11100,Aosta,AO,,,hroma@libero.it
84069,4799,Hotel Saint Nicolas,Fossaz Dessous 4,11010,Saint Nicolas,AO,0165 908927 ,,hsn@libero.it
409739,22036,Hotel Stella Marina,Via Garibaldi 48 In Frazione San Terenzo,19032,Lerici,SP,0187 970355,,hstellamarina@libero.it
23095,1434,Hotel Flora,Via Napo Torriani 23 Stazione Centrale,20124,Milano,MI,,,htlflorami@tiscalinet.it
296425,13349,Hotel Roma,Via San Francesco D'assisi 43,57025,Piombino,LI,,,htroma@tiscalinet.it
322157,15612,Agriturismo I Pipetta,Località  Legnaro,19015,Levanto,SP,,,i_pipetta@hotmail.com
272489,11569,Casa Vacanze Il Chiostro,Via Del Crocifisso 14,57028,Suvereto,LI,0565 827067 ,,ilchiostro@valdicornia.it
332086,16290,Agriturismo Il Frantoio,Via San Sebastiano 10,19015,Levanto,SP,0187 802568 ,,ilfrantoio@libero.it
87581,6480,Il Respiro Del Tempo,Via Don Peluffo 8,17047,Quiliano,SV,,,ilrespirodeltempo@libero.it
84882,5410,Il Vicario,Loc San Andrea 1,53037,San Gimignano,SI,0577 941599 ,,ilvicario@cheapnet.it
83102,4078,Hotel Albani Firenze,Via Fiume 12,50123,Firenze,FI,055 26030,,info.flo@albanihotels.com
84005,4751,Mariano Iv Palace Hotel,Piazza Mariano 50,09170,Oristano,OR,0783 360101 ,,info.m4ph@isarose.net
240461,9671,Acquaviva Park Hotel,Località  Acquaviva,57037,Portoferraio,LI,0565 915392,,info@acquavivaparkhotel.com
87813,6618,Agriturismo Bellavista,Via Montelfi 1,50064,Incisa In Val D'arno,FI,055 8335143 ,,info@agriturismobellavista.com
364344,18703,Agriturismo Bellavista,Via Castelfiorentino 7,56028,San Miniato,PI,0571 464737,,info@agriturismobellavista.it
357172,18099,Agriturismo Dondino,Strada Cavallara 4,46040,Cavriana,MN,0376 82232 ,,info@agriturismodondino.com
413312,22248,Agriturismo Grazia,Ss Aurelia 4/b,58015,Orbetello,GR,,,info@agriturismograzia.com
382741,20115,Agriturismo I Bonsi,Via Bonsi 47,50066,Reggello,FI,055 8652118 ,,info@agriturismoibonsi.it
346760,17229,Agriturismo Materno,Loc. Materno,53030,Radicondoli,SI,0577 679238 ,,info@agriturismomaterno.it
270138,11412,Agriturismo Ranza,Loc. Ranza,53037,San Gimignano,SI,,0577 347200 ,info@agriturismoranza.it
188438,8865,Albergo Alpenrose,Località Bielciuken 25,11025,Gressoney Saint Jean,AO,0125 355603 ,,info@albergoalpenrose.it
187265,8650,Albergo Al Ponte Antico,Via Aurelia 58,19020,Carrodano,SP,0187 893009 ,,info@albergoalponteantico.it
247388,10192,Albergo Ristorante Amici,Via Garibaldi 80,19028,Varese Ligure,SP,0187 840891,,info@albergoamici.com
384438,20283,Albergo Anita,Via Leonardo Da Vinci 220,17021,Alassio,SV,0182 640707,,info@albergoanita.it
346458,17206,Hotel Arianna,Via Como 2,16033,Lavagna,GE,,,info@albergoarianna.it
15680,765,Hotel Birillo,Via Dei Mille 11-13,19121,La Spezia,SP,0187 732666,0187 732677 ,info@albergobirillo.it
377608,19761,Hotel Del Castello,Fraz. Champerioux 5,11020,Montjovet,AO,0166 79144,,info@albergo-castello.com
82933,3945,Grand Hotel Cavour,Via Del Proconsolo 3,50122,Firenze,FI,,,info@albergocavour.it
84948,5463,Albergo Celide,Viale G. Giusti 25,55100,Lucca,LU,0583 464828,,info@albergocelide.it
82827,3867,Hotel Centrale,Via Della Zecca 2,40121,Bologna,BO,051 225114,051 235162 ,info@albergocentralebologna.it
235667,9185,Albergo Corte Antica,Corso Vittorio Emanuele 120,37069,Villafranca di Verona,VR,045 6305168 ,,info@albergocorteantica.it
413271,22239,Delfino,Via Bolivar 55,84059,Camerota,SA,,,info@albergodelfino.it
368989,19098,Hotel Edelweiss,Via G. Marconi 42,11013,Courmayeur,AO,0165 841590,,info@albergoedelweiss.it
368970,19095,Hotel Edelweiss,Avenue Du Mont Blanc 1/3,11010,Prè Saint Didier,AO,,,info@albergo-edelweiss.it
310895,14638,La Meridiana,Chateau Feuillet 17,11010,Saint Pierre,AO,0165 903626,0165 909863 ,info@albergomeridiana.it
22561,1396,Albergo Alla Posta,Piazza Oberdan 1,34122,Trieste,TS,040 365208 ,,info@albergopostatrieste.it
384810,20310,Albergo Al Carugio,Via Roma 100,19016,Monterosso Al Mare,SP,0187 817453,,info@alcarugio.it
84296,4960,Albergo Al Convento,Piazza Regina Margherita,19020,Vezzano Ligure,SP,0187 994444,0187 994447 ,info@alconvento.com
83789,4577,Hotel Alla Corte Degli Angeli,Via Degli Angeli 23,55100,Lucca,LU,0583 469204 ,,info@allacortedegliangeli.com
89159,7271,Albergo Al Terra di Mare,Loc. Gallona,19015,Levanto,SP,0187 807672 ,,info@alterradimare.it
48820,2208,Hotel Amerikan,Via Florin 77,23030,Livigno,SO,0342 992011,0342 992099 ,info@amerikan.it
172674,7835,Hotel Antica Badia,Via Pisana 33,56048,Volterra,PI,0588 81600 ,,info@anticabadia.it
83568,4412,Antica Dimora,Loc. San Donato,53037,San Gimignano,SI,0577 907199 ,,info@antica-dimora.it
253751,10665,Antica Dimora Firenze,Via San Gallo 72 Nero,50127,Firenze,FI,055 4627296,055 4634450 ,info@anticadimorafirenze.it
448384,24512,Antica Locanda Leonardo,Corso Magenta 78 Milan City Centre,20123,Milano,MI,,,info@anticalocandaleonardo.com
88406,6895,Antica Locanda Luigina,Via Aurelia 182,19020,Carrodano,SP,0187 893683 ,,info@anticalocandaluigina.it
316546,15131,Antica Porta Delle Cinque Terre,Piazza Marconi 31,19020,Pignone,SP,,,info@anticaporta.it
28248,1717,Antico Casale,Via Navonella 7,19038,Sarzana,SP,0187 622543 ,,info@anticocasalesarzana.com
83345,4253,Hotel L'antico Pozzo,San Matteo 87,53037,San Gimignano,SI,,,info@anticopozzo.com
84725,5284,Anusca Palace Hotel,Viale Terme 1058,40024,Castel San Pietro Terme,BO,051 948824,051 941499 ,info@anuscapalacehotel.it
383879,20202,Maison Colombot,Via Torre Del Lebbroso 3,11100,Aosta,AO,0165 232162,,info@aostacamere.eu
358426,18197,B&b Aria di Lago,Via Barro 2,25030,Paratico,BS,,,info@ariadilago.it
448829,24548,Arianna Hill House,Via Vecchiora 37/c,19133,La Spezia,SP,,,info@ariannahillhouse.it
80352,2528,Hotel Ariston,Largo Carrobbio 2 Milan City Centre,20123,Milano,MI,,,info@aristonhotel.com
322694,15663,Hotel Ariston,Viale Belvedere 56,38056,Levico Terme,TN,,,info@ariston-hotel.tn.it
84470,5080,Badia di Pomaio,Località  Pomaio 4 - Via Delle Conserve,52100,Arezzo,AR,0575 1784067,,info@badiadipomaio.it
382722,20110,B&b La Garde,Frazione Pesontze,11028,Valtournenche,AO,,,info@bblagarde.com
235040,9133,B&b Repubblica,P.zza Repubblica 2,50123,Firenze,FI,,,info@bbrepubblica.com
16684,933,Hotel Beau Sejour,Strada Nazionale Gran San Bernardo 3,11014,Etroubles,AO,0165 78210,,info@beausejour.it
340026,16793,B&b Catullo,Via Ca' Nova 12 Lugana,25019,Sirmione,BS,,,info@bebcatullo.it
85644,5926,Bellavista Impruneta,Via Della Croce 2,50023,Impruneta,FI,,,info@bellavistaimpruneta.it
248226,10263,Hotel Benvenuti,Via Cavour 112,50129,Firenze,FI,055 572141 ,,info@benvenutihotel.it
80411,2570,Hotel Boccaccio di Caporale Hotels Srl,Via Della Scala 59 Santa Maria Novella,50123,Firenze,FI,,,info@boccacciohotel.com
83321,4232,Borghese Palace Art Hotel,Via Ghibellina 174r,50123,Firenze,FI,055 284363,055 2302099 ,info@borghesepalace.it
45423,1990,Borgo Al Cerro,Loc.casanova Snc,53031,Casole D'elsa,SI,0577 949004,0577 949907 ,info@borgoalcerro.com
241153,9715,Borgo Casato,S.s. Chiantigiana 484 Sud 12,53019,Castelnuovo Berardenga,SI,0577 352002,,info@borgocasato.it
16322,856,Hotel Borgo Pretale,Loc. Pretale,53018,Sovicille,SI,0577 345401,,info@borgopretale.it
80327,2510,Borgo San Luigi,Via Della Cerreta 7,53030,Monteriggioni,SI,,,info@borgosanluigi.it
88117,6732,Agriturismo Borgo San Nicolao,Ss120 Km 190+200,95036,Randazzo,CT,095 924084 ,,info@borgosannicolao.it
275191,11715,Borgo Santinovo,Località  Santinovo,53034,Colle di Val D'elsa,SI,,,info@borgosantinovo.it
46653,2079,Hotel Bucaneve,Piazza Jumeaux 10,11021,Breuil Cervinia,AO,0166 949119,0166 948308 ,info@bucanevehotel.it
80928,2958,Villaggio Cala Mancina,Via Calamancina 12,91010,San Vito Lo Capo,TP,0923 621611,0923 621612 ,info@calamancina.it
89764,7640,Hotel Cala Reale,Loc. Ovile Del Mercante,07040,Stintino,SS,079 523127,,info@calareale.it
80373,2543,Hotel Calzaiuoli Srl,Via Calzaiuoli 6,50123,Firenze,FI,,,info@calzaiuoli.it
396182,21124,Camping Sirmione,Via Sirmioncino 9 Colombare,25010,Sirmione,BS,,,info@camping-sirmione.it
81606,3515,Albergo Cannon D'oro,Via Montanini 28,53100,Siena,SI,,,info@cannondoro.com
83859,4633,Hotel Carla,Martiri 28,19015,Levanto,SP,0187 808275 ,,info@carlahotel.com
85623,5911,Hotel Carlton,Arco Del Libeccio 39 Pineta,33054,Lignano Sabbiadoro,UD,,,info@carltonhotel.it
187835,8815,Casa Al Sole,Via Vittorio Veneto 82,50022,Greve In Chianti,FI,055 8546429,055 8544084 ,info@casaalsole.net
242091,9798,Casa Del Mar,Via Fratelli Kennedy 102,07041,Alghero,SS,,,info@casadelmaralghero.it
247378,10191,Casale Aronne,Strada Provinciale 49 Dellâ´accesa 37,58024,Massa Marittima,GR,,,info@casalearonne.it
13751,433,Il Casale Del Cotone,Loc. Il Cotone,53037,San Gimignano,SI,0577 943236 ,,info@casaledelcotone.com
17983,1127,Il Milione Country House,Via Casali Isola 9,33056,Palazzolo Dello Stella,UD,,,info@casaleilmilione.it
395320,21062,Il Casale Al Lavaggio,Via Lavaggio 17,54026,Mulazzo,MS,0187 850554,0187 851963 ,info@casalelavaggio.it
175729,8053,Casale Virgili,Strada Cassia Nord 55,53100,Siena,SI,0577 51652,,info@casalevirgili.it
379428,19866,A Casa Mastacchi,Via Camollia 52 (check-in Via Camollia 32),53100,Siena,SI,0577 223938 ,,info@casamastacchi.it
252599,10599,Casa Paolina,Piazza Xx Settembre 2,55100,Lucca,LU,0583 495823 ,,info@casapaolina.it
83554,4401,Hotel Casmona,Salita Pineto 13,16032,Camogli,GE,0185 770016,,info@casmona.com
376795,19698,Castello Canevaro,Via Duca Canevaro 7,16035,Zoagli,GE,0185 250015 ,,info@castellocanevaro.it
252821,10620,Castello di Tornano,Loc. Tornano,53013,Gaiole In Chianti,SI,0577 746067,,info@castelloditornano.it
284183,12408,Hotel Castello Miramare,Via Pegli 2,16156,Genova,GE,,,info@castellomiramare.it
13081,213,Castel Pietraio,Strada di Strove 33,53035,Monteriggioni,SI,0577 300020,0577 300977 ,info@castelpietraio.it
308138,14460,B&b Castiglias,Loc La Rucchetta 67,07041,Alghero,SS,,,info@castiglias.it
85172,5560,Albergo Cavalieri Del Mare,Viale Verdi 23,54039,Marina di Massa,MS,,,info@cavalieridelmare.net
173568,7912,Chalet Du Lys,Loc. Stafall 14,11020,Gressoney La Trinitè,AO,0125 366806,0125 366602 ,info@chaletdulys.it
356163,18016,Hotel Chalet Joli,Strada La Palud 32,11013,Courmayeur,AO,0165 869722,0165 89384 ,info@chaletjoli.com
270602,11436,Chalet Valdotain,Loc. Lago Blu 2,11021,Breuil Cervinia,AO,0166 949428,0166 948874 ,info@chaletvaldotain.it
397844,21324,Hotel Chalet Val Ferret,Località  Arnouva 1,11013,Courmayeur,AO,0165 844959 ,,info@chaletvalferret.com
84429,5053,Hostellerie Du Cheval Blanc,Via Clavalitè 20,11100,Aosta,AO,,,info@chevalblanc.it
84193,4887,Il Chiostro Del Carmine,Via Della Diana 4,53100,Siena,SI,0577 223885 ,,info@chiostrodelcarmine.com
250974,10458,B&b Cimatori,Via Dante Alighieri 14,50122,Firenze,FI,,,info@cimatori.it
438824,23905,Classic Hotel,Viale Machiavelli 25 Palazzo Pitti,50125,Firenze,FI,,,info@classichotel.it
89654,7575,Badia A Coltibuono,Loc. Badia A Coltibuono,53013,Gaiole In Chianti,SI,,,info@coltibuono.com
326294,15948,La Locanda di Valcasana,Località  Valcasana,06040,Scheggino,PG,0743 613430 ,,info@cooplincontro.it
81168,3156,Park Hotel Regina,Viale Umberto Iâ° 157,55022,Bagni di Lucca,LU,,,info@coronaregina.it
382220,20064,Agriturismo Corte Onida,Strada Onida 3,46049,Volta Mantovana,MN,0376 838137 ,,info@corteonida.it
275817,11758,I Nidi di Cortona,Via N.a. Casorbica 16,52044,Cortona,AR,0575 62249 ,,info@cortonanidi.it
12323,4,Hotel Sabrina,Via Roma 37,52044,Cortona,AR,0575 630397,0575 601392 ,info@cortonastorica.com
400823,21578,Costa D'orsola,Loc. Orsola,54027,Pontremoli,MS,,,info@costadorsola.it
330503,16139,Hotel Crampon,Via La Villette 8,11013,Courmayeur,AO,0165 842385,0165 841417 ,info@crampon.it
88372,6872,Cristall,Via Liguria 1,53034,Colle di Val D'elsa,SI,,,info@cristall-feri.com
237312,9398,Hotel Cristallo,Piazzale Gabriele D'annunzio 43,33100,Udine,UD,,,info@cristallohotel.com
27798,1676,Grand Hotel Croce di Malta,Viale Iv Novembre 18,51016,Montecatini Terme,PT,,,info@crocedimalta.com
400486,21552,Da O Vittorio,Via Roma 160,16036,Recco,GE,,,info@daovittorio.it
83868,4639,Hotel David,Viale Michelangelo 1 Piazzale Michelangelo,50125,Firenze,FI,,,info@davidhotel.com
323535,15733,Hotel Delfino,Viale Costa Smeralda 51,07021,Arzachena,OT,0789 81165,,info@delfinohotel.it
469767,25924,Lago Park Hotel,Via Bettega 12,38018,Molveno,TN,,,info@dolomitiparkhotel.com
387868,20569,Hotel Dora,Via Martiri Della Libertà  27,19015,Levanto,SP,0187 808168,0187 808007 ,info@dorahotel.it
381478,19990,Eco Del Mare,Località  Maramozza 4,19032,Lerici,SP,0187 968609 ,,info@ecodelmare.it
250951,10451,Eden Hotel,Via Villagrande 1,17019,Varazze,SV,019 932888 ,,info@edenhotelvarazze.191.it
44284,1920,Grand Hotel Elba International,Loc. Baia Della Fontanella,57031,Capoliveri,LI,,,info@elbainternational.it
468884,25882,Hotel Due Torri,Via Xxv Aprile 3,57036,Porto Azzurro,LI,0565 95132,0565 957797 ,info@elbaresidence.net
17859,1100,Hotel Eletto,Via Matteotti 44,18038,San Remo,IM,0184 531548 ,,info@elettohotel.it
306742,14352,Elios Rooms,Via Alessandro Manzoni 81,95124,Catania,CT,,,info@eliosrooms.it
271648,11505,Ellex Hotel,Loc. Tschaval N.6,11020,Gressoney La Trinitè,AO,0125 366637 ,,info@ellexhotel.it
49672,2274,Hotel Esperia,Piazza Della Libertà  2,20017,Rho,MI,,,info@esperia-hotel.it
289248,12739,Etoile Du Nord,Frazione Arensod 43,11010,Sarre,AO,0165 258219,,info@etoiledunord.it
12894,168,Euro Hotel Residence,Via Monza 27,20863,Concorezzo,MI,,,info@eurohotelresidence.it
83180,4138,Eurostars Toscana,Viale Europa 1135,55100,Lucca,LU,,,info@eurostarstoscana.com
27880,1687,Excelsior Planet,P.le Planet 1,11021,Breuil Cervinia,AO,,,info@excelsiorplanet.com
239167,9571,Fattoria di Corsignano,Loc. Corsignano Vagliagli,53010,Castelnuovo Berardenga,SI,0577 322545,0577 322407 ,info@fattoriadicorsignano.it
81585,3498,Fattoria Il Milione,Via di Giogoli 12/14 Galluzzo Certosa,50124,Firenze,FI,,,info@fattoriailmilione.it
83030,4021,Althea Rooms,Via Delle Caldaie 25 San Frediano,50125,Firenze,FI,,,info@florencealthea.it
85962,6162,Bed & Breakfast Fonte Dei Tufi,Strada Dei Tufi 61,53100,Siena,SI,,,info@fontedeitufi.com
340825,16832,Garden B&b,Via Gaetano Tortelli 9,52100,Arezzo,AR,,,info@gardenarezzo.it
81166,3154,Hotel Garden Spa,Via Custoza 2,53100,Siena,SI,,,info@gardenhotel.it
433688,23500,Hotel Giardino Delle Palme,Via Della Torre N.3 -campese,58012,Isola Del Giglio,GR,,,info@giardinolepalme.it
12914,173,Glamour Apartments,Different Locations In Milan City Centre Milan City Centre,20122,Milano,MI,,,info@glamourapartments.it
249690,10372,Hotel Molveno,Via Bettega 20,38018,Molveno,TN,,,info@grandhotelmolveno.it
89980,7774,Grand Hotel Nizza Et Suisse,Viale Verdi 72,51016,Montecatini Terme,PT,0572 79691 ,,info@grandhotelnizza.it
89748,7632,Grand Hotel Savoia,Via Arsenale di Terra 5,16126,Genova,GE,,,info@grandhotelsavoia.it
88671,6992,Fattoria Guicciardini,Viale Garibaldi 2/a,53037,San Gimignano,SI,0577 907185 ,,info@guicciardini.com
301094,13779,Hanbury Tennis Club,Via Michelangelo Buonaroti 12,17021,Alassio,SV,,,info@hanburytennisclub.it
336135,16550,Residence Foyer D'antan,Via Col Ranzola 145,11022,Brusson,AO,,,info@happy3.it
88626,6965,Hotel Comtes De Challant,Frazione Chez Sapin 95,11020,Fenis,AO,,,info@hcdc.it
451207,24712,Hotel Caprice Des Neiges,Fraz. Septumian 130,11020,Torgnon,AO,0166 541016 ,,info@hcdn.it
287197,12608,Hosquet Lodge,Via Planet 10,11021,Breuil Cervinia,AO,,,info@hosquetlodge.it
14362,590,Hostel Rodia,Viale Repubblica,09170,Oristano,OR,0783 251843,,info@hostelrodia.it
186572,8496,Hotel Abetaia,Località  Pian Del Momo,19015,Levanto,SP,,,info@hotelabetaia.it
82935,3947,Hotel Accademia,Via Faenza 7,50123,Firenze,FI,055 293451,055 219771 ,info@hotelaccademiafirenze.com
16485,874,Hotel Adelphi,Viale Gabriele D'annunzio 151,47838,Riccione,RN,,,info@hoteladelphi.it
261910,11083,Hotel Ad Gallias,Via Vittorio Emanuele 5/7,11020,Bard,AO,0125 809878,0125 834835 ,info@hoteladgallias.com
80511,2642,Adler Cavalieri,Via Della Scala 40 Santa Maria Novella,50123,Firenze,FI,,,info@hoteladlercavalieri.com
80782,2847,San Gallo Palace,Via Lorenzo Il Magnifico 2,50129,Firenze,FI,055 463871 ,,info@hoteladriatico.it
81027,3042,Hotel Agnello D'oro,Vico Delle Monachette 6,16126,Genova,GE,,,info@hotelagnellodoro.it
186269,8273,Hotel Aigle,Strada La Palud 5,11013,Courmayeur,AO,,,info@hotelaigle.it
365654,18808,Hotel Airone,Via Senese 35,58100,Grosseto,GR,0564 412441,0564 418370 ,info@hotelairone.eu
13327,288,Hotel Albatros,Via Aurelia 58,17029,Varigotti,SV,019 698039 ,,info@hotelalbatrosvarigotti.it
368595,19047,Hotel Alberta,Via Roma 159,55041,Camaiore,LU,0584 618097 ,,info@hotelalberta.it
14104,543,Hotel Al Cigno,Viale Europa 13-15 Sabbiadoro,33054,Lignano Sabbiadoro,UD,,,info@hotelalcigno.it
46342,2057,Hotel Aldini,Via Calzaiuoli 13,50122,Firenze,FI,,,info@hotelaldini.it
88673,6993,Hotel Alex Srl,Via Girolamo Gigli Nâ°5,53100,Siena,SI,0577 282338,,info@hotelalex.net
173075,7868,Hotel Alexander,Via Bersaglieri D'italia 19,16126,Genova,GE,,,info@hotelalexander-genova.it
342905,16967,Hotel Alfiero,Via Cuniberti 12,58019,Monte Argentario,GR,0564 813094 ,,info@hotelalfiero.com
81583,3496,Hotel Alinari,Largo Fratelli Alinari 15,50123,Firenze,FI,055 284289,,info@hotelalinari.com
388241,20593,Hotel Al Rio Se,Via Nova 12,25010,Limone Sul Garda,BS,0365 954182 ,,info@hotelalriose.com
373703,19476,Hotel Amalfitana,Via Roma 44,56126,Pisa,PI,050 29000,050 25218 ,info@hotelamalfitana.it
42697,1864,Ancora Riviera Hotel,Via Dei Devoto 81,16033,Lavagna,GE,,,info@hotelancorariviera.com
80600,2710,Hotel Andrea,Piazza Indipendenza 19,50129,Firenze,FI,055 483890,,info@hotelandrea.it
88071,6715,Hotel Anthurium,Via Aurelia Levante 2,18010,Santo Stefano Al Mare,IM,,,info@hotelanthurium.it
88837,7090,Hotel Aquilia,Via Asti N 1,17053,Laigueglia,SV,0182 690040,0182 691912 ,info@hotelaquilia.com
191146,8975,Hotel Arc En Ciel,Viale Torino 39,18013,Diano Marina,IM,0183 495283,0183 496930 ,info@hotelarcenciel.it
80643,2741,Arcobaleno Boutique Hotel,Via Fiorentina 32/40,53100,Siena,SI,,,info@hotelarcobaleno.com
175792,8067,Hotel Arianna,Via di Barbano 12/r,50129,Firenze,FI,055 461278,,info@hotelarianna.it
85585,5879,Hotel Ariele,Via Magenta 11 Porta Al Prato,50123,Firenze,FI,,,info@hotelariele.it
462689,25487,Hotel Ariston,Via Ferrer 7,57025,Piombino,LI,,,info@hotelariston.toscana.it
13496,334,Hotel Ariston Snc di Massone Maria Silvana & C.,Via Privata Rambaldi 2,18100,Imperia,IM,,,info@hotelariston-imperia.it
84633,5210,Hotel Ariston,Piazza Della Repubblica 13,57123,Livorno,LI,,,info@hotelaristonlivorno.com
82954,3960,Hotel Aspromonte,Piazza Aspromonte 12/14 Citta' Studi,20131,Milano,MI,,,info@hotelaspromonte.it
80472,2611,Hotel Astoria,Via Gramsci 4,16035,Rapallo,GE,0185 273533 ,,info@hotelastoriarapallo.it
83214,4163,Grand Hotel Baglioni,Piazza Unità  Italiana 6 Santa Maria Novella,50123,Firenze,FI,,,info@hotelbaglioni.it
80313,2500,Hotel Beatrice,Via Fiume 11,50123,Firenze,FI,055 216790,,info@hotelbeatrice.it
256893,10857,Hotel Bellevue,Rue Grand Paradis 22,11012,Cogne,AO,0165 74825 ,,info@hotelbellevue.it
81718,3610,Hotel Bellevue,Salita Provvidenza 1,16134,Genova,GE,010 2462400 ,,info@hotelbellevuegenoa.com
268462,11351,Hotel Bel Soggiorno,Via San Giovanni 91,53037,San Gimignano,SI,0577 940375 ,,info@hotelbelsoggiorno.it
81593,3504,Hotel Berthod,Via Mario Puchoz 11,11013,Courmayeur,AO,,,info@hotelberthod.com
83077,4056,Hotel Bigallo,Vicolo Degli Adimari 2,50122,Firenze,FI,055 216086 ,,info@hotelbigallo.it
88083,6720,Hotel Bikini,Viale C. Colombo 4 Marina Centro,47900,Rimini,RN,,,info@hotelbikini.com
176759,8147,Hotel Bixio,Viale Bernardini 395,55041,Lido di Camaiore,LU,0584 610558 ,,info@hotelbixio.it
321265,15529,Hotel Boccascena,Via Carlo Barabino 62 R,16129,Genova,GE,010 5740006,010 4071996 ,info@hotelboccascena.it
80674,2765,Albergo Bologna Srl,Via Giuseppe Mazzini 57,56125,Pisa,PI,050 502120,,info@hotelbologna.pisa.it
338889,16722,Hotel Boton D'or,Frazione Villaret 71,11016,La Thuile,AO,,,info@hotelbotondor.it
343944,17027,Hotel Bouton D'or,Viale Cavagnet 15,11012,Cogne,AO,,,info@hotelboutondor.it
83694,4507,Hotel Bretagna,Lungarno Corsini 6 Tornabuoni,50123,Firenze,FI,,,info@hotelbretagna.net
452238,24770,Hotel Bristol,Corso Mazzini 23,16033,Lavagna,GE,0185 395600,0185 392277 ,info@hotelbristol-italia.com
81995,3835,Hotel Brunelleschi Gest. Binfi Spa,Piazza Santa Elisabetta 3,50122,Firenze,FI,055 27370,,info@hotelbrunelleschi.it
447465,24442,Hotel Bucaneve,Avenue Du Mont Blanc 30/32,11010,Prè Saint Didier,AO,,,info@hotelbucaneve.it
251588,10500,Hotel Bucaneve,Via Fango 11,38035,Moena,TN,0462 573323 ,,info@hotelbucanevemoena.it
375577,19593,Hotel Il Buongustaio,Via Belvedere 90,54100,Massa,MS,0585 42413,,info@hotelbuongustaio.it
85678,5949,Hotel Bussana,Via Po di Tolle 22,45018,Porto Tolle,RO,0426 384289,0426 384923 ,info@hotelbussana.it
81406,3349,Hotel Byron,Via Della Scala 49 Santa Maria Novella,50123,Firenze,FI,,,info@hotelbyron.firenze.it
192136,9039,Hotel Cairoli,Via Cairoli 14/4,16124,Genova,GE,010 2461454 ,,info@hotelcairoligenova.com
417970,22619,Hotel Camino,Via Compart 445,23030,Livigno,SO,,,info@hotelcamino.com
352466,17713,Hotel Candido,Via Generale Ardoino 198,18013,Diano Marina,IM,0183 405757,0183 401798 ,info@hotelcandido.com
81318,3281,Hotel Caravaggio,Piazza Indipendenza 5,50129,Firenze,FI,055 496310,055 480852 ,info@hotelcaravaggio.it
87561,6469,Hotel Caravelle,Via Sausette 34,18013,Diano Marina,IM,0183 405311 ,,info@hotelcaravelle.net
83604,4436,Hotel Casci Srl,Via Cavour 13,50129,Firenze,FI,,,info@hotelcasci.com
80739,2811,Hotel Castello,Viale Terme 1010/b,40024,Castel San Pietro Terme,BO,,,info@hotelcastello.com
16601,911,Hotel Castor,Via Ramey 2,11020,Ayas,AO,,,info@hotelcastor.eu
87598,6493,Hotel Cavalieri,V. Malta 42,96100,Siracusa,SR,0931 446214,,info@hotelcavalierisiracusa.it
81821,3697,Hotel Centrale,Via Dei Conti 3,50123,Firenze,FI,055 215761,055 215216 ,info@hotelcentralefirenze.it
83309,4221,Hotel Centro,Via Dei Ginori 17,50123,Firenze,FI,055 2302901,055 212706 ,info@hotelcentro.net
450685,24674,Hotel Chuc,Località  La Grenade 28,11010,Sarre,AO,0165 551555 ,,info@hotelchuc.it
260082,10985,Hotel Cime Bianche,Fraz La Vieille 44,11021,Cervinia,AO,0166 949046,0166 948061 ,info@hotelcimebianche.com
84686,5251,Hotel City,Via Sant' Antonino 18,50123,Firenze,FI,,,info@hotelcity.net
80293,2486,Hotel Clarici,Piazza Della Vittoria 32,06049,Spoleto,PG,0743 223311,,info@hotelclarici.com
393089,20915,Hotel Col Serena,Rue Des Vergers 5,11014,Etroubles,AO,0165 78218,,info@hotelcolserena.com
81543,3464,Hotel Courmayeur,Via Roma 158,11013,Courmayeur,AO,0165 846732,0165 845125 ,info@hotelcourmayeur.com
84588,5174,Hotel Cruise,Via Carducci,22070,Montano Lucino,CO,031 478301,031 4783050 ,info@hotelcruise.it
283587,12343,Hotel Da Graziano,Via G.matteotti 39/a,53037,San Gimignano,SI,0577 940101,0577 940655 ,info@hoteldagraziano.it
326285,15947,Hotel Daisy,Via Verona 12,54100,Massa,MS,0585 240108 ,,info@hoteldaisy.it
81235,3213,Hotel Daniel,Via Del Lauro 6 Murta Maria,07026,Olbia,OT,0789 379030 ,,info@hotel-daniel.it
12570,76,Hotel Dei Platani,Viale Oliveti 76 Miramare,47900,Miramare di Rimini,RN,,,info@hoteldeiplatani.com
83735,4539,Hotel Dei Vicari,Viale Kennedy 45/e,50038,Scarperia,FI,055 846860,055 8468680 ,info@hoteldeivicari.com
82849,3882,Hotel Del Borgo,Via Marco Emilio Lepido 195,40132,Bologna,BO,051 406878,051 6417709 ,info@hoteldelborgo.it
80515,2645,Hotel Del Corso,Via Pecchio 2 Stazione Centrale,20131,Milano,MI,,,info@hoteldelcorsomilan.com
84800,5345,Hotel Del Golfo,Gerini 37,19032,Lerici,SP,0187 967400,0187 965733 ,info@hoteldelgolfo.com
44274,1916,Hotel Del Golfo,Via Delle Ginestre Nâ° 31,57030,Marciana,LI,0565 9021,0565 902666 ,info@hoteldelgolfo.it
376692,19671,Hotel Della Punta,Via S.ampelio 27,18012,Bordighera,IM,0184 262555,0184 268925 ,info@hoteldellapunta.it
438773,23897,Hotel Della Robbia,Via Dei Della Robbia 7/9,50132,Firenze,FI,055 2638570,,info@hoteldellarobbia.it
80746,2817,Hotel Alessandro Della Spina,Via Alessandro Della Spina 2 / 7 / 9,56125,Pisa,PI,,,info@hoteldellaspina.it
85974,6171,Hotel Delle Camelie,Via di Barbano 10,50129,Firenze,FI,055 461229,,info@hoteldellecamelie.it
385532,20370,Hotel Del Viale,Viale Monte Bianco 74,11013,Courmayeur,AO,0165 846712,,info@hoteldelviale.com
442972,24171,Hotel Dora,Via Apuana 3 F,54033,Carrara,MS,0585 70634,0585 041340 ,info@hotel-dora.it
314727,14961,Hotel Eco Del Mare,Via Verona 1,54100,Massa,MS,0585 240459,,info@hotelecodelmare.it
222413,9087,Hotel Eden,Via Nazionale 55,50123,Firenze,FI,055 475451,,info@hoteleden.firenze.it
88678,6998,Hotel Eden,Viale Manin 27,55049,Viareggio,LU,,,info@hoteleden-viareggio.it
44700,1954,Hotel Elena,Via Biavaz 2,11027,Saint Vincent,AO,0166 512140,0166 537459 ,info@hotelelena.be
328635,16074,Hotel Elena,C.so Garibaldi 5,16036,Recco,GE,0185 74022,,info@hotelelena.it
384307,20261,Hotel Ely,Via Francesco Carrara 16,55049,Viareggio,LU,0584 50758,,info@hotelely.it
381773,20019,Hotel Engel,Kirchplatz 7,39020,Sluderno,BZ,0473 615278,0473 615400 ,info@hotelengel.com
369402,19112,Hotel Enrico,Via Dante 368,17021,Alassio,SV,0182 640000,0182 649427 ,info@hotelenrico.it
412013,22183,Hotel Esperia,Via Val Cismon 1,16167,Genova,GE,,,info@hotelesperia.it
303602,14041,Hotel Esperia Casa Madre,Corso Orazio Raimondo 45,18038,San Remo,IM,0184 500408,,info@hotelesperiasanremo.com
276499,11792,Hotel Etoile De Neige,Fraz Evette,11028,Valtournenche,AO,0166 92595,,info@hoteletoiledeneige.com
355712,17959,Piccolo Hotel Etruria,Via Delle Donzelle 3,53100,Siena,SI,0577 288088 ,,info@hoteletruria.com
313233,14839,Hotel Euromar,Via Dei Salici 3,54100,Massa,MS,0585 240300,0585 869545 ,info@hoteleuromar.com
322124,15603,Hotel Europa,Via Senese 293,53036,Poggibonsi,SI,0577 933402,0577 936069 ,info@hotel-europa.it
305746,14248,Hotel Europa,Via Paolo Cappa 9/a,17024,Finale Ligure,SV,019 600687,,info@hoteleuropa-finale.it
13329,289,Hotel Europa,Via Malta 32,18016,San Bartolomeo Al Mare,IM,0183 752933 ,,info@hoteleuropa-riviera.com
176773,8150,Hotel Europa,Via Stazione,50058,Signa,FI,055 8734041,,info@hoteleuropasigna.it
83747,4543,Hotel Europa,Via Trento 5,16038,Santa Margherita Ligure,GE,0185 287187,0185 280154 ,info@hoteleuropa-sml.it
88956,7170,Hotel Europa,Viale Colombo 91,55043,Camaiore,LU,0584 66007,,info@hoteleuropaversilia.it
13782,445,Eva La Romantica,Via Privata Rivara 5,16030,Moneglia,GE,0185 491437 ,,info@hoteleva.net
44693,1951,Hotel Excelsior Ao,Via Chambèry N. 206,11100,Aosta,AO,,,info@hotelexcelsior-aosta.it
84759,5314,Hotel Fabricia,Localita Magazzini,57037,Portoferraio,LI,0565 933181,0565 933185 ,info@hotelfabricia.it
83510,4370,Hotel Ferrara,Largo Castello 36,44100,Ferrara,FE,,,info@hotelferrara.it
84790,5338,Hotel Ferrari,Corso De Michiel 57,16043,Chiavari,GE,0185 308604,,info@hotel-ferrari.com
80164,2390,Hotel Fiorita,Via Fiume 20,50123,Firenze,FI,055 2654376,,info@hotelfiorita.com
89339,7385,Hotel Flora,Via B. Cairoli 31,59100,Prato,PO,0574 33521,0574 400289 ,info@hotelflora.info
186298,8297,Hotel Fonzari,Largo San Grisogono 1,34073,Grado,GO,0431 876360,,info@hotelfonzari.com
410206,22060,Hotel Galli,Via Fetovaia 115,57034,Campo Nell'elba,LI,,,info@hotelgalli.it
28566,1743,Hotel Gallia Palace,Viale Regina Elena 141 Marina Centro,47900,Rimini,RN,,,info@hotelgalliapalace.it
400764,21569,Hotel Gallo Nero,Via San Gaetano 20,57030,Marciana,LI,0565 908017,0565 908078 ,info@hotelgallonero.it
378584,19803,Hotel Garden,Via Torino 7,17053,Laigueglia,SV,0182 690021,0182 690279 ,info@hotelgarden.sv.it
296935,13401,Hotel Garden,Via Priv. A. Ferro 1,17021,Alassio,SV,,,info@hotelgarden-alassio.it
15780,780,Hotel Garden Srl,Viale Faraggiana 6,17012,Albissola Marina,SV,019 485253 ,,info@hotelgardenalbissola.com
85643,5925,Hotel Genova,Via F.lli Rosselli 84/86,19121,La Spezia,SP,0187 732972 ,,info@hotelgenova.it
81474,3407,Hotel Giglio,Via Cavour 85,50129,Firenze,FI,055 486621,,info@hotelgiglio.fi.it
280616,12099,Hotel Giovanna,Via Felice Cavallotti 126,51016,Montecatini Terme,PT,0572 72089,,info@hotelgiovanna.com
355163,17914,Hotel Hirondelle,Loc. Arpuilles 95,11100,Aosta,AO,0165 51110,0165 51260 ,info@hotelhirondelleaosta.com
317595,15180,Il Castello,Via Panoramica 6,84040,Terzigno,NA,,,info@hotelilcastello.biz
400467,21548,Hotel Il Gatto,Via Del Carmelo 3,16035,Rapallo,GE,0185 233304,0185 234697 ,info@hotelilgatto.it
84496,5099,Hotel Il Guscio,Via Venezia 4,34073,Grado,GO,0431 877697 ,,info@hotelilguscio.it
338603,16701,Hotel India,Via Mons. Virgilio 102,08048,Tortolì,OG,0782 624553 ,,info@hotelindia.it
83130,4102,Hotel Jolanda,Via Luisito Costa 6,16038,Santa Margherita Ligure,GE,,,info@hoteljolanda.it
235553,9172,Hotel Jumeaux,Piazza Jumeaux 8,11021,Breuil Cervinia,AO,0166 949044,,info@hoteljumeaux.it
12727,116,Hotel Katy,Via Flavio Gioia 12,55049,Viareggio,LU,0584 45518,,info@hotelkaty.com
187326,8685,Hotel La Baia,Via Degli Oleandri 36,18013,Diano Marina,IM,0183 404515,0183 405503 ,info@hotellabaia.it
84182,4878,Hotel La Baja,Via Su Paris De Sa Turre,09073,Cuglieri,OR,,,info@hotellabaja.it
81793,3674,Villa La Brise,Corso Mazzini 199,18038,San Remo,IM,0184 576138,0184 500142 ,info@hotellabrise.it
85797,6042,Hotel La Colonna,Strada di Pescaia 73/75,53100,Siena,SI,0577 236303,0577 236634 ,info@hotellacolonnasiena.it
16317,852,Hotel La Primula,Viale Cerboni 1,57033,Marciana Marina,LI,0565 99010,0565 996819 ,info@hotellaprimula.it
13877,480,Hotel La Roccia,Via Dei Mille 15,07020,Palau,OT,0789 709528,0789 707155 ,info@hotellaroccia.com
171733,7802,Le Anfore,Via Pallaresus 16,09049,Villasimius,CA,,,info@hotelleanfore.com
83583,4422,Hotel Le Capanne,Via Dei Mori 44/45 San Zeno,52100,Arezzo,AR,,,info@hotellecapanne.com
289433,12760,Hotel Le Clocher,Route Barmasc 72 Antagnod,11020,Ayas,AO,0125 306726 ,,info@hotelleclocher.it
83508,4369,Hotel Leon D'oro,Via Circonvallazione 195,41049,Sassuolo,MO,,,info@hotel-leondoro.it
84631,5209,Hotel Le Renaie,Località  Pancole 10/b,53037,San Gimignano,SI,,,info@hotellerenaie.it
89242,7317,Hotel L'espoir,Route Barmasc Antagnod,11020,Ayas,AO,,,info@hotellespoir.com
83336,4246,Hotel Le Tre Stazioni,Via San Benedetto 25 R,16126,Genova,GE,,,info@hotelletrestazioni.it
81905,3763,Le Volpaie,Via Nuova 9,53030,San Gimignano,SI,0577 953140,,info@hotellevolpaie.it
302808,13965,Hotel Ligure,Piazza Della Vittoria 1,17028,Spotorno,SV,,,info@hotelligurespotorno.it
80431,2582,Machiavelli Palace,Via Nazionale 10,50123,Firenze,FI,055 216622 ,,info@hotelmachiavelli.it
415108,22381,Hotel Madonna Del Pino,Viale Forlanini 15,48015,Cervia,RA,0544 991470,,info@hotelmadonnadelpino.net
188456,8867,Hotel Maison De Neige,S.s. 26 Km. 152,11016,La Thuile,AO,,,info@hotelmaisondeneige.it
86927,6372,Hotel Nuovo Marghera,Via Marghera 2 Fiera Milano City,20149,Milano,MI,,,info@hotel-marghera.com
316254,15105,Hotel Maria Nella,Via Cave 1,17057,Bardineto,SV,019 7907017,019 7907018 ,info@hotelmarianella.com
88213,6792,Hotel Marzia,Via Pisana 246,50018,Scandicci,FI,,,info@hotel-marzia.it
250072,10404,Hotel Mediterraneo,Via Varese 20,16033,Lavagna,GE,0185 390048,,info@hotelmed.eu
82960,3966,Hotel Medici,Via De' Medici 6,50123,Firenze,FI,,,info@hotelmedici.it
286610,12573,Hotel Merlini,Via Faenza 56,50123,Firenze,FI,055 212848,055 283939 ,info@hotelmerlini.it
88698,7010,Hotel Mignon Posta,Via M Boccoleri 12,16035,Rapallo,GE,0185 230230,0185 230275 ,info@hotelmignonposta.it
322251,15631,Hotel Milleluci,Località  Porossan Roppoz 15,11100,Aosta,AO,,,info@hotelmilleluci.com
368750,19073,Hotel Miramare,Piazza Vittorio Veneto 20,16033,Lavagna,GE,0185 395788 ,,info@hotelmiramarelavagna.it
22562,1397,Hotel Miramare,Viale Miramare 325/4,34136,Trieste,TS,,,info@hotelmiramaretrieste.it
401785,21673,Hotel Miriam,Via Palermo 15,16039,Sestri Levante,GE,0185 43315 ,,info@hotelmiriam.it
84846,5383,Hotel Monica,Via Faenza 66,50123,Firenze,FI,,,info@hotelmonicaflorence.com
464215,25630,Hotel Montecristo,Lungomare Nomellini 11,57034,Campo Nell'elba,LI,,,info@hotelmontecristo.it
401283,21636,Hotel Morotti,Via Gabriele D' Annunzio 17,47843,Misano Adriatico,RN,,,info@hotelmorotti.it
44286,1921,Hotel Nedy,Via Fescione 128-ronchi,54100,Massa,MS,,,info@hotelnedy.it
83621,4450,Hotel Noblesse,Via S. Anastasio 23,55100,Lucca,LU,0583 440275,,info@hotelnoblesse.it
85511,5819,Hotel Nordend,Loc. Tschaval 5,11020,Gressoney La Trinitè,AO,0125 366807,0125 366914 ,info@hotelnordend.com
376723,19681,Hotel Garnì Orchidea,Via Madonnina 1,37011,Bardolino,VR,,,info@hotelorchideaonline.com
83056,4041,Hotel Palazzo Vecchio,Via Cennini 4,50123,Firenze,FI,055 212182,,info@hotelpalazzovecchio.it
81405,3348,Hotel Panoramic,Villa Bianca 8,53045,Montepulciano,SI,,,info@hotelpanoramic.com
286590,12570,Hotel Parc Mont Avic,Località  Covarey 19,11020,Champdepraz,AO,0125 960413,,info@hotelparcmontavic.it
85698,5969,Parma e Oriente,Via Felice Cavallotti 135,51016,Montecatini Terme,PT,0572 72135,,info@hotelparmaeoriente.it
411445,22143,Hotel Pino,Via Garibaldi 12 In Frazione San Terenzo,19032,Lerici,SP,0187 970595 ,,info@hotelpino.it
81059,3067,Hotel Porta Faenza,Via Faenza 77,50123,Firenze,FI,055 210101,,info@hotelportafaenza.it
85635,5918,Alla Posta,Piazza 28 Aprile 1,11027,Saint Vincent,AO,0166 512250 ,,info@hotelpostavda.it
81184,3170,Punta San Martino,Punta San Martino N. 4,16011,Arenzano,GE,010 91081,,info@hotelpsm.it
86842,6311,Hotel Punta Scario,Via Scalo 8,98050,Malfa,ME,090 9844139,090 9844077 ,info@hotelpuntascario.it
28991,1788,Hotel Raffael,Via Umberto I 248,09049,Villasimius,CA,,,info@hotelraffael.it
13185,243,Hotel Residence Esplanade,Piazza Puccini 18,55049,Viareggio,LU,0584 745883,,info@hotelresidenceesplanade.it
310459,14624,Hotel Ricci,Piazza Colombo 4/8,16121,Genova,GE,010 592746 ,,info@hotelricci.com
81701,3596,Hotel Riviera,Via Iv Novembre 2,16043,Rapallo,GE,,,info@hotelrivierarapallo.com
373801,19492,Hotel Roby,Via Casamicciola 3,54100,Massa,MS,0585 240686 ,,info@hotelroby.net
356462,18042,Hotel Rolland,Fraz. Grande Golette 183/184,11016,La Thuile,AO,,,info@hotelrolland.it
80922,2954,Hotel Roma,Piazza Santa Maria Novella 8 Santa Maria Novella,50123,Firenze,FI,,,info@hotelromaflorence.com
80939,2967,Hotel Roma,Via Carlo Ghega 7,34132,Trieste,TS,,,info@hotelroma-trieste.it
251303,10485,Grand Hotel Royal e Golf,Via Roma 87,11013,Courmayeur,AO,,,info@hotelroyalegolf.com
348624,17385,Hotel Ruitor,Via Corrado Gex 36,11011,Arvier,AO,0165 99008 ,,info@hotelruitor.com
453534,24862,Hotel Sacro Cuore,Strada Del Brozzo 12,06126,Perugia,PG,075 5838207 ,,info@hotelsacrocuore.it
88476,6932,Hotel San Lino,Via San Lino 26,56048,Volterra,PI,,,info@hotelsanlino.com
245681,10038,Hotel San Miniato,Via Aldo Moro 2,56027,San Miniato,PI,,,info@hotelsanminiato.com
80783,2848,Hotel Santa Maria Novella,Piazza Santa Maria Novella 1 Santa Maria Novella,50123,Firenze,FI,,,info@hotelsantamarianovella.it
13276,275,Hotel Sant'andrea,Via Sant'assunta 103 Sant'andrea,57030,Marciana,LI,,,info@hotelsantandrea.com
13266,267,Santa San,Route Barmasc 1,11020,Ayas,AO,,,info@hotelsantasan.com
368500,19016,Hotel Sarre,Loc. Arensod 31,11010,Sarre,AO,,,info@hotelsarre.com
83341,4250,Hotel Viale Sauli,Viale Sauli 5,16121,Genova,GE,010 561344,,info@hotelsauli.it
86708,6249,Hotel Sovestro,Loc. Sovestro 63,53037,San Gimignano,SI,,,info@hotelsovestro.com
26749,1624,Hotel Sport Village,Loc. Monte Figu - Via Carlo Alberto Dalla Chiesa,09016,Iglesias,CI,0781 31874,0781 254226 ,info@hotelsportvillage.it
47185,2104,Hotel Svizzero,Strada Statale 26 N. 11,11013,Courmayeur,AO,0165 848170,0165 843016 ,info@hotelsvizzero.com
80947,2974,Grand Hotel Tamerici & Principe,Viale 4 Novembre 4,51016,Montecatini Terme,PT,,,info@hoteltamerici.it
85835,6068,Hotel Casolare Le Terre Rosse,Loc.san Donato,53037,San Gimignano,SI,0577 9021,,info@hotelterrerosse.com
307336,14395,Hotel Tersiva,Frazione Brengaz 9,11028,Valtournenche,AO,0166 92176,,info@hoteltersiva.com
81636,3539,Grand Hotel Tettuccio,Viale Verdi 74,51016,Montecatini Terme,PT,0572 78051,0572 75711 ,info@hoteltettuccio.it
85142,5534,Hotel Tigullio Et De Milan,Viale E. Rainusso 3,16038,Santa Margherita Ligure,GE,,,info@hoteltigullio.eu
374536,19516,Hotel Tirreno,Via Dei Mille 17,16147,Genova,GE,010 386342,,info@hoteltirrenogenova.it
257230,10884,Hotel Tommaseo,Via Monte Suello 18/4,16129,Genova,GE,010 3629815,,info@hoteltommaseo.it
82001,3838,Hotel Torino,Milano 72,18013,Diano Marina,IM,0183 495106,0183 493602 ,info@hoteltorinodiano.com
83553,4400,Hotel Tornese,Viale Galliano 36,57023,Cecina,LI,,,info@hoteltornese.com
279903,12041,Tris Hotel,S.s. Aurelia 67,58016,Orbetello,GR,,,info@hoteltris.it
19240,1272,Hotel Turin,Via Torino 14,11100,Aosta,AO,0165 41893,,info@hotelturin.it
81393,3338,Hotel Unicorno,Via Dei Fossi 27 Tornabuoni,50123,Firenze,FI,,,info@hotelunicorno.it
381772,20018,Hotel Vael,Strada Rezia 29,38039,Vigo di Fassa,TN,,,info@hotelvael.it
26987,1649,Hotel Victoria,Via Alfredo Oriani 2,34100,Trieste,TS,040 3473781,,info@hotelvictoriatrieste.com
83666,4485,Hotel Vienna Ostenda,Viale Regina Elena 11 Marina Centro,47900,Rimini,RN,,,info@hotelviennarimini.com
389182,20675,Hotel Villa Bianca,Piazza Vincenzo Maglione 6,17053,Laigueglia,SV,0182 690074 ,,info@hotelvillabianca.net
89878,7714,Hotel Villa Bonelli,Via F. Poeti N: 1,50014,Fiesole,FI,055 59513,,info@hotelvillabonelli.com
332661,16332,Hotel Villa Camilla,Via Ravano 5,17019,Varazze,SV,019 930807,,info@hotelvillacamilla.it
84771,5323,Grand Hotel Villa Cappugi Srl,Via di Colle Gigliato 45,51100,Pistoia,PT,0573 450297 ,,info@hotelvillacappugi.com
385820,20390,Hotel Villa Daniela,Via Aurelia 223,18016,San Bartolomeo Al Mare,IM,0183 400719 ,,info@hotelvilladaniela.it
86837,6306,Hotel Villa Esperia,Via Nazionale 244,98035,Taormina,ME,,,info@hotelvillaesperia.com
380617,19943,Villa Fieschi,Via Rezza 12,16033,Lavagna,GE,0185 304400 ,,info@hotelvillafieschi.it
240449,9668,Hotel Villa Primavera,Via Bonanno Pisano 43,56126,Pisa,PI,050 23537 ,,info@hotelvillaprimavera.it
89059,7217,Hotel Villa Taormina,Via T. Fazzello,98039,Taormina,ME,0942 620072,,info@hotelvillataormina.com
88656,6981,Hotel Viscardo,Via Battisti 4,55042,Forte Dei Marmi,LU,,,info@hotelviscardo.it
300063,13678,Hotel Vittoria,Via Dante Alighieri 54,38056,Levico Terme,TN,0461 706430 ,,info@hotelvittorialevico.com
86643,6201,Hotel Vittorio Emanuele,Corso Vittorio Emanuele 100/102,07100,Sassari,SS,079 2006695,,info@hotelvittorioemanuele.ss.it
370075,19162,Hotel Zerbion,Frazione Mongnod 125,11020,Torgnon,AO,0166 540239,,info@hotelzerbion.com
387426,20514,Hotel Zoagli,Piazza Stazione 5,16035,Zoagli,GE,0185 259048 ,,info@hotelzoagli.it
414095,22309,Hotel Panoramique,Loc. Pont D'avisod 90,11010,Sarre,AO,,,info@htlpanoramique.com
84234,4918,Villa I Barronci,Via Empolese,50026,San Casciano In Val di Pesa,FI,055 820598,055 8220492 ,info@ibarronci.com
12736,117,Antico Borgo Il Cardino,Loc. Il Cardino 35,53030,San Gimignano,SI,0577 953024 ,,info@ilcardino.it
299176,13599,Il Colombaio,Strada Provinciale 27 In Cavallano,53031,Casole D'elsa,SI,0577 948453,,info@ilcolombaio.it
410413,22079,Il Giardino Degli Angeli,Via Chiesa 32,19014,Framura,SP,0187 823224 ,,info@ilgiardinodegliangeli.it
397918,21352,Il Giardino Della Luna,Castiglione Del Terziere 95,54021,Bagnone,MS,0187 428099,0187 429152 ,info@ilgiardinodellaluna.it
373810,19493,B&b Il Glicine,Via Ersone 3,25081,Bedizzole,BS,,,info@ilglicine.it
89668,7586,Il Piccolo Castello,Strada Provinciale Colligiana 8,53035,Monteriggioni,SI,,,info@ilpiccolocastello.com
296064,13312,Il Sole Del Sodo,Località  Sodo 5,52044,Cortona,AR,0575 612692 ,,info@ilsoledelsodo.com
384383,20274,B&b Il Torchio,Via Tromen Fraz. Capard,11027,Saint Vincent,AO,,,info@iltorchio.info
89725,7617,Tenuta Il Tresto,Località  Il Tresto,53036,Poggibonsi,SI,0577 989155 ,,info@iltresto.com
333270,16374,Il Villaggio di Giuele,Via Calvisio 37,17024,Finale Ligure,SV,019 601240 ,,info@ilvillaggiodigiuele.it
85340,5684,Quadra Key Residence,Via Bardazzi 49 Novoli - San Donato,50127,Firenze,FI,,,info@keyresidence.it
80076,2331,Hotel Kraft,Via Solferino 2 Porta Al Prato,50123,Firenze,FI,,,info@krafthotel.it
287795,12633,La Bouganville,Via Alessandro Manzoni 155 Posillipo,80123,Napoli,NA,,,info@labouganville.com
300549,13723,Affittacamere La Branda,Via Torino 85,19122,La Spezia,SP,,,info@labranda.it
83760,4555,La Camogliese,Via Giuseppe Garibaldi 55 Camogli,16032,Camogli,GE,,,info@lacamogliese.it
382852,20133,La Cianella,Località  Podere Cianella 22,58020,Scarlino,GR,0574 540264 ,,info@lacianella.com
351564,17610,La Corte Del Re,Via Borgunto 5,52100,Arezzo,AR,0575 401603,0575 296720 ,info@lacortedelre.com
175320,8000,La Fonte Del Cieco,Via Ricasoli 18,53013,Gaiole In Chianti,SI,,,info@lafontedelcieco.it
341106,16853,La Fornace di Racciano,Loc. Racciano 6,53037,San Gimignano,SI,,,info@lafornacediracciano.it
186517,8451,La Locanda Del Conte Mameli,Via Delle Terme 8,07026,Olbia,OT,,,info@lalocandadelcontemameli.com
461710,25354,La Locanda Del Mare,Via Ugo Foscolo 11,07039,Valledoria,SS,079 584144 ,,info@lalocandadelmare.com
426635,23100,La Maison De Franco,Loc. Capoluogo 52,11010,Valpelline,AO,,,info@lamaisondefranco.it
235451,9153,Agriturismo La Palazzina,Via La Palazzina 37,56036,Palaia,PI,,,info@lapalazzina.net
49495,2253,La Piccola Locanda,Via Risorgimento N. 106,97015,Modica,RG,0932 906527 ,,info@lapiccolalocandamodica.com
369006,19103,Agriturismo La Reina,Località  Saint-benin 17/a,11020,Pollein,AO,,,info@lareina.it
80310,2499,Hotel La Residenza,Via Tornabuoni 8 Tornabuoni,50123,Firenze,FI,,,info@laresidenzahotel.com
81265,3239,La Rosa Sul Mare,Via Dei Diamanti 16,96100,Siracusa,SR,0931 714813,0931 714970 ,info@larosasulmare.com
316928,15163,Hotel La Torretta,Fraz. Maè 8,11020,Challand Saint Anselme,AO,0125 965218,0125 965117 ,info@latorrettahotel.com
81388,3335,La Villa Degli Argentieri,Fegina 120/122,19016,Monterosso Al Mare,SP,0187 818516 ,,info@lavilladegliargentieri.it
192145,9042,Antica Tenuta Le Casacce,Località  Casacce,58038,Seggiano,GR,,,info@lecasacce.net
85832,6066,Residence Le Corniole,Viale Michelangelo 142,52100,Arezzo,AR,0575 3730214 ,,info@lecorniole.it
80536,2660,Le Due Fontane,Piazza Ss. Annunziata 14,50122,Firenze,FI,055 210185,055 294461 ,info@leduefontane.it
84488,5091,Leon Bianco,Piazza Della Cisterna 13,53037,San Gimignano,SI,,,info@leonbianco.com
404457,21797,Agriturismo Les Hiboux,Fraz. Ponteil 24,11022,Brusson,AO,0125 300454 ,,info@leshiboux.it
89407,7417,Loano 2 Village,Via Degli Alpini 6,17025,Loano,SV,019 67911,019 671765 ,info@loano2village.it
186354,8343,Locanda Bellevue,Avenue Du Mont Blanc 52,11010,Prè Saint Didier,AO,,,info@locandabellevue.com
84969,5480,Locanda Del Borgo,Via Aurelia 249,16039,Sestri Levante,GE,0185 485229,010 8900416 ,info@locandaborgo.it
87746,6575,Locanda Del Feudo,Via Trasversale 2,41014,Castelvetro di Modena,MO,,,info@locandadelfeudo.it
407957,21931,Piccolo Hotel Del Lido,Via Biaggini 24,19032,Lerici,SP,,,info@locandadellido.it
384817,20311,Hotel Locanda Del Sole,Via Del Santuario 114,19017,Riomaggiore,SP,0187 1997452,,info@locandadelsole.net
186389,8371,Locanda L'elisa,Via Nuova Per Pisa 1952,55050,Lucca,LU,,,info@locandalelisa.it
260392,11010,Locanda Senio,Via Borgo Dell'ore 1,50035,Palazzuolo Sul Senio,FI,,,info@locandasenio.com
290676,12892,Lo Fleye,Frazione Bussan Dessus 91,11010,Saint Pierre,AO,,,info@lofleye.com
13802,448,Loggiato Dei Serviti,Piazza Ss. Annunziata 3,50122,Firenze,FI,055 289592,,info@loggiatodeiservitihotel.it
191143,8972,Grand Hotel De Londres,Corso Matuzia 2,18038,San Remo,IM,0184 65511,0184 668073 ,info@londrahotelsanremo.it
253893,10675,Lo Teisson,Loc. Capoluogo,11020,Pollein,AO,0165 253741,0165 253890 ,info@loteisson.com
47750,2146,Hotel Lux,Via Galileo Galilei 218/a,41100,Modena,MO,,,info@luxhotelmodena.it
434988,23617,Maison Bondaz,Via Saint Anselme 36,11100,Aosta,AO,,,info@maisonbondaz.com
316956,15167,Maison Dominique,Fraz. Maè 8,11020,Challand Saint Anselme,AO,,0125 965117 ,info@maisondominique.com
19484,1327,Hotel Maisonnette,Frazione Chatrian 166,11020,Torgnon,AO,0166 540520,0166 540900 ,info@maisonnette.com
187109,8581,Hotel Edelweiss,Via Guido Rey 18,11021,Cervinia,AO,,,info@matterhorn.it
295882,13301,Tenuta di Mensanello,Loc. Mensanello 34,53034,Colle di Val D'elsa,SI,,,info@mensanello.com
81799,3678,Meridiana Country Hotel,Via di Barberino 253,50041,Calenzano,FI,055 8819472 ,,info@meridianacountryhotel.it
88465,6925,Mini Hotel,Via Lomellini 6/1,16124,Genova,GE,010 2465803,010 2465876 ,info@minihotelgenova.com
85888,6104,Molino di Foci,Località  Molino di Foci,53037,San Gimignano,SI,,,info@molinodifoci.com
249647,10362,Agriturismo La Grotta di Montecchino,Via Grossetana 87,53100,Siena,SI,0577 394250 ,,info@montecchino.it
415104,22379,Agriturismo Montevecchio Isolani,Via Dondarini 1/3,40050,Monte San Pietro,BO,051 6766882 ,,info@montevecchioisolni.it
84945,5462,Hotel Monti di Mola,Via Monti Tundi - Loc. Abbiadori,07020,Arzachena,OT,,,info@montidimola.it
402165,21693,Mormoraia,Località  Sant'andrea,53037,San Gimignano,SI,,,info@mormoraia.it
12833,149,Locanda Moscal,Via Pigna 4,37010,Affi,VR,,,info@moscal.it
83074,4054,Hotel Village,Loc. Torrent De Maillod 1,11020,Quart,AO,0165 774911,,info@motelvillage.com
49281,2239,Palazzo Niccolini Al Duomo,Via Dei Servi 2,50122,Firenze,FI,,,info@niccolinidomepalace.com
16318,853,Nilhotel,Via Barsanti 27 A/b Novoli - San Donato,50127,Firenze,FI,,,info@nilhotel.it
444044,24253,La Majon De Fohten,Fraz. Chambis 12,11020,Montjovet,AO,,0166 79202 ,info@notremajon.it
383309,20159,Hotel Grivola,Via Carrel,11021,Breuil Cervinia,AO,0166 948287 ,,info@nuovohotelgrivola.com
305367,14196,B&b Olive Garden,Via De Gasperi 13,08020,Posada,NU,,,info@olivegarden.it
87568,6476,Hotel Kristall,Via Angelo Costanzi 69,05019,Orvieto,TR,,,info@orvietohotelkristall.it
397878,21334,Ostello Lou Crèton di Lui,Località  Pont-bozet 31,11020,Pontboset,AO,,,info@ostellolacrestadellupo.it
422887,22901,Ostello San Frediano,Via Della Cavallerizza 12,55100,Lucca,LU,,,info@ostellolucca.it
83970,4721,Villa La Palagina,Via Grevigiana 4,50063,Figline Valdarno,FI,055 9502029,055 952001 ,info@palagina.it
256601,10848,Hotel Palazzo Benci,Piazza Madonna Degli Aldobrandini 3,50123,Firenze,FI,055 213848,,info@palazzobenci.com
83008,4003,Palazzo Fieschi,Piazza Della Chiesa 14,16010,Savignone,GE,010 9360063,010 936821 ,info@palazzofieschi.it
15756,775,Palazzo Leopoldo,Via Roma 33,53017,Radda In Chianti,SI,0577 735605,,info@palazzoleopoldo.it
85957,6157,Palazzo Trevi Charming House,Via Frassinago 31,40123,Bologna,BO,051 331985,,info@palazzotrevi.it
190645,8914,Park Hotel Argento,Loc. Sant'anna S.n.,19015,Levanto,SP,,,info@parkhotelargento.com
89738,7626,Park Hotel Asinara,Loc. Cala Lupo,07040,Stintino,SS,079 520058 ,,info@parkhotelasinara.it
83601,4433,Park Hotel Chianti,Via Michelangelo 5 (località  Sambuca Val di Pesa),50028,Tavarnelle Val di Pesa,FI,,,info@parkhotelchianti.com
86831,6300,Park Hotel Le Fonti,Via di Fontecorrenti 8,56048,Volterra,PI,0588 81534,,info@parkhotellefonti.com
279605,12023,Hotel Garden,Via Dell' Ornello 22,56128,Tirrenia,PI,,,info@pensionegarden.it
407482,21909,Petit Hotel,Viale Cavagnet 19,11012,Cogne,AO,,,info@petithotel.net
418119,22633,Le Petit Relais,Loc. Cheillon 16,11010,Valpelline,AO,0165 713002 ,,info@petitrelaisvaldaosta.it
87925,6675,Petra Segreta Resort & Spa,Via Maddalena Nâ° 5,07026,Olbia,OT,,,info@petrasegretaresort.com
13906,487,Pian Delle More,Via di Campagna Sud 149 Ter,57020,Sassetta,LI,0565 794365 ,,info@piandellemore.com
16795,955,Il Piccolo Residence,Loc. Selbsteg 10,11020,Gressoney La Trinitè,AO,0125 366070,,info@piccoloresidence.it
256017,10809,Podere Benintendi,Via Montebello-benintendi 78,50052,Certaldo,FI,0571 652766 ,,info@poderebenintendi.com
281288,12157,Agriturismo Il Poggetto,Via San Benedetto 48,53037,San Gimignano,SI,,,info@podereilpoggetto.com
84418,5045,Antico Borgo Poggiarello,Strada di San Monti 12,53035,Monteriggioni,SI,0577 301003,,info@poggiarello.com
89164,7275,Residence Porta Al Prato,Via Ponte Alle Mosse 16 Porta Al Prato,50144,Firenze,FI,,,info@portaalprato.com
457193,25085,Porta Pispini Residence,Via B.peruzzi 33/b,53100,Siena,SI,0577 45100,0577 45110 ,info@portapispiniresidence.com
355128,17907,Residence Planpincieux,Località  Planpincieux 10,11013,Courmayeur,AO,0165 897603 ,,info@ppxsrl.it
42701,1866,Agriturismo La Presura,Via Della Montagnola 191,50027,Greve In Chianti,FI,,,info@presura.it
84675,5243,Grand Hotel Principe di Piemonte,Piazza Giacomo Puccini 1,55049,Viareggio,LU,,,info@principedipiemonte.com
85326,5674,Relais Del Duomo,Piazza Dell'olio 2,50123,Firenze,FI,,,info@relaisdelduomo.it
251053,10470,Relais Du Foyer,Località  Panorama 37,11024,Chàtillon,AO,0166 511251,0166 513598 ,info@relaisdufoyer.it
82912,3929,Hotel Collodi,Via Taddea 6,50123,Firenze,FI,,,info@relaishotel.com
83027,4018,Hotel Relais Il Cestello,Piazza di Cestello 9 San Frediano,50124,Firenze,FI,,,info@relaisilcestello.it
84878,5406,Relais Il Chiostro di Pienza,Corso Il Rossellino 26,53026,Pienza,SI,,,info@relaisilchiostrodipienza.com
83409,4302,Casolare di Remignoli,Loc. Remignoli 26,53037,San Gimignano,SI,,0577 094618 ,info@remignoli.com
363451,18626,Residence Barusso,Via Bellini 6,17021,Alassio,SV,,,info@residencebarusso.com
397988,21355,Residence Bellevue,Località  Fiernaz 27,11020,Antey Saint Andrè,AO,0166 548658,0166 548698 ,info@residencebellevue.net
370925,19300,Residence Eden Park,Località  Arensod 33,11010,Sarre,AO,0165 257866,0165 257860 ,info@residencedenpark.com
254705,10714,Residence Les Fleurs,Loc. Les Fleurs 26,11020,Gressan,AO,0165 592003,0165 592007 ,info@residencelesfleurs.it
285225,12468,Residenza Locci,Vico Ii Brigata Sassari 15,09019,Teulada,CA,070 9272094,,info@residenzalocci.it
83449,4329,Hotel Royal Esplanade,Viale Kennedy 107,18013,Diano Marina,IM,,,info@royalesplanade.it
85467,5785,Residence Ruetoreif,Gressmatto Waeg 10,11025,Gressoney Saint Jean,AO,,,info@ruetoreif.com
173924,7929,Saint Hubertus Resort,Via Piolet 5,11021,Breuil Cervinia,AO,0166 545916,0166 545914 ,info@sainthubertusresort.it
270606,11438,Le Samovar Guest House,Via J.a.carrel 7,11021,Breuil Cervinia,AO,0166 949787 ,,info@samovarcervinia.com
83829,4612,San Biagio Relais,Via Dante 36,58015,Orbetello,GR,0564 860543,0564 867787 ,info@sanbiagiorelais.com
81206,3188,Sangallo Park Hotel,Strada di Vico Alto 2,53100,Siena,SI,0577 334149 ,,info@sangalloparkhotel.it
252998,10638,Azienda Agricola San Gervasio,Via di San Gervasio,56036,Palaia,PI,0587 628181 ,,info@sangervasio.com
12723,114,Hotel San Marco,Via Massetana 70,53100,Siena,SI,,,info@sanmarcosiena.it
42696,1863,Hotel San Michele,Loc. Strada N. 14,53037,San Gimignano,SI,0577 940596,0577 906029 ,info@sanmichelehotel.it
85967,6165,San Ranieri Hotel,Via Filippo Mazzei 2 - Angolo S.biagio,56124,Pisa,PI,050 971951,,info@sanranierihotel.com
29691,1789,Soggiorno Cittadella,Via Cittadella 29 Porta Al Prato,50144,Firenze,FI,,,info@soggiornocittadella.it
252966,10633,Soggiorno L'italia,Via Roma 136,50028,Tavarnelle Val di Pesa,FI,,,info@soggiornoitalia.it
16586,906,Castello di Spaltenna,Via di Spaltenna 13 Loc. Pieve di Spaltenna,53013,Gaiole In Chianti,SI,,,info@spaltenna.it
422399,22858,Hotel Stambecco,Via Delle Clementine 21,11012,Cogne,AO,,,info@stambecco.com
349607,17446,Suite Hotel Nettuno,Piazza Bo 23,16039,Sestri Levante,GE,0185 481796,0185 482459 ,info@suitehotelnettuno.com
303737,14051,Tenuta San Jacopo In Castiglioni,Loc. Castiglioncelli 151,52022,Cavriglia,AR,,,info@tenutasanjacopo.it
89424,7429,Agriturismo Tenuta Stoccatello,Km.6 S.p. 42 Menfi-partanna,92013,Menfi,AG,,,info@tenutastoccatello.it
87768,6591,Le Terre Dei Cavalieri,Localita' Fratta - S. Caterina 46,52044,Cortona,AR,,,info@terredeicavalieri.com
84816,5359,Tombolo Talasso Resort,Via Del Corallo 3,57024,Castagneto Carducci,LI,0565 74530,0565 744052 ,info@tombolotalasso.it
396794,21177,Tornabuoni La Petite Suite,Via De' Rondinelli 1 Tornabuoni,50123,Firenze,FI,,,info@tornabuoni.info
83521,4378,Toscana Ambassador,Via Salceto 11,53036,Poggibonsi,SI,0577 982922,,info@toscana-ambassador.it
454432,24895,Agriturismo Trebis,Viale Dei Mulini 3/b,46049,Volta Mantovana,MN,0376 801701,,info@trebis.it
89607,7543,Ai Tufi,Strada Massetana Romana 68,53100,Siena,SI,,,info@tufihotel.it
346769,17231,Agriturismo L'ulivo e Il Mare,Località  Crova 9,16030,Moneglia,GE,,,info@ulivoeilmare.it
312883,14814,Urban Chic House,Via Fratelli Rosselli 54,19121,La Spezia,SP,0187 256615 ,,info@urbanchichouse.com
421280,22799,Hotel Valdotain,Piazza Assunzione 6/7,11018,Villeneuve,AO,0165 95032,0165 920984 ,info@valdotain.com
349039,17414,Valle Del Buttero,Via Silone 21,58011,Capalbio,GR,0564 896097,0564 896518 ,info@valledelbuttero.it
81065,3073,Il Borgo di Vescine,Loc. Vescine,53017,Radda In Chianti,SI,,,info@vescine.it
89151,7268,Relais Villa Antea,Via Francesco Puccinotti 46,50129,Firenze,FI,055 484106,055 484539 ,info@villaantea.com
360958,18446,Villa Barberina,Via Roma 2,31049,Valdobbiadene,TV,0423 972479 ,,info@villabarberina.it
84941,5459,Hotel Villa Betania,Viale Del Poggio Imperiale 23 Palazzo Pitti,50125,Firenze,FI,,,info@villabetania.it
314006,14902,Hotel Villa Bonera,Via Sarfatti 8,16167,Genova,GE,010 3726164,,info@villabonera.com
85851,6079,Villa Casalecchi,Loc. Casalecchi 18,53011,Castellina In Chianti,SI,,,info@villacasalecchi.it
85482,5796,Villa Corte Degli Dei,Via Dei Franceschini 328/b,55100,Lucca,LU,,,info@villacortedeglidei.it
85993,6185,Villa Curina Resort,Strada Provinciale 62 N.24,53019,Castelnuovo Berardenga,SI,0577 355630,0577 355610 ,info@villacurina.it
81461,3397,Hotel Villa Elisa,Via Romana 70,18012,Bordighera,IM,,,info@villaelisa.com
80291,2484,Hotel Villa Fiesole,Viale Beato Angelico 35,50014,Fiesole,FI,055 597252,055 599133 ,info@villafiesole.it
81805,3683,Park Hotel Villa Fiorita,Giovanni Xxiii 1,31050,Monastier di Treviso,TV,,,info@villafiorita.it
400811,21576,Villaggio Dei Fiori,Via Tiro A Volo 3,18038,San Remo,IM,0184 660635 ,,info@villaggiodeifiori.it
186394,8376,Hotel Villa Ida,Via Roma 90,17053,Laigueglia,SV,0182 690042,0182 499612 ,info@villaida.it
85381,5719,Villa Kinzica,Via Provinciale 1,25057,Sale Marasino,BS,,,info@villakinzica.it
80484,2622,Villa La Vedetta,Viale Michelangiolo 78 Piazzale Michelangelo,50125,Firenze,FI,,,info@villalavedettahotel.com
14497,643,Villa Le Barone,San Leolino,50020,Greve In Chianti,FI,,,info@villalebarone.it
89904,7731,Hotel Villa Luisa,Via Costaguta 12,16035,Rapallo,GE,,,info@villaluisarapallo.it
84710,5270,Villa Margherita,Trento e Trieste 31,19015,Levanto,SP,0187 807212,0187 803717 ,info@villamargherita.net
241293,9721,Hotel Acquamarina,Viale Einaudi 6,57037,Portoferraio,LI,0565 914057 ,,info@villaombrosa.it
89303,7362,Relais Villa Petrischio,Via Del Petrischio 25,52044,Cortona,AR,,,info@villapetrischio.it
81234,3212,Villa Piccola Siena,Via Petriccio Belriguardo 7,53100,Siena,SI,0577 588044,,info@villapiccolasiena.com
241772,9779,Villa Sabolini,Località  Mensanello,53034,Colle di Val D'elsa,SI,,,info@villasabolini.it
85747,6006,Hotel Villa San Lucchese,Loc. San Lucchese 5,53036,Poggibonsi,SI,0577 937119,0577 934729 ,info@villasanlucchese.com
83178,4137,Villa San Paolo,Strada Per Certaldo,53037,San Gimignano,SI,,,info@villasanpaolo.com
288261,12667,Hotel Villa Sapienza,Corso Matuzia 21,18038,San Remo,IM,0184 6957516,0184 667675 ,info@villasapienza.it
281299,12158,Villa Saulina,Via Maremmana 11,50055,Lastra A Signa,FI,,,info@villasaulina.it
316075,15077,Villa Smeraldo,Strada Provinciale di Giannella 64,58015,Orbetello,GR,0564 820072,,info@villasmeraldo.com
451605,24736,Castello di Volpaia,Loc. Volpaia,53017,Radda In Chianti,SI,0577 738622 ,,info@volpaia.com
370669,19264,Hotel Elisabetta,Viale Mazzini 276,16039,Sestri Levante,GE,0185 41128,,infohotel@albergoelisabetta.com
382736,20113,Hotel Veneriaz,Frazione La Plantaz 16,11020,Nus,AO,0165 767618,0165 767281 ,informazioni@hotelveneriaz.it
81840,3712,Hotel J And J,Via di Mezzo 20,50121,Firenze,FI,055 26312,055 240282 ,jandi@data.it
186384,8367,J.k. Place,Piazza Santa Maria Novella 7 Santa Maria Novella,50123,Firenze,FI,,,jkplace@jkplace.com
247305,10186,Hotel La Barme,Fraz. Valnontey 8,11012,Cogne,AO,0165 749177,0165 749213 ,labarne@tiscali.it
83729,4534,Hotel La Capannina,Via Tito Speri 7,16146,Genova,GE,010 317131,,lacapannina@mclink.it
83796,4584,Locanda Dalla Compagnia,Del Santuario 239,19017,Riomaggiore,SP,0187 760050,0187 760700 ,lacomp@libero.it
355286,17939,La Francigena,Via Romana 1,53036,Poggibonsi,SI,0583 25298 ,,lafrancigena@tin.it
84699,5261,Hotel Lago Bin,Regione Morga,18035,Rocchetta Nervina,IM,,,lago.bin@pm.it
437434,23831,La Maison De Geneviève,Loc. Surpian 65,11020,Saint Marcel,AO,,,lamaisondegenevieve@gmail.com
387178,20496,Caravella,Corso Colombo 1,19013,Deiva Marina,SP,,,lascog00@hotelcaravella.191.it
84118,4835,My One Hotel La Spezia,Via Xx Settembre 81,19100,La Spezia,SP,,,laspezia@myonehotel.it
353209,17748,La Viareggina,Via Flavio Gioia 25,55049,Viareggio,LU,0584 583203 ,,laviareggina@gmail.com
337944,16656,Fattoria Pianetti,Loc. Le Fabbre Snc,58014,Manciano,GR,0564 602608,,lefabbre@tiscali.it
190763,8938,Residence Le Talus,Strada La Villette 26/a,11013,Courmayeur,AO,0165 572229,,letalus@libero.it
325584,15901,Residence Le Terrazze,Passeggiata D. Grollero 49,17021,Alassio,SV,0182 60011,,leterrazze@alassio.it
44290,1923,Hotel Lido,Via Iv Novembre 9,17021,Alassio,SV,0182 640158,0182 660198 ,lidobeach@tin.it
83182,4140,Max Hotel Livorno,Via Giotto Ciardi 28,57121,Livorno,LI,0586 426722,0586 444255 ,livorno@maxhotels.it
440120,23984,Locanda Miranda,Via Fiascherino 92,19032,Lerici,SP,,,locandamiranda@libero.it
439308,23932,B&b Lo Glassier,Fraz. Glassier 2,11010,Ollomont,AO,,,loglassier@libero.it
314447,14936,Hotel Luna,Via Tornaboni 17,54100,Massa,MS,0585 241472,,luna@lunahotel.net
44688,1950,Hotel Lungarno,Borgo San Jacopo 14 Palazzo Pitti,50123,Firenze,FI,,,lungarnohotels@lungarnohotels.com
242878,9864,Grand Hotel Playa,Lungomare Trieste 128 Sabbiadoro,33054,Lignano Sabbiadoro,UD,,,mail@playa.it
245988,10062,Residenzia Del Sogno,Loc.pietrafitta 50-51,53011,Castellina In Chianti,SI,0577 741394,0577 742039 ,mail@residenziadelsogno.com
384424,20282,Hotel Majestic,Via Leonardo Da Vinci 300,17021,Alassio,SV,0182 642721,0182 643032 ,majesticalassio@libero.it
12566,75,Hotel Major,Via Pietro Micca 19 C,34077,Ronchi Dei Legionari,GO,0481 476020,0481 475679 ,major@yeshotels.it
397257,21220,Il Campeggio di Capalbio,Via Graticciaia,58011,Capalbio,GR,0564 890101,0564 890437 ,mauro.ricci@ilcampeggiodicapalbio.it
81202,3184,Best Western Hotel Metropoli,Piazza Fontane Marose,16123,Genova,GE,010 2468888,010 2468686 ,metropoli.ge@bestwestern.it
88247,6811,Hotel Delle Mimose,Via Fabio Filzi 33,18013,Diano Marina,IM,0183 495905,,mimose@ivg.it
83231,4176,Hotel Napoleon,Corso Marconi 56,18038,San Remo,IM,0184 662244,0184 662245 ,napoleon@sanremo.it
226086,9103,Nh Marina,Molo Ponte Calvi 5,16124,Genova,GE,010 25391 ,,nhgenovamarina@nh-hotels.com
15940,809,Nh Grand Hotel Palazzo,Viale Italia 195,57127,Livorno,LI,,,nhgrandhotelpalazzo@nh-hotels.com
12497,57,Nh Savona Darsena,Via A. Chiodo 9,17100,Savona,SV,019 803211 ,,nhsavonadarsena@nh-hotels.com
88971,7177,Agriturismo Olmi Grossi,Via Imprunetana Per Tavarnuzze 49,50023,Impruneta,FI,,,olmi.grossi@libero.it
14644,678,Hotel Olympic,Piazza Mazzini 10,18013,Diano Marina,IM,0183 497666,,olympic@tourism.it
80255,2457,Art Hotel Orologio,Via Iv Novembre 10,40123,Bologna,BO,051 7457411,051 7457422 ,orologio@inbo.it
365806,18832,Ostello di La Thuile,Via P. Debernard 2,11016,La Thuile,AO,0165 884380 ,,ostello@lathuile.it
250067,10403,Ostello Fontanabuona,Via De Gasperi 57,16047,Moconesi,GE,0185 262018 ,,ostellofontanabuona@gmail.com
341240,16868,Ostello Tramonti,Via Fabio Filzi 110,19133,La Spezia,SP,,,ostellotramonti@cdh.it
359854,18341,Hotel Doria,Piazza Leonardi 10,16043,Chiavari,GE,0185 305101 ,,palegi@libero.it
294617,13196,Hotel Panoramique,Piazza Frutaz 1,11020,Torgnon,AO,0166 540215,0166 540101 ,panoramique@tiscali.it
339213,16739,Parc Hotel,Via Roma 214,52014,Poppi,AR,0575 529994,,parc@lina.it
280425,12084,Hotel Patrizia,Via Montebello 7 Santa Maria Novella,50123,Firenze,FI,,,patrizhtl@tin.it
83244,4186,Hotel Pendini,Via Strozzi 2,50123,Firenze,FI,055 211170,,pendini@dada.it
84478,5085,Casanova di Pescille,Loc. Pescille,53037,San Gimignano,SI,0577 941902 ,,pescille@casanovadipescille.com
236527,9297,Podere Dell'anselmo,Via Panfi Anselmo 12,50025,Montespertoli,FI,,,podere.anselmo@forconi.it
49552,2259,Hotel Porto Roca,Via Corone 1,19016,Monterosso Al Mare,SP,0187 817502 ,,portoroca@cinqueterre.it
358186,18179,Casa Volpi,Via Simone Martini 29,52100,Arezzo,AR,,,posta@casavolpi.it
187258,8646,San Giacomo Horses & Agriturismo,Cascina San Giacomo,20010,Arluno,MI,,,posta@sangiacomohorses.it
82955,3961,Art Hotel Museo,Viale Della Repubblica 289,59100,Prato,PO,0574 5787,0574 578880 ,prenotazioni@arthotel-museo.it
369532,19124,Hotel Demar,Via Londra 2/4 Traversa Viale Aldo Moro,07026,Olbia,OT,0789 58329,0789 57594 ,prenotazioni@hoteldemar.com
84938,5457,Hotel Torre di Cala Piccola,Località  Cala Piccola,58019,Monte Argentario,GR,,,prenotazioni@torredicalapiccola.com
218170,9050,Starhotels President,Corte Lambruschini 4,16129,Genova,GE,010 57271 ,,president.ge@starhotels.it
289984,12827,Hotel Bodoni,Via Martiri Del Popolo 27,50122,Firenze,FI,055 240741,055 244432 ,psube@tin.it
285517,12492,Punta Margherita,Via Roma 8,11028,Valtournenche,AO,0166 92087,,punta.margherita@tiscali.it
83677,4494,My One Hotel Radda,Loc. La Calvana 138,53017,Radda In Chianti,SI,0577 73511 ,,radda@myonehotel.it
445173,24307,Borgo Della Limonaia,Via Forra Cieca N.7,51018,Pieve A Nievole,PT,0572 953722 ,,raffaelecalistri@virgilio.it
429526,23260,Parc Hotel Billia,Viale Piemonte 72,11027,Saint Vincent,AO,0166 5231,0166 523799 ,reception.billia@svrc.it
191036,8961,Relais Dei Magi,Località  Le Selve Nuove 45,06062,Città della Pieve,PG,,,reception@relaismagi.it
191041,8962,Residenza Del Sole,Località  Fridau 4,11025,Gressoney Saint Jean,AO,0125 357200,,reception@residenzadelsole.it
251712,10522,Villa Belvedere,Via Benedetto Castelli 3 Galluzzo Certosa,50124,Firenze,FI,,,reception@villabelvederefirenze.it
81320,3282,Art Hotel Milano,Via Tiziano 15,59100,Prato,PO,0574 23371,0574 27706 ,reservation@arthotel-milano.it
85947,6149,Hotel Canali,Via Pietrafraccia 15,16035,Rapallo,GE,0185 50369 ,,reservation@hotelcanali.eu
45421,1989,Hotel Nuovo Nord,Via Balbi 155r,16126,Genova,GE,010 2464470,010 2464027 ,reservation@hotelnuovonord.com
88399,6890,Nyala Suite Hotel,Via Solaro 134,18038,San Remo,IM,0184 667668,,reservation@nyalahotel.com
14041,524,Sheraton Firenze Hotel & Conference Center,Via G. Agnelli 33,50126,Firenze,FI,,,reservation@sheratonfirenze.it
252550,10591,Castello Del Nero Hotel & Spa,Strada Spicciano 7,50028,Tavarnelle Val di Pesa,FI,,,reservations@castellodelnero.com
46118,2029,Holiday Inn Genoa City,Via Milano 47,16126,Genova,GE,010 2534060,010 2534061 ,reservations@higenova.it
81294,3263,Residence Isola Verde,Via Bargagna 44,56124,Pisa,PI,050 315519,,residence@isolaverde.com
88216,6794,Tenuta di Ricavo,Loc. Ricavo 4,53011,Castellina In Chianti,SI,,,ricavo@ricavo.com
88942,7157,Hilton Milan,Via Luigi Galvani 12 Stazione Centrale,20124,Milano,MI,,,rm_milan@hilton.com
81317,3280,Best Western Grand Hotel Royal,Viale Giosuè Carducci 44,55049,Viareggio,LU,0584 45151,0584 31438 ,royal.lu@bestwestern.it
81431,3371,Hilton Florence Metropole,Via Del Cavallaccio 36 Isolotto - Legnaia,50142,Firenze,FI,,,sales.florencemetropole@hilton.com
84830,5370,Hotel San Lorenzo,Via Rosina 4,50123,Firenze,FI,055 210077,,sanlorenzo@fionline.it
80426,2579,Hotel San Michele,Via Guelfa 15,52044,Cortona,AR,0575 604348,0575 630147 ,sanmichele@ats.it
80216,2431,Hotel S. Ercolano,Via Del Bovaro 9,06122,Perugia,PG,075 5724650 ,,sant_ercolano@libero.it
284352,12421,Santa Caterina Park Hotel,Terza Traversa Via Cisa,19038,Sarzana,SP,0187 622095,0187 603156 ,santacaterina@virgilio.it
48878,2217,Hotel Santa Maria,Viale Tito Groppo 29,16043,Chiavari,GE,0185 306021,,santamaria@mclink.it
276850,11819,Hotel Sereno,Via Val di Canepa 96,16039,Sestri Levante,GE,0185 43302,,serenhotel@libero.it
323724,15740,B&b Sibi,Via Papa Giovanni 16,23827,Lierna,LC,,,sibi71@alice.it
186577,8500,Cuccaro Club,Via Campo Picchiara 150,19020,Rocchetta di Vara,SP,0187 890210,,sogemagar@libero.it
84525,5125,Hotel Au Soleil,Via Marconi 20,11027,Saint Vincent,AO,0166 512685,0166 511100 ,soleil@netvallee.it
85892,6106,Grand Hotel & La Pace Spa,Via Della Torretta 1,51016,Montecatini Terme,PT,,,spa@grandhotellapace.it
80792,2856,Hotel La Locanda,Via Guarnacci 24/28,56048,Volterra,PI,0588 81547,0588 81541 ,staff@hotel-lalocanda.com
85380,5718,Hotel Tavernier,Strada Courmayeur-dolonne 27,11013,Courmayeur,AO,0165 841080 ,,tevernier@tin.it
177389,8196,Hotel Tirreno,Via Aurelia 2,17028,Spotorno,SV,019 745107,019 745061 ,tirrenoh@tin.it
83147,4113,Hotel Torre Cambiaso,Scarpanto 49,16157,Genova,GE,,,torre.cambiaso@antichedimore.com
19051,1238,Hotel Triolet,Via Regionale 63,11013,Courmayeur,AO,0165 846822,0165 846824 ,triolet@tin.it
218168,9048,Starhotels Tuscany,Via di Novoli 59 Novoli - San Donato,50127,Firenze,FI,,,tuscany.fi@starhotels.it
83109,4084,Una Hotel Malpensa,Via Turati 84,20023,Cerro Maggiore,MI,0331 513111,0331 513112 ,una.malpensa@unahotels.it
80025,2295,Una Hotel Mediterraneo,Via L. Muratori 14 Porta Romana,20135,Milano,MI,,,una.mediterraneo@unahotels.it
13544,345,Una Hotel Versilia,Via Delle Stelle Alpine,55041,Camaiore,LU,0584 012001,0584 40122 ,una.versilia@unahotels.it
83176,4135,Una Hotel Vittoria,Via Pisana 59 San Frediano,50143,Firenze,FI,,,una.vittoria@unahotels.it
84405,5038,U Rustegu,Loc. Lago di Malanotte,16041,Borzonasca,GE,,,urustegu@libero.it
270436,11431,Vallegrande Residence,Contrada Vallegrande,90015,Cefalù,PA,,,vallegrande@virgilio.it
80794,2858,Villa Ambrosina,Via Montebuoni 95,50029,Impruneta,FI,055 2020491 ,,vallombrosina@fionline.it
86905,6355,Hotel Al Saraceno,Via Al Capo 2,17029,Varigotti,SV,019 6988182,,varigotti@alsaracenogroup.it
227764,9114,Verdemare,Via Vespucci 51 Torre Dei Corsari - Apartments In Different Locations In Torre Dei Corsari,09031,Arbus,VS,,,verdemare@tiscali.it
218169,9049,Starhotels Vespucci,Via S Quirico 292/a,50010,Campi Bisenzio,FI,,,vespucci.fi@starhotels.it
83106,4082,Hotel Vesuvio,Lungomare Vittorio Veneto 29,16035,Rapallo,GE,0185 234823,0185 237793 ,vesuviohotel@libero.it
394002,20984,Residence Au Vieux Grenier,Via Clementine 27,11012,Cogne,AO,0165 74002,,vieuxgrenier@tiscali.it
377062,19722,Hotel Villa Ambra,Strada Provinciale Giannella 113,58015,Orbetello,GR,0564 820103 ,,villa.ambra@tiscalinet.it
256418,10828,Hotel Villa Argentina,Via De Gasperi 170,19017,Riomaggiore,SP,0187 920213,0187 760531 ,villaargentina@libero.it
28951,1779,Grand Hotel Villa Balbi,Viale Rimembranza 1,16039,Sestri Levante,GE,,,villabalbi@villabalbi.it
81177,3164,My One Hotel Villa Ducale,Via Moletolo 53,43100,Parma,PR,0521 272727,0521 780756 ,villaducale@myonehotel.it
325580,15899,Residence Villa Firenze,Via Dante 35,17021,Alassio,SV,0182 661160 ,,villafirenze@alassio.it
290249,12841,Villa Della Pergola,Via Privata Montagà¹ 9/1,17021,Alassio,SV,0182 646130 ,,villapergola@tin.it
85525,5830,Villa Scacciapensieri,Strada Scacciapensieri 10,53100,Siena,SI,0577 331235,,villasca@tin.it
85277,5633,Vis À Vis,Via Della Chiusa 28,16039,Sestri Levante,GE,,,visavis@hotelvisavis.com
335050,16491,Hotel Villa Belvedere,Via Ammiraglio Serra 33,19011,Bonassola,SP,,,vrichie@tin.it
265283,11243,Fattoria Casa Sola,Strada di Cortine 5,50021,Barberino Val D'elsa,FI,055 8075028,055 8059194 ,wine@fattoriacasasola.com
12321,2,Mediterraneo,Viale Catalani 52,55044,Pietrasanta,LU,,,
12399,37,Locanda Tramonti,Campiglia - Via Della Chiesa 56,19100,La Spezia,SP,0187 758514,0187 520228 ,
12458,41,Hotel Residence La Contessina,Via Faenza 71,50123,Firenze,FI,055 2670275,,
12461,42,Hotel Ristorante Farneta,S.p.31 di Manzano Frazione Farneta N.3,52044,Cortona,AR,,,
12479,48,Hotel Universo,Piazza Santa Maria Novella 20 Santa Maria Novella,50123,Firenze,FI,,,
12536,64,Hotel Piccadilly,Via Xxvii Aprile 18,50129,Firenze,FI,,,
12554,68,Sporthotel Olimpo,Località  Ca' Madrina,37016,Garda,VR,,,
12599,88,Hotel Dama Bianca,Fraz Maen 1,11028,Valtournenche,AO,0166 92066,0166 92587 ,
12624,91,Hotel Sea Gull,Passeggiata Marconi 24,18039,Ventimiglia,IM,0184 231217,,
12712,109,Dune Agriturismo Relais,Via Santa Croce 6,30020,Eraclea,VE,,,
12724,115,Villa Veronica,S.p.102 N.3 - Localita' Colombaio,53100,Siena,SI,,,
12755,127,Hotel Petit Prince,Route Tchavagnod 1,11020,Ayas,AO,,,
12799,132,Club Parco Blu,Viale Bue Marino,08022,Dorgali,NU,0784 93303,,
12928,179,Relais De Charme Le Videlle,Via P. Bonomi 3,25080,Puegnago Sul Garda,BS,,,
13002,192,Cordial Golf Residence Il Pelagone,Loc.il Pealgone 28,58023,Gavorrano,GR,0566 820111,,
13004,193,Hotel Villa San Giorgio,Loc. Cinciano,53036,Poggibonsi,SI,0577 989190,0577 989194 ,
13027,199,Max Resort La Mandola,Via La Mandola Nâ°1,57032,Capraia Isola,LI,0586 905300 ,,
13035,202,B&b Villa Peragnola,Strada di Peragna 5,53100,Siena,SI,,,
13056,206,Piccolo Hotel,Via S.elmo 10,18013,Diano Marina,IM,0183 407022,,
13059,207,Hotel Globo & Suite,Via Bartolomeo Asquasciati 2,18038,San Remo,IM,,,
13065,208,Hotel Rex,Via San Martino 48,55049,Viareggio,LU,,,
13102,219,Lunezia Resort,Località  Lo Schiado,54011,Aulla,MS,,,
13105,221,Hotel La Perla,Via Delle Terme 25,53100,Siena,SI,0577 47144 ,,
13115,229,Hotel Le Pageot,Via Carrel 31,11100,Aosta,AO,0165 32433,,
13122,233,Villa Imperiale Hotel,Via Aurelia 47,17028,Spotorno,SV,,,
13127,234,Lolli Palace Hotel,Corso Imperatrice 70,18038,San Remo,IM,0184 531496,0184 541574 ,
13131,235,Columbus Sea Hotel,Via Milano 63,16126,Genova,GE,010 265051,010 255226 ,
13226,259,Hotel Puntabella,Via Genova 149,17019,Varazze,SV,019 90894 ,,
13233,260,Sole Mare,Passeggiata Marconi 22,18039,Ventimiglia,IM,0184 351854,0184 230988 ,
13425,315,Hotel Garden,Piazza Vittorio Veneto 8 Porta Al Prato,50123,Firenze,FI,,,
13481,329,Hotel 5 Terre,Via 4 Novembre 21,19016,Monterosso Al Mare,SP,0187 817543,0187 818380 ,
13497,335,Hotel Splendid,Via Sausette 8,18013,Diano Marina,IM,0183 403032,,
13500,337,La Rocca Del Maestrino,Via Leonardo Da Vinci 124,51039,Quarrata,PT,,,
13542,343,Villa Torre Rossa Apartments,Via Naldino 11,50023,Impruneta,FI,055 208185 ,,
13561,352,B&b Residence Checrouit,Avenue Dent Du Geant 46,11010,Prè Saint Didier,AO,,,
13625,382,Hotel Beau Sejour,Via Garibaldi 102,17021,Alassio,SV,,,
13641,391,Affittacamere Da Silvia,Via Colombo 194,19017,Riomaggiore,SP,0187 760954 ,,
13649,396,Agriturismo Sa Suerera,Località  Sa Suerera,07040,Olmedo,SS,,,
13748,432,Europalace Hotel Todi,Loc Pian di Porto Nâ°144/1,06059,Todi,PG,075 8987474,,
13756,437,Hotel Sole,Via Dei Cappuccini 10/a,56048,Volterra,PI,0588 84000,0588 90273 ,
13807,449,Villa Dievole,Loc. Dievole 6,53019,Castelnuovo Berardenga,SI,0577 322632,0577 321018 ,
13811,451,Hotel Majore,Via Lu Pultali Sn,07028,Santa Teresa Gallura,OT,,,
13863,474,Best Western Hotel Nazionale,Corso Matteotti 3,18038,San Remo,IM,0184 577577,0184 541535 ,
13905,486,Castello Del Poggiarello di Stigliano,Località  Poggiarello 85,53010,Sovicille,SI,,,
13913,489,Hotel Za Maria,Via Nazionale Ss113,98072,Caronia,ME,,,
13924,497,Villa Margherita - Nuovo Hotel Srl,Via Marconi 20,56034,Casciana Terme,PI,,,
13925,498,Residence Il Gavillaccio,Via di Gaville 24,50063,Figline Valdarno,FI,055 9501078,,
13976,507,Residence Lo Peyo,Via Barmasc 13 C,11020,Ayas,AO,0125 304023 ,,
13982,510,Charmant Petit Hotel,Loc. Villy - Champoluc,11020,Ayas,AO,,,
14036,523,Motel Miro',Via Nizza 62,17100,Savona,SV,,,
14043,525,Hotel Ginori Al Duomo,Via Ginori 24,50123,Firenze,FI,055 218615,055 211392 ,
14083,535,Hotel Atlantico,Via D. Martelli 12,57012,Rosignano Marittimo,LI,,,
14137,551,Hotel Marinedda Thalasso & Spa,Loc.isola Rossa,07038,Trinità D'agultu e Vignola,OT,,,
14309,581,Tourist House Ghiberti,Via M. Bufalini 1,50122,Firenze,FI,,,
14332,587,Grand Hotel Moroni,Via San Pietro 38,17024,Finale Ligure,SV,,,
14368,591,Oasi Hotel,Via Terraro Snc,19015,Levanto,SP,0187 802809,,
14492,640,Hotel Toscana Laticastelli,Loc.laticastelli,53040,Rapolano Terme,SI,0577 725513 ,,
14498,644,Albergo di Murlo,Via Martiri di Rigosecco 1/3,53016,Murlo,SI,,,
14553,668,Cresta Et Duc Hotel,Via Circonvallazione 7,11013,Courmayeur,AO,0165 842578,,
14555,669,Champolucapartment,Rue Varasc 10/b,11020,Champoluc,AO,0125 307131 ,,
14579,670,President Hotel Terme,Via Perosi 5,27052,Godiasco,PV,,,
14648,681,Hotel Villa Igea,Via Sant'elmo 1,18013,Diano Marina,IM,,,
14650,682,Hotel Bergamo,Via Aurelia 11,18016,San Bartolomeo Al Mare,IM,,,
14767,716,Villa Campomaggio,Località  Campomaggio,53017,Radda In Chianti,SI,,,
14772,720,Albergo Canella,Via Donizzetti 13 Fuipiano Valle Imagna Bg,24030,Fuipiano Valle Imagna,BG,035 856133,035 4501299 ,
14803,728,Cala Luna,Lungomare Palmasera,08022,Dorgali,NU,0784 93133,0784 93036 ,
14805,729,A La Casa Dei Potenti,Piazza Delle Erbe 10,53037,San Gimignano,SI,,,
14807,731,Villa Montarioso,Via Montarioso 35,53035,Siena,SI,,,
14895,748,Grand Hotel Continental,Via Dei Banchi di Sopra 85,53100,Siena,SI,,,
14907,749,Hotel Helvetia & Bristol,Via Dei Pescioni 2 Tornabuoni,50123,Firenze,FI,,,
15755,774,Hotel Excelsior,Via Cesare Battisti 1,54100,Massa,MS,,,
15972,810,Hotel De Champoluc,Route Ramey 65,11020,Champoluc,AO,0125 308088,0125 307985 ,
16198,820,Agriturismo Sa Murta,Località  Peddio,09078,Sennariolo,OR,,,
16310,848,Hotel Savoia,Via Molinetti 13,17024,Finale Ligure,SV,019 601616,019 602080 ,
16321,855,Il Pezzatino,Via Castiglioni 29/30 S.s.67 Km.108 9,50068,Rufina,FI,,,
16342,862,Antica Torre di Via Tornabuoni 1,Via Tornabuoni 1 Tornabuoni,50123,Firenze,FI,,,
16547,893,Le Breithorn,Route Ramey 27,11020,Champoluc,AO,,,
16585,905,Bed & Breakfast Camollia,Via Biagio di Montluc 29,53100,Siena,SI,,,
16643,921,Palazzo Gambuzza &quot Maison De Charme&quot,Via Giovanni Meli 6,97014,Ispica,RG,,,
16689,936,Le Rocher Hotel,Loc.villy - Champoluc,11020,Champoluc,AO,,,
16759,947,Hotel Relais Villa Il Sasso,Via di Belmonte 27,50012,Bagno A Ripoli,FI,055 643845,055 641128 ,
16772,948,Calypso,Via Matteotti 8,18039,Ventimiglia,IM,0184 352742,,
16775,949,Hotel Marina,Via Magliano 3,54039,Massa,MS,0585 869894,0585 869492 ,
16776,950,Hotel Francia e Quirinale,Viale Iv Novembre 77,51016,Montecatini Terme,PT,0572 70271,0572 70275 ,
16993,975,Regina Elena Dependance,Via Milite Ignoto 46,16038,Santa Margherita Ligure,GE,,,
171467,7790,Romantik Hotel Monteriggioni,Via 1â° Maggio 4,53035,Monteriggioni,SI,,,
172304,7824,B&b Il Mandorlo,Via Delle Mandorle 2,92019,Sciacca,AG,,,
17244,979,Argentario Golf Resort & Spa,Via Acquedotto Leopoldino,58018,Monte Argentario,GR,,,
17248,981,Hotel La Zorza,Via Colombo 231,19017,Riomaggiore,SP,0187 607037 ,,
17250,982,Hotel Bellevue,Via Ramey 16-a,11020,Champoluc,AO,0125 308710 ,,
17253,984,La Griglia,Località  Sant'anna 1,22010,Argegno,CO,,,
17257,986,Dujany,Via Risorgimento 104,11020,Nus,AO,0165 572291,,
172667,7833,Hotel Savoia,Via Milano 14,17021,Alassio,SV,,,
17284,988,Residence Le Terrazze,Via Ii Traversa Olivo,19025,Portovenere,SP,0187 791435 ,,
172852,7855,Le Charaban,Viale Gran San Bernardo Nâ° 38.,11100,Aosta,AO,,0165 361230 ,
17287,989,Hotel Beau Rivage,Via Roma 82,17021,Alassio,SV,0182 640585,0182 640426 ,
173209,7873,Marina Place Resort,Via Pionieri e Aviatori D'italia 129,16154,Genova,GE,,,
173448,7899,Hotel Salus,Via Tirolo 11 Sabbiadoro,33054,Lignano Sabbiadoro,UD,,,
173522,7905,Le Tre Perle B&b,Via Pieve In Piano 23,53034,Colle di Val D'elsa,SI,,,
173558,7909,Hotel Stendhal,Piazza Cavour 3,11020,Bard,AO,0125 809873 ,,
173665,7919,Palazzo San Lorenzo,Via Gracco Del Secco 113,53034,Colle di Val D'elsa,SI,,,
173682,7920,Grand Hotel Mediterranee,Via Roma 63,17021,Alassio,SV,0182 642564 ,,
17369,1008,Just Hotel Lomazzo Fiera,Via Ceresio 49,22074,Lomazzo,CO,02 96941801,,
17373,1012,Sun Garden,Via Giuseppe Mazzini 19,91010,San Vito Lo Capo,TP,,,
17384,1014,Residence Eucalipti,Via Lido 127,07041,Alghero,SS,,,
173989,7935,Hotel Sole,V.le Kennedy 123,18013,Diano Marina,IM,0183 405544,0183 403171 ,
174155,7948,Hotel I Due Cigni,Via Del Cipresso 2 - Sant'albino Montepulciano,53045,Montepulciano,SI,,,
174348,7949,Casa Vacanze Isophylla,Via Piemonte 19,17024,Finale Ligure,SV,019 603225,,
174360,7953,Podere Palazzolo,Località  Palazzolo,53011,Castellina In Chianti,SI,,,
17467,1044,La Terrazza Su Boboli,Viale Francesco Petrarca 122 San Frediano,50129,Firenze,FI,,,
174770,7990,Hotel El Chico,Strada Romana 63,17019,Varazze,SV,019 931388,,
17495,1053,Luna Lughente,Località  Pittulongu Strada Panoramica Olbia-golfo Aranci(sp82),07026,Olbia,OT,,,
175471,8031,Hotel Margaret,Via Della Scala N 25 Santa Maria Novella,50123,Firenze,FI,,,
175473,8033,La Locandiera,Via Della Scala 48 Santa Maria Novella,50123,Firenze,FI,,,
175475,8034,B&b Il Salotto di Firenze,Via Roma 6,50123,Firenze,FI,,,
175487,8037,Hotel La Torre,Via Battisti 17,56125,Pisa,PI,050 25220 ,,
175629,8043,Apartments La Gran Becca,Loc Capoluogo N.26,11020,Antey Saint Andrè,AO,,,
175656,8049,Hotel Laurens,Via Giordano Bruno 7,16146,Genova,GE,010 3623965,,
175730,8054,Montebelli Agriturismo & Country Hotel,Località  Molinetto,58023,Gavorrano,GR,,,
175772,8061,Hotel Metropol,Via Divina Provvidenza 2,18013,Diano Marina,IM,0183 495545,0183 495546 ,
175875,8069,B&b La Dimora Degli Angeli,Via Dè Brunelleschi 4/n,50123,Firenze,FI,,,
17609,1060,Hotel Home,Piazza Piave 3,50122,Firenze,FI,055 243668 ,,
176157,8101,Affittacamere Anita,Via Padre Semeria 3,19016,Monterosso Al Mare,SP,0187 829029,,
176199,8114,Residence Liberty,Via Armando Diaz 14,34124,Trieste,TS,040 3225390,,
176754,8145,Villa La Principessa,Via Nuova Per Pisa 1616/g,55050,Lucca,LU,,,
176757,8146,Residenza Fiorentina,Via De' Fossi 12 Tornabuoni,50123,Firenze,FI,,,
176768,8149,Hotel Granducato,Piazza Unione Europea 33/34,50056,Montelupo Fiorentino,FI,0571 913979 ,,
177372,8192,Podere Bellavista,Località  Racciano 43,53037,San Gimignano,SI,,,
177391,8197,Stella Del Magra,Via Paganini 3,19030,Ameglia,SP,,,
177467,8204,Hotel Elefante Bianco,Via Emilia 17,40056,Crespellano,BO,051 732900,051 6504938 ,
177480,8208,B&b Piazza Duomo,Via Stalloreggi 38,53100,Siena,SI,,,
17844,1096,Hotel Genzianella,Fraz. Saint Jacques Place De La Grotte 5,11020,Ayas,AO,,,
17856,1098,Albergo Dolcedo,Via Dolcedo 172,18100,Imperia,IM,0183 781505 ,,
17857,1099,Mare Hotel,Via Nizza 89/r,17100,Savona,SV,019 860061 ,,
17863,1103,Hotel Villa Giulia,Lido di Capoliveri,57036,Porto Azzurro,LI,0565 9040906,,
17864,1104,Miravalle Palace Hotel,Piazzetta Del Castello 3,56027,San Miniato,PI,0571 418075,0571 401968 ,
17865,1105,San Lorenzo A Linari Resort & Beauty Farm,Loc. Linari 220 - San Rocco A Pilli,53018,Sovicille,SI,,,
17996,1136,Hotel Crè Fornè,Località  Crè Fornè,11020,Champoluc,AO,,,
18480,1144,Country Club La Tortiola,Via Tortiola 15,44049,Vigarano Mainarda,FE,,,
18499,1151,Hotel First,Via Dino Ciolli 5,50041,Calenzano,FI,,,
186200,8214,Hotel Da Fine,Via Vallebuia 4,57034,Campo Nell'elba,LI,0565 987017,0565 987250 ,
186203,8217,Hotel Du Grand Paradis & Spa,Via Dottor Grappein 45,11012,Cogne,AO,,,
186204,8218,Hotel Sant'orso,Via Bourgeois 2,11012,Cogne,AO,,,
186210,8224,Hotel Marina,Via Marconi 15,37011,Bardolino,VR,,,
186223,8235,Laguna Palace Hotel Grado,Riva Brioni,34073,Grado,GO,0431 85612,0431 240054 ,
186268,8272,Hotel Miage,Fr. Pont Suaz 252,11020,Charvensod,AO,,,
186275,8278,Hotel Europa,Corso Imperatrice 27,18038,San Remo,IM,0184 578171 ,,
186278,8281,Hotel Florida Tirrenia,Viale Del Tirreno 227,56128,Pisa,PI,,,
186295,8294,Hotel Gran Paradiso,Via Principessa Margherita 20 Casamicciola Terme,80074,Ischia,NA,,,
186300,8299,Hotel Residence Sanremo,Viale Italia 5,34073,Grado,GO,0431 80183,,
186319,8316,Europa Hotel Design Spa 1877,Via Milite Ignoto 2,16035,Rapallo,GE,,,
186390,8372,Villa Vignamaggio,Via Petriolo 5,50022,Greve In Chianti,FI,055 854661,055 8544468 ,
186391,8373,Locanda Del Molino,Montanare di Cortona,52044,Cortona,AR,0575 614016,0575 614054 ,
186393,8375,Hotel Metropole,Via Pagana 2,16038,Santa Margherita Ligure,GE,0185 286134,,
186423,8380,Hotel Europa & Concordia,Piazza Partigiani 36,17021,Alassio,SV,,,
186527,8458,Hotel K2 Cervia,Viale Dei Mille 98,48015,Cervia,RA,0544 971025 ,,
186574,8498,Hotel Plazza,Via Della Stazione 85,55016,Porcari,LU,0583 211456,,
186578,8501,Hotel & Residence Exclusive,Viale Cristoforo Colombo,54036,Carrara,MS,,,
186595,8515,Hotel Raffael,Localita' Putzu Idu Via S'architeddu 58,09070,San Vero Milis,OR,,,
186597,8516,Grand Hotel Miramare,Via Milite Ignoto 30,16038,Santa Margherita Ligure,GE,0185 287013,0185 284651 ,
186598,8517,Hotel Corso,Via A. Diaz 28,17021,Alassio,SV,0182 642494,,
186963,8534,Hotel Croux,Via Croux 8,11013,Courmayeur,AO,0165 846735,0165 845180 ,
186966,8537,Hotel Moderno,Via Vittorio Emanuele 63,91016,Erice,TP,0923 869016,,
186989,8544,Hotel Lo Scoiattolo,Loc. Tache 6,11020,Gressoney La Trinitè,AO,0125 366313 ,,
187009,8548,Locanda Valeria,Loc. Comeneco - Corniglia,19018,Vernazza,SP,0187 821200,,
187108,8580,Hotel L'orologio,Piazza Santa Maria Novella 24 Santa Maria Novella,50123,Firenze,FI,,,
187111,8583,Abbaidda Hotel,Via Mazzini Giuseppe - Loc. La Muddizza,07039,Valledoria,SS,079 4128094,,
187115,8584,Cervo Hotel Costa Smeralda Resort,Loc. Cervo Porto Cervo Costa Smeralda,07021,Arzachena,OT,,,
187181,8609,Una Maison Milano,Via Mazzini 4 Milan City Centre,20123,Milano,MI,,,
187209,8619,La Rossola Resort,Loc. Rossola 11,19011,Bonassola,SP,0187 808109,,
187227,8627,Albergo Ristoro Sitten,Sitten 16,11020,Gressoney La Trinitè,AO,0125 366300 ,,
187235,8630,Affittacamere Buenavista,Rue Des Rascards 8 - Champlan,11020,Champoluc,AO,0125 307039,,
187251,8641,Hotel Savoy,Piazza Della Repubblica 7,50123,Firenze,FI,055 27351 ,,
187259,8647,Affittacamere Rollando,Via Carattino 5,19018,Vernazza,SP,,,
187262,8648,Best Western Hotel Acqua Novella,Via Acqua Novella 1,17028,Spotorno,SV,019 741665 ,,
187266,8651,Capo Ceraso Resort,Via Fontana Umbrina 41 - Loc. Capo Ceraso,07026,Olbia,OT,,,
187274,8657,Auberge De La Maison,Via Passerin D'entrèves 16/a,11013,Courmayeur,AO,,,
187279,8661,Bio Agriturismo Il Vigno,Località  Il Vigno 262,52033,Caprese Michelangelo,AR,0575 792019 ,,
187322,8683,Home 15 Residence,Via Milano 15,95100,Catania,CT,095 506864,,
187327,8686,Cinqueterre Holidays,Via Colombo 94,19017,Riomaggiore,SP,0187 920371 ,,
187363,8711,Agriturismo Le Rondini di Francesco di Assisi,Via Stradone 45,06033,Cannara,PG,,,
187392,8726,Hotel Belle Epoque,Via Roma 8,18038,San Remo,IM,,,
187395,8729,Hotel Milano,Via Antonio Pacinotti 10/12,51100,Pistoia,PT,0573 975700,0573 32657 ,
187435,8747,B&b Vignola,Località  Vignola,19015,Levanto,SP,,,
187517,8779,Grand Hotel Del Mare,Via Portico Della Punta 34,18012,Bordighera,IM,0184 262201,,
187518,8780,Hotel Crismar,Via Prione 233,19100,La Spezia,SP,,,
187519,8781,Albergo Etruria,Via Matteotti 32,56048,Volterra,PI,0588 81606,,
187586,8808,Villa Cambi,Via Valdipugna 12,53100,Siena,SI,0577 270058 ,,
187591,8810,Le Miramonti Hotel & Wellness,Via Piccolo San Bernardo 3,11016,La Thuile,AO,,,
187594,8812,Hotel Piero Della Francesca,Via Romana 20 Angolo Via Adigrat 1,52100,Arezzo,AR,0575 901333 ,,
187855,8827,Atahotel Planibel Residence,Fraz. Entreves 158,11016,La Thuile,AO,0165 884541,0165 884535 ,
187992,8838,Comfort Hotel Europa Genova City Centre,Via Delle Monachette 8,16100,Genova,GE,010 2463537,,
187994,8839,Relais Modern,Via Alfonso La Marmora 22,50121,Firenze,FI,055 5353414 ,,
187996,8840,Hotel Borgo,Via Borgo Ognissanti 67 Santa Maria Novella,50123,Firenze,FI,,,
187997,8841,Bed & Bed Peterson,Via Guido Monaco 25 Porta Al Prato,50144,Firenze,FI,,,
187999,8842,Hotel Orcagna,Via Orcagna 57/59 Lungarno Del Tempio,50121,Firenze,FI,,,
188317,8857,Hotel Vallèe Blanche,Fraz. La Palud 38,11013,Courmayeur,AO,,,
188528,8878,Atahotel Ripamonti,Via Dei Pini 3,20090,Pieve Emanuele,MI,,,
18926,1204,Il Poggiolo Delle Rose Bed&breakfast,Via Quintole Per Le Rose Nâ°159,50023,Impruneta,FI,,,
18927,1205,Hotel Colle Etrusco Salivolpi,Via Fiorentina 89,53011,Castellina In Chianti,SI,,,
18939,1210,International Hotel,Via Martiri Della Libertà  9,25049,Iseo,BS,,,
18998,1228,Hotel Pilier D'angle,Via Grandes Jorasses 18,11013,Courmayeur,AO,,,
190642,8912,Villa Agnese,Via Alla Fattoria Pallavicini 1a,16039,Sestri Levante,GE,,,
190643,8913,Hotel Villa Igea,Via Roma 56,17021,Alassio,SV,0182 640229 ,,
190647,8915,Diano Sporting Apartments,Via Diano San Pietro 101,18013,Diano Marina,IM,,,
190779,8941,Les Neiges D'antan,Fraz Cret 10,11021,Breuil Cervinia,AO,,,
191035,8960,Agriturismo La Sovana,Via di Chiusi 37,53047,Sarteano,SI,0578 274086,,
191087,8971,Residenza Adelaide,Via Brunenghi 87,17024,Finale Ligure,SV,019 68111 ,,
191144,8973,Soggiorno Al Nido,Via Bixio 1,17019,Varazze,SV,019 96281 ,,
191148,8977,Norcenni Girasole Club,Via Norcenni 7,50063,Figline Valdarno,FI,055 915141,055 9151402 ,
19122,1246,Hotel La Rouja,Rue Des Guides19 Bis,11020,Champoluc,AO,0125 308564,,
191349,8987,Hotel San Giuseppe,Via Silla 8,17024,Finale Ligure,SV,019 6816195 ,,
19154,1255,Residenza D'epoca Puccini,Vicolo Malconsiglio 4,51100,Pistoia,PT,,,
19155,1256,Best Western Porto Antico,Via Ponte Calvi 5,16124,Genova,GE,010 2463230,,
19156,1257,Hotel Alexander,Corso Giuseppe Garibaldi 123,18038,San Remo,IM,0184 504591,0184 572131 ,
19159,1258,Hotel Eden,Viale Antonio Gramsci 26,54030,Montignoso,MS,0585 807676,0585 807594 ,
19163,1260,Chiostro Delle Monache,Viale Del Teatro 4 - Loc. San Girolamo,56048,Volterra,PI,0588 86613 ,,
19177,1264,Hotel Relais Des Glaciers Spa Resort,Route Dondeynaz 9,11020,Champoluc,AO,0125 308182,0125 308300 ,
191826,9009,Hotel Cristallo,Viale Regina Margherita 30,42124,Reggio Emilia,RE,0522 511811,0522 513073 ,
19186,1267,Hotel La Corte Del Sole,C.da Bucachemi / Eloro,96017,Noto,SR,0931 820210,0931 812913 ,
191944,9023,A Point Arezzo Park Hotel,Loc. Battifolle 36/t,52100,Castel San Niccolò,AR,0575 96041,0575 9604404 ,
192018,9026,Palazzo Guadagni Hotel,Piazza Santo Spirito 9 San Frediano,50125,Firenze,FI,,,
192021,9027,Ponte Vecchio Suites & Spa,Via Dei Belfredelli 9 Palazzo Pitti,50123,Firenze,FI,,,
192023,9029,Hotellerie De Mascognaz,Loc. Mascognaz,11020,Champoluc,AO,0125 308734,0125 308398 ,
192075,9038,Hotel Diana,Località  Saint Benin 1/b,11020,Pollein,AO,0165 53120,,
192140,9040,Residence Oliveto,Via Romana 31,17023,Ceriale,SV,0182 9111 ,,
192199,9043,Maison Tissiere,Frazione Petit Antey Nâ° 9,11020,Antey Saint Andrè,AO,0166 549140,0166 549861 ,
19276,1277,Residenza Della Signoria,Via Dei Tavolini 8,50122,Firenze,FI,055 2650970,,
19278,1278,Hotel Sole,Via Del Sole 8 Tornabuoni,50123,Firenze,FI,,,
19280,1279,Hotel Centrale,C.so Umberto 85,07026,Olbia,OT,0789 23017,0789 26464 ,
19282,1280,Hotel De Plam,Via De Filippi 51,07026,Olbia,OT,0789 22648,,
19321,1291,Il Giardino di Albaro,Via Oreste De Gaspari 19c,16100,Genova,GE,,,
19345,1300,Residenza D'epoca Home In Palace,Via Gino Capponi 26,50121,Firenze,FI,,,
19346,1301,Relais Uffizi,Chiasso Del Buco 16,50122,Firenze,FI,055 2676239,,
19436,1309,L'ancora,Via Colombo 111,19017,Riomaggiore,SP,,,
19443,1313,Hotel Villa Margherita,Via Mario Puccini 44 - Loc. Quercianella,57128,Livorno,LI,,,
19455,1320,Galigai Tower,Via Dei Cimatori 10 (check In: Via Della Vigna Nuova 9),50100,Firenze,FI,,,
19458,1322,Promenade,Vicolo Del Canneto 2 Palazzo Pitti,50125,Firenze,FI,,,
19482,1326,Hotel Pila 2000,Località  Pila,11020,Pila,VC,,,
218167,9047,Starhotels Michelangelo Florence,Viale Fratelli Rosselli 2 Porta Al Prato,50123,Firenze,FI,,,
218182,9061,Starhotels Savoia Excelsior Palace,Riva Del Mandracchio 4,34124,Trieste,TS,040 77941 ,,
21988,1367,Caprimoon Guest House,Via Della Vigna Nuova 17 Tornabuoni,50123,Firenze,FI,,,
21992,1368,Residenza Millennium,Via Degli Orti Oricellari 31 Santa Maria Novella,50123,Firenze,FI,,,
21993,1369,B&b Old Florence Inn,Largo Fratelli Alinari 11,50123,Firenze,FI,,,
220521,9064,Nh Firenze,Piazza Vittorio Veneto 4/ A Porta Al Prato,50123,Firenze,FI,,,
221745,9079,Hotel Cristallo,Via Cilea 4,17019,Varazze,SV,019 97264,,
222106,9084,Panorama Hotel,Via G. Cesare 40,09010,Portoscuso,CI,,,
222412,9086,Hotel Flamingo,S.s. 195 Km. 33 800,09010,Pula,CA,,,
22349,1375,Hotel Le Petit Abri,Route Varasc,11020,Champoluc,AO,0125 307096,,
224251,9094,Hotel Monte Rosa,Via Monsignor Luigi Marinetti 6,16043,Chiavari,GE,0185 314853,,
224422,9095,Hotel Minerva,Via Fiorentina 4,52100,Arezzo,AR,0575 370390 ,,
22472,1383,Hotel Gennarino,Viale Italia 301,57128,Livorno,LI,0586 803109,0586 803450 ,
22473,1384,Hotel Granduca,Via Senese 170,58100,Grosseto,GR,0564 453833,0564 453843 ,
22479,1387,Relais Ciavatta,Località  Ciavatta,58014,Manciano,GR,0564 602433,,
22480,1388,Park Hotel Galileo,Via Prulli 103/b,50066,Reggello,FI,055 863341,055 863238 ,
22486,1390,Hotel Florenz,Via Brunenghi 124,17024,Finale Ligure,SV,019 2990086,,
22489,1392,Hotel Ristorante Umbria,Via Monte Nibbio 1/3,05019,Orvieto,TR,,,
225847,9101,Astoria Residence Hotel,Via Trento 9,43100,Parma,PR,0521 272717,0521 272724 ,
226087,9104,Nh Plaza,Via Martin Piaggio 11,16122,Genova,GE,010 83161 ,,
226088,9105,Nh Trieste,Corso Cavour 7,34132,Trieste,TS,040 7600055 ,,
22888,1424,Hotel Europe,Piazza Narbonne 8,11100,Aosta,AO,,,
229182,9122,Residence Kriss,Piazza Doria,19013,Deiva Marina,SP,0187 815934,0187 815140 ,
22957,1425,Excelsior Palace Hotel,Via San Michele di Pagana 8,16035,Rapallo,GE,,,
23035,1427,Hotel Petit Tournalin,Champoluc Fraz Villy 2,11020,Ayas,AO,,,
23149,1444,First Of Florence,Via Dei Servi 38,50122,Firenze,FI,055 218442 ,,
23256,1454,Hotel Olympic,Via Marconi 2,11027,Saint Vincent,AO,0166 512377,0166 512785 ,
23299,1463,Convitto Della Calza - Casa Per Ferie,Piazza Della Calza 6 San Frediano,50125,Firenze,FI,,,
23481,1475,B&b Villa La Sosta,Via Bolognese 83 Careggi Rifredi,50139,Firenze,FI,,,
235001,9125,Residence Cielo e Mare,Frazione Lemeglio 75,16030,Moneglia,GE,,,
235030,9132,Bonsai Alghero,Loc. Santa Maria La Palma,07041,Alghero,SS,,,
235048,9136,Mistral Hotel,Via Per Portoferraio 85,57034,Campo Nell'elba,LI,0565 979150,0565 979936 ,
235061,9139,Hotel Villa S. Michele,Piazza Matteotti 14,59015,Carmignano,PO,055 8715872 ,,
235071,9140,Residence Le Grand Chalet,Via Regionale 55,11013,Courmayeur,AO,0165 841448,0165 848183 ,
235456,9154,Albergo Ristorante La Greppia,Via Pagliadiccio 5,54010,Prato,PO,0187 945117,,
235488,9159,Mirage Hotel,Via Valassina 95,20037,Paderno Dugnano,MI,02 99044331 ,,
235615,9177,Grand Hotel Piazza Borsa,Via Dei Cartari 18,90133,Palermo,PA,091 320075,,
235831,9205,Hotel Ca' di Berta,Via Ca' di Berta 5 Salea,17031,Albenga,SV,,,
235846,9208,Hotel Serena,Via Cilea 7,17019,Varazze,SV,019 932435,019 934673 ,
235893,9213,Hotel Genova,Viale Mazzini 126,16039,Sestri Levante,GE,0185 41057,,
235908,9217,Antica Residenza Dell'angelo,Via Beccheria 11,55100,Lucca,LU,,,
235985,9227,Hotel Il Viandante,Via Poggilupi 668,52028,Terranuova Bracciolini,AR,055 9736471,,
235986,9228,La Casa Medioevale,Via Capalle 35,51035,Lamporecchio,PT,0573 803934 ,,
236082,9237,Albergo Gran Paradiso,Località  Pont 25,11010,Valsavarenche,AO,0165 95318,,
236089,9238,Residence Ciel Bleu,Frazione Pila,11020,Pila,VC,,,
236171,9253,Hotel Del Parco,Ss .annunziata N.2,84030,Morigerati,SA,,,
236305,9266,Residence Antica Villa,Strada Comunale Del Fondaccio 235,52100,Arezzo,AR,,,
236521,9294,La Rocca Sport & Benessere,Loc. Perolle 18,11024,Chàtillon,AO,,,
236530,9298,Hotel Esplanade,Viale Roma 235,55045,Pietrasanta,LU,0584 745883,,
236544,9305,Agriturismo Villa La Morina,Loc.montecchio di Cortona C.s 284,52044,Cortona,AR,0575 618716 ,,
236668,9324,Hotel Bel Soggiorno Beauty & Spa,Via Roma 19,25088,Toscolano Maderno,BS,,,
236708,9327,Nh Porta Rossa,Via Porta Rossa 19 Tornabuoni,50123,Firenze,FI,,,
236844,9343,La Grande Cantoria,Via Nazionale 35,50126,Firenze,FI,,,
236848,9344,Agriturismo Villetta di Monterufoli,Via Provinciale Quattro Comuni 20,56040,Monteverdi Marittimo,PI,0565 784282,0565 784162 ,
236987,9362,Villa Ape Rosa Relais,Via Dei Cappuccini 12 Careggi Rifredi,50134,Firenze,FI,,,
237044,9375,Hotel Sole,Corso Mazzini 35,06081,Assisi,PG,075 8043848,075 8043828 ,
237052,9376,Hotel Dei Fiori,Viale Guglielmo Marconi 78,17021,Alassio,SV,0182 640519,,
237070,9378,Il Convento,Via Paolo Zunino 15-17,16035,Rapallo,GE,0185 234402 ,,
237073,9379,Hotel Trattoria Pallotta,Via San Rufino 6,06081,Assisi,PG,075 812307 ,,
237076,9380,Hotel La Fortezza,Vicolo Della Fortezza 19/b,06081,Assisi,PG,075 812418,,
237091,9383,Agriturismo B&b I Pini,Loc. Santa Margherita 37,53037,San Gimignano,SI,,,
237174,9393,Residenza San Giovanni,Via Mannozzi 26-26/a,52027,San Giovanni Valdarno,AR,055 91261 ,,
237178,9394,Sette Angeli Rooms,Via Nazionale 31,50011,Firenze,FI,,055 0124573,
237197,9397,Tenute Plaia Agriturismo,Scopello,91014,Scopello,VC,,,
237470,9419,Hostellerie Le Lievre Amoureux,Località  Chozod 12,11010,Valpelline,AO,,,
237479,9421,Relais Santa Cristina,Strada Provinciale 429 Km 6 700,52017,Radda In Chianti,SI,,,
237491,9422,Argentina Hotel,Via Piemonte 22,09032,Assemini,CA,070 941228,,
237496,9423,Residence Scoglietto 50,Via Breve 1,58043,Castiglione Della Pescaia,GR,0564 921149,,
237521,9426,Hotel Villa Ottone,Loc. Ottone,57037,Portoferraio,LI,0565 933042 ,,
237525,9427,Hotel Eros,Via Carinzia 26/a Sabbiadoro,33054,Lignano Sabbiadoro,UD,,,
237551,9430,Sea Art Hotel,Via Aurelia 454,17047,Vado Ligure,SV,019 2100172,,
237659,9439,Hotel Hermitage Relais & Chà¢teaux,Via Piolet 1,11021,Breuil Cervinia,AO,,,
237662,9440,Margherita Camping & Resort,Loc. Schnacke 15,11025,Gressoney Saint Jean,AO,,,
237693,9447,B&b La Signoria di Firenze,Via Calimaruzza 1,50123,Firenze,FI,,,
237814,9462,Un Angelo Alla Mia Tavola,Via Canaletto 45,19038,Sarzana,SP,0187 629292 ,,
237825,9463,Resort La Ghiaia,Via Falcinello 127,19038,Sarzana,SP,,,
237967,9475,Hotel Ristorante Toscana,Via Flavio Gioia 4,17021,Alassio,SV,0182 640657 ,,
238006,9476,Hotel La Villa Manuelina,Via Roma 296,16036,Recco,GE,0185 74128 ,,
238040,9480,Relais & Chà¢teaux Il Falconiere,Loc. S. Martino 370,52044,Cortona,AR,,,
238273,9494,Albergo Umbria,Via Dei Galanti Sn,06012,Città di Castello,PG,075 8554925,075 8520911 ,
238343,9502,Locanda Le Piazze,Sp. 130 di Castagnoli - Località  Le Piazze 41,53011,Castellina In Chianti,SI,0577 743190 ,,
238610,9523,Hotel Villa Mulino,Via Don Gnocchi 20,37016,Garda,VR,045 7255055,045 7255078 ,
238710,9531,Hotel La Fradora - Dolomites Hotel,Str. Costadedoi 21,39030,San Cassiano,LE,,,
238996,9555,Crystal Sea Hotel,Statale Jonica 114 Km 39,98030,Forza D'agro,ME,,,
239186,9575,Fattoria di Larniano,Loc. Larniano 1,53037,San Gimignano,SI,0577 946032 ,,
239193,9579,Locanda Del Golfo e Delle 5 Terre,Via Xx Settembre 211,19122,La Spezia,SP,,0187 778305 ,
239852,9634,Hotel Molino D'era,Loc. Molino D'era - S.s.r. 439 Dir. Km 6,56048,Volterra,PI,,,
239856,9635,Albergo Giovanni Da Verrazzano,Piazza Matteotti 28,50022,Greve In Chianti,FI,055 853189 ,,
239954,9638,Stella Della Marina,Via Xx Settembre 11,19016,Monterosso Al Mare,SP,0187 802669 ,,
239955,9639,Hotel Il Castellaccio,Via Eugubina 345,06134,Perugia,PG,,,
240452,9669,Hotel Tirreno,Via Manzoni 1,54037,Massa,MS,0585 246173,,
240464,9672,Mulino di Firenze,Via di Villamagna 119 Gavinana - Rovezzano,50126,Firenze,FI,,,
240467,9673,Palazzo Tolomei - Residenza D'epoca,Via Dei Ginori 19,50100,Firenze,FI,,,
240470,9675,Villa Cheli,Via Nuova Per Pisa 1798,55100,Lucca,LU,0583 378059,,
240924,9696,Hotel Gabriella,Via Dei Gerani 9,18013,Diano Marina,IM,0183 403131,0183 405055 ,
240930,9697,Hotel Bellavista,Via Mazzini 6,18016,San Bartolomeo Al Mare,IM,0183 400030,0183 404486 ,
241306,9724,B&b Anfiteatro,Via Dell'anfiteatro 25,55100,Lucca,LU,,,
241464,9747,Aia De Mà ,Viale Viii Marzo 19,17031,Albenga,SV,,,
241490,9752,Hotel Provenza,Via Tacito 4,18039,Ventimiglia,IM,0184 251165,,
241502,9756,Hotel Le Roi,Via Genova 43,17019,Varazze,SV,019 95902 ,,
241533,9758,Azienda Agrituristica Podere Pratovecchio,Località  Pratovecchio,53049,Torrita di Siena,SI,,,
241535,9759,Agriturismo Pieve Sprenna,Località  Pieve Sprenna 59,53022,Buonconvento,SI,,,
241540,9760,Residenza Ca De Frati,Via Chiari 10,52100,Arezzo,AR,,,
241668,9772,Hotel Residence Rely,Via C. Colombo 36-38,37010,Brenzone,VR,045 7420025,,
241771,9778,Albergo Centrale,Via Cecco Angiolieri 26,53100,Siena,SI,0577 280379,0577 42152 ,
242084,9797,Hotel Parrini,Viale Italia 103,58022,Follonica,GR,0566 40293 ,,
242120,9804,Residence Le Terrazze,Via Filzi 21,34124,Trieste,TS,040 369822,040 3474554 ,
242310,9823,Il Rosolaccio,Loc. Capezzano,53037,San Gimignano,SI,0577 944465,0577 944467 ,
242487,9842,B&la Residenza Dell&#39 Orafo,Largo Fratelli Alinari 11,50123,Firenze,FI,,,
242496,9844,Hotel Guelfa,Via Guelfa 28,50129,Firenze,FI,055 215882,,
242525,9848,Antico Borgo Mulignone,S.p. 541 Loc.mulignone Pievescola,53030,Casole D'elsa,SI,,,
242623,9855,Hotel Sileoni,Via Dei Marinai 19,57023,Cecina,LI,,,
242636,9858,Relais Villa Al Vento,Via Santa Maria Maddalena 13 Loc.palazzolo Incisa Valdarno,50064,Incisa In Val D'arno,FI,055 8330275 ,,
243062,9874,Casa In Maremma,Loc. Castellina,58020,Scarlino,GR,0566 35087 ,,
243409,9893,Albergo Stella di Mare,Via Dei Devoto 181,16033,Lavagna,GE,0185 304462 ,,
243413,9896,Hotel Dei Macchiaioli,Via Cavour 21,50122,Firenze,FI,055 213154,055 2648153 ,
243419,9898,Residence Bianca,Via De Gasperi 12 Lugana,25109,Sirmione,BS,,,
243502,9912,Hotel Terme Vena D'oro,Via Valerio Flacco 59,35031,Abano Terme,PD,,,
243982,9948,Le Terrazze Residence Ustica,Via C. Colombo 3,90010,Ustica,PA,091 8449901,,
244173,9950,Hotel Belvedere,Gimillan,11012,Cogne,AO,0165 74059,,
244176,9951,Albergo Suisse Bellevue,Via Privata Domenico Montale - Loc. Minali 2,19016,Monterosso Al Mare,SP,,,
244191,9953,Hotel La Gaietta,Piazza Libertà  98,17017,Millesimo,SV,019 5600594,,
244628,9972,Hotel Regina,Via Bafile 115,30016,Iesolo,VE,0421 211602,0421 211500 ,
244679,9978,Zen Hotel Versilia,Via Alfredo Catalani 63,55044,Pietrasanta,LU,0584 22387,0584 21801 ,
24495,1531,Le Vieux Rascard B&b,Rue Des Guides 35,11020,Champoluc,AO,,,
244967,9989,Hotel Bologna,Via Orcagna 50 Lungarno Del Tempio,50121,Firenze,FI,,,
245017,9997,Hotel Ristoro Vagneur,Fraz. Vens 1,11010,Saint-nicolas,SO,0165 91178,,
245170,10007,Marisa,Via Pisa 28,17031,Albenga,SV,0182 50241 ,,
245185,10011,Agriturismo Il Granaio,C.da Palazzella 2/c,97015,Fermo,FM,,,
245220,10020,Hotel Bologna,Via Della Quercia 3 Sabbiadoro,33054,Lignano Sabbiadoro,UD,,,
245479,10026,Hotel Belvedere,Via Garibaldi 26,19025,Portovenere,SP,0187 790608,,
245485,10027,Hotel Ambassador King Hotel Srl,Via Dei Pini 5,17053,Laigueglia,SV,0182 690011,0182 690850 ,
245678,10037,Hotel Country Club,Via Pesciatina 874,55012,Capannori,LU,0583 434404 ,,
245686,10040,Parking Hotel Giardino,Piazza G. Mazzini 85,57126,Livorno,LI,,,
245706,10042,Hotel Metrà²,Corso Vercelli 61 Fiera Milano City,20144,Milano,MI,,,
245864,10055,Diffuso Navigli Apartments,Via Gentilino 7 Porta Ticinese,20136,Milano,MI,,,
245884,10058,Agriturismo Podere Conti,Via Dobbiana Macerie 3,54023,Filattiera,MS,0187 855052,,
245994,10063,Hotel Pescille,Loc. Pescille,53037,San Gimignano,SI,0577 940186 ,,
246132,10076,Hotel Splendid Mare,Piazza Badarà² 3,17053,Laigueglia,SV,0182 690325,0182 690894 ,
246142,10080,Hotel Baja Romantica,Via Cristoforo Colombo Snc,08013,Bosa,OR,0785 373557 ,,
246297,10084,Residence Al Lago,Via Pescatori 10,06061,Castiglione Del Lago,PG,075 951473,075 951359 ,
246340,10091,Villa Dini,Località  Decimo,53030,San Gimignano,SI,,,
246521,10115,Hotel San Terenzo,Via Lungomare Biaggini 42,19032,Lerici,SP,0187 972469,,
246670,10125,Borgo Casa Al Vento,Località  Casa Al Vento,53013,Gaiole In Chianti,SI,,,
246689,10128,Albergo Park Hotel Giada,Viale Dei Platani 6/16,20020,Arese,MI,02 9385441,,
246812,10137,Relais La Cerreta,Località  Cerreta di Montauto,58014,Capalbio,GR,,,
246994,10149,Hotel Delle Rose,Via Aurelia Levante 65,16035,Rapallo,GE,0185 50736 ,,
247241,10167,Residence Villa Beuca,Via Frankenbergen 37,16016,Cogoleto,GE,,,
247244,10168,Residence Hotel Edy,Strada Poggi 91,18100,Imperia,IM,,,
247277,10181,Hotel Rex,Viale Delle Palme 45 Pineta,33054,Lignano Sabbiadoro,UD,,,
247286,10184,Londrino Apartments Sanremo,Piazza Colombo 17,18038,San Remo,IM,,,
247306,10187,Rèsidence Chà¢teau Royal,Rue Grappein 52,11012,Cogne,AO,,,
247425,10199,Villa Gloria,Loc. Maciallina,53019,Monteriggioni,SI,,,
248119,10244,La Locanda Del Vino Nobile,Via Deil Lilla 1/3,53045,Montepulciano,SI,,,
24816,1539,Residence Le Chalet,Route E. Chanoux 39,11020,Ayas,AO,0125 304024,0125 307228 ,
24818,1540,Hotel Norden Palace,Corso Battaglione Aosta 30,11100,Aosta,AO,0165 236068,0165 1820212 ,
248446,10273,Hotel Express Aosta East,Località  Autoporto 33,11020,Pollein,AO,0165 41846 ,,
248578,10286,Agriturismo Il Castagnolino,Località  Pancole-castagnolino 34,53037,San Gimignano,SI,,,
24868,1547,Il Podere di Monte Sixeri - Residenze di Campagna,Guardia Grande - Podere 13,07041,Alghero,SS,,,
248738,10300,Hotel Europa,Viale Kennedy 3,34073,Grado,GO,0431 80600 ,,
249102,10320,La Serra Sul Mare,Località  Serra 1,19016,Monterosso Al Mare,SP,,,
249107,10321,Hotel Rosa Dei Venti,Via Fiascherino N.150 - Tellaro di Lerici,19032,Lerici,SP,0187 964182,0187 964016 ,
249110,10323,Hermitage Hotel,Via A. Liri 29,16145,Genova,GE,010 311605,,
249115,10326,King's Hotel,Via Libertà  233,07020,Golfo Aranci,OT,,,
249158,10334,Tre Merli Beach Hotel,Viale Miramare 44,34100,Trieste,TS,040 410884,,
249656,10366,Agriturismi Il Canneto e La Peschiera,Loc. Cavallano Fontanella 8,53031,Casole D'elsa,SI,,,
249846,10384,Hotel Michelangelo,Corso Carlo Rosselli 3,54033,Carrara,MS,0585 74545 ,,
249855,10385,Hotel Savoy,Via Marconi 4,17019,Varazze,SV,019 932480,,
250007,10393,Abatjour Eco-friendly B&b,Viale Cadorna 12,50129,Firenze,FI,,,
250028,10397,Hotel Rex,Via Faenza 6,50123,Firenze,FI,,,
250089,10406,Palazzo Rocchi,Piazza San Michele 30,55100,Lucca,LU,,,
250720,10430,Terme di Saturnia Spa & Golf Resort,Via Della Follonata Snc,58014,Manciano,GR,,,
250728,10431,Tourist House Ricci,Via Dè Martelli 7,50123,Firenze,FI,055 2657600 ,,
250912,10444,Locanda Vesuna,Podere Pecorile Vecchio 19,53020,Pienza,SI,,,
250921,10446,Albergo Villa Edera,Via Gardesana 326,37018,Malcesine,VR,045 7400412,045 7400977 ,
250964,10455,Villa Alisia,Contrada Ponte Madonna,92100,Vetralla,VT,,,
250977,10459,Relais Dante e Beatrice,Via Cavour N. 90,50129,Firenze,FI,055 579232,,
250987,10461,Hotel Burchianti,Via Del Giglio 8,50123,Firenze,FI,,,
251032,10462,Residenza Betta,Via A.poliziano 9,50123,Firenze,FI,055 486601 ,,
251045,10466,Hotel Nautilus,Via Mazzini 45,55042,Forte Dei Marmi,LU,0584 787266 ,,
251075,10477,Villa Priprì,Frazione Periasc 54,11020,Ayas,AO,,,
251670,10514,Hotel Ascot,Via Nazionale 8/a,50123,Firenze,FI,055 212976,,
251690,10518,Hotel Desirèe,Via Fiume 20,50123,Firenze,FI,,,
251708,10521,La Fattoressa,Via Volterrana 58 Galluzzo Certosa,50124,Firenze,FI,,,
251848,10543,Bosco Della Spina,Via Della Tinaia 13,53016,Murlo,SI,0577 814605,0577 814606 ,
251888,10549,Miramonti Park Hotel,Via Milano 50,23032,Bormio,SO,0342 903312,0342 905222 ,
252023,10560,Hotel Primula,Via S.erasmo 4,17021,Alassio,SV,0182 640508,,
252028,10561,Paradiso di Manà¹,Reg.chiariventi 35,17026,Noli,SV,,,
252034,10562,Hotel Mimosa,V. Aurelia 11,17028,Spotorno,SV,019 743338,019 743266 ,
25241,1573,Residence Sole,Via Michelangelo 17,17031,Albenga,SV,,,
25246,1575,Hotel St.mauritius,Via Xx Settembre 28,55042,Forte Dei Marmi,LU,0584 787131,0584 787157 ,
252573,10594,Hotel Arnolfo &amp Aqua Laetitia Spa &amp Beauty,Via Trieste 31,51016,Montecatini Terme,PT,,,
252583,10596,Ponte Del Vegnuti,Via di Fosdinovo - Località  Ceserano,54013,Fivizzano,MS,0187 420224 ,,
252594,10598,Platinhome Repubblica,Piazza Della Repubblica 6,50123,Firenze,FI,,,
25260,1578,Appartamenti Elbamare Porto Azzurro,Different Locations In Porto Azzurro (check-in At Via Veneto 3),57036,Porto Azzurro,LI,,,
252776,10614,Baglio Mustazza,Via Matteotti 68 (check-in: Via Battaglia 64),91012,Buseto Palizzolo,TP,0923 852532 ,,
252781,10615,B&b Del Centro,Via Sant 'agata 104,94100,Enna,EN,,,
252796,10618,Hotel Paese Corvara,Piazza Ildebrando 9,19020,Corvara,PE,,,
25280,1584,Villa Lucrezia,Piazza Puccini 5 Porta Al Prato,50144,Firenze,FI,,,
252850,10624,Hotel Ottoz Meublè,Strada Dolonne 9,11013,Courmayeur,AO,,,
253679,10653,Relais Del Castello,Via di Nozzano 555,55100,Lucca,LU,0583 368892 ,,
253734,10659,Soggiorno Venere,Via Guelfa 59,50129,Firenze,FI,,,
253753,10666,Hostel Archi Rossi,Via Faenza 94 R,50123,Firenze,FI,055 290804 ,,
253783,10670,Hotel San Luca,Piazza Garibaldi 2,52044,Cortona,AR,0575 630460,0575 630105 ,
253842,10671,Albergo Villa Anna Maria,Via Croues 5,11020,Champoluc,AO,0125 307128,0125 307984 ,
254028,10682,Hotel Bagni Arcobaleno,Lungomare Colombo,19013,Deiva Marina,SP,0187 815801,,
254049,10686,Case Brizi Assisi,Via Brizi 5,06081,Assisi,PG,,,
254326,10696,Albergo Villa Nencini,Borgo Santo Stefano 55,56048,Volterra,PI,0588 86386,,
254345,10701,Casali Romei,Via Monterosso 2 - Località  Belvedere,19038,Sarzana,SP,,,
254515,10710,Resort Regina Del Mare,Viale Del Tirreno 82,56018,Pisa,PI,050 30144,,
255004,10744,Residence Linda,Via Aurelia 220,18016,San Bartolomeo Al Mare,IM,0183 400708,,
255007,10745,Residence Greco,Via Aurelia 153,18016,San Bartolomeo Al Mare,IM,0183 401872,0183 401113 ,
255128,10749,Residence Dei Walser,Località  Orsia 1,11020,Gressoney La Trinitè,AO,0125 366640,,
255269,10759,Pisolo Resort,Piazza Colombo 29,18038,San Remo,IM,0184 543247 ,,
255325,10764,Palace Suite,Via San Nicolà² 34 - 36 / Via Dante 6,34121,Trieste,TS,040 367631,040 368816 ,
255476,10770,Hotel La Chance,Località  Chacard 5,11020,Pila,VC,0165 1773023 ,,
255785,10788,B&b I Coralli,Via San Pietro 17,19016,Monterosso Al Mare,SP,,,
255787,10789,Hotel Cristoforo Colombo,Via Porta Soprana 27,16121,Genova,GE,,,
256100,10812,Hotel Corallo,Via Colombo 20,16030,Moneglia,GE,0185 49445 ,,
256116,10815,Hotel Dei Camosci,Strada Per Entrèves 7,11013,Courmayeur,AO,0165 842338,0165 842124 ,
256422,10829,Hotel Due Gemelli,Via Litoranea 1,19017,Riomaggiore,SP,0187 920111,,
256426,10830,Villa Rita Sanremo,Vicolo Foce 21,18038,San Remo,IM,,,
256924,10858,Green Quiet Affittacamere,Località  Puin 1067,19020,Pignone,SP,,,
257095,10873,Hotel Marinella,Corso Orazio Raimondo 143,18038,San Remo,IM,0184 505900,0184 500323 ,
257109,10875,Hotel Riviera Dei Fiori,Via Aurelia 3 - Loc. San Lorenzo Al Mare,18017,San Lorenzo Al Mare,IM,0183 745100,0183 930125 ,
257112,10876,Hotel Gianni Franzi,Via San Giovanni Battista 41-47-49,19018,Vernazza,SP,0187 812228,,
257222,10881,Oxford Hotel,Via Regina Elena 151 Marina Centro,47900,Rimini,RN,,,
257232,10885,Villaggio Albergo Dei Gallo,Via Delle Fonti 197,19020,Pignone,SP,0187 887630,,
257904,10904,B&b Hotel Milano-monza,Via Lario 19,20900,Monza,MI,,,
258083,10916,La Lampara,Via Cassaretto 62,91100,Trapani,TP,0923 87346,,
258230,10927,Palazzo Brandano,Via Val Gelata 18,53020,Trequanda,SI,0577 665169 ,,
258403,10929,Hotel Astor,Via Maragliano 101 Porta Al Prato,50144,Firenze,FI,,,
258479,10937,Hotel Les Granges,Fraz. Les Granges 10,11016,La Thuile,AO,,,
258909,10947,Relais St Gilles,Via Circonvallazione 119,11029,Verrès,AO,,,
259105,10954,Beside Airport,Via Dell'aereoporto 48,56100,Pisa,PI,,,
259113,10956,A Teatro B&b,Via Giuseppe Verdi 12,50122,Firenze,FI,,,
259746,10972,Giada,Via Burgo 3,16030,Moneglia,GE,0185 490042 ,,
259819,10973,Hotel Astra,Via Costantini N. 48,19124,La Spezia,SP,0187 511105,0187 511526 ,
259827,10974,Hotel Baia,Lungomare Fegina 88,19016,Monterosso Al Mare,SP,0187 817512 ,,
259835,10976,B&b Al Castello,Via Del Castello di Fabro 5,05015,Fabro,TR,,,
259997,10984,Hotel Liberty,Rondà² Garibaldi 2,18038,San Remo,IM,0184 509952,0184 955361 ,
260098,10986,Etoile De Neige,Loc. Pila 5,11020,Pila,VC,,,
260250,10998,Hotel Miramare,Via Cappellini 9,16039,Sestri Levante,GE,0185 480855 ,,
260372,11006,Podere Chiaromonte,Via Nuova,56036,Palaia,PI,0587 609004 ,,
260395,11011,Il Sogno di Alghero,Regione Monte Agnese 27,07041,Alghero,SS,079 987292 ,,
260403,11012,Le Stanze Dei Medici,Via Cavour 42,50129,Firenze,FI,,,
260579,11021,Hotel Miranda,Via Garibaldi 21,17019,Varazze,SV,019 934668,019 934669 ,
260618,11024,Au Coeur Des Neiges,Strada Statale 26,11013,Courmayeur,AO,0165 843514,0165 847350 ,
261314,11049,Rex Hotel Residence,Via Oreste De Gaspari 9,16146,Genova,GE,,,
261357,11054,Ristoro A Lucarelli,Località  Lucarelli N. 7,53017,Radda In Chianti,SI,,,
261361,11055,Le Vecchie Cantine,Piazza Bartoli,56034,Chianni,PI,0587 648164,,
261436,11059,Hotel Castello Monticello,Via Provinciale,58012,Isola Del Giglio,GR,0564 809252,0564 809473 ,
261465,11061,Affittacamere Monterosso 5 Terre,Via Gioberti 25,19016,Monterosso Al Mare,SP,0187 817092 ,,
261611,11068,Hotel Des Glaciers,Via Della Vittoria 66,11013,Courmayeur,AO,0165 842037,0165 845100 ,
261733,11073,Elisabetta,Via Carratino 62,19018,Vernazza,SP,,0185 458437 ,
261828,11076,B&b Villanova,Località  Valcanoro - Strada di Sant'appiano 11/a,50021,Barberino Val D'elsa,FI,,,
262398,11100,Residence Holidays,Via N. Sauro 196,17027,Pietra Ligure,SV,019 613072,,
262618,11111,B&b Locanda di Firenze,Via Faenza 12,50123,Firenze,FI,,,
263181,11139,Case Per Ferie Il Gabbiano,Piazzale Giovanni Xxiii,19121,La Spezia,SP,,,
263515,11159,Hotel Diamante,Via Simone Da Corbetta 162,20011,Corbetta,MI,02 97292250,02 97292295 ,
263520,11160,Astra Hotel,Via Fabio Filzi 44,18013,Diano Marina,IM,0183 497011 ,,
263523,11161,Hotel Iris,Via Gabriele Rossetti 3,16148,Genova,GE,010 3773914 ,,
263741,11170,Alloro B&b,Via Del Giglio 8,50123,Firenze,FI,,,
263943,11177,Cerdena Rooms,Via Milano 1b,09125,Cagliari,CA,070 491018,,
264295,11193,Hotel Messenion,Via Faranda 7,98123,Messina,ME,,,
26454,1615,Hotel Hermitage,Vicolo Marzio 1 (piazza Del Pesce),50122,Firenze,FI,,,
264569,11203,Relais Centro Storico,Corso Italia 26,56125,Pisa,PI,050 45231 ,,
264584,11205,Il Vecchio Mulino,Via Del Molino 25,56048,Volterra,PI,0588 44199,0588 45926 ,
264600,11207,La Locanda Degli Aceri,Passo Della Cisa Loc. La Borella 5,54027,Pontremoli,MS,,,
264717,11208,Hotel Del Golfo Ora Resort,Via Aurelia Pia 53/55,17024,Finale Ligure,SV,019 600633,,
264720,11209,Affittacamere Tre Fre',Via Paleocapa 4,19100,La Spezia,SP,,,
264721,11210,Affittacamere A Posada,Via Xx Settembre 119,19100,La Spezia,SP,,,
264722,11211,Affittacamere Casa Dane',Via Paleocapa 4,19100,La Spezia,SP,,,
264727,11212,Hotel I Loggi,Via Lambruschini 69/71,06100,Perugia,PG,075 5837607,,
265042,11236,Bio-agriturismo La Ginestra,Via Malafrasca 216,50026,San Casciano In Val di Pesa,FI,055 8248196,,
265835,11257,Sangaggio House B&b,Via Cardinal Leopoldo 62 Galluzzo Certosa,50124,Firenze,FI,,,
265843,11258,Borgo San Giusto,Via Salaiola N 151,50053,Empoli,FI,0571 1720770 ,,
266443,11275,Hotel Lyshaus,Loc. Tschoarde 1,11025,Gressoney Saint Jean,AO,0125 356644 ,,
266472,11278,Grand Hotel Villa Cora,Viale Machiavelli 18 Palazzo Pitti,50125,Firenze,FI,,,
266573,11287,Hotel Italia,Viale Matteotti 29,18100,Imperia,IM,0183 61867,,
266734,11293,Dipendenza Hotel Stella Maris,P.zza Staglieno 17,19015,Levanto,SP,,,
267047,11303,Affittacamere Animor,Viale Francesco Ciusa 46,09131,Cagliari,CA,070 488515 ,,
267058,11306,Villa Armena Relais,Località  Armena,53022,Buonconvento,SI,0577 806346,,
267436,11323,Azienda Agrituristica Bellavista,Via Della Leccia 2,50025,Montespertoli,FI,,,
267473,11325,B&b Residenza Manzoni,Via Alessandro Manzoni 2,50121,Firenze,FI,,,
267667,11328,B&b Bel Duomo,Borgo San Lorenzo 4,50123,Firenze,FI,,,
26772,1625,Hotel Byron,Xi Traversa 22,48015,Cervia,RA,0544 994023 ,,
267772,11334,Sostio A Levante,Località  Montebello,19014,Framura,SP,,,
268487,11356,Flowery Inn Villa,Via Mauro Manca 26,07041,Alghero,SS,,,
269096,11378,Residenza Torre Del Colle,Via Fiaggia 4,06034,Bevagna,PG,,,
270058,11405,Hotel Ercolini & Savi,Via San Martino 18,51016,Montecatini Terme,PT,,,
270144,11413,Casa Sant'ansano,Via Montarioso 35,53035,Siena,SI,,,
270215,11420,La Campana D'oro,Via Cafaggio 1 - Corvara di Beverino,19020,Corvara,PE,,,
270321,11423,Hotel di Sor Paolo,Via Cassia Per Firenze 40,50026,San Casciano In Val di Pesa,FI,,,
270339,11424,Residenza Principina,Strada Della Principina 3 N.10,58100,Grosseto,GR,0564 400231,0564 1882042,
270343,11425,Antella Residence,Via Romanelli 37/b,50011,Bagno A Ripoli,FI,055 6565300,055 6569498 ,
270352,11426,Hotel President,Via Arrigo Simintendi 20,59100,Prato,PO,0574 30251,0574 36064 ,
270357,11427,Solemare,Via Iglesias 1,07041,Alghero,SS,,,
270384,11429,Cortile Palermo B&b,Cortile Corrao 2,90138,Palermo,PA,,,
270475,11432,Hotel Principe Forte Dei Marmi,Via Morin 67,55042,Forte Dei Marmi,LU,0584 783611,,
270605,11437,Agritur De Poda Apartments,Via Nazionale 62,38010,Flavon,TN,,,
270845,11451,Antico Pastificio,Via Dell'arco 9/15,50022,Greve In Chianti,FI,,,
271203,11478,Podere Scarabattoli,Via Cavalcanti 126,50058,Signa,FI,055 876127 ,,
271243,11480,Logis Hotel Kursaal,Via Europa 24,06065,Passignano Sul Trasimeno,PG,075 828085,075 827182 ,
271467,11490,Hotel Zunino,Via Serra 23,17028,Spotorno,SV,019 745441,019 7416175 ,
271645,11504,Hotel Lysjoch,Località  Fohre 4,11020,Gressoney La Trinitè,AO,0125 366150,0125 366365 ,
271684,11509,Affittacamere La Stazione,Via Fiume 52,19122,La Spezia,SP,0187 702069 ,,
271846,11522,Florence Dream Domus,Via Ginori 26,50123,Firenze,FI,055 295346,055 2675643 ,
271855,11523,Leone X B&b,Via Leone X N. 4,50129,Firenze,FI,,,
271859,11524,Plus Florence,Via Santa Caterina D'alessandria 15,50129,Firenze,FI,,,
271868,11526,Il Casale di Nanni,Via San Donato 983,55100,Lucca,LU,0583 515391,,
271903,11530,Rifugio Belvedere,Località  Alpe Salere Superiore,11020,Champoluc,AO,0324 65322 ,,
272002,11537,Locanda Terenzi,Loc Montedonico,58054,Scansano,GR,0564 599601,0564 599625 ,
272135,11552,La Locanda Del Podestà ,Via Castè 17,19020,Riccò Del Golfo di Spezia,SP,,,
272264,11557,Hotel Arma Ristorante,Via Aurelia Levante 6,18018,Taggia,IM,0184 461018,0184 42276 ,
272573,11575,Villa Guarnaschelli,Via di Poggio Secco 5,50018,Scandicci,FI,055 7422017,,
272592,11577,Hotel Rendez-vous,Fraz. Urbains 4,11010,Aymavilles,AO,0165 902050,,
272628,11581,Relais The One,Via Cavour 43,17055,Toirano,SV,0182 921838,,
272771,11587,Villa Pischinas,Località  Pischinas 12,08010,Magomadas,OR,,,
272972,11599,Ruggiero Vii,Via Cavour 32,90133,Palermo,PA,091 581585,091 6119819 ,
273171,11610,Albergo Lavagnese,Via Nuova Italia 125,16033,Lavagna,GE,,,
273178,11612,Hotel Ulivo,Via Aurelia 19,18013,Diano Marina,IM,0183 407066,,
273419,11622,Residenza Viani Guest House,Via Persio 49,19121,La Spezia,SP,0187 24703 ,,
273751,11638,Baia Del Faro,Baia Del Faro,07020,Palau,OT,,,
273767,11639,B&b Puccini Al Cavour,Piazzetta Del Sole 6 (check-in At Vicolo Malconsiglio 4),51100,Pistoia,PT,,,
273802,11645,Clelia Eco-friendly Apartments,Via Silvio Pellico 33,19013,Deiva Marina,SP,,,
274356,11666,Podere La Strega,Strada Dell'ascarello 6,53100,Siena,SI,,,
274579,11673,Hotel Rezia,Via Marconi 25,23023,Chiesa In Valmalenco,SO,0342 451271 ,,
274593,11676,Hotel Arnaldo Aquila Dâ€™oro,Piazza Xxiv Maggio 3,42048,Rubiera,RE,,,
274836,11688,Torre di Ponzano,Strada di Ponzano 8,50021,Barberino Val D'elsa,FI,055 8059255 ,,
274843,11689,Locanda Sant'agata,Ss12 Dell'abetone e Del Brennero Km 5+812,56017,San Giuliano Terme,PI,,,
274894,11694,B&b Le Camere di Livia,Via di San Martino 12,53100,Siena,SI,,,
274899,11695,Hotel Regina,Viale Hanbury 220,17021,Alassio,SV,0182 640215,0182 660092 ,
275363,11726,B&b A Florence View,Piazza San Giovanni 2,50121,Firenze,FI,,,
275408,11732,Ortali Country House,Località  Ortali 550,52100,Quarrata,PT,,,
275637,11748,Albergo Ristorante Ligabue,Piazza Iv Novembre,42044,Gualtieri,RE,0522 1860600,0522 1860699 ,
275734,11752,Val di Luce Spa Resort,Via Val di Luce 22,51021,Abetone,PT,0573 60961 ,,
276071,11776,Hotel Grandes Murailles,Via Roma 78,11028,Valtournenche,AO,,,
276494,11791,La Pergola Dependance,Via Latisana 183 Sabbiadoro,33054,Lignano Sabbiadoro,UD,,,
276594,11797,Hotel Il Saraceno,Località  Ava - Volastra,19017,Riomaggiore,SP,0187 760081 ,,
276599,11798,B&b Palazzo Sozzifanti,Via Della Torre 13 (check-in At Vicolo Malconsiglio 4),51100,Pistoia,PT,,,
276605,11799,Il Torraiolo Resort,Via di Novoli 32,50021,Barberino Val D'elsa,FI,,,
276648,11806,Hotel Villa Lo Scoglietto,Via Del Corallo,57027,San Vincenzo,LI,0565 701614,0565 704432 ,
276866,11822,Hotel Art Atelier,Via Dell'amorino 20/r,50123,Firenze,FI,,,
276945,11834,Residence Cour Maison,Route Mont Blanc Snc,11010,Prè Saint Didier,AO,,,
277289,11858,Hotel Innocenti,Via Gioberti 5,51016,Montecatini Terme,PT,0572 78820,,
277295,11859,Hotel Delle Terme di Venturina,Via Delle Terme 36/40,57021,Campiglia Marittima,LI,,,
277338,11866,Hotel Residence Universo,P.zza V.emanuele Ii 3,11010,Prè Saint Didier,AO,,,
277507,11871,Cicerone Guest House,Via Guelfa 45,50129,Firenze,FI,,,
277509,11872,Meublè Della Nouva,Fraz. Pila 75,11020,Gressan,AO,,,
277524,11875,Hotel Cernia Isola Botanica,Via San Gaetano 23,57030,Marciana,LI,0565 908210 ,,
277580,11884,Orlando Palace Apartments,Via Maggio 21 Palazzo Pitti,50125,Firenze,FI,,,
277708,11899,La Maison De Amelie,Loc. Cors 96,11020,Fenis,AO,,,
27778,1671,Hotel Fernanda,Via Milite Ignoto 9,16035,Rapallo,GE,0185 50244 ,,
27779,1672,Fullino Nero Rta - Residenza Turistico Alberghiera,Strada Del Petriccio e Belriguardo 166-168,53100,Siena,SI,,,
278201,11927,Hotel Planibel,Fraz. Entreves,11016,La Thuile,AO,0165 8131 ,,
278403,11934,Hotel De Paris Sanremo,Corso Imperatrice 66,18038,San Remo,IM,0184 1925250 ,,
278414,11935,Villa Agape,Via Torre Del Gallo 8-10,50125,Firenze,FI,,,
279275,12011,Hotel Jean Marie,Via Andrea Doria 40,18018,Taggia,IM,,,
279626,12027,Hotel Italia,Via Valley 2,11022,Brusson,AO,0125 300114 ,,
279847,12038,A Casa Doina Tower,Largo Del Parlascio 10,56127,Pisa,PI,,,
280429,12085,B&b Tuscany Gallery,Via Amerigo Vespucci 96,56125,Pisa,PI,,,
280586,12096,Il Giglio Rosso B&b,Via Guido Monaco 25 Porta Al Prato,50144,Firenze,FI,,,
280609,12098,B&b Soggiorno Panerai,Via Dei Servi Nâ° 49,50122,Firenze,FI,,,
281012,12129,Chambres D'hotes Les Fleurs,Frazione Les Fleurs 7,11020,Gressan,AO,,,
281194,12142,Hotel Astoria,La Palud 23,11013,Courmayeur,AO,0165 869730,,
281199,12143,Hotel Corallo,Via Dei Gigli 5,18013,Diano Marina,IM,0183 402607,0183 404503 ,
281204,12144,Relais Del Golfo,Via Simonetta Cattaneo Vespucci,19025,Portovenere,SP,0187 792053 ,,
281206,12145,Affittacamere Lo Scoglio,Via Iv Novembre N. 3 (check-in At Via Padre Semeria 9 Monterosso),19016,Monterosso Al Mare,SP,,,
281285,12156,Platinhome Ricasoli,Via Ricasoli 48,50122,Firenze,FI,,,
28137,1705,Hotel Residence Acquacalda,Via Mazzini,98055,Lipari,ME,,,
281704,12189,Sangallo Hotel,Piazza Vittorio Veneto 15,52048,Monte San Savino,AR,0575 810049 ,,
281808,12204,Il Lido,Strada Provinciale di Giannella 215,58015,Orbetello,GR,,,
282238,12223,Crabun Hotel,Via Nazionale Per Donnas 3,11026,Pont Saint Martin,AO,0125 805516 ,,
282277,12226,Excelsior Palace Hotel,Via Toselli 8,98039,Taormina,ME,0942 23975,0942 23978 ,
28247,1716,Casa Lucia,Localita' Corsignano S.p.102 Siena,53010,Monteriggioni,SI,,,
282521,12241,Hotel Michelangelo,Via Poggilupi 580/a,52028,Terranuova Bracciolini,AR,055 9738557,,
282800,12266,Fortezza De' Cortesi,Loc. Monti 26,53037,San Gimignano,SI,,,
282828,12272,Villa Pitti Amerighi - Residenza D'epoca,Via Cosimini 70,51018,Pieve A Nievole,PT,,,
283020,12278,Casa Per Vacanze Libertà ,Via Silvio Spaventa 1,50129,Firenze,FI,,,
283044,12279,Soggiorno Sogna Firenze,Via Delle Porte Nuove 36 Porta Al Prato,50144,Firenze,FI,,,
283068,12282,B&b Residenza Giotto,Via Roma 6,50123,Firenze,FI,,,
283096,12291,Residenza Castelli,Piazza Santo Stefano 1,50122,Firenze,FI,,,
283359,12325,Hotel Lumin,Via S. Vito Cremia,22010,Cremia,CO,0344 80299,,
283595,12344,Residenza D'epoca Palazzo Fineschi Sergardi,Pian De' Mantellini 26,53100,Siena,SI,,,
283706,12360,Albergo San Lorenzo,Via Piave 22,58100,Grosseto,GR,0564 24116 ,,
283908,12378,Agriturismo Le Pale,Via Pale 5,16031,Bogliasco,GE,010 3470388 ,,
283913,12379,Hotel Nuovo Al Mare,Via Boselli 24,17021,Alassio,SV,019 615641 ,,
283920,12380,Starfish Holidays,Via Colombo 135,19017,Riomaggiore,SP,,,
283942,12382,Hotel Meublè Zenith,Arco Del Libeccio 32 Pineta,33054,Lignano Sabbiadoro,UD,,,
284073,12392,Tenuta Tizzauli,Via Tizzavoli 4,50025,Montespertoli,FI,,,
284101,12400,Albergo Duomo - Residenza Dei Principi di Santa Croce,Piazza Duomo 4,05029,San Gemini,TR,0744 630015,0744 630336 ,
284167,12406,Hotel La Pineta,Via La Pineta,16016,Cogoleto,GE,010 9188404,010 9188067 ,
284177,12407,Hotel Riviera Sanremo,Corso Degli Inglesi 86,18038,San Remo,IM,,,
284186,12409,B&b Villa Luisa,Via Senatore F. Ricci 11,16030,Casarza Ligure,GE,,,
284209,12413,Ammiraglio,Via Provinciale di Campese 7,58012,Bassano Del Grappa,VI,,,
28485,1719,Hotel Locanda Della Posta,C.so Vannucci 97,06121,Perugia,PG,075 5728925,,
28487,1720,Villa Rosa di Boscorotondo,Via San Leolino 59,50020,Greve In Chianti,FI,,,
284955,12460,Country House Borgo Lacaioli,Loc. Lacaioli,06061,Castiglione Del Lago,PG,075 9652862,,
285248,12470,Il Pellicano,Localita Sbarcatello,58018,Monte Argentario,GR,0564 858111 ,,
285306,12478,Villa di Capovento,Località  Capovento,53011,Castellina In Chianti,SI,,,
285363,12484,Hotel Argentina,Via Paraggi A Monte 56,16038,Santa Margherita Ligure,GE,0185 286708,,
285564,12501,Poggio All'agnello Country &amp Beach Residential Resort,Loc. Poggio All'agnello,57025,Piombino,LI,,,
28591,1751,Hotel Beau Site,Rue Trois Villages 4,11022,Brusson,AO,,,
285961,12530,Hotel Olympic,Via Anello Del Pino 8,48015,Cervia,RA,,0544 995277,
286115,12539,Locanda Villa Moderna,Via Privata Emanuele Ravano,16167,Genova,GE,,,
286126,12541,Hotel Svizzera,Lungomare 123,18018,Taggia,IM,0184 43152,0184 43153 ,
286187,12547,Hotel Veronese,Vico Cicala 3,16124,Genova,GE,010 2510771,010 2510639 ,
286207,12549,Hotel Europa,Viale Pompeo Pellini 19,06124,Perugia,PG,075 5726883,075 5738805 ,
286510,12562,Morali Palace,Piazza Della Raibetta 2 Int. 28-29,16123,Genova,GE,,010 0899269 ,
286526,12566,Gli Arlecchini B&b,Via Alessandro Manzoni 14,56100,Pisa,PI,,,
286629,12575,Msnrelais Le Querciole,Via Santo Stefano 163,50050,Montaione,FI,,,
287112,12599,Aba Village,Via Scarlinese 60,58020,Scarlino,GR,,,
287185,12607,Hotel Derby,Via Adamello 16,23031,Aprica,SO,0342 746067,0342 747760 ,
287458,12622,Hotel President,Viale Della Pittura 9 Riviera,33054,Lignano Sabbiadoro,UD,,,
287823,12636,B&ca&#39 Battista,Località  Montelungo Inferiore Nâ°63,54027,Pontremoli,MS,,,
288142,12651,Agriturismo La Rocca Dei Briganti,Loc. La Campigliola Km 10,58014,Manciano,GR,,,
288259,12666,Hotel Santa Margherita Palace,Via Roma 9,16038,Santa Margherita Ligure,GE,0185 287139 ,,
288276,12671,Grand Hotel Alassio,Via Gramsci 2,17021,Alassio,SV,0182 648778,0182 648682 ,
28837,1762,La Casa Del Garbo - Residenza D'epoca,Piazza Della Signoria 8,50122,Firenze,FI,,,
288635,12686,Locanda Del Voison,Via Voison 30,11100,Aosta,AO,0165 060162 ,,
28865,1769,Hotel Friuli,Viale Ledra 24,33100,Udine,UD,0432 234351 ,,
28876,1774,Hotel Saint Pierre,Rue Corrado Gex 61,11010,Saint Pierre,AO,,,
288868,12702,L' Ancien Paquier Guest House,Frazione Capoluogo 31,11028,Valtournenche,AO,,,
288933,12710,Virtus Et Otium - Feldererhof,Frazione Ceves 4,39049,Vipiteno,BZ,,,
289160,12723,Hotel Fedora,Via Spartaco Lavagnini 45,50129,Firenze,FI,055 480013,055 486256 ,
289171,12726,Antico Casale,Località  Pian di Sala,53037,San Gimignano,SI,,,
289222,12735,Relais Villa Grazianella,Via Grazianella 5,53045,Montepulciano,SI,,,
289390,12744,Albergo Ristorante San Pietro,Via San Pietro 2,23030,Valdisotto,SO,0342 901759,0342 919462 ,
28946,1777,Europa Grand Hotel,Via Carpanini 1,19032,Lerici,SP,0187 967800,,
289487,12767,Hotel Bristol,Via Privata Francesco Bogliolo 25,17021,Alassio,SV,,,
28949,1778,Doria Park Hotel,Via Carpanini 9,19032,Lerici,SP,0187 967124,0187 966459 ,
28955,1782,Villa Il Fedino,Via Borromeo 7,50026,San Casciano In Val di Pesa,FI,055 5357650,,
289770,12794,Hotel Lac Bleu,Loc Campeggio 1,11021,Breuil Cervinia,AO,0166 949103 ,,
289808,12802,Casa Vacanze Cau - Viale Europa,Viale Europa 118,07041,Alghero,SS,079 951187,,
289858,12805,Hotel Bel Sit,Via Don Boselli 28,17021,Alassio,SV,0182 472060,0182 471825 ,
289867,12806,Muntaecara Albergo Diffuso,Piazza Vittorio Veneto 2,18035,Apricale,IM,0184 209030,,
290324,12860,Residence Garni Melcherhof,Telferweg 16,39040,Racines,BZ,0472 756625,0472 758181 ,
290475,12862,Residence Villa Fridau,Località  Fridau 1,11025,Gressoney Saint Jean,AO,0125 356677 ,,
290622,12884,Blu Notte,Via Martiri Del Popolo 27,50122,Firenze,FI,055 5392311 ,,
290691,12893,Locanda L'ombrosa,Via Provinciale Piana 4,19020,Vezzano Ligure,SP,,,
290706,12895,B&b Buonanotte Barbarossa,Piazza Delle Carceri 1,59100,Prato,PO,,,
290933,12913,Hotel Dino,Località  Pareti,57031,Capoliveri,LI,0565 939103,0565 968172 ,
290948,12915,Podere San Giusto,Via Poggio Alla Croce 41,50063,Figline Valdarno,FI,,,
291427,12948,Hotel Al Sant'andrea,Via Variante Aurelia 34,19038,Sarzana,SP,,,
291462,12956,Hotel Gianlore,Viale Dante 55,48015,Cervia,RA,0544 991798 ,,
292020,13004,Hotel La Cascina,Via Cannetolo 25,43012,Fontanellato,PR,0521 822235 ,,
292275,13025,Soggiorno Rondinelli,Via Rondinelli 3 Tornabuoni,50123,Firenze,FI,,,
292987,13078,Sani Tourist House,Piazza Dei Giuochi 1,50122,Firenze,FI,055 211235,,
293006,13081,Il Paluffo,Via Citerna 144,50052,Fiano,TO,,,
293051,13088,Monastero San Silvestro,Loc. Salcotto 25,52044,Cortona,AR,,,
293245,13105,I Papaveri,Via Aurelia Sud 20,57027,San Vincenzo,LI,0565 702472 ,,
293843,13121,Piccolo Residence Apart-hotel,Via Ricasoli 23,50122,Firenze,FI,,,
293850,13122,Molino Della Lodola,Strada San Paterno 39,53040,Rapolano Terme,SI,,,
294150,13151,Letto & Latte Sulla Via Del Mare,Viale Cannatello 101,92100,Agrigento,AG,,,
294247,13164,Residence Il Monello,Viale Damiano Chiesa 2,17025,Loano,SV,019 676833 ,,
294284,13169,Hotel Ginevra,Via Padova 2,30016,Iesolo,VE,0421 381342,,
294470,13179,B&b Leopoldo,Via Fabbroni 78 Careggi Rifredi,50134,Firenze,FI,,,
294478,0,Elbamar Lacona,Colle Reciso,57031,Capoliveri,LI,,,
294531,13187,Campiente Mobile Homes Orbetello,Strada Provinciale di Giannella 166,58015,Orbetello,GR,045 6279694 ,,
294557,13190,Belmonte Vacanze,Via Torri 62,50050,Montaione,FI,0571 680083 ,,
294865,13207,Hotel Mediterranèe,Via Rapallo 3,17028,Spotorno,SV,,,
294946,13211,Borgo Gallinaio,Strada Del Gallinaio 5,53035,Monteriggioni,SI,,,
294948,13212,Appartamenti Camollia,Via Camollia 52,53100,Siena,SI,,,
295174,13225,Coral Apartments,Via Fratelli Kennedy 64,07041,Alghero,SS,,,
295447,13249,Hotel Belsoggiorno,Via Felice Cavallotti 131,51016,Montecatini Terme,PT,0572 72135,0572 72137 ,
295496,13255,Hotel Villa Tiziana,Via Delle Pinete 266,54100,Massa,MS,0585 869705,,
295557,13264,Albergo Italia,Via Trento 36,53036,Poggibonsi,SI,0577 44248,0577 44554 ,
295847,13294,Airone Rta,Via Delle Saline 7 Località  Giannella,58015,Orbetello,GR,,,
295853,13295,Locanda Dei Guelfi,Via Guelfa 45,50129,Firenze,FI,055 2658134 ,,
295869,13298,Albergo Villa Gaia,Via Paolo Ingegnoli 4,53042,Chianciano Terme,SI,0578 60467,,
296030,13307,Agriturismo Al Nido Degli Aironi,Strada Collette Beulle 12,18038,San Remo,IM,0184 510722 ,,
296099,13320,Country House Casco Dell'acqua,Via Casco Dell'acqua 15/d,06039,Trevi,PG,,,
296344,13333,Meublè Suisse,Via Xx Settembre 21/6,16121,Genova,GE,,,
296366,13337,Albergo Posta,Via Balbi 24,16126,Genova,GE,010 2462005,010 252929 ,
296396,13343,Hotel di Giovanni,Via Orsa Maggiore 20,30020,San Michele Al Tagliamento,VE,0431 43117,0431 439256 ,
296482,13357,Riomaggiore Appartamenti,Via Colombo 36,19017,Riomaggiore,SP,0187 920036 ,,
296717,13372,Hotel Lido,Via Fornaci 15,19013,Deiva Marina,SP,0187 815014,,
296795,13385,Hotel Giardino Corte Rubja,Localita Girillu Spinosu,09016,Iglesias,CI,,,
296936,13402,Villaggio Turistico Costa Morroni,Località  Palazzetto - Piè di Fontona,19015,Levanto,SP,,,
297128,13427,Hotel San Michele,Via Colonnello Magistri 65,98057,Milazzo,ME,090 9224994,,
297131,13428,Hotel Patria,Via Crispi 8,51100,Pistoia,PT,0573 368168 ,,
297189,13440,Villa Gina,Via Domenico Brunenghi 6,17024,Finale Ligure,SV,,,
297339,13449,Imperial Suite La Lizza,Via Dei Gazzani 1,53100,Siena,SI,,,
29780,1796,Hotel Domo Minore,Arenosu 1,07041,Alghero,SS,079 932035 ,,
298122,13503,B&b Alghero Lido,Viale Europa 37/a,07041,Alghero,SS,,,
298609,13547,Hotel Greif,Via Bafile Xi A.m.3,30016,Iesolo,VE,0421 370708,0421 381275 ,
298641,13551,Albergo Fiorenza & Banksia Meublè,Via Privata Marconi 11,17021,Alassio,SV,,,
298699,13554,Sandra Villa Rooms,Via Fieschi 212,19018,Vernazza,SP,0187 812384 ,,
298962,13577,B&b Leopolda,Via Carlo Cattaneo 120,56100,Pisa,PI,,,
299128,13591,Etruria Resort & Natural Spa,Via Elio Bernabei 32,53045,Montepulciano,SI,,,
299138,13594,La Magione di Camollia,Via Camollia 179,53100,Siena,SI,,,
299182,13601,B&b I Terzi di Siena,Via Dei Termini 13,53100,Siena,SI,,,
299226,13607,Il Terrazzino Su Boboli,Viale F.petrarca 120 San Frediano,50124,Firenze,FI,,,
299427,13621,Adelaide House B,Via Dello Studio 12,50134,Firenze,FI,055 2645770,055 2656702 ,
299438,13623,Agriturismo Nizzi,Località  Costa di Trex 65,06081,Cingoli,MC,,,
299986,13666,Podere La Villa Locanda,Via Nazionale 39,17039,Zuccarello,SV,0182 79123 ,,
300215,13695,Borgo Il Poggiaccio Residence,S.p.maremmana Loc. Il Poggiaccio,53018,Sovicille,SI,0577 345808 ,,
300231,13697,Albergo La Foresteria,Loc. Mulinelli 193,53048,Sinalunga,SI,0577 623319 ,,
300237,13698,Relais Borgo Santo Pietro,San Galgano Loc. Palazzetto,53012,Chiusdino,SI,0577 751222 ,,
300351,13699,Villa Moorings,Via Roma 18,55051,Barga,LU,0583 711538,0583 710915 ,
300418,13709,Albergo La Pieve,Via Orazio Bacci 2,50051,Castelfiorentino,FI,0571 629203,,
300490,13719,Locanda La Lanterna,Via Solferino 2,19018,Vernazza,SP,0187 821200 ,,
300552,13724,Villaggio Turistico Covalou,Loc.covalou N 06,11020,Antey Saint Andrè,AO,,,
300562,13726,Hotel Ristorante Vecchia Maremma,Via Aurelia Nord 208,58015,Orbetello,GR,0564 862147,,
300693,13730,Villa Lisa Bed And Breakfast,Via Verderame 44,91027,Paceco,TP,0923 526674 ,,
301030,13770,Bed & Breakfast Silvia e Paolo,Corso Garibaldi 58,08100,Nuoro,NU,,,
301262,13796,Residence Ride Home,Ss42 Via Nazionale 32 - Mastellina,30020,Commezzadura,TN,,,
301307,13807,Le Sodole Country Resort & Golf,Via Delle Sodole 1,56025,Pontedera,PI,,,
301321,13809,B&b Antico Borgo,Via Martiri di Civitella 22,52041,Civitella In Val di Chiana,AR,,,
301331,13810,Albergo La Lampara,Lungomare Corso Colombo 17,19013,Deiva Marina,SP,0187 815833,,
301350,13814,Hotel Marine,Via Faenza 56,50123,Firenze,FI,055 264251 ,,
301584,13819,Agriturismo Il Cavalierino,Via di Poggiano N 17,53045,Montepulciano,SI,0578 758733 ,,
301609,13822,Hotel Palazzuolo,Via Santa Caterina 43,53027,San Quirico D'orcia,SI,,,
301630,13827,Alida Del Mar,Via Lido 21,07041,Alghero,SS,,,
302209,13883,R.t.a. La Fiorita,Via Aurelia 7,17024,Finale Ligure,SV,019 600671,,
302472,13915,Agriturismo Il Macchione,S.p. 71 Per S. Anna In Camprena,53026,Pienza,SI,0578 754127 ,,
302502,13925,B&b I Girasoli Fioriti,Via Gorgona 17,09012,Capoterra,CA,,,
302525,13932,Residenza Castello Rosa,Via Nazionale 35,50124,Firenze,FI,055 2398603 ,,
302812,13967,Vecchia Locanda,Piazza Jurgens 9,19038,Sarzana,SP,0187 620315,,
302859,13972,Hotel Rayan,Via Degli Orti Oricellari 32 Santa Maria Novella,50123,Firenze,FI,,,
302868,13973,Castello La Leccia,Loc. La Leccia,53011,Castellina In Chianti,SI,0577 743148 ,,
302874,13974,B&b Quarto Piano,Piazza Pellicceria 2/4,16123,Genova,GE,,,
303093,13996,Agriturismo Rosaspina,Strada Della Sgrilla 19,58011,Capalbio,GR,,,
303343,14017,I Silos B&b,Via Dolomiti 24,24068,Seriate,BG,,,
303425,14029,Hotel Ristorante Quarti,Via Martiri Della Libertà  32,24010,Sorisole,BG,0344 40418 ,,
303450,14033,Agriturismo Le Ginestruzze,Via San Piero In Mercato 81,50025,Montespertoli,FI,0571 609010 ,,
303759,14054,Quercia Al Poggio,Strada di Quercia Al Poggio 4,50021,Barberino Val D'elsa,FI,,,
303777,14056,Casa di Campagna In Toscana,Strada Dell'aeroporto 1,53018,Sovicille,SI,,,
303928,14068,Locanda Rossa,Strada Capalbio Pescia Fiorentina 11b,58011,Capalbio,GR,0564 890462 ,,
303991,14080,Country Resort & Spa Capo Nieddu,Podere N. 1 Località  Sessa di Santa Caterina di Pittinuri,09073,Cuglieri,OR,,,
304009,14086,B&b Le Meridiane,Via Dell'oratorio 1,19010,Maissana,SP,,,
304027,14091,Hotel San Michele,Via Monte Tabor 26,17015,Celle Ligure,SV,019 990017,,
304064,14096,B&b Palazzo Reale,Via Cappuccini 9,90129,Palermo,PA,,,
304068,14097,Bed & Breakfast Delle Palme,Via Luigi Capuana 28,91100,Trapani,TP,,,
304793,14136,Hotel Meublè Mon Reve,Strada Giomein 45,11021,Breuil Cervinia,AO,,,
304930,14145,Hotel Park,Via Fellini 19,57016,Rosignano Marittimo,LI,,,
305022,14154,Il Borgo di Sempronio,Via Del Pretorio 3,58055,Semproniano,GR,0564 986226 ,,
305045,14158,Hotel Saisera,Via Alpi Giulie 38,33010,Malborghetto-valbruna,UD,0428 660522,0428 660557 ,
305116,14166,Hotel La Perla,Via Delle Pinete 163,54100,Massa,MS,0585 241894 ,,
305261,14176,Affittacamere Le Logge,Via Tacito 19,18039,Ventimiglia,IM,,,
305262,14177,B&b Terra di Liguria,Via Senatore Federico Ricci 9,16030,Casarza Ligure,GE,,,
305274,14181,Villa Buonasera Agriturismo,Via Cintoia Alta 32,50022,Greve In Chianti,FI,055 8547932 ,,
305287,14184,Hotel Il Nido,Via Fiascherino 75/122,19030,Lerici,SP,,,
305416,14208,Stellamare,Via Del Mare 8,30021,Caorle,VE,0421 81203,0421 83752 ,
305650,14231,Tenuta Sant'ilario,Via Santa Maria In Chianni,50050,Gambassi Terme,FI,,,
305718,14242,Affittacamere Arbasia De Ma,Via Fieschi 214,19018,Vernazza,SP,,,
306041,14273,Hotel Residence Mediterraneo,Via Dei Garofani 20,18013,Diano Marina,IM,0183 405936,0183 405963 ,
306357,14303,Agriturismo La Svolta,Strada Provinciale Campigliola Km 13 400,58014,Manciano,GR,,,
306378,14308,Lola Piccolo Hotel,Via Xxiv Maggio 39,58100,Grosseto,GR,0564 34402,,
306418,14315,Hotel Sabbia D'oro,Via Della Repubblica 38,57027,San Vincenzo,LI,,,
306575,14321,Cafisu,Via Dante 90,91027,Paceco,TP,0923 1941521 ,,
306664,14338,Albergo Nyers,Via S. Caboto 6,06127,Perugia,PG,075 5010795 ,,
306700,14345,Villa di Sotto,Via S.caterina 30 - Villa A Sesta,53019,Castelnuovo Berardenga,SI,0577 330220,,
306705,14347,Villa I Bossi,Loc. Gragnone 44,52100,Arezzo,AR,0575 365642 ,,
306916,14359,La Casa di Gabriella,Piazza Brin 5,19121,La Spezia,SP,,,
306928,14361,La Valle De' Medici,Via San Gavino 57/a,50030,Barberino di Mugello,FI,,,
306943,14362,Park Hotel,Viale Colombo 153,55041,Camaiore,LU,0584 619015,0584 619025 ,
307348,14396,Hotel President,Via Dei Mille 102,30016,Iesolo,VE,0421 971811 ,,
307365,14397,Il Magnifico De Luxe Resort,Viale Principe Amedeo,57033,Marciana Marina,LI,0565 904027 ,,
308078,14451,Cav Airone,Via Delle Saline 7 Loc. Giannella,58015,Orbetello,GR,0564 820058,0564 820109 ,
308118,14456,Ghiaccio Bosco,Str Della Sgrilla 4,58011,Capalbio,GR,0564 896539 ,,
308120,14457,Bed&breakfast Chiara,Via Olbia 10,07026,Olbia,OT,,,
308318,14467,Hotel Al Faro,Via Del Tirreno 4,08020,San Teodoro,ME,,,
308320,14468,Hotel Atleti,Via Dei Pensieri 50,57128,Livorno,LI,0586 501799,,
308340,14471,B&b Viadelmare,Via Lido 45,07041,Alghero,SS,,,
308464,14481,Le Camere Dei Conti,Via Fiume 11,50123,Firenze,FI,055 0946422 ,,
308505,14489,Eden Hotel,C.so Italia 39,19013,Deiva Marina,SP,0187 815824,0187 826007 ,
309044,14528,Albergo Ristorante San Matteo,Via Faraldi 77,18016,San Bartolomeo Al Mare,IM,0183 400275,0183 405800 ,
309060,14531,Le Terrazze Sul Mare,Via Semorile 47,16030,Zoagli,GE,,,
309254,14546,Villaggio Camping Golfo di Arzachena,S.p. Per Cannigione Km. 3 800,07021,Arzachena,OT,,,
309270,14548,Bed & Breakfast Nettuno,Via Nettuno 3 - Str. Panoramica Olbia Golfo Aranci,07026,Olbia,OT,,,
309277,14549,Hotel Il Pietreto,Località  Il Pietreto - Gracciano Dell'elsa,53034,Colle di Val D'elsa,SI,,,
309574,14564,Hotel Villa Domizia,Strada Prov.le 161 Nâ°40,58019,Monte Argentario,GR,0564 812735,,
309613,14570,Centro Arnaldi Uscio,Via Carlo Arnaldi 6,16030,Uscio,GE,,,
309793,14576,Hotel San Nazario,Via Montanaro 3,17019,Varazze,SV,019 96306,,
309806,14577,Hotel Residence Moneglia,Via Figarolo Monte 1,16030,Moneglia,GE,0185 490599,,
309810,14578,Agriturismo Fattoria di Gratena,Località  Gratena - Pieve A Maiano,52100,Civitella In Val di Chiana,AR,,,
310029,14597,Foresteria Del Pescatore,Via Rattazzi 51,19100,La Spezia,SP,0187 791199 ,,
310465,14625,Appartamento Alla Marina,Via S. Giacomo 121,19017,Riomaggiore,SP,,,
310470,14627,La Casa Del Pescatore B&b,Via San Giovanni 1 Isola Palmaria,19025,Portovenere,SP,,,
311529,14676,Podere Mezzastrada,Via Strada 373,50020,Fiano,TO,,,
311603,14693,Hotel L'aretino,Via Madonna Del Prato 83,52100,Arezzo,AR,,,
312214,14743,Max Apartments,Different Addresses In Florence,50129,Firenze,FI,,,
312249,14752,Palazzo Vescovile Hotel,Piazzale Rosselli - Lungomare Marconi,17026,Noli,SV,019 7499059 ,,
312383,14768,Le Valline Country Resort,Strada di Corsano 4199,53100,Corsano,LE,,,
312582,14784,Residence Hotel Villa Mare,Località  Bagnaia 3,57037,Portoferraio,LI,,,
312597,14786,Hotel Stella Della Versilia,Via Delle Macchie 54,54039,Massa,MS,0585 246550,0585 861764 ,
312616,14791,Soggiorno Campos,Via Ventisette Aprile 9,50129,Firenze,FI,055 471759 ,,
313144,14830,Residenza Prometti,Via Bergamo 4,24060,San Paolo D'argon,BG,,,
313200,14836,Hotel Villa Elsa,Via Lungomare di Levante 71,54100,Massa,MS,,,
313209,14837,Hotel Tiffany,Via Fosdinovo 14,54100,Massa,MS,0585 241196,,
313239,14840,La Posada,Via Alla Stazione 11,19010,Vernazza,SP,,,
313249,14842,Albergo Villa Rosa,Via C. Raffo 50,16039,Sestri Levante,GE,,,
313533,14856,Hotel La Tavernetta Dei Ronchi,Via Como 9,54100,Massa,MS,0585 240767 ,,
313614,14869,Agriturismo Tenuta Armaiolo,Località  Armaiolo,53040,Rapolano Terme,SI,,,
313622,14870,Agriturismo Cavallin Del Bufalo,Loc.il Piano,58014,Manciano,GR,0564 620316 ,,
313714,14881,Hotel Petrarca Terme,Piazza Roma 23,35036,Montegrotto Terme,PD,049 8911744,049 8911698 ,
313918,14887,Residence Aurora,Via Patrioti 165,17031,Albenga,SV,0182 541297 ,,
313938,14891,Chambres D'hotes Nuits De Reve,Frazione Champvillairs Dessous 45,11010,Roisan,AO,,,
314362,14924,Albergo Carla,Via Nazionale Per Carema 104/106,11026,Pont Saint Martin,AO,,,
314448,14937,Essiale B&b,Via Gropallo 14 Nero Int. 2,16122,Genova,GE,,,
314540,14939,Relais Villa Degli Aceri,Largo Don Minzoni 2,17043,Carcare,SV,019 517026,019 513942 ,
314630,14951,Casa Paola,Via Amedeo Ciuccani 9,25080,Soiano Del Lago,BS,,,
314750,14964,Salvadonica,Via Grevigiana 82,50020,San Casciano In Val di Pesa,FI,,,
314762,14966,Campeggio Italia,Via Delle Pinete 412,54100,Massa,MS,0585 631733,,
314832,14975,Bed And Breakfast Belvedere,Via Belvedere 61/c,31057,Silea,TV,,,
315025,14980,Albergo La Veranda,Via Mario Padovani 26,19010,Maissana,SP,0187 840297,,
315047,14983,Residenza Alberghiera Italia,Via Gramsci 3,19034,Ortonovo,SP,,,
315292,15007,Locanda A Cà  Du Gigante,Via Iv Novembre 9/11,19016,Monterosso Al Mare,SP,,,
315299,15008,Hotel La Scogliera,Via Del Cigno 4,16033,Lavagna,GE,0185 390072 ,,
315423,15012,Hotel Locanda Dei Fiori,Via La Quiete 7,17053,Laigueglia,SV,0182 690006 ,,
315497,15019,Locanda Il Maestrale,Via Roma 37,19016,Monterosso Al Mare,SP,0187 817013,0187 817084 ,
315528,15025,Da Clelia,Viale Delle Province 25,91016,Trapani,TP,,,
315597,15037,B&b San Teodoro,Via Gian Maria Oddo 5,17031,Albenga,SV,,,
315799,15046,Affittacamere La Camelia,Piazza San Francesco 35,55100,Lucca,LU,,,
315815,15047,Tenuta di Corsano,Strada Radi Ville di Corsano 3978/d,53014,Monteroni D'arbia,SI,0577 377909 ,,
315846,15053,La Suite,Via Indipendenza 43,40126,Bologna,BO,051 261891 ,,
315882,15058,Hotel Sandalion,Via Valle D'aosta 12,07028,Santa Teresa Gallura,OT,,,
315893,15060,Pensione Rinascente,Via Del Castelletto 28,56126,Pisa,PI,050 580460 ,,
315914,15064,Agriturismo La Quiete,Via Case Sparse 6/23,19015,Levanto,SP,0187 801578 ,,
316074,15076,Case Vacanza Aiosardegna,Via Nora Angolo Via Corinaldi,09010,Pula,CA,,,
316087,15079,La Locanda di Villa Toscana,Via Vittorio Emanuele 41,57020,Bibbona,LI,0586 671936 ,,
316119,15084,Hotel Tigullio,Via Matteotti 1,16033,Lavagna,GE,,,
316148,15086,La Celestina,Loc Gallareto 18,17058,Piana Crixia,SV,019 570292 ,,
316154,15087,Antica Dimora Borgunto,Via Borgunto 15,52100,Arezzo,AR,,,
316175,15090,Hotel Ancora,Via Andrea Bafile 14â° Accesso Al Mare,30016,Iesolo,VE,,,
316187,15094,Residenza Turistico Alberghiera Le Poste Del Pianone,Via Del Pianone 30,58019,Monte Argentario,GR,0564 811811,0564 811812 ,
316259,15107,Dipendenza Rosengarten,Via Lombroso 23,27100,Pavia,PV,,,
316461,15117,Hotel Italia,Via Carbognano 19,19032,Lerici,SP,0187 967192,,
316467,15119,Hotel Luciana,Via Lungofrigido di Ponente 14,54100,Massa,MS,0585 240733 ,,
317034,15172,Appartamenti Le Terme,Via Fiume 27,53040,Rapolano Terme,SI,,,
317038,15174,Florence Room B&b,Via Fiume Nâ° 1,50123,Firenze,FI,,,
317633,15184,Le Stanze Del Giglio,Via Garibaldi 7-9,05035,Narni,TR,0744 717134 ,,
317710,15192,Sant'angelo 42,Via Sant'angelo 42,05018,Orvieto,TR,,,
317726,15194,Villa Il Colle B&b,Via di Montisoni 45,50012,Bagno A Ripoli,FI,,,
317740,15197,Agriturismo Fattoria Rozzalupi,Via 2 Settembre 354,50050,Cerreto Guidi,FI,0571 585701 ,,
318051,15230,Residence Valfurva,Via Magliaga 44,23030,Valfurva,SO,0342 935500,0342 935465 ,
318365,15257,Sottovento Luxury Hospitality,Via Santa Barbara 11,23032,Bormio,SO,,,
318704,15285,Albergo Degli Amici,Via Buranco 36,19016,Monterosso Al Mare,SP,0187 817544,,
318820,15289,Affittacamere Miramonti,Via Roma 27,11028,Valtournenche,AO,0166 93011 ,,
318874,15295,Il Paese di Ciribì,Via Asti 50,17023,Ceriale,SV,,,
318878,15296,Hotel Colibrì,Via Cristoforo Colombo 57,17024,Finale Ligure,SV,,,
318913,15299,Hotel Miralago,Piazza Mazzini 6,06061,Castiglione Del Lago,PG,075 951157,,
319211,15331,Affittacamere Da Carla,Via Sivori 15,19011,Bonassola,SP,0187 814087 ,,
319259,15341,San Firenze Suites & Spa,Piazza San Firenze 3/a,50122,Firenze,FI,,,
319466,15359,Casale Il Colombaio di Toiano,Strada di Caldana 4,53018,Sovicille,SI,0577 314016,,
319542,15375,Hotel Monterosso Alto,Località  Colle di Gritta Snc,19016,Monterosso Al Mare,SP,,,
319581,15382,Antica Locanda Del Golf,Sp 19 Contrada Piombo,97100,Ragusa,RG,,,
319719,15390,Oasi Del Grillo,Località  Colonna Del Grillo,53019,Castelnuovo Berardenga,SI,050 770326 ,,
319743,15392,B&b Ernestina,Piazza Risorgimento 5,31050,Miane,TV,,,
319789,15398,Residence Bizzoni,Viale G.carducci 10,05100,Terni,TR,0744 44241,0744 4424222 ,
319944,15412,Hotel Vajolet,Via S. Giorgio 42,39050,Tires,BZ,0471 642139,0471 642009 ,
320151,15424,Agriturismi Farina,Loc.giorgi - Pozzuolo Umbro,06061,Castiglione Del Lago,PG,,,
320278,15442,B&b Tony And Judy,Corso Italia 112,58015,Orbetello,GR,,,
320462,15453,The Sunflower B&b,Via Marconi 12,56121,Pisa,PI,,,
320464,15454,Hotel Meublè Meridiana,Via Roma 55,11028,Valtournenche,AO,,,
320465,15455,Casanova di Larniano,Loc. Larniano 21,53037,San Gimignano,SI,0577 946005 ,,
320520,15464,Hotel Petit Royal,C.so Regina Margherita 86,18014,Ospedaletti,IM,0184 689026,,
320703,15478,Sicilia Etnamare,Via Gramsci 106,95018,Riposto,CT,095 8267001 ,,
320806,15492,B&b Quattro Cantoni,Via San Pietro 30,53100,Siena,SI,,,
320818,15493,Residence Il Borgo,Via di Caiano 66/b,52018,Poggio A Caiano,PO,0575 553027 ,,
320951,15498,Hotel Giada,Via Lungofrigido Ponente 18,54100,Massa,MS,0585 241365,,
321274,15530,Residence Garden,Viale Faraggiana 12,17012,Albissola Marina,SV,0184 667766,0184 666330 ,
321497,15548,Albergo Caffaro,Via Caffaro 3 Int.14,16124,Genova,GE,010 2472362 ,,
321637,15566,Bed & Breakfast La Fiaba,Via Molino Nuovo 66,53011,Castellina In Chianti,SI,,,
321787,15570,B&b Borgolecchi,Via San Martino 50,53010,Gaiole In Chianti,SI,,,
321795,15571,Residence Le Meridiane,Via Patrizio Fracassi 3,53100,Siena,SI,0577 280000,0577 288484 ,
321799,15573,Villa I Cedri,Via Carpineta 2 Loc. S. Colomba,53035,Monteriggioni,SI,0577 317078 ,,
321806,15574,Agriturismo Poggio Tondo,Via Della Croce A Monte 780,51015,Monsummano Terme,PT,0572 81290 ,,
321833,15575,Villaggio Antichi Ovili,Loc. Taccu,08030,Orroli,CA,0782 847793 ,,
321849,15578,Villaggio Camping Spiaggia Del Riso,Via Degli Aranci 2 Loc. Campulongu,09049,Villasimius,CA,070 791052,,
322127,15604,Casa Religiosa di Ospitalità  Nazareno,Via Interna Delle Mura 23,06049,Spoleto,PG,,,
322234,15628,Hotel Lion Noir,Frazione Pila 23,11020,Gressan,AO,0165 521704,0165 521705 ,
322390,15639,Residence Hotellino,Gassl 25,39030,Valdaora,BZ,,,
322459,15648,La Rosa di Gerico,Via Etnea 316,95100,Catania,CT,095 316361 ,,
322498,15656,B&b Villa Sensi,Loc. Parco di Monte Castelluccio,06069,Tuoro Sul Trasimeno,PG,,,
322743,15672,Kyanos Residence,Ronco A Via Cuma Nâ°3-4,96100,Siracusa,SR,0931 66260,0931 461932,
322805,15678,Residence Le Saline,Via Xxv Aprile 98,17022,Borgio Verezzi,SV,019 6186179 ,,
322813,15681,Hotel Europa,Via C. Pellissier N 2,11021,Breuil Cervinia,AO,0166 948660,0166 949650 ,
322853,15683,La Torta di Mele,Vicolo Aquila Nera 4 Bergamo Alta,24129,Bergamo,BG,,,
323014,15689,Stadel Soussun,Frazione Soussun,11020,Ayas,AO,,,
323016,15690,Cav Giannella,Strada Provinciale di Giannella 158,58015,Orbetello,GR,,,
323053,15695,La Pievina,Via di Totona 32,53045,San Bartolomeo Al Mare,IM,,,
323431,15716,I Sette Borghi,Via G. Marconi 43,51010,Massa e Cozzile,PT,0572 30642,,
323755,15743,B&b Solemare,Via S. Martino 11,19016,Monterosso Al Mare,SP,,,
323765,15744,Villa Pozzi,Via Petronio 182,16039,Sestri Levante,GE,,,
324103,15781,Agriturismo San Rocco,Via Delle Sei Arcole 28,51100,Pistoia,PT,,,
324121,15786,B&b Pisa Tower,Via Piave 4,56123,Pisa,PI,,,
324128,15788,San Lorenzo Apartments,Via di Porta Vecchia / Viale Della Rimembranza,53034,Colle di Val D'elsa,SI,,,
324167,15795,Affittacamere Da Cesare,Via Buranco 54,19016,Monterosso Al Mare,SP,,,
324664,15827,Hotel Le Campagnol,Strada Regionale 45,11020,Ayas,AO,,,
324731,15836,Hotel Bellavista,Viale Patrono D'italia 100,06081,Assisi,PG,,,
324964,15856,Villa Nina,Via Delle Cinque Terre 3,19123,La Spezia,SP,0187 730919,,
324972,15859,Hotel Bruxelles Margherita,Via Xx Settembre 19/7,16121,Genova,GE,,,
324979,15861,Albergo Boccadasse,Via Boccadasse 14a,16146,Genova,GE,010 3761923,010 3761283 ,
325081,15867,B&b Piccolo Paradiso,Via Paradiso Superiore 23,17024,Finale Ligure,SV,,,
325304,15887,La Maison Des Vignerons Chambres D'hotes B&amp B,Fraz. Grand Vert 224,11020,Donnas,AO,,,
325593,15903,Hotel Club La Trinitè,Frazione Staffal 19,11020,Gressoney La Trinitè,AO,,,
325607,15905,Hotel Monique,Via Collegio 12,17026,Noli,SV,019 748264,,
325609,15907,Relais Villa Il Palagio,Via Il Palagio 59,50067,Rignano Sull'arno,FI,055 8349273 ,,
325656,15912,Hotel Terme Marine Leopoldo Ii,Via Iv Novembre 133,58100,Grosseto,GR,0564 010100,0564 1922241 ,
325806,15916,Star Hostel,Via Varesina 63 Certosa,20100,Milano,MI,,,
326273,15946,Walsertal Residence,Loc.tschaval 1,11020,Gressoney La Trinitè,AO,0125 366035 ,,
326346,15957,B&b Podere Bramapane,Case Sparse 24 Loc. Cargalla,54027,Pontremoli,MS,,,
326572,15969,Le Conchiglie,Corso Italia 35,19015,Levanto,SP,0187 808684 ,,
326606,15972,Hotel San Marco,Via Leoncavallo 32,17100,Savona,SV,019 813660,,
327273,16030,Sporthotel Europa Sul Lago,Via Europa 10,32022,Alleghe,BL,,,
327294,16035,Hotel Mignon,Via Carrel 50,11021,Breuil Cervinia,AO,0166 949344,0166 949687 ,
327701,16043,Podere La Piana,Loc. La Piana 1 Moncigoli,54013,Fivizzano,MS,,,
327739,16045,Albergo Locanda Alambra,Via Xx Settembre 36/8,16121,Genova,GE,,,
327747,16046,Residence Il Fortino,Via Verdi 24,54100,Massa,MS,0585 240397,0585 241049 ,
327801,16050,Residence Villa Alda,Viale Europa 76,17027,Pietra Ligure,SV,019 613032,019 6186996 ,
328083,16057,Hotel La Conchiglia,Via Della Marina 4,58018,Monte Argentario,GR,0564 833134 ,,
328093,16058,Hotel La Perla Del Golfo,Via Cicala 1,57030,Marciana,LI,0565 907733,0565 907737 ,
329661,16100,B&b Accademia House,Via San Gallo 61,50129,Firenze,FI,,,
329682,16101,Pensione Elio Pistolesi,Via Roma 46,53017,Radda In Chianti,SI,0577 738556 ,,
329868,16108,B&b Pink Geranium,Via Del Commercio 54,16047,Moconesi,GE,,,
330615,16150,Hotel Italia,Corso Italia 23,17026,Noli,SV,019 748326,019 748265 ,
330898,16171,Hotel Milanesina,Via Diaz 49,17021,Alassio,SV,0182 640757,,
331113,16191,Borgo Il Villino,Loc. Villino Bazzani 26,53031,Casole D'elsa,SI,,,
331192,16206,Borgo Canalicchio di Sopra Relais,Località  Canalicchio di Sopra,53024,Montalcino,SI,,,
331215,16213,Poggio Imperiale Apartments,Viale Del Poggio Imperiale 10 Galluzzo Certosa,50125,Firenze,FI,,,
331262,16218,B&b di Piazza Del Duomo,Via Oriuolo 49,50122,Firenze,FI,,,
331550,16237,B&b Sara,Via Luca Pacioli 72,52037,Sansepolcro,AR,,,
331559,16239,Affittacamere La Lanterna Sopra Il Moggia,Case Sparse Ridarolo 10,19015,Levanto,SP,,,
331575,16240,Locanda Da Marco,Via Campanile 139,19020,Pignone,SP,0187 887950 ,,
331782,16255,Residenza D'epoca Palazzo Malfatti,Via Moncini 10,58024,Massa Marittima,GR,,,
331816,16264,Bed And Breakfast Centrostorico,Via Lantieri 26,24067,Sarnico,BG,035 910500,,
332054,16286,Residenza Giulia,Via Delle Porte Nuove 19 Porta Al Prato,50144,Firenze,FI,,,
332096,16291,Hotel Paradiso,Via Viticcio 41,57037,Portoferraio,LI,0565 914477 ,,
332392,16307,Agriturismo Fattoria La Torre,Località  La Torre,50066,Reggello,FI,,,
332629,16326,Aldebaran B&b,Via Sardegna 95,09124,Cagliari,CA,,,
332677,16333,Hotel Deutsche Familien,Via Caviglia 19,17024,Finale Ligure,SV,019 690615 ,,
333360,16386,Villa Del Seminario - Casa Diocesana,Via Della Chiesa Prima 427/m,55100,Lucca,LU,0583 1531120,0583 1531121 ,
333575,16395,Agriturismo Natta di Monte Tabor,Via Postetta 35,17015,Celle Ligure,SV,019 991580 ,,
333631,16400,Corte Dei Neri,Via Dei Neri 11,50122,Firenze,FI,,,
333935,16417,Hotel Lydia,Via Leonardo Da Vinci 87,17021,Alassio,SV,0182 642203 ,,
334001,16422,B&b Soleluna,Via Putignano 282 D,56121,Pisa,PI,,,
334275,16435,Stefania Rooms,Via Fiume 17,50123,Firenze,FI,,,
334296,16437,B&b La Gradiva,Via Guicciardini 4 Palazzo Pitti,50125,Firenze,FI,,,
334353,16439,Hotel La Perla,Via Pareda 22,38032,Canazei,TN,0462 602453,0462 602501 ,
334363,16440,Stella Marina,Via Nettuno 1,07026,Olbia,OT,0789 658004,0789 565919 ,
335032,16487,Ca' Del Michelè,Via Pasubio 58,19017,Riomaggiore,SP,,,
335045,16490,B&b San Gottardo,Via San Gottardo 6,19015,Levanto,SP,,,
335742,16521,Gredo Apartments,Piazza Immacolata 30,54020,Villafranca In Lunigiana,MS,,,
336081,16539,Villa Del Pino B&b,Loc. Pino 1,53036,Poggibonsi,SI,,,
336082,16540,Agriturismo Sulle Orme di Dante,Via Vecchia Loc. Ragnaia,53037,San Gimignano,SI,,,
336403,16560,Podere Casanuova,Località  Montauto,53037,San Gimignano,SI,0577 1741445,,
336415,16561,Castello Vicchiomaggio,Via Vicchiomaggio 4,50022,Greve In Chianti,FI,055 854079 ,,
336747,16592,Hotel Le Soleil,Fraz.corliod 9,11020,Challand Saint Anselme,AO,0125 965204,,
337189,16618,A Point Porto Ercole Resort & Spa,Via Caravaggio Int. Via Tramontana,58018,Monte Argentario,GR,,,
337631,16642,Agriturismo Poggio Delle Conche,Strada Del Bottinello Km 2,58017,Pitigliano,GR,0564 614343,0564 616298 ,
337962,16658,La Casa Della Fontana,Viale Garibaldi 23,19121,La Spezia,SP,,,
338022,16663,Hotel Portici,Via Roma 18,52100,Arezzo,AR,0575 299901 ,,
338244,16673,B&b Residenza Maddalena,Cannaregio 2076 Cannaregio,30121,Venezia,VE,,,
338255,16675,Pensione Week End,Via Martiri D'ungheria 3,58019,Monte Argentario,GR,,,
338411,16690,Terre di Himera,C.da Villaurea,90015,Campofelice di Roccella,PA,,,
338551,16694,Albergo Venezia,Via Paleocapa 8,19121,La Spezia,SP,0187 733465,,
338568,16695,Hotel Baia Imperiale,Via Della Costa 5121,57034,Campo Nell'elba,LI,,,
338579,16696,Hotel Giongo,Via Garibaldi 115,17028,Spotorno,SV,019 745132,019 7416112 ,
338580,16697,Hotel Riviera Varazze,Via Camminata Inferiore 16/18,17019,Varazze,SV,019 9399366,019 8935771 ,
338582,16698,La Terrazza Dei Pelargoni B&b,Via Garibaldi 24,18039,Ventimiglia,IM,,,
338869,16716,Agriturismo Il Quarto,Loc. Campigliola Quarto Dell'ebreo,58014,Manciano,GR,,,
339854,16777,B&b Le Ginestre,Via Delle Ginestre 6,09010,Portoscuso,CI,,,
339885,16783,Locanda4,Località  Tourterouse 19,11028,Valtournenche,AO,,,
340011,16789,Albergo La Mimosa,Via Provinciale 586,19021,Arcola,SP,0187 967542 ,,
340025,16792,Hotel Lido Ristorante,Corso Colombo 72,17019,Varazze,SV,019 628328,019 625434 ,
340269,16801,Abitare In Vacanza,Via Cagliari 78,08020,Siniscola,NU,0784 810440,,
340289,16804,La Città  Ideale Suites,Piazza San Carlo 4,53026,Pienza,SI,,,
340305,16805,Agriturismo Borgo Antico,Loc. La Torre di Apella (check-in Address),54016,Licciana Nardi,MS,0187 421203,,
340558,16815,Albergo Punta Zerbion,Frazione Corbet 8,11020,Ayas,AO,0125 305766,0125 305028 ,
340572,16817,Palazzo Ravizza,Pian Dei Mantellini 34,53100,Siena,SI,0577 280462 ,,
340989,16851,Bed & Breakfast Antico Casale San Lorenzo,Strada Provinciale 102 22,53019,Castelnuovo Berardenga,SI,,,
341117,16854,Hotel Palladium,Viale Europa Snc,09023,Monastir,CA,070 9168040 ,,
341184,16861,Arnolfo B&b,Via F. Campana 53,53034,Colle di Val D'elsa,SI,,,
341270,16871,Locanda Belsole,Via Aurelia 1,19020,Borghetto di Vara,SP,0187 897421 ,,
341281,16872,Dufour Hotel,Via Tollen 16,11024,Chàtillon,AO,0166 61467,,
341449,16876,Albergo La Pietra,Viale Malaspina 23,54035,Fosdinovo,MS,0187 693024,,
341737,16893,Agriturismo Il Colombaio,Strada di Renaccio 12,53100,Siena,SI,,,
341830,16903,Mary Hotel,V.le San Francesco 6,50026,San Casciano In Val di Pesa,FI,,,
341880,16909,Residence Aprilia,Via Barbana 2,34073,Grado,GO,,,
342427,16937,B&b The Dream,Via Cornice S.ambrogio Nâ° 11,16030,Zoagli,GE,,,
342536,16954,Residenza D'epoca In Piazza Della Signoria,Via Dei Magazzini 2,50122,Firenze,FI,,,
343009,16969,La Contea Farmhouse,Via Cozzano 4 Loc. La Contea,06067,Perugia,PG,,,
343204,16988,Hotel Florida,Via Garibaldi 139,17021,Alassio,SV,0182 642041,,
343508,16997,Affittacamere Mariella,Via N.s. Della Guardia Nâ°11 C,19015,Levanto,SP,0187 800511 ,,
343537,17001,Bed And Breakfast Il Marchese,Via Marco Polo 43b,92019,Sciacca,AG,,,
343547,17002,Modica Inn,Via Monsignor Blanco 12,97015,Modica,RG,,,
343628,17007,B&b Il Giglio Etrusco,Via Borromeo 126,50026,San Casciano In Val di Pesa,FI,,,
343823,17017,Hotel Les Saisons,Via Ponte Romano 186,11027,Saint Vincent,AO,,,
343988,17029,Le Romite,Via Delle Romite 31,53037,San Gimignano,SI,,,
344208,17032,Albergo Le Marmotte,Rue Des Salasses 39,11010,Prè Saint Didier,AO,,,
344455,17052,Agriturismo Renaccino,Strada di Renaccio 20,53100,Siena,SI,0577 378062 ,,
344479,17056,Alla Marina Affittacamere,Via San Giacomo 61,19017,Riomaggiore,SP,0187 802669 ,,
344552,17063,1865 Residenza D'epoca,Via Luigi Carlo Farini 12,50121,Firenze,FI,,,
344576,17069,B&b Il Pozzo di Radi,Loc. Radi,53014,Monteroni D'arbia,SI,,,
344878,17109,Agriturismo Casa Marmida,Loc. Santa Maria Neapolis S.p.65 Km 16,09036,Gonnosfanadiga,VS,,,
344905,17115,A Casa di Grazia,Largo San Paolo - Discesa Canale 10,97100,Ragusa,RG,0932 220687 ,,
345085,17116,Fausto &amp Deby B&amp B,Via Cà  Balletto 14,30034,Mira,VE,,,
345096,17118,B&b Il Viaggiatore,Via Delle Pinete 256,54100,Massa,MS,,,
345251,17134,Agriturismo Il Casolare di Bucciano,Loc. Racciano Bucciano 14,53037,San Gimignano,SI,0577 940189 ,,
345709,17139,La Finestra Sul Mare,Via Iride 11,18012,Bordighera,IM,0184 266874,,
345788,17153,Il Patino,Via Della Vecchia Stazione 50 E/f,56031,Bientina,PI,,,
345807,17155,Agriturismo Fattoria Casabianca,Loc. Casabianca,53016,Murlo,SI,0577 811033 ,,
345870,17162,Agriletizia Casa Vacanze,Loc. Lago Accesa,58024,Massa Marittima,MS,,,
346061,17174,Meublè Lo Miete Viei,Rue Prabochon 6,11020,Champoluc,AO,,,
346223,17187,Casa Cecchi,Strada D'istieto 71,53100,Siena,SI,,,
346357,17192,Hotel Maison Saint Jean,Vicolo Dolonne 18,11013,Courmayeur,AO,0165 87024,0165 87025 ,
346412,17200,Hotel Monte Cervino,Chemin De Soussun 5 Fraz. Frachey,11020,Ayas,AO,0125 307134,,
346468,17208,Hotel Alex,Via Baccio Da Montelupo18/20 Isolotto - Legnaia,50149,Firenze,FI,,,
346502,17212,Tanit Hotel Ristorante,Località  Sirai 140,09013,Carbonia,CI,,,
346576,17219,Hotel Silvano,Via Generale Ardoino 79,18013,Diano Marina,IM,0183 402720,,
346720,17226,Podere Il Pino,Loc. Il Pino 5,53037,San Gimignano,SI,055 8068030,055 8068108 ,
346821,17236,Gorkij,Piazza Donati 13,56126,Pisa,PI,,,
347001,17245,B&b Cagliari Villafiorita,Via Atene 22,09129,Cagliari,CA,,,
347348,17270,Hotel Marligure,Via Aurelia 22,18012,Bordighera,IM,0184 295953,0184 299940 ,
347446,17281,Hotel Des Alpes,Località  Cuchepache 15,11010,Saint Rhemy En Bosses,AO,0165 91117,0165 91217 ,
347695,17306,B&b La Casa di El,Via Amendola 18,92100,Agrigento,AG,,,
347817,17320,Azienda Agrituristica Villa Arianna,Via Strada Colla 54,18100,Imperia,IM,0183 781293 ,,
348189,17357,Podere Vigliano,Strada di Magliano 15,50028,Tavarnelle Val di Pesa,FI,,,
348513,17370,Marisal Casa Vacanze,Viale Europa 35 B,07041,Alghero,SS,079 982471,,
348632,17387,Hotel Miravidi,Loc. Planet,11021,Breuil Cervinia,AO,,,
348656,17390,Chambres Mont Cervin,Loc. Planet (check-in Address),11021,Breuil Cervinia,AO,,,
348889,17401,Agriturismo Cesani Vincenzo,Località  Pancole 82 D,53037,San Gimignano,SI,0577 955084 ,,
348898,17404,Hotel Il Ponte,Largo Primo Maggio 3,57023,Cecina,LI,0586 680795 ,,
348949,17409,Residence Bettaforca,Saint Jacques Place De La Grotte 3,11020,Ayas,AO,0125 308245,0125 308243 ,
349048,17415,Hotel Negro,Via Canada 11,18026,Rezzo,IM,0183 34089,0183 324800 ,
349286,17420,B&b Elyse,Via Roma 71,19016,Monterosso Al Mare,SP,,,
349325,17428,Hotel Bel Soggiorno,Via Xx Settembre 19,16121,Genova,GE,010 542880,,
349341,17429,Hotel Lyskamm,Via Bich 12,11021,Breuil Cervinia,AO,0166 948692,,
349423,17440,Rinidia Bio,Loc. Le Colombaie 219 San Rocco A Pilli,53018,Sovicille,SI,,,
349580,17442,Hotel Beau Sejour,Avenue Dent Du Gèant 18 Fraz. Pallesieux,11010,Prè Saint Didier,AO,,,
349745,17465,Hotel Magnolia,Via Nazario Sauro 90,17031,Albenga,SV,0182 574246 ,,
349948,17475,Hotel Dente Del Gigante,Località  La Palud 42,11013,Courmayeur,AO,,,
349960,17478,B&b Art Rooms,Via Sant'ignazio Da Laconi 26,09123,Cagliari,CA,,,
350110,17504,Hotel Da Elide,Via Patrono D'italia 48,06081,Assisi,PG,,,
350118,17506,L'arcobaleno Affittacamere,Via Del Santuario Snc,19017,Riomaggiore,SP,,,
350255,17507,La Casa Torre,Via Ponticello 100,54023,Filattiera,MS,,,
350400,17517,B&b Sa Cruxitta,Lungomare C. Colombo 61,09010,Portoscuso,CI,,,
350747,17530,B4 Milano,Via Stephenson 55 Gallaratese,20100,Milano,MI,,,
350784,17535,Hotel Le Verger,Via Tour De Grange 53,11024,Chàtillon,AO,,,
350861,17549,Azienda Agricola Fabbrica di San Martino,Via Per Pieve Santo Stefano 2511,55100,Lucca,LU,,,
350920,17555,Podere Montagione B&b,Via di Marcialla 347,50052,Barberino Val D'elsa,FI,,,
350943,17560,Casa Betania,Via Pungilupo 25 A,56124,Pisa,PI,050 579869 ,,
351157,17570,Atelier Cosseria,Via Cosseria 18,50129,Firenze,FI,,,
351222,17578,La Manonera,Via Della Montagna 2,53045,Chianciano Terme,SI,,,
351243,17582,Giovanni Rooms,Via Ettore Cozzani 22,19016,Riomaggiore,SP,,,
351277,17583,B&b Le Vele,Via Enrico Tazzoli 22,19126,La Spezia,SP,,,
351313,17594,Hotel Alba,Via G.metteotti,16033,Lavagna,GE,0185 392072,,
351667,17622,Residence Dell'angelo,Corso Regina Margherita 100,18014,Ospedaletti,IM,,,
351680,17626,Agriturismo Campara,Vocabolo Campara 84 Volterrano,06012,Città di Castello,PG,,,
351727,17633,Agriturismo Il Paradiso,Strada Del Piano 32,53041,Asciano,SI,0577 718586,0577 710014 ,
351752,17636,Baglio Rakali,Contrada Billiemi S.p. 2 Km 3,90047,Partinico,PA,,,
352029,17669,Agriturismo Saltara,Località  Saltara,07028,Santa Teresa Gallura,OT,,,
352037,17672,Hotel Pavillon,Strada Regionale 62,11013,Courmayeur,AO,0165 846120 ,,
352040,17673,B&l'arca di Noè,Via Fiume 39,19122,La Spezia,SP,,,
352071,17681,Casa Vacanze Solmar,Via Assunzione 100,57032,Capraia Isola,LI,0586 905198 ,,
352285,17690,Agriturismo L'imposto,Strada Provinciale Per Micciano,56045,Pomarance,PI,,,
352395,17705,Locanda Lo Fà²o,Fraz. Challancin Chez Les Monnet,11015,La Salle,AO,,,
352861,17727,Locanda Alla Mano,Via Della Repubblica 16 B,47034,Forlimpopoli,FC,0543 747108 ,,
352921,17737,La Dimora Del Bassotto,Via Ulisse Dini 73,56017,San Giuliano Terme,PI,,,
352949,17740,Hotel Settentrionale Esplanade,Viale Grocco 2,51016,Montecatini Terme,PT,0572 70021,,
353130,17741,Residence Alfoionco,Via Villa Pardini 642,55100,Lucca,LU,0583 329298 ,,
353203,17746,Totti Affittacamere,Via Mainardi 6,53037,San Gimignano,SI,0577 936668 ,,
353240,17755,Complesso Agrituristico La Ciriola,Vocabolo Valle Spoletina,05100,Terni,TR,,,
353304,17762,Tenuta di Seripa,Via Campagna Sud 123,57020,Sassetta,LI,0565 794403,0565 794770 ,
353306,17763,Borgo Nuovo San Martino,Loc. La Casina Pietraviva,52020,Bucine,AR,055 996961 ,,
353582,17780,Hotel Savonarola,Viale Matteotti 27,50121,Firenze,FI,055 587824,055 586727 ,
353583,17781,Hotel Lux,Vico Della Chiusetta 5,17021,Alassio,SV,,,
353589,17782,Villa Belverde,Viale Xx Settembre 73,54033,Carrara,MS,,,
353622,17789,Al Sole,Via Ligonto 6,32041,Auronzo di Cadore,BL,0435 97000 ,,
353973,17816,Cav Approdo,Via Iv Novembre 40,58043,Castiglione Della Pescaia,GR,,,
353993,17821,Residence Villa Carmen,Via Xxv Aprile 172,17027,Pietra Ligure,SV,019 626260,019 6294692 ,
354360,17841,Agriturismo Fattoria Lavacchio,Via di Grignano 38,50065,Pontassieve,FI,055 8317472,,
354382,17844,Agriturismo Le Reve,Rue Du Biolley 3,11013,Courmayeur,AO,0165 842861 ,,
354433,17851,Residenza Johanna I,Via Bonifazio Lupi 14,50129,Firenze,FI,055 481896,055 482721 ,
354723,17862,Agriturismo Cascina Boschi,Via Boschi 20,46049,Volta Mantovana,MN,0376 812887,,
354810,17879,Aparthotel Albatros,Via Sabbiadoro 1 Sabbiadoro,33054,Lignano Sabbiadoro,UD,,,
354878,17891,Hotel Valverde,Loc. Edelboden 30,11020,Gressoney La Trinitè,AO,,,
354893,17894,Residence Delapierre,Strada Castello Savoia 31/b,11025,Gressoney Saint Jean,AO,0125 356137,,
354919,17900,Hotel Meublè Furggen,Strada Giomein,11021,Breuil Cervinia,AO,,,
354936,17904,Hotel Breithorn,Via Guido Rey 10,11021,Breuil Cervinia,AO,0166 949042,0166 948363 ,
355187,17919,Fattoria Conio,Strada Provinciale 101 Km 2 Vi,50028,Tavarnelle Val di Pesa,FI,,,
355217,17920,Case D'anna,Corso Garibaldi Nâ°120,91014,Castellammare Del Golfo,TP,,,
355297,17941,B&b Nuraximannu,Via Teulada 69 Loc. Barrua De Basciu,09010,Santadi,CI,,,
355312,17943,Hotel Il Cacciatore,Via Aurelia Km 146 Nâ° 204,58015,Orbetello,GR,0564 862020,,
355671,17946,Podere Il Fattoio,Via Poggio Alla Croce 31,50063,Figline Valdarno,FI,055 6500170 ,,
355682,17949,Castello di Bibbione,Via Collina 66,50026,San Casciano In Val di Pesa,FI,,,
355691,17952,Camping Village Torre Pendente,Viale Delle Cascine 86,56122,Pisa,PI,,,
355878,17998,B&b La Casa Particular,Viale Italia 43,17031,Albenga,SV,,,
356009,18005,Villino Il Leone,Via Lorenzo Bellini 12 Galluzzo Certosa,50124,Firenze,FI,,,
356012,18006,Poggi Etruschi,Strada Della Sgrilla 10,58011,Capalbio,GR,,,
356071,18011,Lungarno Suites,Lungarno Acciaiuoli 4,50123,Firenze,FI,,,
356098,18014,Hotel Meublè Gorret,Via Gorret 18,11021,Breuil Cervinia,AO,,,
356135,18015,B&b Le Cloux,Fraz. Thovex 153,11016,La Thuile,AO,,,
356373,18028,Hotel Ca' De Berna,Via Lucifredi 6,17020,Balestrino,SV,,,
356400,18031,Affittacamere Il Contadino,Località  Chenière 19 A,11020,Pollein,AO,,,
356461,18041,Fattoria Albanese Labardi,Via San Lorenzo Ai Monti 2/4,50055,Lastra A Signa,FI,055 8729277 ,,
356497,18047,Agriturismo Eremo di San Matteo,Via Centro Loc. Lusuolo,54026,Villafranca In Lunigiana,MS,,,
356875,18069,Dai Ferà ,Via Fieschi 220,19018,Vernazza,SP,,,
356927,18079,Agriturismo Al Bagolaro,Strada Volta - Pozzolengo 59,46049,Volta Mantovana,MN,,0376 801641 ,
357096,18085,Vicolo Dell'oro,Vicolo Dell'oro 2,53100,Siena,SI,,,
357118,18089,Hotel Piccolo San Bernardo,Via Marcello Collomb 18,11016,La Thuile,AO,0165 884539,0165 883900 ,
357140,18093,Hotel Gran Baita,Via Campiglio 208,38025,Dimaro,TN,,,
357317,18104,Residence Petit Tibet,Loc. Cielo Alto,11028,Breuil Cervinia,AO,,,
357345,18109,Appartamenti Margherita,Ss 195 Km 40,09010,Pula,CA,,,
357779,18139,B&b Del Tempo Stretto,Regione Rollo 36,17031,Albenga,SV,,,
357792,18141,Albergo Astro,Via Xx Settembre 3/21,16121,Genova,GE,,,
357955,18142,Bed And Breakfast Le Chiarine,Via Pannilunghi 14,53100,Siena,SI,,,
357975,18146,B&b Dei Rossi,Via Dei Rossi 77 (check-in At Via Stalloreggi 14),53100,Siena,SI,,,
357989,18147,Agriturismo Villanova,Località  Villanova,19015,Levanto,SP,,,
358210,18185,Le Casette Del Porto di Sciacca,Via Cristoforo Colombo 23,92019,Sciacca,AG,,,
358417,18195,Florence View Apartments,Lungarno Della Zecca Vecchia 28,50123,Firenze,FI,055 243668,055 2009852 ,
358450,18201,Soggiorno La Cupola,Via Panzani 1 Santa Maria Novella,50100,Firenze,FI,,,
358475,18208,Hotel Miramonti,Via Montegrappa 1,54100,Massa,MS,0585 869280,,
358488,18214,Casa San Tommaso,Via San Tommaso 11,56126,Pisa,PI,,,
358619,18228,Trentatre,Viale Belfiore 33 Porta Al Prato,50144,Firenze,FI,,,
358820,18237,Hotel San Desiderio,Via San Desiderio 4,16035,Rapallo,GE,0185 66717 ,,
358831,18240,Agriturismo La Collinella,Via Santo Stefano 147,50050,Montaione,FI,0571 69069 ,,
358844,18243,Hotel Villa Porta All'arco,Via Mazzini 2,56048,Volterra,PI,,,
358902,18253,Villa Cristina,Via Paolo Zumino 21,16035,Rapallo,GE,,,
358903,18254,Residence Le Dune Club,Via Aurelia 46,17024,Finale Ligure,SV,,,
358909,18255,Antico Podere Marciano,Località  Marciano 1,50021,Barberino Val D'elsa,FI,,,
359154,18280,Locanda I Girasoli,Via Cà  Rastelli 13,47843,Misano Adriatico,RN,0541 610724 ,,
359161,18282,Locanda Tipica Sa Corte,Via Nuoro 138,08100,Oliena,NU,,,
359166,18283,Podere Incrociati,Sp 52 Strada Della Montagnola 45,53018,Sovicille,SI,0577 934755 ,,
359231,18299,Hotel Solemare,Lungomare Cristoforo Colombo 15,17031,Albenga,SV,0182 51817,,
359257,18304,Le Colombaie Country Resort,Via Donizetti 4 A,56038,Ponsacco,PI,0587 734743 ,,
359589,18315,Poggio Desto B&b,Via Bonaccorso Da Montemagno 45/a,51039,Quarrata,PT,,,
359946,18354,Hotel Dolomiten,Strickerboden 4,39054,Renon,BZ,0471 356134,0471 356724 ,
360038,18358,Stadel Hotel,Località  Bielciuken 2,11025,Gressoney Saint Jean,AO,0125 355264 ,,
360044,18359,Affittacamere Genzianella,Frazione Bielciucken 16,11025,Gressoney Saint Jean,AO,0125 355178,,
360065,18365,Castello di Monteliscai,Strada Chiantigiana 68 (check In-strada Chiantigiana 109),53100,Siena,SI,0577 45212 ,,
360069,18367,Agriturismo Ai Linchi,Via Del Caporale 378 S. Alessio,55100,Lucca,LU,0583 330461 ,,
360078,18370,Dalai Lama Village,Frazione Promiod,11024,Chàtillon,AO,0166 548688,0166 549921 ,
360225,18384,Appartamenti Villanova,Località  Villanova,19015,Levanto,SP,,,
361268,18454,Podere Monte Petreto,Case Sparse 19 S. Savino,06063,Magione,PG,,,
362200,18511,Hotel Bacco,Corso Italia 153,17027,Pietra Ligure,SV,019 615802,,
362486,18539,Residence Haus Bern Casa Berna,Birkenweg 22 A,39030,Perca,BZ,0474 401186,0474 401486 ,
362492,18541,Albergo Villa Maria Grazia,Loc. Fiascherino 7,19032,Lerici,SP,0187 966658,,
362845,18571,B&b Nonno Stacca,Sp 34 Km 23 50,07040,Stintino,SS,,,
362853,18572,Residence La Misuaglia,Loc. La Marinedda,07038,Trinità D'agultu e Vignola,OT,079 694101 ,,
362985,18592,B&b Villa Soriano,Via Xxiv Maggio 30,56126,Pisa,PI,,,
362992,18593,Villa Arianna B&b,Via Ripoli 105,56035,Lari,PI,,,
362995,18594,Hotel Napoleon,Via Oleandri 1,18013,Diano Marina,IM,0183 404333,,
363179,18600,Vecchio Opificio,Via Garibaldi 70,53100,Siena,SI,,0577 217291 ,
363514,18629,Camping Siena Colleverde,Strada Scacciapensieri 47,53100,Siena,SI,0577 332545,,
363682,18635,Residenza Ciro e Catina,Via Masotti,25015,Desenzano Del Garda,BS,,,
363736,18645,Camping C'era Una Volta,Strada Per Ligo 16,17038,Villanova D'albenga,SV,,,
363825,18654,Piccolo Hotel,Via Morin 24,55042,Forte Dei Marmi,LU,0584 787433,,
363829,18655,Relais Ca' Maffio,Via Principe 70,31056,Roncade,TV,,,
364010,18673,Fonte De' Medici,Via Santa Maria A Macerata 31,50026,San Casciano In Val di Pesa,FI,,,
364276,18690,Residence La Pineta,Località  Riviera Dei Pini Matta e Peru,08020,Budoni,OT,,,
364383,18705,Residence Paradiso,Via Dei Pini 1,17020,Laigueglia,SV,,,
364384,18706,Residence Laura,Via Degli Amici 19,18012,Bordighera,IM,0184 290721,0184 255700 ,
364387,18707,Residence Baia La Ruota,Via Madonna Della Ruota 34,18012,Bordighera,IM,,,
364390,18708,B&b Domitilla,Via Pagano Doria 1,16126,Genova,GE,,,
364709,18727,Fattoria Pieve A Salti,Podere Caprili Str. Prov.le di Pieve A Salti,53022,Buonconvento,SI,0577 807244 ,,
364749,18736,Hotel Villa Beatrice,Via Sant' Erasmo 6,17025,Loano,SV,,,
364753,18737,Hotel Portofino,Corso Matteotti 53 Int. 1/2,16035,Rapallo,GE,0185 271054 ,,
364979,18759,Siena Soggiorno,Via di Città  15,53100,Siena,SI,0577 334149 ,,
364997,18761,Osteria Del Borgo B&b,Via Ricci 7,53045,Montepulciano,SI,,,
365288,18795,Guesthouse Amici Miei,Viale Fratelli Rosselli 61 Porta Al Prato,50144,Firenze,FI,,,
365294,18797,Antico Borgo di Tignano,Strada Provinciale 52 di Casole Dâ€™elsa,56048,Casole D'elsa,SI,0588 35157,,
365312,18799,Lorenzini Rooms,Via Giovanni Duprè 101,53100,Siena,SI,0577 180082 ,,
365334,18800,Il Molino Del Ponte,Via Volterrana Nord 42,50025,Montespertoli,FI,0571 671501 ,,
365623,18805,Hotel Corallo,Via Paolieri 27,58010,Orbetello,GR,0564 870065,,
365649,18807,Hotel Primo Sole,Via Fioria 103,16035,Rapallo,GE,0185 50148 ,,
365783,18826,Agriturismo Relais Campiglioni,Via Campiglioni 31,52025,Montevarchi,AR,,,
365794,18829,Albergo Ideal,Lungomare 25,18018,Taggia,IM,0184 43070 ,,
366085,18854,Agriturismo Podere Bucine Basso,Via Del Commercio 210,56035,Lari,PI,0587 686136,,
366384,18861,Avgvstvs Hotel & Resort,Viale Morin 169,55042,Forte Dei Marmi,LU,,,
366516,18864,Villa Aruch,Via Della Villa 5 Novoli - San Donato,50127,Firenze,FI,,,
366778,18899,Villa Il Borghetto,Via Dei Tufi 64,53100,Siena,SI,,,
366804,18902,Hotel Napoleon,Piazza Italia 2 Bis,54027,Pontremoli,MS,0187 830544,0187 831592 ,
366806,18904,Camping Il Boschetto di Piemma,Località  Santa Lucia 38c,53037,San Gimignano,SI,,,
366848,18914,Residence Ormeggio,Riva Slataper 2,34073,Grado,GO,,,
366856,18915,Hotel Lago Verde,Via Castellani 4,51030,Serravalle Pistoiese,PT,0573 518227 ,,
366861,18916,Podere Fontecastello,Via Acquapuzzola 3,53045,Montepulciano,SI,0578 716831 ,,
366872,18919,Agriturismo Poggiacolle,Strada di Montauto 58,53037,San Gimignano,SI,0577 941537 ,,
366874,0,Il Coltro,Località  La Ripa - Ulignano,53037,San Gimignano,SI,,,
367398,18933,Casa Vacanze Il Poderuzzo,Via di Labbia 2/5,50031,Barberino di Mugello,FI,,,
367435,18940,Chalet Valeruz,Via Franz Dantone 17,38032,Canazei,TN,0462 601581,0462 602308 ,
367483,18948,Not'art Aparthotel,Piazza San Giuseppe 31 Ortigia,96100,Siracusa,SR,,,
367783,18957,Casa Fenoglio,Via Garibaldi 20,18039,Ventimiglia,IM,,,
368153,18978,La Roche Hotel Appartments,Località  Signayes,11100,Aosta,AO,,,
368326,19004,Agriturismo La Canonica,Via Montebello 84,50052,Certaldo,FI,0571 652803,0571 656611 ,
368518,19022,Hotel Du Glacier,Fraz. Petite Golette 14,11016,La Thuile,AO,0165 884137,0165 883821 ,
368530,19028,Relais Florence,Via Della Scala 48 Santa Maria Novella,50123,Firenze,FI,,,
368552,19035,Hotel La Casa di Morfeo,Via Ghibellina 51,50122,Firenze,FI,,,
368567,19038,Hotel Alpe Fleurie,Fraz. Lignod 15,11020,Ayas,AO,,,
368576,19042,Locanda Della Vecchia Miniera,Frazione Les Rey 11,11010,Ollomont,AO,0165 73414,,
368651,19052,Relais Villa Sensano,Località  Sensano Snc,56048,Volterra,PI,,,
368684,19057,Casa di Mezzo,Via Birolli 83 (check-in Is At Via Discovolo 252/a),19017,Riomaggiore,SP,,,
368746,19072,Villa Delle Rose,Via Xxv Aprile 18,17026,Noli,SV,019 748055,019 7490066 ,
368914,19082,Selenite,Contrada Malvicino 106/a,98071,Capo D'orlando,ME,,,
368967,19094,Real Park Hotel,Via Aurelia 2242,16033,Lavagna,GE,0185 395400,,
368975,19096,La Meridiana Relais & Chateaux,Via Ai Castelli 11,17033,Garlenda,SV,,,
369502,19123,Albergo Celeste,Lungomare G.descalzo 14,16039,Sestri Levante,GE,0185 485005,,
369799,19137,Fattoria Santa Lucia Le Tagliate,Via Delle Tagliate S.n.c.,56020,Pontedera,PI,,,
369866,19151,Residence Les Coupoles,Route Ramey 14,11020,Champoluc,AO,0125 307741,0125 307742 ,
369870,19152,B&b Art,Via Della Volta 6,50026,San Casciano In Val di Pesa,FI,,,
370510,19228,Hotel Villa Adriana,Via Iv Novembre 23,19016,Monterosso Al Mare,SP,0187 818109,0187 818128 ,
370522,19232,Villa Amelia,Via Ugo Foscolo 18,55045,Pietrasanta,LU,0584 20950 ,,
370539,19238,Albergo Minerva,Via Maragliano 34 D,16038,Santa Margherita Ligure,GE,0185 286073 ,,
370569,19244,Via Palazzo Sanremo,Via Palazzo 66,18038,San Remo,IM,,,
370575,19246,Hotel Corallo,Via Dancalia 36,30020,Eraclea,VE,0421 66089,,
370602,19257,Albergo Ristorante Gargantua,Via Dei Devoto 149,16033,Lavagna,GE,0185 306118 ,,
370861,19289,Agriturismo Podere Diamante,Via Poggio 30,41014,Castelvetro di Modena,MO,,,
370902,19298,Agriturismo Le Guardiole,Via Della Sgrilla 16 A,58014,Capalbio,GR,,,
371197,19310,Hotel Piciuel,Via Pineies 3,39046,Ortisei,BZ,0471 797351,0471 797989 ,
371384,19323,Albergo Palazzo Squarcialupi,Via Ferruccio 22,53011,Castellina In Chianti,SI,0577 741186,,
371392,19324,Tenuta Santo Pietro,Podere Santo Pietro 29,53026,Pienza,SI,0583 926676 ,,
371469,19330,Country Relais La Mortella,Via Acquedotto Leopoldino 54,58018,Monte Argentario,GR,,,
371699,19337,Albergo Ristorante Isabella,Via Eraldo Fico 9,16039,Sestri Levante,GE,,,
371716,19340,B&b Le Rosier,Frazione Romillod Crotache Nâ° 1,11027,Saint Vincent,AO,,,
371730,19343,Il Portone,Via Porta Diana 28,56048,Volterra,PI,0588 87813 ,,
371781,19349,Residence Hotel Hungaria,Via Marconi 1,34073,Grado,GO,0431 878100 ,,
371820,19356,Appartments Hilber,In Der Sandgrube 12,39031,Brunico,BZ,,,
372804,19421,Hotel Terre di Casole,Via Provinciale 4,53031,Casole D'elsa,SI,,,
372930,19432,Hotel Miravalle,Planpincieux 20,11013,Courmayeur,AO,,,
372934,19434,Hotel Button,Borgo Della Salina 7,43121,Parma,PR,0521 208039,0521 238783 ,
373242,19449,Garden Club Toscana,Via Della Principessa Km. 17 500,57027,San Vincenzo,LI,,,
373283,19455,Hotel Michela,Via Vicenza 5,54100,Massa,MS,0585 241390,,
373412,19467,Hotel Morgana,Viale Cristoforo Colombo 12,54033,Carrara,MS,0585 785545,,
373689,19473,Hotel Genzianella,Frazione Pont 1,11010,Valsavarenche,AO,0165 95393,0165 95397,
373793,19491,La Nuova Jera,Via Provinciale 19 Loc. Jera,54021,Bagnone,MS,0187 428161,0187 429574 ,
374147,19501,La Valle Appartamenti Per Vacanze,Via Samminiatese 8,50050,Montaione,FI,0571 667684 ,,
374156,19502,Fignano Appartamenti Per Vacanze,Via Delle Colline Snc,50050,Montaione,FI,,,
374159,19503,Residenza D'epoca Via Santo Spirito 6,Via Santo Spirito 6 San Frediano,50125,Firenze,FI,,,
374584,19521,Uffizi Guesthouse,Via Guicciardini 13 Palazzo Pitti,50125,Firenze,FI,,,
375024,19556,Hotel La Tambra,Str. Sassongher 2,39033,Corvara In Badia,BZ,0471 836281,0471 836646 ,
375039,19559,Casa Vacanze Le Muse,Via Belvedere 6 Fraz. Sillico,55036,Pieve Fosciana,LU,,,
375041,19560,Hotel Sonia,Via G. Matteotti 42,55042,Forte Dei Marmi,LU,0584 787146,0584 787409 ,
375074,19564,L'hostellerie Du Paradis,Fraz. Eau Rousse 18,11010,Valsavarenche,AO,,,
375076,19565,Albergo Bencidormi,Via Faenza 69,50123,Firenze,FI,055 213873 ,,
375539,19588,Casa Vacanze Il Tramonto Sul Chianti,Via Volterrana Sud 65,50025,Montespertoli,FI,0571 674177 ,,
375559,19591,Cà  Del Moro Resort,Via Bellotti 2,54027,Pontremoli,MS,,,
375850,19604,Hotel Al Polo,Via Nazionale 7/9,38030,Ziano di Fiemme,TN,0462 571131,,
375880,19610,Hotel Experia,Via Privata Lombardia 40,17021,Alassio,SV,0182 642005 ,,
375997,19620,B&b La Fonte Del Machiavelli,Via Scopeti 54,50026,San Casciano In Val di Pesa,FI,,,
376660,19663,Hotel Jasmin,Viale Torino 15,18013,Diano Marina,IM,0183 495300 ,,
376709,19675,Hotel Villa Mary,Via Tito Minniti 6,17025,Loano,SV,019 668368 ,,
376753,19687,La Meridiana Casale,Via Piazzale 27/b,19020,Pignone,SP,,,
376780,19695,Agriturismo I Poggi,Via Imprunetana 77,50023,Impruneta,FI,,,
376792,19697,Villa La Montagnola,Via Della Montagnola 110,50022,Greve In Chianti,FI,,,
376951,19710,Excelsior Hotel e Appartamenti,Via Aurelia 57,17025,Loano,SV,,,
377117,19733,Residence Hotel Moderno,Via Kiamonrseyra 28,11020,Gaby,AO,0125 345900 ,,
377577,19757,Hotel Beau Sejour,Via Corrado Gex 114,11011,Arvier,AO,0165 572185,,
377967,19770,Casa Vita,Località  Onci 133,53034,Colle di Val D'elsa,SI,,,
378147,19784,Albergo Cecchin,Via Provinciale 1,17020,Balestrino,SV,0182 988001,,
378232,19790,Il Borgo Centro Vacanze,Via Del Poggetto 45,56040,Guardistallo,PI,0586 655088,0586 651856 ,
378574,19802,Le Coste,Via Discovolo 185,19017,Riomaggiore,SP,,,
378590,19805,Hotel Internazionale,Via Concezione 3,17024,Finale Ligure,SV,019 692054,019 692053 ,
378911,19825,Albergo La Vela,Via Milite Ignoto 21,16035,Rapallo,GE,0185 50551 ,,
378918,19826,B&b Country,Frazione La Balme Ruelle Du Clou 2,11010,Prè Saint Didier,AO,,,
379445,19869,Il Borghetto Tuscan Holidays,Località  Cortennano 21/23,53037,San Gimignano,SI,,,
379450,19870,Residence Garden Lido,Via Barabino 21,18038,San Remo,IM,0184 667766,0184 666330 ,
379946,19901,B&b Il Giramondo,Via Lavagna 22,56125,Pisa,PI,,,
380084,19910,Grand Hotel Spiaggia,Via Roma 78,17021,Alassio,SV,0182 643403 ,,
380093,19911,Ena Hotel,Via Matteotti 12,16011,Arenzano,GE,010 9125696,,
380127,19912,Il Borgo di Mariano,Località  Decimo Nâ° 38,53030,San Gimignano,SI,,,
380139,19913,Le Rocche di Valiano,Loc. Rocche Valiano,53019,Castelnuovo Berardenga,SI,,,
380382,19916,Hotel Carlo V,Via Empedocle Snc,92014,Porto Empedocle,AG,0922 636442,0922 467258 ,
380463,19926,Hotel Mont Velan,Rue Du Grand Saint Bernard 13,11014,Saint Oyen,AO,0165 78524,0165 789533 ,
380490,19931,Azienda Agrituristica Monte Pà¹,Loc. Monte Pà¹ 6,16030,Castiglione Chiavarese,GE,,,
380518,19935,Hotel Solemare,Via Generale Ardoino Nâ°170,18013,Diano Marina,IM,0183 403235,,
380523,19936,Jaddhu Ristorante Resort,Località  Capichera,07021,Arzachena,OT,,,
380561,19938,Casa Per Ferie Vel Marì,Strada Statale 127bis Km 41 Loc.ponte di Fertilia,07041,Alghero,SS,,,
380995,19950,Agriturismo Casteldelpiano,Via Piano 10,54016,Licciana Nardi,MS,0187 475533,0187 1852517 ,
381009,19953,Hotel Delle Alpi,Via Vandelli 8,55030,Vagli Sotto,LU,0583 664057 ,,
381286,19964,Residence Smeraldo,Via Federico Ii 6 (check-in At Via Litoranea Lungomare 6),91010,San Vito Lo Capo,TP,,,
381391,19979,Camping River,Via Armezzone 23,19031,Ameglia,SP,0187 65920,,
381412,19982,Il Casale Del Giglio,Via Alessandro Volta 16,19035,Santo Stefano di Magra,SP,0187 630245 ,,
381421,19983,Le Corti Del Sole Residence,Viale Delle Terme 32/34,57021,Campiglia Marittima,LI,0565 857070,0565 855311 ,
381438,19985,Gli Ulivi di Montalbano,Via Montalbano 154,19100,La Spezia,SP,,,
381443,19986,Mulino Marghen,Frazione Noce,54029,Zeri,MS,,,
381640,19994,Borgo Colleoli Resort,Via San Bartolomeo 1,56036,Palaia,PI,,,
382149,20048,I Tusci,S.p. 158 Km 4.250 Via Delle Collacchie Località  Puntone,58020,Scarlino,GR,0566 867014,0566 866201 ,
382225,20065,Agriturismo Ca' Bertu&#39,Via Valle Del Samoggia 3369,40050,Castello di Serravalle,BO,,,
382249,20069,Hotel Lily,Via Delle Ortensie 1,30020,San Michele Al Tagliamento,VE,0431 43356 ,,
382396,20085,Hotel Mirage,Viale Roma 215,55044,Pietrasanta,LU,0584 745886,0584 1787640,
382413,20087,B&lucca Porta Sant'anna,Via Carlo Angeloni 211,55100,Lucca,LU,,,
382726,20111,Hotel Florian,Via Risorgimento 3,11020,Nus,AO,0165 767968 ,,
382789,20120,Residence Casarino,Via Aurelia 486,17025,Loano,SV,019 670448,019 6779196 ,
382805,20122,Agriturismo Au Jardin Fleuri,Frazione Bourg 7,11020,Antey Saint Andrè,AO,,,
383218,20147,C.c.ly Hostel Enna,Via Vulturo 3,94100,Enna,EN,,,
383306,20158,Hotel Punta Maquignaz,Piazzale Guide Maquignaz,11021,Breuil Cervinia,AO,0166 948055,,
383310,20160,Castello di Fosdinovo,Via Papiriana 2,54035,Fosdinovo,MS,0187 680013 ,,
383322,20161,Hotel La Giara,Via Cavour 79,16036,Recco,GE,0185 738201,,
383501,20170,Hotel C'era Una Volta,Via Balzini 11,58043,Castiglione Della Pescaia,GR,,,
383507,20171,Mezzano In Chianti,Via Mezzano 36 - Strada In Chianti,50027,Greve In Chianti,FI,055 855386 ,,
383521,20172,B&b Da Marà,Frazione Servaz 3,11028,Valtournenche,AO,,,
383577,20177,Residence Hotel La Villa Della Regina,Fraz. Staffal 6,11020,Gressoney La Trinitè,AO,0125 366201,0125 366963 ,
383586,20180,Affittacamere De Charme Jour Et Nuit,Fraz. Verney,11020,Torgnon,AO,,,
384011,20231,Villa Phoenix,Via Heinrich e Thomas Mann 6,38066,Riva Del Garda,TN,,,
384258,20256,B&b Au Petit Bonheur,Via Cesare Battisti 26,11027,Saint Vincent,AO,,,
384327,20267,Hotel Orpheus,Via Calcide Eubea 3,98035,Giardini Naxos,ME,0942 51778 ,,
384412,20280,B&b A Pankeo,Fraz. Crepin 73,11028,Valtournenche,AO,,,
384417,20281,Albergo Caprile,Via Giovanni Garaventa 76,16030,Uscio,GE,,,
384710,20297,Terrasini 2000 Case Vacanza,Via Archimede 18,90049,Terrasini,PA,,,
384750,20302,Blu Mediterraneo B&b,Viale Delle Libertà  341,98121,Messina,ME,,,
384795,20306,Camere D'autore La Poesia,Via Genova 4,19016,Monterosso Al Mare,SP,,,
384822,20313,Hotel Il Giglio,Via Garibaldi 16 In Frazione San Terenzo 16,19032,Lerici,SP,0187 970805 ,,
384848,20318,Hotel Riviera,Località  Fornaci 12,19013,Deiva Marina,SP,0187 815805,0187 816433 ,
384851,20319,Hotel International,Via Litoranea Nord 2,47843,Misano Adriatico,RN,0541 613653,,
384858,20320,Ligure Residence,Via C. Battisti 257,17027,Pietra Ligure,SV,019 615454,019 611366 ,
385071,20329,Eurhotel,Via Pistoiese 30 Novoli - San Donato,50145,Firenze,FI,,,
385202,20351,Paradise Hotel & Wellness,Viale Piemonte 54,11027,Saint Vincent,AO,,,
385468,20361,B&b Lo Tatà ,Frazione Chez Croiset 69a,11020,Fenis,AO,,,
385486,20363,Il Borgo Della Rovere,Via Cesare Battisti 37,18016,San Bartolomeo Al Mare,IM,0183 753521 ,,
385580,20374,Donna Nobile,Via Delle Romite 15/21,53037,San Gimignano,SI,,0577 940845 ,
385839,20393,Il Paggino Chianti Accommodation,Località  Paggino 73,53017,Radda In Chianti,SI,0577 738989 ,,
385847,20395,Hotel Genziana,Vico Delle Mele 7,16123,Genova,GE,010 2474240 ,,
386279,20420,Hotel Derby,Via Padova 72,30017,Iesolo,VE,0421 371063,,
386285,20421,Hotel Venere Azzurra,Via Biaggini 29,19032,Lerici,SP,0187 965334,,
386289,20422,Hotel Miramare,Corso Italia 2,17026,Noli,SV,019 748926,,
386762,20463,Pieve di Caminino Historic Country Resort,Tenuta di Caminino S.p. 89 Snc,58036,Roccastrada,GR,,,
386806,20467,Residence Lungomare,Via Lungomare Balai,07046,Porto Torres,SS,079 516055,,
386822,20469,Residence Cervino 2,Frazione Laviel 3,11028,Valtournenche,AO,0166 92286 ,,
386890,20479,Residence Rocca Del Palazzaccio,Via Cassia 290,50023,Impruneta,FI,055 2020097,,
387067,20480,Hotel Residence Paradiso,Via Willy Burgo 76,16030,Moneglia,GE,0185 491604 ,,
387137,20492,Hotel Europa Parking,Via Dell'angiolo 23,57123,Livorno,LI,,,
387241,20509,La Liccia - Camping&village,Sp 90 Km 59,07028,Santa Teresa Gallura,OT,,,
387446,20517,Agriturismo Germalla,Località  Germalla 1 Mezzana Monte Dei Bianchi,54013,Fivizzano,MS,,,
387576,20535,Agriturismo Borgo Vigna Vecchia,Via Montauto 4,50050,Cerreto Guidi,FI,,,
387586,20537,Fattoria Castelvecchi,Loc. Castelvecchi,53017,Radda In Chianti,SI,0577 738855 ,,
387611,20547,Agriturismo Colleverde,Via di Colleverde 20,56030,Terricciola,PI,0587 653098 ,,
387849,20566,La Finestrella di Montalto Locanda,Via Roma 1,18010,Montalto Ligure,IM,0184 407041 ,,
387942,20576,Hotel Montemerlo,Loc. Fetovaia Via Del Canaletto 240,57034,Campo Nell'elba,LI,0565 988051,0565 988036 ,
387965,20578,Affittacamere Anna Michielini,Via Colombo 143,19017,Riomaggiore,SP,0187 738705 ,,
388290,20598,Hotel Solidago,Via Prima Traversa Stazione 24,18011,Taggia,IM,,,
388367,20604,Foresteria Poggio Bonelli,Via Dell'arbia 4,53019,Castelnuovo Berardenga,SI,,,
388381,20607,B&b La Gruba Dortoir,Loc. Gruba 8,11020,Gaby,AO,,,
388389,20609,Hotel De La Tor,Rue Dottor Grappein 76,11012,Cogne,AO,0165 749190,,
388407,20612,Vento Del Sud,Via Duca Degli Abruzzi 183,91010,San Vito Lo Capo,TP,,,
389168,20672,Il Litorale Del Parco,Loc. Mesco 4,19016,Monterosso Al Mare,SP,,,
389176,20674,B&b Il Parco,Loc. Mesco 6,19016,Monterosso Al Mare,SP,,,
389208,20681,Agriturismo Musetti Angela,Grondola C.s. 34/b,54027,Pontremoli,MS,,,
389366,20685,Central Room & Breakfast,P.le Lido,96017,Noto,SR,,,
389966,20725,Agriturismo Orvile,Località  Orvile,08020,Posada,NU,,,
390412,20750,Agriturismo Arena Del Sol,Regione Arenosu 16,07041,Alghero,SS,,,
391270,20779,Azienda Agricola La Ripa,Loc. Santa Maria 70,53037,San Gimignano,SI,0577 950351 ,,
391554,20795,Grand Hotel Du Park Et Regina,Viale Diaz 8,51016,Montecatini Terme,PT,0572 79232,,
391622,20804,Hotel Fiume,Via Fiume 9 R,16121,Genova,GE,010 591691,010 5702833 ,
391642,20807,Hotel Palme,Via Iv Novembre 18,19016,Monterosso Al Mare,SP,0187 829013,,
391643,20808,Le Mascie,Località  Le Mascie,53031,Sovicille,SI,,,
391645,20809,Welcome Case Vacanze Alghero,Piazza Martin Luther King,07041,Alghero,SS,,,
391648,20811,Fonteverde Living,Via Galileo Galilei 7,53040,San Casciano Dei Bagni,SI,,,
391655,20812,Hotel Brignole,Vico Del Corallo 13 R,16122,Genova,GE,010 561651,,
391665,20816,Santa Maria A Poneta,Strada di Poneta 50a,50021,Barberino Val D'elsa,FI,055 8073234,055 8073235 ,
391699,20818,Borgo Poneta,Strada di Poneta 64,50052,Barberino Val D'elsa,FI,,,
391961,20824,Hotel Delle Rose,Via Garibaldi 8,19011,Bonassola,SP,0187 813713,,
392095,20846,Albergo Birra,Località  Birra 3 A,16010,Savignone,GE,010 9761002,,
392122,20848,Hotel Danio Lungomare,Via Roma 23,17021,Alassio,SV,0182 640683,0182 640347 ,
392554,20866,Silvani 123 B&b,Via Ugo Moschi 8 Galluzzo Certosa,50125,Firenze,FI,,,
392576,20868,Hotel Residence Villa Rioddi,Strada Provinciale Monte Volterrano 71,56048,Volterra,PI,0588 88051,0588 88074 ,
392634,20873,B&b La Perla Blu,Salita San Francesco 15,19015,Levanto,SP,,,
392673,20878,Erboli Residence,Località  Erboli 166,52022,Cavriglia,AR,055 966100 ,,
392690,20880,Villa Agnese,Via Riu Balbaro 24,07030,Badesi,OT,079 684479 ,,
393054,20906,Hotel Relais I Presidi,Via Mura di Levante 34,58015,Orbetello,GR,0564 867601,,
393062,20909,Opera B&b,Via Lorenzo Il Magnifico 62,50129,Firenze,FI,,,
393119,20920,Hotel Cristallino & Suites,Via Armando Diaz 10,51016,Montecatini Terme,PT,,,
393275,20928,Albergo Giada,Viale Della Repubblica 7,55042,Forte Dei Marmi,LU,0584 787171 ,,
393282,20929,Hotel Miramare,Viale Carducci 27,55049,Viareggio,LU,0584 324025,,
393292,20930,Hotel La Vela,Viale Pistelli 45,55041,Camaiore,LU,0584 618197,0584 610988 ,
393310,20933,Madonna Del Poggio Cav,Loc. Madonna Del Poggio Sp 84,58020,Scarlino,GR,,,
393361,20941,Hotel San Leonardo,San Leonardo 23,39036,Badia,BZ,0471 839561,,
393475,20951,Residence Les Myosotis,Route Emile Chanoux Fraz.antagnod,11020,Ayas,AO,0125 304017 ,,
393487,20953,Residence Les Nigritelles,Località  Lillaz 21,11012,Cogne,AO,0165 749270 ,,
393496,20955,Affittacamere Verger Plein Soleil,Fraz. Jacquemin 5,11010,Saint Pierre,AO,0165 903366 ,,
393686,20958,Hotel Posta,Loc. Capoluogo 29,11020,Issime,AO,0125 344204 ,,
393923,20976,Jesolopalace Hotel & Aparthotel,Via Airone 1/3,30016,Iesolo,VE,,,
394005,20985,Soggiorno Sole,Via Bagnasco 23,17019,Varazze,SV,019 96120,,
394243,20986,Hotel Alfieri,Via Leonardo Da Vinci 146,17021,Alassio,SV,0182 662882 ,,
394666,21013,Hotel Villa Giulia,Via Concezione 63,17053,Laigueglia,SV,0182 690266,0182 690267 ,
394826,21030,B&s'alzola,Via Pamentu Integghiatu 15 - Località  Rudalza,07026,Olbia,OT,,,
394849,21034,Affittacamere Lou Ressignon,Rue Mines De Cogne 22,11012,Cogne,AO,0165 74034,0165 749460 ,
394850,21035,Hotel Petit Giles,Frazione Gimillan 118,11012,Cogne,AO,0165 74272,,
394934,21044,Affittacamere Scalvino,Località  Prè De Pascal - Val Veny,11013,Courmayeur,AO,0165 869090,,
395272,21054,Hotel Marselli,Via Carlo Zavagli 77 San Giuliano,47921,Rimini,RN,,,
395352,21068,Hotel Vecchio Asilo,Via Delle Torri 4,53030,San Gimignano,SI,,,
395722,21096,Hotel Giulia,Via Ascoli 15,54100,Massa,MS,0585 240067,0585 243701 ,
395737,21098,Hotel Là¤rchenhof,Lindenstrasse 2,39037,Rio di Pusteria,BZ,,,
396174,21123,B&b Poggio Stallone,Località  Acquafredda 15,05018,Orvieto,TR,,,
396554,21145,Residence La Gozza,Località  Pigno,37019,Peschiera Del Garda,VR,,,
396626,21150,Garnì Hotel Ritterhof,M. R. V. Grabmayrstr. 4,39040,Termeno Sulla Strada Del Vino,BZ,,,
396678,21157,Residence Villa Marina,Via Regina Elena 37,34073,Grado,GO,0431 80232 ,,
396769,21172,Casa Del Cavaliere,Via Genova 275,19123,La Spezia,SP,0183 280251 ,,
396853,21183,Affittacamere La Luge D'antan,Rue Col De Joux 71,11022,Brusson,AO,,,
396945,21196,Gelsomino Holiday House,Località  Pigno,25010,Peschiera Del Garda,VR,,,
397154,21204,Residence Oliveto 2,Località  Pigno,25010,Peschiera Del Garda,VR,,,
397249,21219,Agriturismo Lucchettiferrari,Via Costa San Nicolà² 23,54027,Pontremoli,MS,,,
397266,21222,Affittacamere Au Chateau Blanc,Via Corrado Gex 22,11011,Arvier,AO,0165 99166,0165 99045 ,
397343,21241,Albergo Stella,Piazza Garibaldi 16,56034,Casciana Terme,PI,0587 646221,0587 645404 ,
397356,21244,Hotel Ritz,Via Dalmazia 13,55045,Pietrasanta,LU,0584 20516,,
397364,21246,Hotel Mont Nery,Fraz. Quincod 156,11020,Challand Saint Anselme,AO,0125 944020,,
397370,21249,Da Baranin,Via A.rollandi 29,19017,Riomaggiore,SP,0187 760954 ,,
397374,21251,Il Villino,Via Romana 70,18012,Bordighera,IM,0184 261313 ,,
397383,21254,Hotel Baia Bianca,Piazza Mazzini 3,18013,Diano Marina,IM,0183 495167,0183 495452 ,
397405,21255,Affittacamere La Falconetta,Route Barmasc 2,11020,Ayas,AO,0125 306646,,
397424,21258,B&b Lo Smeraldo,Via Asfodelo 11,07041,Alghero,SS,,,
397546,21286,Albergo Miramare,Via Marconi 8,57016,Rosignano Marittimo,LI,0586 752435 ,,
397560,21288,Il Vignolino Bed And Breakfast,Via di Castello 13,50031,Barberino di Mugello,FI,,,
397569,21289,Hotel Locanda Belvedere,Località  Planpencieux 3,11013,Courmayeur,AO,0165 869701,0165 897598 ,
397810,21314,B&b Tre Stelle,Loc Fattore Snc,19015,Levanto,SP,,,
397821,21318,Hotel Claudio,Via Xxv Aprile 37,17028,Bergeggi,SV,019 859750 ,,
397823,21319,Affittacamere Grand Saint Bernard,Frazione Crè 9,11010,Gignod,AO,,,
397829,21321,Camping Les Iles,Località  Les Iles 17,11020,Pollein,AO,0165 53134 ,,
397858,21327,Hotel Napoleon,Località  Broccard 5,11020,Montjovet,AO,0166 579111,0166 579770 ,
397868,21330,Casa Dimora,Ss125,08020,San Teodoro,ME,0784 863275 ,,
397869,21331,Residence Aquila,Rue Trois Villages 63,11022,Brusson,AO,0125 300815,,
397893,21342,Hotel La Torricella,Via Aurelia Km 125/18,58011,Capalbio,GR,0564 890083,,
397996,21356,Agriturismo Lo Ratelè,Frazione Ville 3,11010,Allein,AO,,,
398224,21364,Hotel Roma,Piazza Giovanni Pellerano 16,54100,Massa,MS,0585 242748,0585 246312 ,
398377,21397,Albergo La Pineta,Strada La Ruine 18,11017,Morgex,AO,0165 809985 ,,
398387,21400,B&b Le Village,Frazione Plout 30,11020,Montjovet,AO,,,
398416,21404,Hotel Splendor,Viale Argine Dei Moreri 75,34073,Grado,GO,0431 80309,,
398425,21405,Le Palme Hotel & Residence,Viale Del Sole 35,34073,Grado,GO,,,
398427,21406,Affittacamere Lunamar,Via Paleocapa 2,19122,La Spezia,SP,,,
398454,21409,Hotel Colombo,Viale Colombo 161,55041,Camaiore,LU,0584 619651 ,,
398849,21425,Hotel Parco Nazionale,Località  Degioz 160,11010,Valsavarenche,AO,0165 905706,0165 905805 ,
399378,21455,Hotel Giordana,Piazza Mazzini 14,17025,Loano,SV,,,
399451,21468,Country House Casino di Caccia,Strada Ossario 64a,37066,Sommacampagna,VR,,,
399545,21472,B&b Relais Tiffany,Via Guido Monaco 5 Porta Al Prato,50144,Firenze,FI,,,
399918,21499,Residenza Gambrinus,Via De' Brunelleschi 1,50123,Firenze,FI,,,
399989,21511,Residence La Calle,Località  Fetovaia,57034,Campo Nell'elba,LI,,,
400050,21516,Vicarello di Volterra,Strada Provinciale Volterrana 15 Km 11.5,56048,Villamagna,CH,,,
400366,21535,Albergo Boule De Neige,Loc. Chanavey 27,11010,Rhèmes Notre Dame,AO,,,
400477,21551,Albergo La Mediterranea,Piazza Mazzini 15,17025,Loano,SV,019 668903 ,,
400531,21557,Relais Del Maro,Via Ambrogio Guglieri 1,18021,Borgomaro,IM,,,
400566,21563,Residence Il Gabbiano,Via Al Capo 2,17024,Finale Ligure,SV,019 858131 ,,
400720,21564,Il Gatto Zorba,Via Paleocapa 4,19121,La Spezia,SP,,,
400727,21566,Agriturismo La Casa di Rodo,Via Vecchia Fiorentina Secondo Tronco 204,51039,Quarrata,PT,,,
400827,21580,Affittacamere Tonino Basso,Via Gavino 34,19018,Vernazza,SP,,,
401104,21611,Hotel Mirage,Via Nicola Scotto 3,98122,Messina,ME,090 2938844 ,,
401188,21620,Hotel Fani,Via Guelfa 28,50129,Firenze,FI,055 289248,055 216006 ,
401234,21628,Camping Village Costa D'argento,Strada Statale Aurelia Km 134,58011,Capalbio,GR,,,
401309,21643,Hotel Villa Amelia,Via Solva 59,17021,Alassio,SV,,,
401317,21644,Hotel Baia Blu,Via Ignazio Dell'oro 4,17021,Alassio,SV,,,
401487,21652,Residence Eleonora,Via San Felice 111,30015,Chioggia,VE,041 5507122,041 4967983 ,
401503,21654,Residence Le 4 Stagioni,Via Delle Margherite 15,92013,Menfi,AG,0925 78447 ,,
401754,21667,B&b Elicrim,Via Alessandro Volta 23,19037,Santo Stefano di Magra,SP,,,
401761,21669,Hotel San Nicola,Via Solva 71,17021,Alassio,SV,0182 642067 ,,
402007,21676,Villa Eugenia,Strada Santa Maria 21,17014,Cairo Montenotte,SV,019 504682 ,,
402016,21677,La Bussola Da Gino,Via Vecchia Fiorentina 328,51039,Quarrata,PT,0573 740018,,
402063,21682,Magione B&b,Contrada Sopracampo 3,82019,Sant'agata Dè Goti,BN,,,
402081,21683,Albergo Elea,Corso Elea 69,84046,Ascea,SA,0974 971577,0974 971332 ,
402093,21686,Olympia Hotel,Via Xx Settembre 21,16121,Genova,GE,010 592538 ,,
402110,21688,Park Hotel,Via Alba Docilia 3,17011,Albissola Marina,SV,,,
402160,21692,Agriturismo Cà  Rossano,Via Cà  Rossano 9,54016,Licciana Nardi,MS,,,
402196,21695,Villa La Fornacina,Via Fiorentina 116,50063,Figline Valdarno,FI,055 959434 ,,
402472,21704,Hotel Ristorante Il Caminetto,Via Olanda 1,18013,Diano Marina,IM,0183 494700,0183 242467 ,
402481,21705,Baia Blu Rta Residence,Via Santa Teresa 7,19032,Lerici,SP,0187 952137,,
402486,21706,Hotel Margherita,Via Roma 72,19016,Monterosso Al Mare,SP,0187 817048,,
402520,21709,Hotel Palace,Via Lungosciusa 1,17024,Finale Ligure,SV,019 601649,019 601212 ,
402525,21710,Albergo Delle Ondine,Piazza Figoli 18,19032,Lerici,SP,0187 965131 ,,
402872,21735,Villaggio Rta Borgoverde,Via Pacialla 19,18100,Imperia,IM,0183 60351,,
403349,21758,Hotel Viola,Via S.s. 301 Del Foscagno 14,23038,Valdidentro,SO,0342 927151 ,,
403410,21763,Garni Zilli,St. Peter 10/a,39040,Laion,BZ,0471 655598,0471 656445 ,
404150,21792,Toscana Biovillage,Via Gorizia 2,57023,Cecina,LI,0586 090358,,
405127,21834,Hotel Patrizia,Via Delle Pinete 145,54100,Massa,MS,,,
406511,21866,Residenza Marina B&b,Via Venezia 72,54033,Carrara,MS,,,
406626,21875,Albergo Le Briciole,Località  Redinoce 5,57033,Marciana Marina,LI,0565 907538 ,,
406644,21876,Hotel Bel Tramonto,Via Il Mortaio 3 Loc. Patresi,57030,Marciana,LI,0565 908027,,
406998,21889,Agriturismo Lou Rosè,Via Clapey 203,11020,Donnas,AO,,,
407036,21894,Duchess Boutique De Charme,Via Del Guarlone 26 Gavinana - Rovezzano,50135,Firenze,FI,,,
407245,21905,Hotel Petit Foyer,Località  Lillaz 3a,11020,Quart,AO,0165 765448,,
407489,21911,La Chicca di Francesca,Via Basilicata 4,07028,Santa Teresa Gallura,OT,,,
407669,21915,Tra Cielo e Mare,Via Fieschi 152,19018,Vernazza,SP,,,
407948,21930,La Villetta Del Golfo,Via Pitelli 63,19126,La Spezia,SP,0187 967542,0187 969074 ,
407986,21933,Hotel Le Dune,Loc. Porto Pollo,07020,Palau,OT,0789 704013,0789 704113 ,
408137,21945,B&b Sa Marina,Via Tarros 4,08020,Siniscola,NU,,,
408782,21976,Hotel Marina 2,Trav. di Via Segagnana 245,57034,Campo Nell'elba,LI,,,
409034,21985,B&b Le Giare,Via Padre Semeria 72,19016,Monterosso Al Mare,SP,,,
409181,22000,Albergo La Marinella,Via Nino Bixio 5,17019,Varazze,SV,,,
409211,22005,Residence Borgo San Sebastiano,Via Xxv Aprile 37,17028,Bergeggi,SV,019 859361 ,,
409256,22007,Alassio Holiday,Via Francesco Maria Giancardi 47,17021,Alassio,SV,0182 684942 ,,
409578,22025,Albergo Marina,Via Fascie 100,16039,Sestri Levante,GE,,,
409782,22039,Villaggio Colombo,Via Marchese Maglione 47/b,17051,Andora,SV,,,
409952,22044,L'antica Pieve Bed &amp Breakfast,Via Piccola 10,19015,Levanto,SP,,,
410112,22052,Locanda La Lucciola,Via Dell'olivo 101,19025,Portovenere,SP,,,
410339,22063,B&b Villa Giulia,Via Sterpeti Snc,58014,Manciano,GR,,,
410475,22088,Hotel Sporting,Piazza Municipio 21,32044,Pieve di Cadore,BL,0435 31262,0435 507161 ,
410880,22115,Hotel Baracchino,Via Aurelia 2,19013,Deiva Marina,SP,0187 816406 ,,
410967,22121,Hotel Lucerna,Via Lungomare 227,18018,Taggia,IM,,,
411018,22123,Locanda Murales,Località  Piliezzu 1,07026,Olbia,OT,,,
411344,22131,Pensione Sellablick,Strada Peccei 27,39033,Corvara In Badia,BZ,,,
411724,22168,Eco-hostel Cascina Respaà¹,Via Santa Brigida e Respaà¹,22100,Como,CO,,,
411899,22172,Sonnbichl,Hohlgasse 23,39010,Rifiano,BZ,0473 241001 ,,
411906,22173,Albergo Italia,Colle Del Gran San Bernardo,11010,Saint Rhemy En Bosses,AO,0165 780063,,
412024,22186,Albergo Croce Bianca,Rue Arcesaz 68/70,11022,Brusson,AO,0125 300348,,
412165,22196,Hotel California,Loc. Frachey,11020,Ayas,AO,0125 307977 ,,
412360,22202,Podere Del Priorato,Strada Del Priorato 16,58015,Orbetello,GR,,,
412540,22215,Hotel Sole,Via Colombo 2,58015,Orbetello,GR,0564 860410 ,,
413054,22217,Le Coffret Design House,Località  Jayer,11020,Saint Marcel,AO,,,
413217,22234,Aghinas,Piazza Carmine 17,08013,Bosa,OR,0785 605827 ,,
413325,22250,Albergo Belvedere,Via Del Fortino 51,58019,Monte Argentario,GR,0564 812634 ,,
413515,22259,Hotel Paramont,Frazione Planaval,11011,Baulen,AO,0165 97106 ,,
413528,22261,Miramare Residence,Via Della Lizza 23,19123,La Spezia,SP,010 2518243 ,,
413623,22269,Hotel San Pietro Palace,Via San Pietro 9,17024,Finale Ligure,SV,019 6049156,,
413956,22291,B&b Il Porto Vecchio,Via Tonnara 69,07040,Stintino,SS,,,
414242,22321,Albergo Ristorante Casale,Loc. Condemine 1,11020,Saint Christophe,AO,0165 541203,,
414745,22348,Residence Diaz,Via Diaz 86,22100,Como,CO,,,
414753,22349,Agrialbergo Capalbio,Via Della Sugherella 3,58011,Capalbio,GR,0564 898763,,
415035,22368,Hotel Des Roses,Fraz. Trepont 10,11018,Villeneuve,AO,0165 95426,,
415044,22370,Affittacamere La Posta,Via Provinciale 35,19010,Maissana,SP,0187 845615 ,,
415099,22377,Rifugio Cràte Sèche,Località  Berio Del Governo,11010,Bionaz,AO,,,
415107,22380,Hotel Il Delfino,Via Colombo 15,57027,San Vincenzo,LI,0565 701179,0565 701383 ,
415109,22382,R. T. A. &quot Casa Bianca&quot,Via Giuseppe Verdi 20 - Località  Ronchi,54039,Massa,MS,,,
415215,22392,Albergo Parma,Via Fiume 143,19122,La Spezia,SP,,,
415349,22398,Garni Lanzinger,Via Ciampinei 6,39048,Selva di Val Gardena,BZ,0471 794200,,
415675,22421,Hotel Centro,Piazza Unità  Nazionale 4,18100,Imperia,IM,,,
415813,22446,Al-tair,Duca Degli Abruzzi 83,91010,San Vito Lo Capo,TP,0923 621198,,
415944,22455,Affittacamere L'abreny,Loc. Cràªtes 5,11022,Brusson,AO,,,
415955,22458,Hotel Tilly,Lungofrigido di Levante 1,54100,Massa,MS,0585 869443 ,,
416114,22466,Locanda Pantanello,S.p. Del Pantano Km 6233,58017,Pitigliano,GR,0564 616715 ,,
416377,22492,B&b Cascina Doria Business Resort,Via Cascina Doria 2,20080,Vernate,MI,,,
416391,22495,Casachianti,Località  Case Nuove 77,50052,Fiano,TO,,,
416406,22502,Villa Sant' Andrea,Via di Fabbrica 63,50026,San Casciano In Val di Pesa,FI,,,
416428,22510,Tramontiemare,Via Bargonasco 6,16030,Casarza Ligure,GE,0185 1871263 ,,
416441,22514,B&b Già  Via Larga,Via Cavour 19,50129,Firenze,FI,,,
416733,22534,Hotel Bia Maore,Via San Pietro 19,08040,Baunei,OG,,,
417264,22572,Terrarossa Golf Resort,Località  Terrarossa,58019,Monte Argentario,GR,,,
418221,22634,Hotel Armonia,Via Antonio Gramsci 13,16126,Genova,GE,,,
418291,22637,B&b Le Stanze Del Duomo,Via Martelli 8,50129,Firenze,FI,,,
418305,22639,Best Western Premier Chc Airport,Via Albareto 35,16153,Genova,GE,010 584707,010 586301 ,
418484,22651,B&b Liolà ,Via Duomo 125,92100,Agrigento,AG,,,
418777,22659,Albergo Belvedere,Via Aurelia 17,19020,Borghetto di Vara,SP,0187 894115 ,,
418783,22660,Hotel Le Grazie,Via Roma 43,19025,Portovenere,SP,0187 790017,,
418795,22662,Monnaclara,Via Alamanni 35 Santa Maria Novella,50123,Firenze,FI,,,
418872,22668,Hotel Liliana,Via Calderina 29 - Fraz Diano Serreta,18013,Diano Marina,IM,,,
419208,22679,A 4 Passi Dal Mare,Via Vanicella 15,19121,La Spezia,SP,,,
419323,22693,B&b La Dolce Vita,Piazza Massola 2,19015,Levanto,SP,,,
420206,22730,Hotel Diplomat Marine,Via Del Turismo 9,47841,Cattolica,RN,,,
420221,22731,Rifugio Cunèy,Loc. Conca di Cunèy,11020,Bionaz,AO,,,
420273,22734,Residenza Palazzo Saloni,Via S.saloni 31,53024,Montalcino,SI,,,
420579,22752,Complesso Residenziale Isola Dei Mori,Località  Calasapone,09017,Sant'antioco,CA,,,
420619,22759,Charme Hotel Sayonara,Via Passo Rolle 35,38054,Siror,TN,0439 68174,,
420763,22766,Villa Il Leccio,Via Case Sparse 35 Loc. Strada In Chianti,50027,Greve In Chianti,FI,055 8586103,055 8586106 ,
421029,22779,Hotel Tina,Viale Torino 22,18013,Diano Marina,IM,0183 494145,,
421168,22788,Hotel Hell,Via Promeneda 3,39046,Ortisei,BZ,0471 796785 ,,
421213,22790,Locanda La Clusaz,Fraz. La Clusaz 1,11010,Gignod,AO,,,
421217,22791,B&b Le Querciole Del Chianti,Strada di Quercia Al Poggio 1,50021,Barberino Val D'elsa,FI,,,
421252,22795,Albergo Castello Da Bonino,Loc. Castello 53,11020,Champorcher,AO,,,
421403,22800,Il Nido Nella Bionda,Via Bionda 4,19020,Brugnato,SP,0187 894556 ,,
421462,22808,Terra Del Sole,Piazza Castello Snc,91023,Favignana,TP,0923 921518,,
421562,22816,Firenze Number Nine,Via Dei Conti 9/31r,50123,Firenze,FI,055 5383583 ,,
42202,1838,Tourist House,Via Della Scala 1 Santa Maria Novella,50100,Firenze,FI,,,
422444,22863,Affittacamere Chez Magan,Fraz. Crè 35 A/b,11010,Gignod,AO,0165 56205,,
422467,22866,Maison Sam' Suffy,Fraz. Ville 100,11020,Challand Saint Victor,AO,,,
422623,22888,Hotel Euro Club,Via Cassia Nord 33,53035,Monteriggioni,SI,0577 305002,0577 305015 ,
422654,22889,Hotel Sasso,Via Biancheri 17,18013,Diano Marina,IM,0183 494319 ,,
422819,22892,Cinque Terre Da Levanto,Via Case Sparse Ridarolo,19015,Levanto,SP,,,
422946,22910,Hotel Poseidon,Via Dalmazia 1 Loc. Focette,55045,Pietrasanta,LU,0584 21122,,
423275,22930,B&b Kimera,Via Salita Grisafi 18,94015,Piazza Armerina,EN,,,
424100,22953,Case Vacanze Scorci di Mare,Via Antonio Gramsci 62,19017,Riomaggiore,SP,,,
424120,22954,Hotel Gentile,Via Monastero 79,17026,Noli,SV,019 748018 ,,
425006,23004,Al Castello Da Annamaria,Via Roma,19020,Beverino,SP,,,
425113,23015,Hotel 4 Venti,Via Amerigo Vespucci 35,16039,Sestri Levante,GE,0185 42336 ,,
425127,23017,Apartments Saint Georges,Fraz. Covyerand,11010,Rhemes Saint Georges,AO,,,
425132,23018,Apartments Notre Dame,Fraz. Carrè (check-in At Frazione Bruil 12),11010,Rhèmes Notre Dame,AO,,,
425369,23027,Hotel Milano,Piazza Airaldi Durante 11,17021,Alassio,SV,,,
425720,23043,Podere Bellarina B&b,Via Pallodola 32,19038,Sarzana,SP,,,
425765,23057,B&b Brezzalpina,Via Chanoux 46,11020,Hone,AO,,,
425800,23065,Campeggio Giannella,S. P. Giannella 164,58010,Orbetello,GR,0564 820054 ,,
425925,23067,Affittacamere Lo Micio di Tatà ,Rue Cordelloz 6,11010,Prè Saint Didier,AO,,,
426305,23084,Agriturismo Borgo Dei Ricci,Via Imprunetana Per Pozzolatico 218,50023,Impruneta,FI,,,
426428,23089,Locanda Montecristo,Via Montecristo 23,21014,Laveno Mombello,VA,,,
426939,23124,Hotel Tourist,Via Roma 32,11028,Valtournenche,AO,0166 92070,,
42695,1862,Hotel Nettuno,Via Versilia 193,55044,Pietrasanta,LU,,,
427010,23133,Albergo La Pineta,Via Pineta 10,17051,Andora,SV,,,
42719,1869,Hotel Maria Rosaria,Via Grazia Deledda 13,08028,Orosei,NU,0784 98657,0784 98596 ,
427264,23149,Agriturismo La Collina Verde,Loc. S. Anna 6,19015,Levanto,SP,,,
427465,23160,B&b Maison Vallomy,Loc. Vers Chessun 8,11020,Lillianes,AO,,,
427653,23163,Piccolo Hotel,Via Lagorio 25,17015,Celle Ligure,SV,019 7190023,,
427760,23174,Ostello Crierel,Località  Fey 2,11020,Lillianes,AO,,,
427871,23183,Hotel I Crespi,Via Aurelia Sud Snc,58100,Grosseto,GR,0564 24770,,
427879,23184,Relais La Corte di Cloris,Via Masaccio 234,50132,Firenze,FI,055 5522552,,
428241,23198,Hotel Barance,Corso Venezia 45,32022,Alleghe,BL,0437 723708,,
428805,23215,Residence Bellevue Apartments,Via Privata Mimose 1 (check In: Via Della Cornice 122),17027,Pietra Ligure,SV,019 628141 ,,
429298,23248,Agriturismo Costa di Faraggiana,Località  Faraggiana,19015,Levanto,SP,,,
429328,23253,Ligo,Frazione Ligo 24,17038,Villanova D'albenga,SV,,,
429555,23262,Le Relais De La Grandze,Loc La Cretaz,11010,Doues,AO,0165 738027,,
429608,23272,La Bordigona,Via Aurelia 22,19020,Carrodano,SP,0187 892011,,
429704,23284,Be-one,Via Dei Brunelleschi 1,50123,Firenze,FI,0587 420861 ,,
429718,23286,Affittacamere Leonetto,Loc. Pancole 11,53037,San Gimignano,SI,,,
429731,23289,Residence Borgomare,Viale Che Guevara 57,17031,Albenga,SV,,,
429753,23292,La Perla Delle 5 Terre,Via Gavino 34,19018,Vernazza,SP,,,
430357,23323,B&b Il Corso,Via Banchi di Sopra N. 6,53100,Siena,SI,,,
430528,23330,Hotel Cormorano,Strada Dei Pini,07021,Arzachena,OT,0789 99020,,
430712,23337,B&b Vecchio Torchio,Via Vittorio Emanuele 28,11020,Bard,AO,,,
430780,23344,B&b What About Pisa,Via Del Commercio Sud 35/ A,56034,Casciana Terme,PI,,,
430837,23349,Hotel Baita Cretaz,Loc. Campetto 1,11021,Breuil Cervinia,AO,0166 949914,0166 949912 ,
431225,23365,Maison La Kia B&b,Fraz. Arnad Le Vieux 40/bis,11020,Arnad,AO,,,
431226,23366,Hotel Monterosa,Via Stazione 71,11029,Verrès,AO,0125 920390 ,,
431300,23381,Baia De Bahas Exclusive,Golfo di Marinella - Loc. Marana,07020,Golfo Aranci,OT,0789 34837,0789 34837 ,
431319,23383,Case Vacanze Rocca,Via Del Conservificio 59,06083,Bastia Umbra,PG,,,
432042,23420,Gasthof Zur Sonne,Dorf 29,39020,Stelvio,BZ,,,
432140,23424,Casale La Sterpaia,Parco Naturale di San Rossore Via Dell'ippodromo,56017,Pisa,PI,,,
432390,23435,Hotel Alberta,Via di Pariana 49,54100,Massa,MS,0585 40245 ,,
433627,23496,Hotel Weger,Jaufenstraàÿe 16,39019,Tirolo,BZ,0473 237011,0473 211975 ,
434102,23515,Mortola Holiday House,Via Ginestre28,18039,Ventimiglia,IM,0184 252565 ,,
434103,23516,Resselin Holiday Home,Frazione Paquier 7,11010,Gressan,AO,,,
434122,23518,Mortola Apartment 4,Via Ginestre 28c,18039,Ventimiglia,IM,,,
434135,23520,Lucerna Uno Holiday House,Via Pisanello117,19031,Ameglia,SP,,,
434173,23524,Mortola Apartment 1,Via Ginestre 28c,18039,Ventimiglia,IM,,,
434206,23528,Resselin Holiday Home 2,Frazione Paquier 7,11020,Gressan,AO,,,
434216,23530,Lucerna Due Holiday House,Via Pisanello138,19031,Ameglia,SP,,,
434385,23535,Ravoise Apartment,Frazione La Cure2 11010 Saint-nicolas Valle D'aosta,11010,Saint Nicolas,AO,,,
434387,23536,St Pierre Apartment,Via Della Libertà  19 11010 Saint-pierre Valle D'aosta,11010,Saint Pierre,AO,,,
434388,23537,Maison De Megan Holiday House,Frazione Petit Sarriod15 11010 Saint-nicolas Valle D'aosta,11010,Saint Pierre,AO,,,
434389,23538,Sarre Holiday Home,Frazione Arpuilles - Noir 11010 Sarre Valle D'aosta Italy,11010,Sarre,AO,,,
434391,23539,Sarre Holiday Home 2,Frazione Arpuilles - Noir 11010 Sarre Valle D'aosta Italy,11010,Sarre,AO,,,
434394,23540,Bellon Holiday Home,Frazione Rovine 2,11010,Sarre,AO,,,
434413,23542,Mortola Apartment 2,Via Ginestre 28c,18039,Ventimiglia,IM,,,
434415,23543,Bolognesi Holiday House,Via Campagna Sud51 57020 Valcanina Province Of Livorno Italy,57020,Sassetta,LI,,,
434422,23544,Lucerna Holiday House 2,Via Pisanello138,19031,Ameglia,SP,,,
434446,23549,Mortola Apartment 3,Via Ginestre 28c,18039,Ventimiglia,IM,0184 238682,,
434459,23554,Versilia Apartment,Via Del Balico 10-18,54100,Massa,MS,,,
434492,23562,Sanremo Apartment,Via Asplanato Siccardi,18038,San Remo,IM,,,
434567,23568,Arma di Taggia Apartment,Via Caboto,18018,Taggia,IM,,,
434622,23576,Diano Arentino Holiday House,Via Dei Querceti 27,18038,Diano Marina,IM,,,
434624,23577,Terrazze Apartment 2,Via Per Plesio 22,22017,Menaggio,CO,,,
434650,23581,Terrazze Apartment,Via Per Plesio 22,22017,Menaggio,CO,030 9914768 ,,
434672,23585,Remondet Holiday Home,Frazione Arpuilles - Noir 11010 Sarre Valle D'aosta Italy,11010,Sarre,AO,,,
434686,23586,Sarre Apartment 2,Frazione Arpuilles - Noir 11010 Sarre Valle D'aosta Italy,11010,Sarre,AO,,,
434688,23587,Champlong Dessus Apartment,Frazione Champlong Dessus 16-37,11018,Villeneuve,AO,,,
434691,23588,Entreves Holiday Home,Strada Brenva 11013,11013,Courmayeur,AO,,,
434693,23590,Theodule Apartment,Via Guido Rey 18,11021,Breuil Cervinia,AO,,,
434936,23602,Alassio Holiday House,Via Rangè 23,17021,Alassio,SV,,,
434939,23603,Pietra Ligure Apartment,Via Della Cornice,17027,Pietra Ligure,SV,,,
434948,23607,Camogli Apartment,Bivio Via Saccomanno Civ. 78,16032,Camogli,GE,,,
434972,23613,Rapallo Apartment,Via Tito Speri 3,16035,Rapallo,GE,,,
435015,23627,Holiday House Rapallo,Via Ugo Campodonico 33,16035,Rapallo,GE,,,
435031,23630,Chalet Sanitate Holiday Home,Galleria Leverogne Arvier Valle D'aosta Italy,11011,Arvier,AO,,,
435049,23634,Sestri Levante Apartment,Via S. Stefano Chiesa16 16039,16039,Sestri Levante,GE,,,
435080,23641,Chianti Village Morrocco,Strada Morrocco 36a,50028,Tavarnelle Val di Pesa,FI,055 8059418,055 8059416 ,
435090,23643,Rododendro Apartment,Frazione Breuil Cervinia 14,11021,Breuil Cervinia,AO,,,
435121,23649,Cisles Apartment,Strada Col Da Lech 52a,39048,Selva di Val Gardena,BZ,,,
435156,23655,Sestri Levante Apartment 2,Via San Stefano Chiesa 16,16039,Sestri Levante,GE,,,
435189,23660,Moneglia Apartment,Strada Provinciale 68,16030,Moneglia,GE,0185 490042 ,,
435212,23664,Moneglia Apartment 2,Strada Provinciale 68,16030,Moneglia,GE,,,
435496,23693,Moneglia Apartment 3,Strada Statale 370,16030,Moneglia,GE,0185 466608 ,,
435522,23694,Bonassola Holiday House,Strada Provinciale 42,19011,Bonassola,SP,,,
435543,23696,Beverino Holiday Home,Via Pascotto36,19020,Beverino,SP,0187 711308 ,,
435586,23706,Monte Argentario Holiday House,Via Panoramica di Porto Santo Stefano 387-389,58019,Monte Argentario,GR,,,
435597,23707,La Spezia Apartment,Via Delle Polle 93,19133,La Spezia,SP,0187 773111,0187 773328 ,
435630,23716,Ricco' Del Golfo Apartment,Via Antonio Gramsci 47,19020,Riccò Del Golfo di Spezia,SP,,,
435633,23718,Portovenere Holiday House,Via Pezzino Alto 22,19025,Portovenere,SP,0187 256615 ,,
435635,23719,Portovenere Holiday House 2,Via Pezzino Alto 22,19025,Portovenere,SP,0187 256615 ,,
435636,23720,Lerici Apartment,Località  Valle14,19032,Lerici,SP,,,
435637,23721,Lerici Apartment 2,Via Giuseppe Garibaldi 81,19032,Lerici,SP,,,
435653,23725,Portovenere Apartment,Via Battisti 211,19025,Portovenere,SP,,,
436080,23751,Gravedona Apartment,Via Laricola 42,22015,Gravedona,CO,,,
436262,23765,Residence Apfel,Eyomatten Waeg 7,11025,Gressoney Saint Jean,AO,0125 355725,,
436283,23766,Appartamento Milly,Via Pozz 320,23030,Livigno,SO,,,
436593,23772,Corte Cristina,Via Nazionale 115,09044,Quartucciu,CA,070 8607801 ,,
436626,23773,Garni Lindenhof,Hubenweg 2,39031,Brunico,BZ,0473 967218 ,,
436978,23793,Home Mini Resort,Via Ischia 4,09012,Capoterra,CA,,,
437021,23798,B&b Porto Romano,Via A. Nanni 2,07026,Olbia,OT,,,
437057,23805,Oasis San Teodoro,Different Locations In San Teodoro (check-in At Via Nazionale 60),08020,San Teodoro,ME,,,
437336,23819,Camping Du Parc,Loc. Montbardon - Rue Du Mt. Blanc 143,11017,Morgex,AO,,,
437395,23827,Hotel Flora,Via Monte Tabor 47,17015,Celle Ligure,SV,019 990239 ,,
438747,23891,Residence Treyer,St. Georg Str. 11,39030,Terento,BZ,0472 544061 ,,
438765,23895,Hotel Il Rifugio,Via Delle Ginestre 57,51039,Quarrata,PT,0573 750043,,
438873,23909,Angeli Biondi,Contrada Montegabbione 3,05015,Fabro,TR,,,
439117,23915,Hotel Villa Rosa,Via San Giuseppe 19,38050,Roncegno,TN,,,
439165,23923,Affittacamere La Darsena,Via Capellini 27,19025,Portovenere,SP,0187 791388 ,,
439215,23926,Hotel Belvedere,Strada De Ciarnadoi 22,38035,Moena,TN,0462 573233,,
439499,23941,Affittacamere Chez Gorret,Località  Verney 75,11020,Torgnon,AO,,,
439525,23944,Hotel Granta Parey,Loc. Chanavey 23,11010,Rhèmes Notre Dame,AO,,,
439757,23955,Hotel Fior di Roccia,Fraz. Gattinery 3,11020,Gaby,AO,,,
439832,23963,Fonti di Pescaia,Strada di Pescaia 4,53100,Siena,SI,,,
44013,1899,Ambassador Palace Hotel,Via Carducci 46,33100,Udine,UD,0432 503777,0432 503711 ,
440235,23995,Euroski B&b,Fraz. Lalex 31,11010,Sarre,AO,,,
44043,1909,Hotel Torre Guelfa Palazzo Acciaiuoli,Borgo Ss. Apostoli 8,50123,Firenze,FI,,,
440740,24019,Hotel Labrador,Via Buozzi 18,47841,Cattolica,RN,,,
440917,24034,Hotel Marmore,Via J.a. Carrel 13,11021,Breuil Cervinia,AO,0166 949057,0166 949696 ,
440961,24041,Appartamenti Duna Verde,Strada Neva 16,38039,Vigo di Fassa,TN,,,
441285,24058,Residence Moulin,Località  Moulins 66,11010,Aymavilles,AO,,,
441432,24073,Albergo Ristorante &quot Cacciatori&quot,Via Ligonto 26,32041,Auronzo di Cadore,BL,,,
441638,24084,Serristori Palace Residence,Lungarno Serristori 13 Piazzale Michelangelo,50125,Firenze,FI,,,
441711,24093,Appartamenti Santa Teresa Gallura,Different Locations In Santa Teresa Gallura (check-in At Via Eleonora D'arborea 1),07028,Santa Teresa Gallura,OT,,,
442349,24120,Villa Nina Relais Boutique B&b,Via Regina Vecchia 13,22010,Carate Urio,CO,,,
442662,24137,B&b Villa Isa,Via Fossone Basso 22,54033,Carrara,MS,,,
442714,24145,Al Mercato B&b,Via Giovanni Duprè 11,53100,Siena,SI,,,
442735,24149,Residence I Colli,Via Michele di Lando 7 Palazzo Pitti,50125,Firenze,FI,,,
44282,1919,Hotel Nuovo Tirreno,Piazza Matteotti 7,55041,Camaiore,LU,0584 619294,,
442834,24158,Forte Inn,Via Giorgini 9/a,55042,Forte Dei Marmi,LU,,,
442845,24160,Hotel Italia,Viale Amerigo Vespucci 3,54100,Massa,MS,,,
44289,1922,Hotel Desiree,Lido di Spartaia,57030,Marciana,LI,0565 907311,0565 907884 ,
44294,1925,Hotel Milano,Corso Garibaldi 39,18038,San Remo,IM,0184 509719 ,,
44300,1927,Hotel I' Fiorino,Via Salvador Allende 97/a,50050,Montelupo Fiorentino,FI,,,
443316,24197,Agriturismo Cerisola 2003,Località  Cerisola 10,16035,Zoagli,GE,,,
443539,24212,Anna Rita Alghero B&b,Regione Arenosu N-24,07041,Alghero,SS,,,
443540,24213,Hootel Duomo Monreale,Via Guglielmo Ii 2,90046,Monreale,PA,,,
443625,24226,Il Veliero,Via Privata Galli 19 Int. 2,19015,Levanto,SP,,,
444507,24278,Hotel Ottaviani,Piazza Ottaviani 1 Tornabuoni,50123,Firenze,FI,,,
444601,24291,Residence Cielo Alto,Via Piolet 14,11021,Breuil Cervinia,AO,,,
444809,24297,La Residenza di Michelangelo,Via Nazionale 17,50123,Firenze,FI,,,
444830,24299,Appartements Rienzner,Graf-kà¼nigl-str. 36,39034,Dobbiaco,BZ,0474 748627 ,,
444858,24302,Gasthof Seeperle,St. Josef Am See 28,39052,Caldaro Sulla Strada Del Vino,BZ,0471 960158,0471 960178 ,
444936,24303,Albergo Ristorante Cima I Pra',Via Cima I Pra' 48,32014,Belluno,BL,,,
445218,24309,Hotel Tenda Rossa,Viale C. Colombo 14,54033,Carrara,MS,0585 787435 ,,
445386,24317,Aparthotel Schmied Hans,Schennastraàÿe 31,39017,Scena,BZ,,,
446043,24334,Agriturismo Amedea,Via Fornace di San Giorgio 1/3,51100,Pistoia,PT,0573 400945 ,,
446127,24353,Poggio Agli Ulivi,Via di Camoggiano 2,50031,Barberino di Mugello,FI,,,
446137,24354,Agriturismo Fattoria Spezia,Via Agrigento 112,91012,Buseto Palizzolo,TP,,,
44616,1941,Hotel Frank,Via Gorizia 84,30016,Iesolo,VE,,,
446207,24361,B&b Arcobaleno,Contrada Mollo Strada Provinciale136 Km 5+200,90015,Cefalù,PA,,,
446216,24364,Ligure Residence,Via Cristoforo Colombo 40,17022,Borgio Verezzi,SV,019 615454,019 611366 ,
446268,24370,La Gerbera,Via Martiri Della Libertà ,19015,Levanto,SP,,,
446472,24376,Affittacamere Rosa Dei Venti,Via Della Compera,19015,Levanto,SP,0187 808165 ,,
446518,24382,Agriturismo La Collina,Strada Certosa 151,53100,Siena,SI,0577 378524 ,,
446559,24387,Villa Tanja,Oswald Von Wolkenstein 18/2,39040,Castelrotto,BZ,,,
446561,24388,Appartamenti Luseney,Fraz. Balmes 15,11010,Bionaz,AO,,,
446571,24390,Palace Hotel,Via Cresmiero 10,26013,Crema,CR,,,
446605,24393,Casale Dei Cento Acri,Via Del Larione 5 Piazzale Michelangelo,50126,Firenze,FI,,,
446651,24395,B&b Meladormo,Località  Lu Curosu - Pischinaccia,07029,Tempio Pausania,OT,,,
44685,1948,Residence Baia Salinedda,Capo Coda Cavallo,08020,San Teodoro,OT,,,
44686,1949,Il Vecchio Mulino,Via Parigi,08041,Tortolì,OG,,,
446974,24413,Calapetralana,Loc. Calapetralana Porto Pollo,07020,Palau,OT,,,
446977,24414,La Tartaruga,Via Lu Pitrali,08020,San Teodoro,OT,,,
44703,1955,Au Petit Chevrot,Fraz. La Cure De Chevrot 3,11020,Gressan,AO,,,
447113,24424,Levante Blu,Via Oslavia 1,19121,La Spezia,SP,,,
447115,24425,Hotel Doria,Vico Dei Garibaldi 3,16123,Genova,GE,,,
447338,24431,Agriturismo La Segolina,Località  Sant'antonio Podere La Segolina 3,53034,Colle di Val D'elsa,SI,,,
447463,24441,Stoanpeppelehof,Schlossergasse 31,39040,Naz-sciaves,BZ,0472 415553 ,,
447736,24458,Elena Noli,Via Musso 4,17026,Noli,SV,,,
447955,24474,Agriturismo Le Novelle,Via di Pimonte 33,50031,Barberino di Mugello,FI,,,
448051,24486,Palazzo Del Borgo,Piazza Antonio Gramsci 15,56034,Chianni,PI,055 216237,055 280947 ,
448097,24488,Cevoli Country Resort,Via Del Commercio 160,56035,Lari,PI,0587 684287 ,,
448110,24491,Poggio Gaio Guest House,Via San Michele A Monteripaldi 4,50125,Firenze,FI,055 2280348,055 225327 ,
448207,24505,Le Terrazze Del Chianti,Via Del Giglio 26,50028,Tavarnelle Val di Pesa,FI,,,
448452,24521,Albergo Margherita,Via 4 Novembre,17019,Varazze,SV,019 930634 ,,
448510,24525,Casale Delle Palme,Via M. Toselli118,91012,Buseto Palizzolo,TP,,,
448557,24530,Affittacamere Petit Coeur,Rue Maitre Dondeynaz 19,11020,Champoluc,AO,,,
448566,24533,Gourmet B&b Villa Landucci,Via L. Landucci 7,50132,Firenze,FI,,,
448572,24535,Casa Per Ferie Santo Nome di Gesàº,Piazza Del Carmine 21 San Frediano,50124,Firenze,FI,,,
448823,24547,Li Cupulatti,Via Della Canna,08020,San Teodoro,ME,,,
449212,24571,Il Fienile Della Nonna,Frazione Villes Dessus,11010,Introd,AO,,,
449349,24583,B&b La Verbena,Strada Della Tressa 4/c,53100,Siena,SI,,,
449613,24602,Albergo Boccaccio,Via Boccaccio 10,17025,Loano,SV,019 2990006,,
449656,24606,Agriturismo Palazzo Bandino,Via Delle Stiglianesi 3,53042,Chianciano Terme,SI,0578 61199,0578 62021 ,
449720,24613,Casa Vacanze Il Campo,Via Salicotto 71-73,53100,Siena,SI,0577 226849,,
449756,24620,Casa Fosca,Via Cassia 42,50028,Tavarnelle Val di Pesa,FI,,,
449794,24627,Ambra Hotel,Via Garibaldi 123,17021,Alassio,SV,,,
449957,24628,Hotel La Tabaccaia,Località  Castelfalfi,50050,Montaione,FI,0564 863546 ,,
44997,1987,Country Relais Villa L'olmo,Via Imprunetana Per Tavarnuzze 19,50023,Impruneta,FI,,,
450661,24669,B&b Alma,Viale Puccini 1619,55100,Lucca,LU,,,
450711,24681,Albergo Smeraldo,Via Aurelia 154,19033,Castelnuovo Magra,SP,0187 674226,,
450721,24684,Agriturismo 5 Terre,Via Gaggiola 542,19020,Pignone,SP,0187 888087 ,,
450814,24695,Fattoria di Pancole,Localita Pancole,53037,San Gimignano,SI,0577 955078,0577 955835 ,
451183,24710,La Corte di Nonna Gemma,Via Vittorio Emanuele Ii 2b,23014,Delebio,SO,0342 696113 ,,
451189,24711,Hotel Alfredo,Via Mangini 20,16026,Montoggio,GE,010 938110,,
451317,24717,B&dell'acquario,Vico Cimella 6 R,16128,Genova,GE,,,
451364,24723,Hotel Minerva,Via Torino 7,17027,Pietra Ligure,SV,019 612111,,
451638,24739,B&b La Fortezza,Via Oslo 25,07030,Castelsardo,SS,,,
451985,24765,Residence Ataras,Via San Paolo 10,07020,Loiri Porto San Paolo,OT,0789 202761,,
452273,24776,Là¹ Hotel,Via Costituente Snc,09013,Carbonia,CI,,,
452298,24779,Bella Napoli,Different Locations In La Spezia City Centre (check-in At Via Antonio Gramsci 175),19122,La Spezia,SP,0187 709651,,
452374,24790,Hotel Leonardo Da Vinci,Via Roma 79,07100,Sassari,SS,079 280744 ,,
452388,24794,La Terrazza Guesthouse,Via Redipuglia 7,07026,Olbia,OT,0789 22395,0789 27255 ,
452604,24808,Camper Village,Strada Porsani Snc,18010,Santo Stefano Al Mare,IM,,,
452853,24818,23 Bed & Breakfast,Piazza Vittorio Emanuele Ii 23,56125,Pisa,PI,,,
452959,24827,La Pergola,Via Scucina 88,91010,Custonaci,TP,,,
452972,24829,Villaggio Est,Capo Coda Cavallo,08020,San Teodoro,OT,,,
453230,24848,Il Risveglio Luminoso,Piazza Ferreira 2/6,16135,Genova,GE,,,
453408,24852,Villa I Poggioli,Via Dell'angelo 46/a,19031,Ameglia,SP,,,
453440,24855,Gemini Studios,Viale Fratelli Rosselli 55 Porta Al Prato,50144,Firenze,FI,,,
453460,24858,B&b La Villa Del Mare,Via Tito Speri 4,16146,Genova,GE,,,
453496,24861,Oasi Verde,Via San Nicolao 12,16030,Castiglione Chiavarese,GE,0187 947288,,
453635,24868,Four Seasons Hotel Firenze,Borgo Pinti 99,50121,Firenze,FI,055 26261 ,,
454652,24905,Residence I Gabbiani,Via Olivo 465,19025,Portovenere,SP,0187 790365 ,,
455083,24919,Albenga Holiday,Via Goffredo Mameli 7,17031,Albenga,SV,0182 684942 ,,
455122,24924,Ipnos B&b,Via Vi Aprile 19,95131,Catania,CT,,,
455160,24928,Quartè Sayà l,Via Garibaldi 87,07041,Alghero,SS,,,
455208,24934,Agriturismo Bagnolo,Podere Bagnolo,53026,Pienza,SI,,,
455412,24966,Camping Village Mugello Verde,Via Massorondinaio 39,50037,San Piero A Sieve,FI,055 848511 ,,
455575,24977,Monteverdi Resort,Via Migliari 35,19122,La Spezia,SP,0187 733626 ,,
455608,24982,Agriturismo Il Vecchio Milipano,Via Delle Cetine 20,53045,Montepulciano,SI,0578 756848 ,,
455621,24983,Hotel Orchidea,Borgo Degli Albizi 11,50122,Firenze,FI,055 2480346 ,,
455872,24992,Villamir B&b,Regione Carrai 9,17031,Albenga,SV,,,
455904,24996,Bed&breakfast Monica,Via Canzio 18,19015,Levanto,SP,,,
455932,24999,B&b Emozioni Fiorentine,Piazza Della Repubblica 3,50123,Firenze,FI,,,
455945,25004,Villa Caterina,Loc. Pie' di Gallona,19015,Levanto,SP,,,
455950,25006,Corte Tommasi Residence,Via Giovanni Xxiii 56c,56022,Camaiore,LU,,,
455968,25009,New Ostel Florence,Via Iacopo Peri 3 Porta Al Prato,50144,Firenze,FI,,,
455979,25013,Residence La Medicea,Via Dell'ariento 3 Rosso,50123,Firenze,FI,,,
456076,25023,Villa Sara,Via Leonardo Da Vinci 55,98039,Taormina,ME,,,
456077,25024,Olivium,Via Montalbano 154/b,19125,La Spezia,SP,0187 714310 ,,
456144,25027,La Pergola Dei Paggi,Via Monsignor Vattuone 105,16039,Sestri Levante,GE,0185 459165 ,,
456317,25039,Il Palazzetto,Strada Del Lucherino 31,53100,Siena,SI,0577 40140 ,,
456383,25045,Fattoria Il Colombaio,Strada di Serfignano 3,53035,Monteriggioni,SI,0577 306143 ,,
456631,25051,Agriturismo La Conte,Via di Villa Altieri 1197 - San Donato,55100,Lucca,LU,0187 625147,,
45678,2002,B&b Hotel President Udine,Via Duino 8,33100,Udine,UD,,,
456844,25067,Sardinya Holiday Apartments,Different Locations In Golfo Aranci,07020,Golfo Aranci,OT,,,
456896,25071,Oro Rosso Hotel Ristorante,Corso G. Mameli 18/20,06036,Montefalco,PG,0742 378829 ,,
457132,25078,People B&b,Via Cosmo Guastella 1,90127,Palermo,PA,,,
457219,25087,Aduepassidaltreno Affittacamere,Vai Benedetto Croce 13,56125,Pisa,PI,,,
457288,25088,Villa D'albertis,Via Romana di Voltri 15,16158,Genova,GE,,,
458717,25126,B&b Delfino Blue,Via Bruno Buozzi 18,16126,Genova,GE,,,
458807,25132,La Scuderia,Via Boettola 2a Traversa,19038,Sarzana,SP,,,
45923,2022,Dalla Rosa Alda,Strada Garibaldi 4,37015,Sant'ambrogio di Valpolicella,VR,045 7701018 ,,
459358,25149,Residence Podere Olmo,Via Uccianino 15,53018,Sovicille,SI,0577 346098,0577 348567 ,
459382,25151,Bb Hotels Residenza Bocconi,Via Teuliè 7 Porta Lodovica,20136,Milano,MI,,,
459673,25160,Al Pozzo Dei Desideri,Piazza Della Cisterna 32,53037,San Gimignano,SI,0577 930032 ,,
459697,25163,Hotel Mele,Via Leonardi 24,95131,Catania,CT,095 312258 ,,
459960,25171,S'incantu Resort,Via Dei Tamerici Località  Campulongu,09049,Villasimius,CA,,,
460596,25187,Agriturismo Macinatico,Loc. San Benedetto 58,53037,San Gimignano,SI,0577 945026,,
460840,25202,Crocetta,Crocetta Anna Maria Tel: 010 515866,19020,Sesta Godano,SP,010 8594352,,
460963,25236,Planibel Residence,Frazione Entreves 158,11016,La Thuile,AO,0165 8131 ,,
460982,25240,Ostello Porto Venere,Via Del Comune 1,19025,Portovenere,SP,0187 794822 ,,
461077,25261,Casa Mazzola,Via Cadore - Mazzola 75a,54013,Fivizzano,MS,,,
461141,25269,Domus Patrizia,Via Xx Settembre 7,16121,Genova,GE,010 540770 ,,
461148,25270,La Pineta,Reg. Roberti 17,17031,Albenga,SV,,,
461149,25271,Milan Apartment Rental,Via Pergolesi 31 Stazione Centrale,20124,Milano,MI,,,
461216,25291,Il Cavalluccio Marino,Via Vittorio Veneto 98,55049,Viareggio,LU,0187 916731 ,,
461286,25308,Albergo Il Cacciatore,Via Guglielmo Marconi 727,51028,San Marcello Pistoiese,PT,,,
46130,2032,Albergo Roma,Via Roma 13,56034,Casciana Terme,PI,,,
461311,25312,Villino,Via Gramsci 19/h,19017,Riomaggiore,SP,0187 507196 ,,
46132,2034,Hotel Paggeria Medicea,Viale Papa Giovanni Xxiii N. 2,59015,Carmignano,PO,055 875141,055 8751470 ,
461342,25316,Viottolone Bed And Car,Via Pisana 581 (check In At Via Livornese 134 Lastra A Signa),50018,Scandicci,FI,,,
461387,25323,Hotel Il Perseo,Piazza Madonna di Loreto 9 Località  Chiessi,57030,Marciana,LI,0565 906010,0565 906109 ,
461418,25325,Agriturismo Fattoria di Colleoli,Via Cerreto 9 Localita' Colleoli,56036,Palaia,PI,,,
46149,2041,Hotel Villa Tirol,St. À„gidiusweg 13,39030,Valdaora,BZ,0474 496422,0474 498348 ,
461562,25329,Felice Finale Ligure,Via Dei Conti Vacca 5/8,17024,Finale Ligure,SV,,,
461581,25332,Casa Le Meridiane,Str. Comunale Frassini-chiusdino,53012,Chiusdino,SI,,,
461698,25353,Sergioveto,,53036,Poggibonsi,SI,,,
461800,25375,Villa Il Portico Il Portico Sartori Snc,,35043,Monselice,PD,049 9704386 ,,
461824,25380,Casa Al Castello,Contrada Calicantone Scalepiane,97015,Modica,RG,,,
461827,25381,Margherita Holiday Home,N.a.cegliolo 25,52044,Cortona,AR,,,
461941,25392,Camping Village Internazionale Firenze,Via San Cristofano 2,50023,Impruneta,FI,,,
461948,25393,Elsa,Estetica Elsa di Colaiocco Elsa Tel: 0184 679000,18017,Costarainera,IM,0184 231411 ,,
461976,25398,Farm Stay Zuppa Del Duca,,53037,San Gimignano,SI,,,
461986,25400,Camping Village Panoramico Fiesole,Via Peramonda 1,50014,Fiesole,FI,,,
461988,25401,Villa Giulia,Contrada Costa Larga,91014,Castellammare Del Golfo,TP,,,
462023,25408,Pizzamiglio Due,Loc. Campo Soprano 17,16030,Moneglia,GE,0185 49836 ,,
462084,25419,Pension Mont Blanc,Strada Paul 16,39047,Santa Cristina Valgardena,BZ,0471 793098,0471 793128 ,
462482,25450,Hotel Mirelia,Via Cesare Balbo 7,18012,Bordighera,IM,0184 254891,,
462491,25453,Holiday Home Giuliana,Via Cisa 143,19038,Sarzana,SP,,,
462533,25460,Hotel Cola,Via Volosca 17,47814,Bellaria Igea Marina,RN,0541 346742 ,,
462537,25461,Il Faro,Via Del Tirreno (check-in At Via Sardegna 1),08020,San Teodoro,ME,,,
462549,25462,Villa Fiorita,Different Locations In San Teodoro (check-in At Via Sardegna 1),08020,San Teodoro,ME,,,
462601,25471,Ambra,Different Locations In San Teodoro (check-in At Via Sardegna 1),08020,San Teodoro,ME,,,
462605,25472,Villa La Torre,Loc. Larniano,53037,San Gimignano,SI,0577 955115 ,,
462653,25480,Affittacamere Dune Blu,Via Cristoforo Colombo 241,19017,Riomaggiore,SP,,,
462666,25483,Relais La Leopolda,Via Delle Chianacce Località  Farneta 66,52044,Montepulciano,SI,0575 1788790 ,,
462697,25491,Hotel Zurigo,Via Amendola 4,17019,Varazze,SV,,,
462760,25496,Apartment Ventimiglia,Via Ciappin S Bernardo 41,18039,Ventimiglia,IM,,,
462782,25499,B&b Cribà²,Via Marino Dinucci 8,56017,San Giuliano Terme,PI,,,
462804,25503,Holiday Home Moneglia Quattro Rosa,Via Crova 7,16030,Moneglia,GE,,,
462989,25512,Holiday Home Crocetta Due,,19020,Sesta Godano,SP,,,
462990,25513,Farm House Rubizzo,Loc. Il Torrione,53036,Poggibonsi,SI,,,
463092,25535,Allodola,Via Vicinale Della Zambra Localitàƒâ  Scorenello,56048,Volterra,PI,,,
463180,25546,Montebello Nuovo,Via Montebello di Fondo 44,19020,Prato,PO,,,
463585,25580,Apartment Caniccio,Via Canepari 49,54035,Fosdinovo,MS,,,
463594,25582,Holiday Home Montebello Mono E,Via Montebello di Fondo 44,19020,Bolano,SP,,,
463596,25583,Holiday Home Gallo,Loc. Campigliola,58014,Manciano,GR,,,
464217,25631,Società  Agricola Campaini,Via Capriggine 111,56048,Volterra,PI,,,
46426,2064,Armanac De Toubà¯e,Clapey 21,11020,Arnad,AO,,,
464795,25640,Apartment Pizzamiglio,Loc. Campo Soprano 17,16030,Moneglia,GE,,,
464800,25641,Hb Aosta Hotel,Via Malherbes 18/a,11100,Aosta,AO,,,
464932,25647,Holiday Home Montebello Mono C e D,Via Montebello di Fondo 44,19020,Bolano,SP,,,
465159,25652,Apartment La Terrazza,Via Roma 53,17040,Pontinvrea,SV,,,
465504,25657,Apartment Cardellino,Via Vicinale Della Zambra Localitàƒâ  Scorenello,56048,Volterra,PI,,,
465761,25667,Ostello Sugenova,Salita Nuova Nostra Signora Del Monte 23,16143,Genova,GE,010 504206 ,,
465783,25669,B&b Antica Trattoria Al Principe,Piazza Giovi 25,52100,Arezzo,AR,,,
465875,25671,Nubes Alba,Via G. Calderini N. 17,06122,Perugia,PG,,,
466381,25688,Guesthouse Libeticus,Via Libeccio 9,09126,Cagliari,CA,,,
466486,25692,Hotel Ristorante Melograno,Via Garibaldi 21,17028,Spotorno,SV,019 745274 ,,
466538,25696,Casa Vacanze Lu Fraili,Different Locations In San Teodoro (check-in At Via Sardegna 1),08020,San Teodoro,ME,,,
466761,25714,Il Marlo Suite & Breakfast,Via Delle Pinete 21,54033,Carrara,MS,,,
466768,25715,B&b Suite 53,Via Viano 53,19123,La Spezia,SP,,,
46683,2090,Hotel La Torre,Via G.dati 52 Viserba,47900,Rimini,RN,,,
466905,25735,Poseidon B&b,Via Cagliari 28,07041,Alghero,SS,,,
467137,25748,B&b Fortuna,Via Ludovico D'aragona 10 Citta' Studi,20132,Milano,MI,,,
467234,25760,Bed & Breakfast Dessole,Via Lamberti Nâ° 58,07026,Olbia,OT,,,
467249,25762,Residenza Justin,Via Ferdinando Magellano 26 (check In Is At Via Pigafetta 3 ),07039,Valledoria,SS,,,
467664,25787,Giardinos,Via Giardinos 32,07026,Olbia,OT,0789 27806 ,,
467732,25792,Azienda Agricola Torre Alberghieri,Via di Pancole 141,50022,Impruneta,FI,,,
467852,25796,Residence Oleandro,Via Moilastrini 54,17027,Pietra Ligure,SV,019 625071 ,,
467868,25797,Castle Tree Of Life,Loc. Collina 1,53036,Poggibonsi,SI,,,
467894,25799,Il Casolare di Libbiano,Località  Libbiano 3,53037,San Gimignano,SI,0577 946002 ,,
467958,25803,Agriturismo La Forra,Via Chiantigiana,52022,Montevarchi,AR,,,
468111,25812,Villa Tolomei Hotel&resort,Via di Santa Maria A Marignolle 10b Galluzzo Certosa,50124,Firenze,FI,,,
468315,25821,Albergo La Villetta,Via Sobborgo Emiliano 24,19038,Sarzana,SP,0187 620195 ,,
468408,25828,Apartment Casa Gialla,Via Mazzini 6,18039,Ventimiglia,IM,,,
468438,25833,Apartment Rio,Via Novembre 4 - Rio,19020,Sesta Godano,SP,,,
468448,25837,Rinathos B&b,Via San Clemente 11,52100,Arezzo,AR,,,
468450,25838,Apartement La Terrazza,Via Roma 53,17040,Pontinvrea,SV,,,
468637,25857,Il Ruscello,Loc. Fossato,19015,Levanto,SP,0187 801581 ,,
468829,25875,Il Giardino In Città ,Via Vappa 17,19123,La Spezia,SP,,,
468842,25876,Residence Villaggio Solidago,Viale Del Tirreno 86/a,56128,Pisa,PI,,,
468920,25886,Idea Hotel Plus Savona,Via Stalingrado 94,17100,Savona,SV,,,
469056,25888,B&b Raffaello,Viale Michelangelo Buonarroti 100/10,52100,Arezzo,AR,,,
469068,25889,Mollino Rooms,Strada Funivie 9,11021,Breuil Cervinia,AO,,,
469316,25913,Villa Jacopone,Via Jacopone Da Todi 38,50133,Firenze,FI,055 600148,055 600189 ,
469891,25927,Residence Della Torre,Via Tanca Manna (check In At Corso Trinità  9),07038,Trinità D'agultu e Vignola,OT,,,
46999,2099,Hotel Select,Via Per Portoferraio 30,57034,Campo Nell'elba,LI,0565 976734,0565 976503 ,
470609,25943,Domus Duomo,Borgo San Lorenzo 4,50123,Firenze,FI,,,
470987,25978,Gresil Residence,Via Barmasc,11020,Ayas,AO,,,
471432,26008,Blue Wave,Via Togliatti 15,07041,Alghero,SS,,,
472372,26027,Apple Guest House,Via Gallura 2,07041,Alghero,SS,,,
47552,2126,Best Western Premier Monza e Brianza Palace,Viale Brianza 160/166,20092,Cinisello Balsamo,MI,02 6602111 ,,
47795,2152,Notre Maison Hotels-chalets De Tradition,Frazione Cretaz 8,11012,Cogne,AO,,,
47858,2158,Hotel Raffy,Via Gen. Ardoino 134,18013,Diano Marina,IM,0183 405588,,
47880,2162,Levanto Rentals,Via Trento e Trieste 31,19015,Levanto,SP,,,
48023,2164,Hotel Gabrini,Via Luigi Sturzo 19,54037,Massa,MS,0585 240505,0585 246661 ,
48045,2167,Hotel Rosso23,Piazza Santa Maria Novella 23 Santa Maria Novella,50123,Firenze,FI,,,
48380,2185,Miramare Hotel,Lungomare Vittorio Veneto 27,16035,Rapallo,GE,0185 230261,0185 273570 ,
48381,2186,Albergo Capalbio,Strada Pedemontana 58,58001,Capalbio,GR,,,
48849,2211,Sakura Inn Sanremo,Via Cavour 29,18038,San Remo,IM,,,
48935,2221,Hotel Roma,Via Bonanno Pisano 111,56126,Pisa,PI,050 554488,,
49142,2232,Hotel Due Mari,Vico Del Coro 18,16039,Sestri Levante,GE,,,
49271,2238,Hotel Du Lac,Piazza Mazzini 32,22021,Bellagio,CO,031 950320,,
49366,2250,Royal Hotel Sanremo,Corso Imperatrice 80,18038,San Remo,IM,0184 5391,0184 661445 ,
49960,2287,Golden Tower Hotel & Spa,Piazza Strozzi 11/r Tornabuoni,50123,Firenze,FI,,,
80074,2330,Hotel Raffaello,Viale Morgagni 19 Careggi Rifredi,50134,Firenze,FI,,,
80102,2349,Grand Hotel,Via Giorgini 1,55042,Forte Dei Marmi,LU,0584 787431,0584 787515 ,
80128,2368,Hotel Golf,Viale Fratelli Rosselli 56 Porta Al Prato,50123,Firenze,FI,,,
80166,2392,Hotel Paris,Via Dei Banchi 2 Tornabuoni,50123,Firenze,FI,,,
80167,2393,Hotel Berchielli,Lungarno Acciaiuoli 14 Tornabuoni,50123,Firenze,FI,,,
80168,2394,Atlantic Palace,Via Nazionale 12,50123,Firenze,FI,055 213031,055 268353 ,
80176,2401,Relais Castelbigozzi,Localita' Bigozzi - Strove,53035,Monteriggioni,SI,,,
80179,2404,De Rose Palace Hotel,Via Solferino 5 Porta Al Prato,50123,Firenze,FI,,,
80200,2418,B&b Hotel Firenze Novoli,Viale Alessandro Guidoni 101 Novoli - San Donato,50127,Firenze,FI,,,
80212,2427,Golden Tulip Hotel Moderno Verdi,Piazza Giuseppe Verdi 5,16121,Genova,GE,010 5532104,010 581562 ,
80220,2433,Golden Tulip Mirage,Via Francesco Baracca 231/18 Novoli - San Donato,50123,Firenze,FI,,,
80238,2445,La Vecchia Cartiera,Via Oberdan 5/7/9,53034,Colle di Val D'elsa,SI,,,
80248,2452,Clarion Collection Hotel Astoria Genova,Piazza Brignole 4,16122,Genova,GE,010 873316,010 8317326 ,
80254,2456,Villa di Piazzano,Località  Piazzano - C.s.7,52044,Cortona,AR,075 826226 ,,
80264,2463,Hotel Nuova Riviera,Via Belvedere 10/2,16038,Santa Margherita Ligure,GE,0185 287403 ,,
80299,2489,B&b Hotel Firenze City Center,Viale Amendola 34 Lungarno Del Tempio,50121,Firenze,FI,,,
80309,2498,Residenza D'epoca Locanda di Palazzo Cicala,Piazza San Lorenzo,16123,Genova,GE,,,
80330,2512,Airport Hotel,Via Don Lorenzo Perosi 39 Novoli - San Donato,50127,Firenze,FI,,,
80342,2521,Hotel Relais Dell'orologio,Via Della Faggiola 12-14,56126,Pisa,PI,,,
80360,2534,Romantik Hotel Villa Novecento,Viale Monte Bianco 64,11013,Courmayeur,AO,,,
80396,2559,Crowne Plaza Milan Linate,Via K. Adenauer 3,20097,San Donato Milanese,MI,02 516001,02 510115 ,
80405,2566,Romantik Hotel Villa Pagoda,Via Capolungo 15,16167,Genova,GE,,,
80415,2572,Grand Hotel Mediterraneo,Lungarno Del Tempio 44 Lungarno Del Tempio,50122,Firenze,FI,,,
80459,2601,Hotel Residence Grifone,Via Gaetano Pilati 20/22 Lungarno Del Tempio,50136,Firenze,FI,,,
80463,2604,Domina Home Les Jumeaux,Strada Regionale 35,11013,Courmayeur,AO,,,
80470,2609,Domina Home Piccolo,Via Duca Degli Abruzzi 31,16034,Portofino,GE,,,
80480,2618,Grand Hotel Minerva,Piazza Santa Maria Novella 16 Santa Maria Novella,50123,Firenze,FI,,,
80481,2619,Hotel Londra - Firenze,Via Jacopo Da Diacceto 16/20 Santa Maria Novella,50123,Firenze,FI,,,
80483,2621,Hotel Aurora,Via Luigi Alamanni 5 Santa Maria Novella,50123,Firenze,FI,,,
80485,2623,Hotel Pitti Palace Al Ponte Vecchio,Borgo San Jacopo 3 Palazzo Pitti,50125,Firenze,FI,,,
80491,2627,Hotel Fiorentino,Via Degli Avelli 8 Santa Maria Novella,50123,Firenze,FI,,,
80505,2637,Family Hotel Balbi,Via Balbi 21/3,16126,Genova,GE,,,
80508,2639,Hotel Villa Maremonti,Viale Lungomare di Levante 51,54039,Massa,MS,,,
80509,2640,Monsignor Della Casa Country Resort,Via di Mucciano 16,50032,Borgo San Lorenzo,FI,055 8964770,055 848240 ,
80510,2641,Hotel Ovest,Via Primo Maggio 82,29100,Piacenza,PC,0523 712222,,
80512,2643,B&b Hotel Firenze Nuovo Palazzo di Giustizia,Viale Guidoni 87 Novoli - San Donato,50127,Firenze,FI,,,
80528,2654,Quality Hotel Atlantic,Via Napo Torriani 24 Stazione Centrale,20124,Milano,MI,,,
80530,2655,Borgo Il Melone,Loc. Il Sodo Case Sparse 38,52042,Cortona,AR,,,
80574,2689,Hotel Magenta,Via Montebello 40 Santa Maria Novella,50123,Firenze,FI,,,
80581,2696,Casa Lari,Loc Pancole. San Gimignano,53037,San Gimignano,SI,0577 955019 ,,
80582,2697,Hotel Teco,Via Spallanzani 27 Stazione Centrale,20129,Milano,MI,,,
80585,2700,Hotel La Pioppa,Via Marco Emilio Lepido 215,40132,Bologna,BO,051 400234,051 402079 ,
80608,2716,Cellai Hotel Florence,Via 27 Aprile 14 52r,50129,Firenze,FI,,,
80631,2730,Hotel Helios,Via Gramsci 6,16038,Santa Margherita Ligure,GE,0185 284780,,
80645,2742,Hotel Cosimo De' Medici,Largo Fratelli Alinari 15,50123,Firenze,FI,,,
80675,2766,Hotel Terminus & Plaza,Via Cristoforo Colombo 45,56125,Pisa,PI,,,
80676,2767,Green Park Resort,Via Dei Tulipani,56018,Pisa,PI,050 3135711,,
80680,2771,Marignolle Relais & Charme,Via di San Quirichino 16 Galluzzo Certosa,50124,Firenze,FI,,,
80694,2779,Hotel Principe,Lungarno A. Vespucci 34 Santa Maria Novella,50123,Firenze,FI,,,
80696,2780,Hotel Bentivoglio Residenza D'epoca,Piazza Carlo Alberto Pizzardi 1,40010,Bentivoglio,BO,,,
80698,2782,Zanhotel Il Canale,Via Bertiera 2,40121,Bologna,BO,051 222098,051 9914302 ,
80724,2801,Lido Palace Hotel,Via Andrea Doria 3,16038,Santa Margherita Ligure,GE,0185 285821,0185 284708 ,
80767,2833,Piccolo Hotel Il Palio,Piazza Del Sale 19,53100,Siena,SI,0577 281131,,
80780,2845,Green Park Bologna Hotel & Congressi,Via San Donato 3/3,40050,Granarolo Dell'emilia,BO,,,
80793,2857,Centrale,Via M. Puchoz 7,11013,Courmayeur,AO,0165 846403,,
80795,2859,Hotel Montebello Splendid,Via Garibaldi 14 Porta Al Prato,50123,Firenze,FI,,,
80800,2862,Una Hotel Palazzo Mannaioni,Via Marconi 2,50050,Montaione,FI,0571 69277,,
80801,2863,Hotel Duomo,Piazza Duomo 1,50122,Firenze,FI,055 219922,,
80808,2869,Hotel Palazzo Ricasoli,Via Delle Mantellate 2,50129,Firenze,FI,055 352151,055 495001 ,
80810,2870,Appartamenti Villa Pegaso,Via Don Minzoni 13/14,58024,Massa Marittima,GR,0566 902339,,
80841,2893,Best Western Hotel Palazzo Ognissanti,Via Maso Finiguerra 12 Santa Maria Novella,50123,Firenze,FI,,,
80842,2894,Max Hotel Executive,Via Nazareno Orlandi 32,53100,Siena,SI,,,
80858,2904,Hotel Ester,Largo Fratelli Alinari 15,50123,Firenze,FI,055 280952,,
80871,2914,Hotel Balestri,Piazza Mentana 7,50122,Firenze,FI,055 214743 ,,
80881,2922,Nh Cavalieri,Piazza Stazione 2,56125,Pisa,PI,050 43290 ,,
80884,2925,Nh Anglo American,Via Garibaldi 9 Porta Al Prato,50123,Firenze,FI,,,
80896,2933,Msnsuites Palazzo Dei Ciompi,Via Pietrapiana 18,50121,Firenze,FI,,,
80906,2941,Gran Baita Hotel & Wellness,Strada Larzey - Entreves 2,11013,Courmayeur,AO,,,
80915,2949,Best Western Hotel Rivoli,Via Della Scala 33 Santa Maria Novella,50123,Firenze,FI,,,
80916,2950,Relais Riserva di Fizzano,Località  Fizzano,53011,Castellina In Chianti,SI,0577 7371,0577 743163 ,
80917,2951,Best Western Grand Hotel Adriatico,Via Maso Finiguerra 9 Santa Maria Novella,50123,Firenze,FI,,,
80924,2956,Soggiorno Gloria,Via Nazionale 17,50123,Firenze,FI,055 288147 ,,
80931,2960,Hotel Club,Santa Caterina Da Siena 11/r Santa Maria Novella,50123,Firenze,FI,,,
80955,2980,Locanda Azzurra Hotel Sanremo,Via Solaro 111,18038,San Remo,IM,0184 665155 ,,
80978,2998,La Pace,Viale Gramsci Galleria B 14,56125,Pisa,PI,,,
81012,3029,Hotel Continentale,Via San Nicolà² 25,34121,Trieste,TS,,,
81025,3040,Park Hotel Suisse,Via Favale 31,16038,Santa Margherita Ligure,GE,0185 289571,0185 1879900 ,
81029,3044,Hotel Ambasciatori,Via Luigi Alamanni 3 Santa Maria Novella,50123,Firenze,FI,,,
81032,3047,Hotel Diplomat,Via L. Alamanni 9 Santa Maria Novella,50123,Firenze,FI,,,
81038,3052,Hotel Royal,Via Delle Ruote 52,50129,Firenze,FI,055 483287,,
81040,3054,Hotel Delle Nazioni,Via Luigi Alamanni 15 Santa Maria Novella,50123,Firenze,FI,,,
81044,3055,Hotel Touring,Via Puccini 24,56125,Pisa,PI,050 46374,050 502148 ,
81046,3057,Hotel Villa Carlotta,Via Michele di Lando 3 Palazzo Pitti,50125,Firenze,FI,,,
81050,3060,Ultimo Mulino,La Ripresa di Vistarenni,53013,Gaiole In Chianti,SI,,,
81052,3062,Hotel Real Fini Via Emilia,Via Emila Est 441,41122,Modena,MO,059 2051511,,
81060,3068,Grand Hotel Continental,Largo Belvedere 26,56018,Pisa,PI,050 37031 ,,
81074,3080,La Locanda di Saunière,Via Nazionale 117,23885,Calco,LC,,,
81076,3082,Hotel Nord,Via Primo Maggio 3,26862,Guardamiglio,LO,0377 51223,0377 519349 ,
81083,3088,Hotel Palazzo di Valli,Via E. S. Piccolomini 135,53100,Siena,SI,0577 226102,0577 288220 ,
81091,3093,Albergo Casalta,Via Matteotti Loc. Strove,53035,Monteriggioni,SI,,,
81110,3108,Il Borgo di Villa Castelletti Country Hotel,Via di Castelletti 15,50058,Signa,FI,,,
81115,3111,Hotel Villa Isabela,Via Noalese 67,30036,Santa Maria di Sala,VE,041 5780300 ,,
81124,3117,Soggiorno Lo Stellino,Via Fiorentina 95,53100,Siena,SI,,,
81125,3118,L'aia Country Holidays,Via Uopini 11 - Loc. Uopini,53035,Siena,SI,,,
81140,3131,Hotel Palace,Viale Torino 2,18013,Diano Marina,IM,0183 494335,,
81155,3144,Golf Hotel Corallo,Cavallotti 116,51016,Montecatini Terme,PT,,,
81167,3155,Hotel Ristorante Corona,Via Serraglia 78,55021,Bagni di Lucca,LU,,,
81185,3171,Grand Hotel Arenzano,Lungomare Stati Uniti 2,16011,Arenzano,GE,010 91091 ,,
81204,3186,Hotel Touring,Via De' Mattuiani 1/2,40124,Bologna,BO,,,
81245,3221,The Westin Excelsior,Piazza Ognissanti 3 Santa Maria Novella,50123,Firenze,FI,,,
81246,3222,The St. Regis Florence,Piazza Ognissanti 1 Santa Maria Novella,50123,Firenze,FI,,,
81256,3230,Park Palace Hotel,Piazzale Galileo 5 Palazzo Pitti,50125,Firenze,FI,,,
81257,3231,Antica Pieve B&b,Strada Della Pieve 1,50028,Tavarnelle Val di Pesa,FI,,,
81259,3233,Albergo Giardinetto,Via Massarenti 76,40138,Bologna,BO,051 342793,,
81262,3236,Best Western Hotel City,Corso Buenos Aires 42/5 Stazione Centrale,20124,Milano,MI,,,
81290,3259,Grand Hotel Duomo,Via Santa Maria 94,56126,Pisa,PI,050 825088,,
81293,3262,Fattoria Degli Usignoli,Località  Piazza,50066,Reggello,FI,,,
81314,3278,Eight Hotel Portofino,Via Del Fondaco 11,16034,Portofino,GE,0185 26991,0185 267139 ,
81357,3309,Astor Hotel,Viale Delle Palme 16,16167,Genova,GE,,,
81397,3342,Hotel Le Rocce Del Capo,Lungomare Cristoforo Colombo 102,18014,Ospedaletti,IM,0184 689733,,
81412,3354,Hotel Ariston,Via Fiesolana 40,50122,Firenze,FI,,,
81414,3356,Hotel L'ancora,Calabria S.n.,07028,Santa Teresa Gallura,OT,,,
81415,3357,Grande Albergo,Via V. Veneto 2,16039,Sestri Levante,GE,0185 450837,0185 450547 ,
81416,3358,Residenza D'epoca Torre Dei Serviti,Via Aringhieri 29,53031,Casole D'elsa,SI,,,
81428,3368,Grand Hotel Diana Majestic,Via Oleandri 15,18013,Diano Marina,IM,0183 402727,0183 403040 ,
81430,3370,Hotel Jane,Via Dell' Orcagna 56/58 Lungarno Del Tempio,50121,Firenze,FI,,,
81444,3384,Hotel Ibis Firenze Nord Aeroporto,Via Volturno 50,50019,Sesto Fiorentino,FI,055 3024894,,
81446,3386,Hotel Ibis Firenze Prato Est,Via Fratelli Cervi,50013,Campi Bisenzio,FI,055 8974648,,
81460,3396,B&b Hotel Pisa,Via Scornigiana 1,56121,Pisa,PI,,,
81462,3398,Hotel Tritone Lipari,Via Mendolita,98055,Lipari,ME,,,
81480,3412,Il Pettirosso,Via Petriccio e Belriguardo 97,53100,Siena,SI,0577 318172,,
81489,3419,Novotel Genova City,Via Cantore 8/c,16126,Genova,GE,010 64841 ,,
81563,3482,Hotel Italia e Lido,Lungomare Castello 1,16035,Rapallo,GE,0185 50492,,
81566,3483,Grand Hotel Bristol Resort & Spa,Via Aurelia Orientale 369,16035,Rapallo,GE,,,
81568,3485,Hotel Minerva,Via Garibaldi 72,53100,Siena,SI,0577 284474 ,,
81569,3486,Hotel Vittoria,Via Balbi 33-45,16126,Genova,GE,010 2462656,,
81570,3487,Hotel San Marco,Via San Marco 368,55100,Lucca,LU,,,
81576,3492,Hotel Costantini,Via Dei Calzaiuoli 13,50122,Firenze,FI,055 213995,,
81578,3493,Best Western Tigullio Royal,Piazza 4 Novembre 3,16035,Rapallo,GE,0185 273805 ,,
81586,3499,Hotel Fasce,Luigi Bozzo,16038,Santa Margherita Ligure,GE,0185 286435 ,,
81591,3503,Msnsuites Palazzo Galletti,Via Sant'egidio 12,50122,Firenze,FI,,,
81598,3508,Hotel Universo,Piazza Del Giglio 1,55100,Lucca,LU,0583 493678,0583 954854 ,
81600,3509,Hotel Cavour,Galleria Raggio 20,16035,Rapallo,GE,0185 54040,0185 54041 ,
81607,3516,Msn Hotel Galles,Via Bersaglieri D'italia 13,16126,Genova,GE,,,
81616,3522,Hotel Moderno,Via B. Peruzzi 19,53100,Siena,SI,0577 280034,,
81617,3523,Hotel Mercure Siena Degli Ulivi,Via Antonio Lombardi 41,53100,Siena,SI,0577 5755,0577 332409 ,
81621,3527,Albergo Chiusarelli,Viale Curtatone 15,53100,Siena,SI,,,
81622,3528,Hotel Il Giardino,Via Baldassarre Peruzzi 33,53100,Siena,SI,0577 223502,,
81623,3529,Hotel Athena,Via Paolo Mascagni 55,53100,Siena,SI,0577 286313,0577 48153 ,
81635,3538,Hotel Monti,Via Della Chiesa 2,51035,Lamporecchio,PT,0573 88416,0573 88035 ,
81638,3541,Pollon Inn Sanremo,Via Pallavicino 17,18038,San Remo,IM,,,
81639,3542,Fattoria San Lorenzo,Strada Provinciale Della Trappola - Sp 40,58100,Grosseto,GR,,,
81641,3544,Hotel Riviera,Via Colla 55,17015,Celle Ligure,SV,019 990542,,
81643,3546,Hotel Montreal,Via Della Scala 43 Santa Maria Novella,50123,Firenze,FI,,,
81645,3548,Hotel Palace,Via Gaggino 37,17019,Varazze,SV,019 97706,,
81646,3549,Hotel Garden Palace,Via Gaggino 19,17019,Varazze,SV,019 97706,,
81653,3555,Hotel Villa Liana,Via Vittorio Alfieri 18,50121,Firenze,FI,055 2344596,,
81655,3556,Eden,Via Dritto 20,16034,Portofino,GE,,,
81675,3574,Carolus Hotel,Via Xxvii Aprile 3,50129,Firenze,FI,055 2645539,,
81676,3575,Hotel Ca' Dei Costa,Via Piave 12,19124,La Spezia,SP,,,
81678,3577,Hotel Italia,Viale Camillo Benso Conte di Cavour 67,53100,Siena,SI,0577 44554 ,,
81683,3581,Hotel Coccodrillo,Via Sardi 16,17019,Varazze,SV,019 932015,019 932588 ,
81717,3609,Albergo Della Posta,Piazza Vittorio Emanuele 14/16/17,19028,Varese Ligure,SP,0187 845615 ,,
81725,3616,Nh La Spezia,Via Xx Settembre 2,19124,La Spezia,SP,0187 739555 ,,
81733,3622,Grand Hotel Poltu Quatu,Località¡ Poltu Quatu,07020,Arzachena,OT,,,
81761,3648,Hotel Semifonte,Via Pisana 1,50021,Barberino Val D'elsa,FI,055 8068051,055 8069283 ,
81766,3652,Relais Il Trebbiolo,Il Trebbiolo 8,50060,Pontassieve,FI,,,
81768,3653,Art Hotel Miro',Via Degli Olmi 7,50041,Calenzano,FI,,,
81778,3660,Residence Michelangiolo,Viale Michelangiolo 21 Piazzale Michelangelo,50125,Firenze,FI,,,
81786,3668,Aquaviva Hotel & Spa,Località  Acquaviva,53031,Casole D'elsa,SI,,,
81787,3669,Leone di Sant'anna,Via Castruccio Buonamici 221,55100,Lucca,LU,,,
81809,3686,Hotel Santa Croce,Via Dei Bentaccordi 3,50122,Firenze,FI,055 217000,,
81822,3698,Casafrassi,Localita' Casafrassi 40,53011,Castellina In Chianti,SI,,,
81859,3725,Hotel Leucosya,Donna Sabella 1,84040,Casal Velino,SA,089 237348,,
81888,3749,Agriturismo La Selva,Strada Pian Del Lago 19,53100,Siena,SI,0577 318559,0577 318656 ,
81894,3753,Hotel Massimo,Via Roma 23,55049,Viareggio,LU,0584 50318,0584 407484 ,
81899,3757,Hotel Bella Venezia Mare,Arco Del Grecale 18/a Pineta,33054,Lignano Sabbiadoro,UD,,,
81913,3770,Grand Hotel Bastiani,Piazza Gioberti 64,58100,Grosseto,GR,0564 20047,0564 29321 ,
81925,3777,Hotel Helvetia,Piazza Della Nunziata 1,16124,Genova,GE,010 2465468 ,,
81928,3780,Mont Blanc Hotel Village - Small Luxury Hotels Of The World,Loc La Croisette,11015,La Salle,AO,,,
81936,3788,Hotel Corallo,C.so Garibaldi 29,18100,Imperia,IM,0183 666264,0183 666265 ,
81937,3789,Residenza D'epoca Il Casato,Via Duprè 126-via Casato di Sopra,53100,Siena,SI,,,
81947,3798,La Gioconda,Via Panzani 2 Santa Maria Novella,50123,Firenze,FI,,,
81966,3810,Hotel Villa Aurora,P.zza Mino 39,50014,Fiesole,FI,055 59368,,
81968,3812,Relais Antico Borgo San Lorenzo,Loc. Pian Dei Campi 10,53036,Poggibonsi,SI,,,
82019,3852,Hotel Assarotti,Via Assarotti 40,16122,Genova,GE,010 885822,010 8391207 ,
82020,3853,Hotel Pierre,Via Dei Lamberti 5,50123,Firenze,FI,055 216218 ,,
82837,3874,Relais Santa Chiara Hotel,Via Matteotti 15,53037,San Gimignano,SI,0577 940701 ,,
82845,3879,Alcide,Viale Marconi 67a,53036,Poggibonsi,SI,0577 937501,,
82854,3886,Chianti Promotion Casprini Da Omero,Via Falcone 68-70,50020,Greve In Chianti,FI,,,
82855,3887,Airone Pisa Park Hotel,Via Sant'elena 4,56127,Pisa,PI,,,
82870,3898,Residenza D'epoca Palazzo Fani Mignanelli,Via Banchi di Sopra 15,53100,Siena,SI,,,
82873,3899,Hotel Crocini,Corso Italia 28 Porta Al Prato,50123,Firenze,FI,,,
82883,3904,Hotel Ilaria &amp Residenza Dell'alba,Via Del Fosso 26,55100,Lucca,LU,,,
82920,3935,Hotel Nettuno,Via S. Elmo 48,18013,Diano Marina,IM,0183 407010,,
82948,3955,Hotel Miro',Lungomare Vittorio Veneto 32,16035,Rapallo,GE,,,
82950,3957,Wall Art,Viale Della Repubblica 8,59100,Prato,PO,0574 596600,0574 575335 ,
82958,3964,Relais Vignale,Panigiani 9,53017,Radda In Chianti,SI,0577 738300 ,,
82962,3968,Hotel Pensione Moderna,Via Daneri 79,19011,Bonassola,SP,0187 813662 ,,
82969,3972,Bobby Executive,Corso Marconi 208,18038,San Remo,IM,0184 660255,0184 660296 ,
82991,3990,Hotel Villa Belvedere,Via Senese Località  Belvedere,53100,Colle di Val D'elsa,SI,,,
83004,4000,Idea Hotel Genova San Biagio,Via Romairone 14,16163,Genova,GE,010 716441,,
83024,4015,Hotel Degli Orafi,Lungarno Archibusieri 4,50121,Firenze,FI,055 266221 ,,
83025,4016,Villa Ulivi,Via Bolognese 163 Careggi Rifredi,50139,Firenze,FI,,,
83026,4017,Hotel Florida Lerici,Lungomare Biaggini 35,19032,Lerici,SP,0187 966135,,
83068,4049,Casa Antonella,Cristoforo Colombo 27,80061,Massa Lubrense,NA,081 8783562 ,,
83078,4057,Poggio Hotel,Via di Francia 24,16011,Arenzano,GE,010 9135320 ,,
83104,4080,Podere Sant'elena,Loc.racciano 42a,53037,San Gimignano,SI,,,
83110,4085,Hotel Rio,Corso Matuzia 84,18038,San Remo,IM,0184 662273,0184 662274 ,
83151,4117,Bijou,P.zza Cavalieri di Vittorio Veneto 3,11027,Saint Vincent,AO,0166 510067,0166 512831 ,
83175,4134,Residence La Repubblica,Piazza Della Repubblica 4,50123,Firenze,FI,055 214496,,
83181,4139,Ac Hotel Genova By Marriott,Corso Europa 1075,16148,Genova,GE,010 3071180,,
83203,4153,B&b Residenza Dei Pucci,Via Dei Pucci 9,50122,Firenze,FI,,,
83207,4157,Hotel Firenze & Continentale,Via Paleocapa 7,19122,La Spezia,SP,,,
83213,4162,Palazzo San Niccolà²,Via Roma 16,53017,Radda In Chianti,SI,,,
83242,4184,Poggio Del Golf Residence & Club,Via di Poggio Ugolino 1,50023,Impruneta,FI,,,
83267,4205,B&ma &amp Mi,Via Giubileo Magno 97,90015,Cefalù,PA,,,
83280,4209,Borgo Grondaie,Strada Delle Grondaie 15,53100,Siena,SI,,,
83284,4211,Hotel Villa Liberty,Viale Vittorio Veneto 11,53100,Siena,SI,0577 44966,0577 44770 ,
83306,4218,Hotel Miramonti,Cavagnet 31,11012,Cogne,AO,0165 74017,,
83320,4231,Al Saraceno Hotel,Corso Europa 64,17021,Alassio,SV,0182 643957,0182 645972 ,
83334,4244,Albergo Villa Cristina,Collerisana 15,06049,Spoleto,PG,0743 222858 ,,
83355,4261,Relais Santa Croce By Baglioni Hotels,Via Ghibellina 87,50122,Firenze,FI,,,
83357,4263,Serafino Liguria Hotel,Via Verona 8,16154,Genova,GE,010 6011731,,
83369,4273,Hotel Continental,Via Pagana 8,16038,Santa Margherita Ligure,GE,0185 286512 ,,
83386,4287,Costa Dorada,Lungomare Palmasera 45,08020,Dorgali,NU,,,
83389,4289,Nh Excelsior,Piazza La Lizza 1,53100,Siena,SI,0577 382111 ,,
83406,4299,Albergo Ristorante Bellavista,Via Montalbano 61,51035,Lamporecchio,PT,0573 856814,,
83408,4301,Locanda Del Mar,Strada Nino Lamboglia 12,18100,Imperia,IM,0183 652523,0183 654212 ,
83430,4315,Hotel Leonardo Da Vinci,Via Guido Monaco 10/12 Porta Al Prato,50144,Firenze,FI,,,
83442,4323,Ac Hotel Pisa By Marriott,Via Delle Torri S/n,56124,Pisa,PI,,,
83450,4330,La Riserva di Castel D'appio,Peidaigo 71,18039,Ventimiglia,IM,,,
83462,4340,Hotel Doria,Via Brigate Partigiane 9,16030,Lavagna,GE,0185 390191,,
83481,4351,B&b San Francesco,Vicolo Degli Orbachi 2,53100,Siena,SI,,,
83515,4373,Hotel Nautico,Lungomare Della Libertà  19,47838,Riccione,RN,0541 601237,,
83540,4389,Hotel Delle Tele,Via Panzani 10 Santa Maria Novella,50123,Firenze,FI,,,
83544,4393,Residence Hilda,Via Dei Servi 40,50122,Firenze,FI,055 288021,055 287664 ,
83587,4424,Hotel Signa,Via Del Grillo 9,06121,Perugia,PG,075 5722393,,
83594,4430,Hotel Eros,Porto Levante 64,90050,Lipari,ME,090 9853265 ,,
83637,4464,Hotel Dei Lanzi,Via Delle Oche 11,50122,Firenze,FI,055 2396377,,
83642,4468,Domus Florentià¦ Hotel,Via Degli Avelli 2 Santa Maria Novella,50123,Firenze,FI,,,
83676,4493,Mistral2 Hotel,Via Xx Settembre 34,09170,Oristano,OR,0783 210389,0783 211000 ,
83678,4495,Pausania Inn,S.s. 133 Km 1,07029,Tempio Pausania,OT,079 634037,079 634072 ,
83684,4499,Hotel Flamingo,Loc Colle Aginaia 7,55027,Gallicano,LU,0583 730326 ,,
83699,4511,Park Hotel Villa Ariston,Viale S. Bernardini 355,55043,Camaiore,LU,,,
83716,4522,Borgo di Pietrafitta Relais,Loc. Pietrafitta 46,53011,Castellina In Chianti,SI,0577 740727,,
83732,4537,Poderi Arcangelo,Capezzano 26,53037,San Gimignano,SI,0577 944404 ,,
83737,4540,Hotel De La Ville,Piazza Antinori 1 Tornabuoni,50123,Firenze,FI,,,
83751,4547,Albergo La Marina,Corso Italia 5,19013,Deiva Marina,SP,,,
83754,4550,Cala Rosa Club Hotel,Via Dei Ginepri,07040,Stintino,SS,079 520005,,
83773,4565,Hotel Sud Est,Previati 200,16033,Lavagna,GE,,,
83790,4578,Hotel Hambros - Il Parco In Villa Banchieri,Via Pesciatina 197 - Ss435,55100,Lucca,LU,,,
83792,4580,Relais San Rocco,Via Aurelia 261,16039,Sestri Levante,GE,,,
83793,4581,Hotel Bristol Palace,Via Xx Settembre 35,16121,Genova,GE,010 592541,010 561756 ,
83795,4583,Best Western Regina Elena,Lungomare Milite Ignoto 44,16038,Santa Margherita Ligure,GE,,,
83801,4589,Locanda Dal Moccia,Damiano Chiesa 30,19125,La Spezia,SP,,0187 704271 ,
83822,4605,Albergo Augusta,Via Piero Schiaffino 100,16032,Camogli,GE,,,
83828,4611,Locanda Del Ponte,Ss 223 Loc. Ponte A Macereto,53015,Monticiano,SI,0577 757108,,
83831,4614,Agriturismo Santo Pietro,S.r.439 Sarzanese Valdera - Loc.bosco,56033,Capannoli,PI,,,
83850,4627,Hotel L'approdo,Pagana 160,16035,Rapallo,GE,,,
83851,4628,Hotel Giulio Cesare,Corso C.colombo 52,16035,Rapallo,GE,0185 50685 ,,
83862,4635,Hotel Scandinavia,Zolezzi 4,54037,Massa,MS,0585 240295 ,,
83869,4640,Relais Piazza Signoria,Via Vacchereccia 3,50122,Firenze,FI,055 3987239 ,,
83895,4662,Airone Hotel,Dell'aeronautica 20,42100,Reggio Emilia,RE,,,
83901,4665,Riviera Residence,Via Cavour 25,55045,Pietrasanta,LU,0584 747663,0584 747637 ,
83920,4681,Park Hotel Residence,Via Donatori Del Sangue 1/a,58015,Orbetello,GR,0564 863618,0564 863335 ,
83923,4684,Tenuta Il Burchio,Poggio Al Burchio 4,50064,Incisa In Val D'arno,FI,055 8330124,055 8330234 ,
83933,4691,Hotel Montebello,Via Montebello 54,51016,Montecatini Terme,PT,0572 70076,,
83952,4708,Hotel Genesio,Via Xxvii Aprile 9,50129,Firenze,FI,055 474383,,
83969,4720,La Pigna,Via Don Bosco 15,55044,Pietrasanta,LU,0584 745888,,
83986,4734,Hotel Astor,Lungomare Carducci 54,55049,Viareggio,LU,0584 963806 ,,
84001,4747,Hotel Belvedere,Via Roma 82,18038,San Remo,IM,0184 501436 ,,
84002,4748,Best Western Hotel Residence Italia,Via Panzini 67,09045,Quartu Sant'elena,CA,070 827070 ,,
84010,4755,Belsoggiorno,Corso Matuzia 41,18038,San Remo,IM,0184 667631,0184 667471 ,
84012,4756,Grifone Hotel Ristorante,Via S. Pellico 1,06126,Perugia,PG,075 5837616 ,,
84022,4765,Borgo Sant'ippolito Country Hotel,Chiantigiana 268,50055,Ginestra,PZ,,,
84033,4771,Hotel Ghironi,Via Del Tino 62,19126,La Spezia,SP,0187 504141,,
84038,4776,Hotel Kristina,Spianata Borgo Peri 8,18100,Imperia,IM,0183 297434,0183 293565,
84065,4795,Hotel Miramare,Via Matteotti 24,18100,Imperia,IM,0183 667120,,
84086,4810,Hotel Galilei,Via Darsena 1 - Angolo Via Aurelia,56121,Pisa,PI,050 507111,050 21381 ,
84087,4811,Residenza D'epoca Campo Regio Relais,Via Della Sapienza 25,53100,Siena,SI,,,
84119,4836,Residence Dei Due Porti,Corso Trento Trieste 21,18038,San Remo,IM,0184 506506,0184 530700 ,
84155,4861,Hotel Clelia,Corso Italia 23,19013,Deiva Marina,SP,0187 815827,,
84183,4879,Art Hotel Atelier Sul Mare,Cesare Battisti - 4,98070,Tusa,ME,,,
84192,4886,Hotel Fedora Riccione,Viale D'annunzio 112,47838,Riccione,RN,,,
84207,4900,Agriturismo Le Case Rosse di Montebuono,Vocabolo Case Sparse di Montebuono 15,06063,Magione,PG,,,
84240,4923,Gli Orzali,Contessalina 991,50033,Firenzuola,FI,,055 8199330 ,
84264,4942,Albergo Firenze,Piazza Donati 4 (via Del Corso),50122,Firenze,FI,,,
84282,4951,Locanda Ca Dei Duxi,Via Colombo 34/36,19017,Riomaggiore,SP,,,
84293,4958,Hotel Mont Blanc,Strada Statale 26 N.18,11013,Courmayeur,AO,0165 846555,,
84299,4963,La Casa di Venere,Via Sant'antonio 114,19017,Riomaggiore,SP,,,
84337,4994,Primavera,Via Cairoli 5,19015,Levanto,SP,0187 808023,0187 801588 ,
84348,5003,Hotel Tornabuoni Beacci,Via De' Tornabuoni 3 Tornabuoni,50123,Firenze,FI,,,
84375,5017,Hotel Vignola,Via San Bernardino Da Siena 23,06088,Assisi,PG,075 8040652 ,,
84394,5028,La Casa Dei Limoni,Via Soviore N. 6,19016,Monterosso Al Mare,SP,,,
84412,5040,Hotel Lungomare,Viale Carducci 299,47042,Cesenatico,FC,0547 680451,,
84419,5046,Hotel Europa,P.zza Amendola 272,50066,Reggello,FI,055 863376 ,,
84420,5047,Locanda Viani,Località  Lazzeretto,53037,San Gimignano,SI,,,
84422,5049,Villa Santâ€™uberto Country Inn,Loc. Santâ€™uberto 33,53017,Radda In Chianti,SI,,,
84451,5068,Residence Montefiore,47 Via Montalbano,51030,Lamporecchio,PT,,,
84457,5073,Villa Accini,Via Molinelli 16,19016,Monterosso Al Mare,SP,,,
84467,5077,Hotel Bavaria,Borgo Degli Albizi 26,50122,Firenze,FI,055 2340313 ,,
84468,5078,Hotel Liberty,Viale Michelangiolo 40 Piazzale Michelangelo,50125,Firenze,FI,,,
84477,5084,Pietrafitta Podere La Costa,Loc. Cortennano,53037,San Gimignano,SI,0577 943200,0577 943150 ,
84497,5100,Hotel Stella,Via Aurelia Ponente 6,16035,Rapallo,GE,0185 50367,0185 272837 ,
84501,5103,Best Western Hotel Laurin,Lungomare Marconi 3,16038,Santa Margherita Ligure,GE,,,
84523,5123,Albergo Aurora,Viale Indipendenza 21,06121,Perugia,PG,075 5724819 ,,
84533,5132,Giappone Inn Parking Hotel,Via Grande 65,57123,Livorno,LI,0586 880241 ,,
84541,5139,Italiana Hotels Florence,Viale Europa 205 Gavinana - Rovezzano,50126,Firenze,FI,,,
84543,5141,Hotel Rapallo,Via Santa Caterina D'alessandria 7,50129,Firenze,FI,,,
84557,5150,Livernano,Loc Livernano 67/a,53017,Radda In Chianti,SI,,,
84561,5153,B&b Palazzo Al Torrione 2,Via Berignano 80,53037,San Gimignano,SI,,,
84562,5154,B&b Palazzo Al Torrione,Via Berignano 76,53037,San Gimignano,SI,,,
84615,5196,Suitehotel Kaly,Lungomare Trento e Trieste 67,18039,Ventimiglia,IM,0184 295218 ,,
84621,5202,Hotel Continental Genova,Via Arsenale di Terra 1,16126,Genova,GE,010 261641 ,,
84634,5211,Hotel Jolì,Via Fiume 8,50123,Firenze,FI,,,
84638,5214,Hotel Le Fontanelle,Sp 408 - Km 14.7,53019,Pianella,PE,,,
84640,5215,Villa San Filippo,Strada Delle Ginestre Nr 06,50021,Barberino Val D'elsa,FI,055 809541,055 8095430 ,
84646,5220,Il Casello Verrè,Via Della Stazione 79,11028,Verrès,AO,,,
84660,5230,Hotel Azzi,Via Faenza 88/r,50123,Firenze,FI,055 213806,,
84676,5244,Grand Hotel Bonanno,Via Carlo Francesco Gabba 17,56122,Pisa,PI,050 524030 ,,
84678,5246,Hotel Mirabeau,Viale Morin 135,55042,Forte Dei Marmi,LU,0584 787813 ,,
84690,5255,Euro Hotel,Superstrada E45 Km 150,52036,Pieve Santo Stefano,AR,0575 797055,0575 797166 ,
84697,5260,Hotel Savoia & Campana,Via Felice Cavallotti 10,51016,Montecatini Terme,PT,,,
84700,5262,Hotel Victoria,Via Nazionale 102/r,50123,Firenze,FI,,,
84706,5267,Quiet Night Guest House,Via Roma 12,19122,La Spezia,SP,,,
84713,5272,Hotel Perseo,Via De' Cerretani 1,50123,Firenze,FI,,,
84768,5320,Hotel Olimpia,Piazza Della Repubblica Nâ°2,50123,Firenze,FI,055 219781,,
84769,5321,Hotel Nuovo Centrale,Via I.scotoni Nâ° 5 Camucia,52042,Cortona,AR,0575 630538,,
84794,5340,Hotel Auriga,Via G. B. Pirelli 7 Stazione Centrale,20124,Milano,MI,,,
84804,5349,Grand Hotel & Des Anglais,Corso Imperatrice 134,18038,San Remo,IM,,,
84810,5355,Villa Ducci,Località  San Biagio,53037,San Gimignano,SI,,,
84815,5358,Hotel Nizza,Via Del Giglio 5 Santa Maria Novella,50123,Firenze,FI,,,
84818,5361,Relais Il Campanile Al Duomo,Via Ricasoli 10,50122,Firenze,FI,055 211688,055 2675989 ,
84829,5369,Villa Romantica,Via Inigo Campioni 19 Angolo Via Nicola Barbantini 246,55100,Lucca,LU,,,
84844,5382,Idea Hotel Firenze Business,Via Del Pantano 16/d,50142,Firenze,FI,055 5386800 ,,
84848,5385,Hotel Balcony,Via Dei Banchi 3 Tornabuoni,50123,Firenze,FI,,,
84855,5390,Le Ville Relais,Salita Al Piano 18/19,19131,La Spezia,SP,0187 751518 ,,
84867,5399,Hotel Kursaal & Ausonia,Via Nazionale 24,50123,Firenze,FI,,,
84884,5412,Hotel Croce di Malta,Via Scarincio 148,18100,Imperia,IM,0183 667020,0183 63687 ,
84898,5423,Casa Mafalda B&b,Via Maddalena,98055,Lipari,ME,,,
84926,5449,Residenza D'epoca Locanda di San Martino,Via San Martino 14,53100,Siena,SI,,,
84933,5454,Locanda La Mandragola,Via Diacceto 7,53037,San Gimignano,SI,0577 940454 ,,
84940,5458,Residence Arianna,Via Tom Benetollo N. 23,53018,Sovicille,SI,0577 342298,,
84973,5482,Hotel Acquario,Via San Pancrazio 9,16124,Genova,GE,,,
84974,5483,Albergo Del Chianti,Piazza Matteotti Nâ° 86,50022,Greve In Chianti,FI,055 853763,,
84980,5487,Sole Mare,Via Carli 23,18038,San Remo,IM,,,
85099,5504,Hotel Walser,Strada Margherita 8/a,11013,Courmayeur,AO,0165 844824,0165 844849 ,
85118,5514,Unaway Cesena Nord,Piazza Modigliani 104,47522,Cesena,FC,0547 313007,0547 317675 ,
85122,5516,Hotel Miramare Continental Palace,Corso Matuzia 9,18038,San Remo,IM,,,
85130,5524,Relais Cappuccina,Località  Cappuccina 46/a,53037,San Gimignano,SI,0577 940381,,
85131,5525,Fattoria Pratale,Strada Della Pesa 12,50028,Tavarnelle Val di Pesa,FI,055 8070135,055 8070171 ,
85138,5530,Tenuta Il Corno,Via Malafrasca 47,50026,San Casciano In Val di Pesa,FI,055 824851 ,,
85170,5558,Thai Si Royal Thai Spa,Via Gasparotto Vecellio 56/a,31020,Spresiano,TV,,,
85173,5561,Hotel Eden Park,Via Generale Ardoino 70,18013,Diano Marina,IM,,,
85174,5562,Hotel Bellevue,Arco Del Libeccio 37 Pineta,33054,Lignano Sabbiadoro,UD,,,
85216,5590,Best Western Hotel Là  di Moret,Viale Tricesimo 276,33100,Udine,UD,,,
85258,5619,Atlantic Palace Hotel,Via Capo 72,80067,Sorrento,NA,081 8073149,,
85262,5623,Hotel Tirreno,Via Como 41,16030,Lavagna,GE,,,
85264,5625,Grand Hotel Golf,Via Dell'edera 29,56128,Pisa,PI,,,
85267,5626,Hotel Borgo di Cortefreda,Via Roma 191,50028,Tavarnelle Val di Pesa,FI,055 8073333,055 8076707 ,
85279,5635,Melià¡ Genova,Via Corsica 4,16128,Genova,GE,,,
85286,5641,Relais Del Lago,Via Della Chiesa di Gragnano 36,55010,Capannori,LU,,,
85304,5655,Hotel Rossini Al Teatro,Piazza Rossini 14,18100,Imperia,IM,,,
85307,5658,Villa Elda,Viale 24 Maggio 10,53100,Siena,SI,0577 247927,0577 221307 ,
85333,5679,Hotel Marconi,Via Trasversale di Pianura 2/c,40010,Bentivoglio,BO,051 8650505,,
85341,5685,Palazzo Del Capitano Relais & Wellness,Via Poliziano 18,53027,San Quirico D'orcia,SI,,,
85342,5686,Hotel Vasari,Via Bernardo Cennini 11,50123,Firenze,FI,055 212753,055 294246 ,
85346,5690,Hotel Sempione,Via Nazionale 15,50123,Firenze,FI,,,
85377,5716,Hotel Piccolo Lido,Lungomare Argentina 2,18012,Bordighera,IM,0184 261297,0184 262316 ,
85390,5727,Bed And Breakfast Santa Caterina,Via Sotto Tenete Mazza 10,95012,Castiglione di Sicilia,CT,,,
85406,5738,Hotel La Scaletta,Via Guicciardini 13 Palazzo Pitti,50125,Firenze,FI,,,
85419,5748,Albergo Serena,Via Della Libertà  22,19021,Lerici,SP,0187 988632,0187 917655 ,
85437,5760,Memole Inn Sanremo,Via Mameli 18,18038,San Remo,IM,0184 1955171 ,,
85443,5765,Hotel Galata,Via A. Doria 4a,16126,Genova,GE,010 261517,010 2091039 ,
85444,5766,Hotel Sorriso,Corso Orazio Raimondo 73,18038,San Remo,IM,,,
85454,5774,Hotel More di Cuna,Via Cassia Nord 1444,53014,Monteroni D'arbia,SI,,,
85456,5776,Albergo Ristorante Paradiso,Via Garibaldi 36,19025,Portovenere,SP,0187 790612,0187 792582 ,
85458,5777,Residenza D'epoca Locanda Del Cigno Nero,Via Carlo Levi 12,16010,Sant'olcese,GE,,,
85480,5794,Lucca In Villa Elisa & Gentucca,Viale Armando Diaz 71,55100,Lucca,LU,,,
85510,5818,Hotel Residence Chateau,Via Libertà  10,11010,Saint Pierre,AO,0165 903820,,
85548,5849,Ac Hotel Firenze By Marriott,Via Luciano Bausi 5 Porta Al Prato,50144,Firenze,FI,,,
85557,5856,Relais Borgo di Toiano,Località  Toiano,53018,Sovicille,SI,,,
85566,5862,The Style Florence,Piazza Della Stazione 10 Santa Maria Novella,50123,Firenze,FI,,,
85579,5874,Laurus Al Duomo,Via Cerretani 54/r,50123,Firenze,FI,055 2381752,055 268308 ,
85580,5875,B&b Il Marzocco,Viale Fratelli Rosselli 78 Santa Maria Novella,50123,Firenze,FI,,,
85583,5877,Villa Il Poggiale Dimora Storica,Via Empolese 69,50026,San Casciano In Val di Pesa,FI,055 284363,055 2302099 ,
85584,5878,Hotel Maxim,Via Dei Calzaiuoli 11,50122,Firenze,FI,055 284354,,
85586,5880,Hotel Primavera,Via Della Repubblica 27,50021,Barberino Val D'elsa,FI,,,
85601,5892,Clarion Collection Hotel Garden Lido,Lungomare Nazario Sauro 9,17025,Loano,SV,,,
85602,5893,Hotel Mediterranee,Via Lungomare 69,16155,Genova,GE,,,
85608,5898,Pineta Dell'iguana,Via Della Pineta 10,16033,Lavagna,GE,,,
85615,5905,Hotel Parigi,Via Acquario 24,30020,San Michele Al Tagliamento,VE,0431 43290,,
85617,5907,Hotel Tiferno,Piazza Raffaello Sanzio 13,06012,Città di Castello,PG,,,
85620,5908,Hotel Astoria,Via Torquato Tasso 2,18012,Bordighera,IM,,,
85621,5909,Grand Hotel Dei Castelli,Via Penisola 26,16039,Sestri Levante,GE,,,
85626,5913,Fattoria San Donato,Loc. San Donato 6,53037,San Gimignano,SI,0577 941616,,
85639,5922,River Park Hotel,Via Del Botteghino 17/h,19030,Ameglia,SP,,,
85658,5934,Art Hotel Varese,Via Bertini 3,21100,Varese,VA,0332 214000 ,,
85679,5950,Hotel Valdarno,Via Traquandi 13/15,52025,Montevarchi,AR,,,
85680,5951,Hotel Certaldo,Via Del Molino 74,50052,Certaldo,FI,0571 651261,0571 652616 ,
85693,5964,Hotel Santa Caterina,Via E.s. Piccolomini 7,53100,Siena,SI,,,
85695,5966,Borgo Saraceno Hotel Residence & Spa,Loc. San Pasquale (via Toselli),07028,Tempio Pausania,OT,,,
85703,5972,Valmarina,Via Baldanzese 146,50041,Calenzano,FI,055 8825336,,
85715,5980,Albergo Estense,Via Plauto 11,47813,Bellaria Igea Marina,RN,0541 331584 ,,
85740,6000,Hotel Baccio Da Montelupo,Via Roma 3,50056,Montelupo Fiorentino,FI,0571 51171,,
85758,6012,Bed And Breakfast Eurohome,Via Dei Colli 13,50058,Signa,FI,055 8735339,,
85763,6016,Hotel Angelica,Via Fiume 11,50123,Firenze,FI,055 210229 ,,
85773,6024,Eveline Portosole Hotel,Corso Cavallotti 111,18038,San Remo,IM,0184 503430,,
85798,6043,Città  di Parenzo,Via Degli Artisti 8,34121,Trieste,TS,,,
85828,6063,Albergo Ristorante La Torre,Via Roma N. 53,22023,Castiglione D'intelvi,CO,,,
85830,6064,Hotel Mary,Via Fiume 177,19122,La Spezia,SP,0187 716927,,
85853,6080,Villa Sangiovese,Piazza Bucciarelli 5,50022,Greve In Chianti,FI,055 852461,055 852463 ,
85858,6083,Hotel Rex,Via Del Litorale 164,57128,Livorno,LI,,,
85877,6095,Hotel Cortese,Corso Garibaldi 20,18038,San Remo,IM,0184 500486,,
85894,6108,Albergo Adriana,Via Torre 25,17015,Celle Ligure,SV,,,
85950,6152,Affittacamere Ca' Dei Lisci,Via Colombo 36,19017,Riomaggiore,SP,,,
85968,6166,Hotel Dufour,Loc. Edelboden Sup. 34,11020,Gressoney La Trinitè,AO,,,
85995,6187,Country Villas Fattoria Le Guardiole,Via Della Sgrilla 16/a,58011,Capalbio,GR,0564 609185 ,,
86665,6218,Hotel Villa Carlotta,Via Gandhi 3,97100,Ragusa,RG,0932 252070 ,,
86680,6228,Cassisi Hotel,Via Cassisi 5,98057,Milazzo,ME,090 9229099,090 9242102 ,
86699,6242,Relais La Torre,Loc. Chiassa Superiore 360,52100,Arezzo,AR,0575 040067 ,,
86707,6248,Albergo Stella Del Mare,Viale E.millo 115,16043,Chiavari,GE,0185 322446,0185 308179 ,
86709,6250,Hotel Porta Romana,Via E.s. Piccolomini 35,53100,Siena,SI,0577 42299,0577 223905 ,
86721,6258,Home In Florence B&b,Via Santa Maria 21/nero San Frediano,50125,Firenze,FI,,,
86809,6291,Club Hotel Tirreno,Loc. Cala Liberotto / C.p. 119,08028,Orosei,NU,0784 9900,0784 91132 ,
86816,6294,Villa Olmi Resort,Via Degli Olmi 4/8,50012,Bagno A Ripoli,FI,055 637710,,
86849,6317,Albergo Nazionale,Vico Dritto 3,16034,Portofino,GE,0185 269138,,
86863,6325,Hotel Sette Archi,Via Fabbricotti 242,19030,Ameglia,SP,,,
86871,6330,Royal Sporting Hotel,Via Olivo 345,19025,Portovenere,SP,0187 790326,,
86873,6332,Hotel Golfo e Palme,Viale Torino 21,18013,Diano Marina,IM,0183 495096,0183 494304 ,
86879,6337,Hotel Il Portico,Via Meucci 3,91023,Favignana,TP,,,
86948,6385,Hotel Moresco,Via Sant'elmo 21,18013,Diano Marina,IM,,,
86950,6387,Hotel Maison Lo Campagnar,Rue Des Granges 14,11013,Courmayeur,AO,,,
86964,6396,Palazzo Gamba,Via Martelli 2,50129,Firenze,FI,055 271861 ,,
86966,6398,Antica Sosta Dei Viandanti,Via Fiesolana 24,50122,Firenze,FI,,,
86968,6400,Albergo Butterfly,Via Belvedere Puccini 24 / 26,55048,Viareggio,LU,0584 341024 ,,
87478,6422,Motta Residence Hotel,Via Ruggero Ii 14,95040,Motta Sant'anastasia,CT,095 309918,,
87497,6434,Hotel Annalena,Via Romana 34 Palazzo Pitti,50100,Firenze,FI,,,
87515,6444,Hotel Delle Rose,Via Colombo 28,18016,San Bartolomeo Al Mare,IM,,,
87535,6457,B&b Gli Archi,Strada Petriccio Belriguardo 98,53100,Siena,SI,,,
87537,6458,San Marco Holidays,Via San Marco 407/425,55100,Lucca,LU,,,
87538,6459,Belvedere di San Leonino,Loc.san Leonino Castellina In Chianti,53011,Castellina In Chianti,SI,0577 740484,,
87540,6461,Hotel Gressoney,Via Lys 3,11025,Gressoney Saint Jean,AO,0125 355986,0125 356427 ,
87545,6464,La Foresteria,Borgo San Lazzero - Loc. San Girolamo,56048,Volterra,PI,,,
87566,6474,Hotel Latini,Via Dei Platani 1,53037,Certaldo,FI,,,
87600,6495,B&b La Finestra Sul Parco,Contrada Mollo S.p.136 Km.4500 Via S. Biagio 25,90015,Cefalù,PA,,,
87629,6507,Hotel Hermitage,Via Giuseppe Verdi N. 17,54039,Massa,MS,,,
87635,6511,Il Castagnolo,Strada Provinciale 1 N.30 - Loc. Pancole,53037,San Gimignano,SI,,,
87656,6520,Hotel Belvedere,Via Statale 445 Casone Carpinelli,55030,Minucciano,LU,,,
87665,6523,Hotel Meridianus,Via Della Musica 1 Riviera,33054,Lignano Sabbiadoro,UD,,,
87666,6524,Albergo La Piazzetta,Galleria Montallegro,16035,Rapallo,GE,0185 53620,0185 237535 ,
87668,6526,Locanda Dell'angelo,Viale Xxv Aprile 60,82100,Ameglia,SP,,,
87677,6534,Panoramic Hotel Plaza & Residence,Piazza Repubblica 23,35031,Abano Terme,PD,,,
87680,6536,Hotel Executive,Via Curtatone 5 Porta Al Prato,50123,Firenze,FI,,,
87758,6583,Lebbiano Residence,Via Delle Croci 50,50018,Scandicci,FI,055 7309195,055 7309198 ,
87775,6597,Residenza Il Colle,Via Codacci 33/35,50023,Impruneta,FI,055 2010100,,
87856,6637,Cecile,Via Volta 17,56126,Pisa,PI,050 29328,050 20360 ,
87857,6638,I Parigi Corbinelli - Residenza D'epoca,Via Della Luigiana 12 Galluzzo Certosa,50125,Firenze,FI,,,
87887,6653,Mondial Resort & Spa,Via Duca Della Vittoria 129/131,55044,Pietrasanta,LU,,,
87904,6662,Hotel Rosa,Via Maddalena Conti 10,17021,Alassio,SV,0182 640821 ,,
87907,6664,Hotel Napolèon,Viale Europa 536,55100,Lucca,LU,,,
87914,6668,Hotel Colomba,Via Cavour 21,50129,Firenze,FI,055 2654562,,
87926,6676,Hotel La Vela-castello Il Rifugio,Corso Nicolo' Cuneo 21,16038,Santa Margherita Ligure,GE,,,
87929,6678,I Ciliegi,Piazza Giorgio Amendola 4,50066,Reggello,FI,,,
87937,6684,Park Hotel Ripaverde,Viale Giovanni Xxiii 36,50032,Borgo San Lorenzo,FI,,,
87969,6692,Hotel Soana,Via Xx Settembre 23/8,16121,Genova,GE,,,
87972,6694,Hotel Cristallo,Via Fiascherino 158,19030,Lerici,SP,,,
87977,6697,Al Tuscany B&b,Via Cenami 17,55100,Lucca,LU,,,
88069,6714,Florence Old Bridge B&b,Via Guicciardini 22 Nero (check-in At Via Guicciardini 13) Palazzo Pitti,50125,Firenze,FI,,,
88076,6718,Nazionale,Via Dei Marchesi 11,56048,Volterra,PI,0588 86284,0588 84097 ,
88102,6726,Hotel Italia Palace,Viale Italia 7 Sabbiadoro,33054,Lignano Sabbiadoro,UD,,,
88145,6749,Residenza Vespucci,Lungarno Amerigo Vespucci 2 Santa Maria Novella,50123,Firenze,FI,,,
88169,6764,Firenzesuite,Via Nuova De'caccini 25,50121,Firenze,FI,,,
88183,6773,Duna Hotel Maison Cly,Località  Corgnolaz 6,11020,Chamois,AO,,,
88217,6795,Aregai Marina Hotel & Residence,Via Gianni Cozzi 1,18010,Santo Stefano Al Mare,IM,,,
88220,6797,Borgo San Felice,Loc San Felice,53019,Castelnuovo Berardenga,SI,0577 359260,,
88221,6798,Hotel Mondial Rapallo,Via Ferraretto 10,16035,Rapallo,GE,,,
88246,6810,Enis Monte Maccione,Loc. Monte Maccione,08025,Oliena,NU,,,
88254,6814,Agriturismo Fattoria Sant'appiano,Loc. Sant'appiano 11,50021,Barberino Val D'elsa,FI,,,
88261,6818,Palazzo Alfani - Residenza D'epoca,Via Ricasoli 49,50122,Firenze,FI,,,
88266,6821,Hotel Alguer,Via G. De Giorgio 12,07041,Alghero,SS,079 9739572,079 9890042 ,
88271,6826,Resort La Francesca,Località  La Francesca,19011,Bonassola,SP,0187 813911 ,,
88283,6832,Hotel Morandi,Corso Matuzia 51,18038,San Remo,IM,0184 666567,,
88297,6840,Mare Nostrum Bed And Breakfast,Via Enrico Giunta 12,97016,Pozzallo,RG,,,
88319,6848,Hotel Ariston Montecarlo,Corso Mazzini 507,18038,San Remo,IM,,,
88339,6857,La Lucciola,Via Loden 6,25050,Zone,BS,030 9880806 ,,
88362,6869,International Beach Hotel,Lungomare Trieste 134 Sabbiadoro,33054,Lignano Sabbiadoro,UD,,,
88371,6871,Hotel Duomo,Via Stalloreggi 38,53100,Siena,SI,,,
88387,6881,Hotel Galileo,Via Nazionale 22/a,50123,Firenze,FI,055 4631694,,
88388,6882,Hotel Corsignano,Via Della Madonnina 11,53026,Pienza,SI,0578 748501,0578 748166 ,
88478,6934,Hotel Noris,Via Paolo Cappa 60,17024,Finale Ligure,SV,019 601154 ,,
88493,6942,Eight Hotel Paraggi,Via Paraggi A Monte 17,16038,Santa Margherita Ligure,GE,0185 289961,,
88630,6966,Hotel De La Telecabine,Via Strada Della Vittoria 28,11013,Courmayeur,AO,0165 843203,,
88632,6968,Torreata Residence Hotel,Via Del Bersagliere 21,90143,Palermo,PA,,,
88657,6982,Hotel Baja,Via Nazionale,07020,Arzachena,OT,,,
88670,6991,Albergo Filippo Ii,Loc.poggio Calvello 17,58019,Monte Argentario,GR,,,
88674,6994,Hotel Corte Dei Medici,Via Canto De Nelli 2,50123,Firenze,FI,055 292787,055 2382817 ,
88677,6997,Villa Barberino,Viale Barberino 19,52022,Arezzo,AR,,,
88701,7012,Hotel Shelley e Delle Palme,Lungomare Biaggini 5,19032,Lerici,SP,,,
88717,7019,Hotel Bellevue Et Mediterranèe,Via Gen.le Ardoino 2-4,18013,Diano Marina,IM,,,
88739,7035,Hotel Albatros,Via di Prato 62,50041,Calenzano,FI,055 8873609 ,,
88755,7046,La Canonica di Cortine,Loc Cortine 20,50021,Barberino Val D'elsa,FI,,,
88767,7053,Casa Vacanze Santa Maria,Via Alberi 74-80,50050,Montaione,FI,,,
88777,7055,Hotel Ester,Via Dei Mille,09039,Villacidro,MD,070 8574909,,
88781,7056,Grand Hotel Imperiale,Via Mazzini 20,55042,Forte Dei Marmi,LU,,,
88785,7058,B&b 5 Sensi,Viale Dei Mille 154,50131,Firenze,FI,,,
88799,7066,Hotel De Charme Stella Maris,Via Marconi 4,19015,Levanto,SP,0187 808258,0187 807351 ,
88801,7068,Ippotur Medieval Resort,Via Degli Ulivi,19033,Castelnuovo Magra,SP,,,
88802,7069,L'olivar,Ungias,07041,Alghero,SS,,,
88819,7077,Hotel Principe,Via Fratt 96 Asquasciati,18038,San Remo,IM,,,
88843,7096,Vista Residence,Via Cremona 29/a,46100,Mantova,MN,,,
88844,7097,Gallery Hotel Art,Vicolo Dell'oro 5,50123,Firenze,FI,,,
88846,7099,Fattoria Voltrona,Località  San Donato,53037,San Gimignano,SI,0577 906077,,
88881,7117,Hotel Residence Brixellum,Via Cavallotti 58,42041,Brescello,RE,,,
88896,7127,La Giara,Viale Della Regione 12 A,95030,Nicolosi,CT,095 7919022 ,,
88917,7139,Fattorie di Santo Pietro,Località  Santo Pietro - Pancole,53037,San Gimignano,SI,,,
88938,7156,Agriturismo Casa Alle Vacche,Località  Lucignano 73/a Sp Certaldo,53037,San Gimignano,SI,,,
88973,7178,B&b Siena In Centro,Via Stalloreggi 16,53100,Siena,SI,,,
88974,7179,Villa Rigacci Hotel,Via Alessandro Manzoni 76,50066,Reggello,FI,,,
89054,7215,Hotel Cenobio Dei Dogi,Via Cuneo 34,16032,Camogli,GE,,,
89065,7221,Hotel Portofino Kulm,Viale Bernardo Gaggini 23,16032,Camogli,GE,,,
89070,7223,Relais Cavalcanti,Via Pellicceria 2,50123,Firenze,FI,055 210962,055 2675211 ,
89074,7227,Hotel Osteria Dell'orcia,Cs. Podere Osteria 15,53023,Castiglione D'orcia,SI,,,
89076,7228,Albergo Miramonti,Via Roma 51,54015,Comano,MS,0187 484271,,
89078,7229,Eden Rock Resort,Via Clemente Biondetti 7,50139,Firenze,FI,055 400331,055 405948 ,
89093,7241,Residence Miljunka,C/da Giancola (lungomare Villa Falcone Borsellino),98076,Sant'agata di Militello,ME,0941 721916,0941 705499 ,
89128,7263,Hotel Aurora,Via Pelloux 42/b,18012,Bordighera,IM,0184 261311 ,,
89188,7289,Capo Nettuno Hotel Residence,Via Trazzera Marina 352,98071,Capo D'orlando,ME,,,
89222,7310,Piccolo Chianti,Strada di Castellina In Chianti 20 - Loc. Fontebecci,53100,Siena,SI,0577 51138,,
89223,7311,B&b San Gimignano Diffuso,Via Vecchia 66,53037,San Gimignano,SI,,,
89240,7315,Le Grand Hotel Courmaison,Route Mont Blanc,11010,Prè Saint Didier,AO,,,
89265,7336,I Tre Merli Locanda,Via Scalo 5,16032,Camogli,GE,,,
89266,7337,Continentale,Vicolo Dell'oro 6r,50123,Firenze,FI,,,
89267,7338,Granduomo,Piazza Del Duomo 1/7,50123,Firenze,FI,055 2646763,,
89289,7355,World Village Apartments,Via Lombardi e Rossignoli 5,18013,Diano Marina,IM,0183 495106,0183 493602,
89296,7359,Hotel Le Noci,Gaiole In Chianti Loc Le Noci,53013,Gaiole In Chianti,SI,0577 73124 ,,
89302,7361,Together Florence Inn,Via Livenza 3/a,50012,Firenze,FI,,,
89325,7376,Hotel Negresco,Viale Del Turismo 10,48741,Cattolica,RN,,,
89336,7382,Bellevue House Hotel,Via Della Scala 21 Santa Maria Novella,50123,Firenze,FI,,,
89337,7383,Hotel Gran Duca,Piazza Micheli 16,57123,Livorno,LI,,,
89338,7384,Hotel Nuova Sabrina,Via Ugo Foscolo 11,55044,Pietrasanta,LU,0584 20253,0584 20368 ,
89378,7403,Hotel Villa Maria,Corso Nuvoloni 30,18038,San Remo,IM,0184 531422,0184 531425 ,
89379,7404,Hotel Maristella,Corso Imperatrice 77,18038,San Remo,IM,0184 667881,0184 667882 ,
89380,7405,Hotel Indicatore,Via Xiii Martiri 282,50013,Campi Bisenzio,FI,055 8999433 ,,
89383,7406,Petriolo Spa Resort,Località  Bagni di Petriolo,58040,Petriolo,MC,,,
89387,7408,Hotel Berna,Largo Fratelli Alinari 11,50123,Firenze,FI,,,
89390,7409,Relais Palazzo Magi,Via Xx Settembre 160-162,52037,Sansepolcro,AR,,,
89396,7413,La Loggia - Villa Gloria,Loc. Maciallina 1,53010,Monteriggioni,SI,,,
89398,7414,Hotel Le Vigne,Localita' Podere Le Vigne,53017,Radda In Chianti,SI,,,
89399,7415,Villa Poggio Ai Merli,Via di Giogoli 5,50018,Scandicci,FI,,,
89405,7416,La Pace,Via Belfiore 4,56025,Pontedera,PI,,,
89446,7448,Residence Trompe-l'oeil,Route Barmasc Antagnod,11020,Ayas,AO,,,
89449,7451,Best Western Grand Hotel Guinigi,Via Romana 1247,55100,Lucca,LU,0584 45151,0584 31438 ,
89494,7485,Park Hotel La Pineta,Via Cravilla 50,54026,Mulazzo,MS,0187 850220,,
89495,7486,Hotel La Funtana,Via Nazionale,07028,Santa Teresa Gallura,OT,0789 741025,0789 741163 ,
89521,7491,Hotel Continental,Via Garibaldi N. 8,40069,Zola Predosa,BO,,,
89541,7497,I Tre Baroni - Resort,Via di Camaldoli 52,52010,Poppi,AR,,,
89557,7510,Locanda Nonno Puin e Lalla Norma,Via Cristoforo Colombo 47,16047,Moconesi,GE,0185 92382 ,,
89600,7538,Antica Fonte Residenza di Siena,Strada Petriccio e Belriguardo 164,53100,Siena,SI,,,
89628,7557,Villa Rosmarino,Via Enrico Figari 38,16032,Camogli,GE,0185 771580 ,,
89649,7571,B&b Belvedere,Via Belvedere 21,08013,Bosa,OR,,,
89656,7576,Locanda Il Gallo,Via Lando Conti 18 Chiocchio,50027,Greve In Chianti,FI,055 8572266,055 8572390 ,
89666,7584,Hotel La Pergola,Via A. Del Pollaiolo 16 Isolotto - Legnaia,50142,Firenze,FI,,,
89730,7619,San Martino - Casa Landi,Via San Martino 25,53031,Castellina In Chianti,SI,,,
89732,7620,Signoria Apartments,Via Della Condotta 16 (blue),50121,Firenze,FI,,,
89876,7712,Hotel L'approdo,Via Ponte Giorgini 29,58043,Castiglione Della Pescaia,GR,,,
89885,7720,Hotel Le Palme,Via Vii Traversa Mare 12,48016,Cervia,RA,,,
89901,7728,Hotel Mignon,Corso Europa 11,17021,Alassio,SV,0182 640776,0182 641219 ,
89903,7730,Burlamacco Gold,Via Alessandro Raffaelli 6,55049,Viareggio,LU,,,
89911,7735,Cascina De' Fagiolari,Via Bracciatica 17,50050,Lastra A Signa,FI,,,
89922,7741,Hotel La Caletta,Via Civinini 10,58019,Monte Argentario,GR,,,