Categoria,Ragione Sociale,Indirizzo,CAP,Città,Prov,Regione,Telefono,Fax,E-mail
Alberghi,Hotel Calamidoro,Via Del Tiglio 143,56030,Calcinaia,PI,Toscana,0587297111,,calamidoro@calamidoro.com
Alberghi,Castello di Monte Antico,Località Monte Antico Alto,58045,Civitella Paganico,GR,Toscana,0564991025,0564991003,info@castellodimonteantico.it
Alberghi,Relais Fattoria Valle,Località Panzano 55,50022,Greve In Chianti,FI,Toscana,055852482,,fattoriavalle@fattoriavalle.com
Alberghi,Campo Regio Relais,Via Sapienza 25,53100,Siena,SI,Toscana,0577222073,0577237308,relais@camporegio.com
Alberghi,Villa Undulna,Via Gramsci Antonio 2,54038,Montignoso,MS,Toscana,0585807788,,hotel@villaundulna.com
Alberghi,Hotel Da Giovanni,Via di Mezzo Franco 10,58012,Isola Del Giglio,GR,Toscana,0564804010,0564804049,pinipaola@tiscalinet.it
Alberghi,Real,Viale L. Gori 31,50127,Firenze,FI,Toscana,055301284,,hotelreal@libero.it
Alberghi,Beacci Tornabuoni,Via Tornabuoni 3,50123,Firenze,FI,Toscana,055212645,055283594,info@tornabuonihotels.com
Alberghi,Semifonte,Via Pisana 1,50021,Barberino Val D'elsa,FI,Toscana,0558068043,,semifonte@semifontehotel.it
Alberghi,Hotel Santa Maria Novella,Piazza Santa Maria Novella 1,50142,Firenze,FI,Toscana,055271840,05527184199,info@hotelsantamarianovella.it
Alberghi,Hotel Marina,Via Cavallotti 31,51016,Montecatini Terme,PT,Toscana,057270128,057270860,hotelmarina@email.it
Alberghi,Hotel Residence Boscolungo,Via Brennero 450,51021,Abetone,PT,Toscana,057360582,057360585,info@boscolungo.it
Alberghi,Oasi,Via Contesse 1,52044,Cortona,AR,Toscana,0575630354,0575630477,hoteloasi@servizire.it
Alberghi,Grand Hotel & La Pace,Corso Roma 12,51016,Montecatini Terme,PT,Toscana,057275801,057278451,info@grandhotellapace.it
Alberghi,Albergo Natucci,Via Cavallotti 102,51016,Montecatini Terme,PT,Toscana,057270380,,info@albergonatucci.it
Alberghi,Mandel 2,Località Morcone,57031,Capoliveri,LI,Toscana,0565935030,,info@mandelclub.com
Alberghi,Villaggio Turistico Innamorata,Località Innamorata,57031,Capoliveri,LI,Toscana,0565939104,,info@villaggioinnamorata.it
Alberghi,Hotel Bellavista,Via Brennero 383,51021,Abetone,PT,Toscana,057360028,057360245,info@bellavista-abetone.it
Alberghi,Sole,Via Delle Rose 40,53042,Chianciano Terme,SI,Toscana,057860194,,hsole@libero.it
Alberghi,Albergo San Lorenzo,Via Rosina 4,50123,Firenze,FI,Toscana,055210077,055284925,info@sanlorenzohotel.it
Alberghi,Hotel Garden,Via Dell'ornello 22,56018,Tirrenia,PI,Toscana,05037578,05037479,info@pensionegarden.it
Alberghi,Hotel Guelfa - Soggiorno La Pergola,Via Guelfa 28,50129,Firenze,FI,Toscana,055215882,055216006,info@hotelguelfa.com
Alberghi,Albergo Ristorante Il Pino Sas,Località Querce Al Pino 40,53043,Chiusi,SI,Toscana,0578274406,0578274143,ilpino@ftbcc.it
Alberghi,Hotel Euromar,Via Dei Salici 2,54037,Massa,MS,Toscana,0585240300,0585869545,info@hoteleuromar.com
Alberghi,Castello di Leonina Relais,Strada S. Bartolomeo,53042,Asciano,SI,Toscana,0577716088,0577716054,c.leonina.prenotazioni@medeahotels.com
Alberghi,Park Hotel Cinquale,Via Delle Pinete 2,54038,Montignoso,MS,Toscana,0585309505,,info@parkhotelcinquale.com
Alberghi,Villa Giotto Park Hotel,Via Roma 11,50036,Vaglia,FI,Toscana,055406730,055406730,info@villagiotto.it
Alberghi,Parc Hotel,Via Roma 214,52014,Poppi,AR,Toscana,,,parc@lina.it
Alberghi,Hotel Nuova Italia,Via Faenza 26,50123,Firenze,FI,Toscana,055268430,055210941,hotel.nuova.italia@dada.it
Alberghi,Relais Il Chiostro di Pienza,C. Rossellino 26,53026,Pienza,SI,Toscana,0578748400,0578748440,info@relaisilchiostrodipienza.com
Alberghi,Patria,Via Crispi 6,51100,Pistoia,PT,Toscana,057325187,,info@patriahotel.com
Alberghi,Hotel Duca Del Mare,Via D.alighieri 1/2,58024,Massa Marittima,GR,Toscana,,,info@ducadelmare.it
Alberghi,Hotel Giglio,Via Cavour 85,50100,Firenze,FI,Toscana,055486621,055461163,info@hotelgiglio.fi.it
Alberghi,Selva,Via Barberino 219,50041,Calenzano,FI,Toscana,0558876806,,info@laselvahotel.com
Alberghi,Residence Lido Azzurro,Località Spiaggia Lido,57031,Capoliveri,LI,Toscana,0565940217,0565933574,elba@residencelidoazzurro.it
Alberghi,Hotel Cristina,Via Adige 31,53042,Chianciano Terme,SI,Toscana,057860552,057860552,hotelcristina@tin.it
Alberghi,Albergo Ristorante Pizzeria Corallo,Via Romana Ovest 189,55016,Porcari,LU,Toscana,0583298699,058329160,ristorantecorallo@libero.it
Alberghi,Hotel Goldoni,Via Borgo Ognissanti 8,50123,Firenze,FI,Toscana,055284080,055282576,info@hotelgoldoni.com
Alberghi,Hotel Montreal,Via Della Scala 43,50100,Firenze,FI,Toscana,0552382331,055287491,info@hotelmontreal.com
Alberghi,Hotel Flora,Via Del Mare - Marina di Bibbona 26,57020,Bibbona,LI,Toscana,0586600015,0586602612,htlflora@tiscalinet.it
Alberghi,Hotel Brunella,Viale Pistelli 102,55041,Camaiore,LU,Toscana,0584617258,0584618220,info@hotelbrunella.it
Alberghi,Hotel Chiazza,Via Borgo Pinti 5,50121,Firenze,FI,Toscana,,,hotel.chiazza@tin.it
Alberghi,Casa Al Sole,Via Vittorio Veneto 82,50022,Greve In Chianti,FI,Toscana,0558546429,0558544084,info@casaalsole.net
Alberghi,Hotel Dei Vicari,Viale Kennedy 45/e,50038,Scarperia,FI,Toscana,055846860,0558468680,info@hoteldeivicari.com
Alberghi,Art Hotel Museo,Viale Della Repubblica 289,59100,Prato,PO,Toscana,05745787,0574578880,prenotazioni@arthotel-museo.it
Alberghi,Hotel Carlo's,Località S. Giusto 266,57022,Castagneto Carducci,LI,Toscana,0565765190,0565763242,info@hotelcarlos.it
Alberghi,Hotel Il Giardino Srl,Piazza Daniele Manin 1,56122,Pisa,PI,Toscana,0508312286,,info@hotelilgiardino.pisa.it
Alberghi,Hotel Il Negresco,Lungomare Italico 82,55042,Forte Dei Marmi,LU,Toscana,058478820,0584787535,info@hotelilnegresco.com
Alberghi,Hotel I Tre Baroni,Via di Camaldoli 52,52010,Poppi,AR,Toscana,0575556204,0575556204,info@itrebaroni.it
Alberghi,Una Poggio Dei Medici,Via San Gavino 27,50038,Scarperia,FI,Toscana,05584350,0558430439,una.poggiodeimedici@unahotels.it
Alberghi,Albergo Ristorante La Cisterna Srl,Piazza Cisterna 24,53037,San Gimignano,SI,Toscana,0577940328,0577942080,info@hotelcisterna.it
Alberghi,Hotel Da Vinci,Viale Bicchierai 31,51016,Montecatini Terme,PT,Toscana,057270378,0572770208,info@davincihotel.it
Alberghi,Park Hotel Le Sorgenti,Corso Giacomo Matteotti 198,51018,Pieve A Nievole,PT,Toscana,,,management@lesorgentiph.it
Alberghi,Nuovo Excelsior,Via Cavallotti 115,51016,Montecatini Terme,PT,Toscana,057270138,057270138,nuovo.excelsior@virgilio.it
Alberghi,Bi,Lungomare Andrea Doria 30,58018,Porto Ercole,GR,Toscana,05644833055,05644836057,info@bi-hotel.it
Alberghi,Hotel Europa,Via Senese 293,53036,Poggibonsi,SI,Toscana,0577933402,0577936069,info@hotel-europa.it
Alberghi,The Westin Excelsior Florence,Piazza Ognissanti 3,50123,Firenze,FI,Toscana,055264201,055210278,excelsiorflorence@westin.com
Alberghi,San Francisco,Viale Carducci 68,55049,Viareggio,LU,Toscana,058452666,,info@sanfranciscoviareggio.it
Alberghi,Hotel Ross,Via Buonarroti 81,55094,Viareggio,LU,Toscana,0584962454,0584962454,info@hotelross.it
Alberghi,Du Park Et Regina,Viale A. Diaz 8,51016,Montecatini Terme,PT,Toscana,057279232,057279234,info@regina-hotel.it
Alberghi,Villa Domizia,Località S.liberata,58019,Monte Argentario,GR,Toscana,0564812735,,info@villadomizia.it
Alberghi,Hotel Vittoria,Via Paolina 240,55073,Viareggio,LU,Toscana,058448526,0584430260,info@vittoriaalbergo.com
Alberghi,Casa Landi,Via S. Martino 26,53011,Castellina In Chianti,SI,Toscana,0577740902,0555609202,info@casalandi.com
Alberghi,Montemerlo,Località Fetovaia,57034,Campo Nell'elba,LI,Toscana,0565988051,,info@welcometoelba.it
Alberghi,Parco Erosa,Via Remedi 108,53021,Abbadia San Salvatore,SI,Toscana,0577776326,,parcoerosa@parcoerosa.it
Alberghi,Hotel Tirolo,Via Brennero 300,51021,Abetone,PT,Toscana,057360334,057360334,info@albergotirolo.it
Alberghi,Hotel Corano,Località corano,58017,Pitigliano,GR,Toscana,0564616112,0564614191,info@hotelcorano.it
Alberghi,La Residenza Del Granduca,Via Cesare Battisti 1297,51015,Monsummano Terme,PT,Toscana,0572 950057,0572950057,info@residenzadelgranduca.it
Alberghi,Piccolo Hotel San Valentino,Strada Provinciale 451,53041,Asciano,SI,Toscana,0577707153,0577707260,info@piccolohotelsanvalentino.com
Alberghi,Tirrena,Località schiopparello,57037,Portoferraio,LI,Toscana,0565933002,,hoteltirrena@elbalink.it
Alberghi,Maremonti,Lungomare Levante 51,54100,Massa,MS,Toscana,0585241008,,info@hotelmaremonti.com
Alberghi,Hotel City,Via Sant'antonino 18,50100,Firenze,FI,Toscana,055211543,055295451,info@hotelcity.net
Alberghi,Hotel Falterona,Piazza Tanucci 85,52017,Stia,AR,Toscana,0575504569,0575504982,info@albergofalterona.it
Alberghi,Sylvia,Via Manfredi 15,55041,Lido di Camaiore,LU,Toscana,0584617994,,info@hotelsylvia.it
Alberghi,B&b Four Rooms,Borgo Ss Apostoli 2,50142,Firenze,FI,Toscana,055212676,055212676,info@bbfourooms.com
Alberghi,Olimpia,Via Trieste 30,53021,Abbadia San Salvatore,SI,Toscana,0577778250,,olimpiaflori@virgilio.it
Alberghi,Hotel Palazzo Della Spiaggia,Via Libertà 2,55044,Marina di Pietrasanta,LU,Toscana,0584745909,,palazzodellaspiaggia@tiscali.it
Alberghi,Restaurant Enoteca Pinchiorri,Via Ghibellina 87,50122,Firenze,FI,Toscana,055244983,055242777,enoteca@relaischateaux.com
Alberghi,Sheraton Firenze Hotel & Conference Center,Via G. Agnelli 33,50142,Firenze,FI,Toscana,05564901,055680747,reservation@sheratonfirenze.it
Alberghi,Locanda Del Glicine,P. Giuseppe Garibaldi 6/7/8,58042,Campagnatico,GR,Toscana,0564996490,0564996916,ilglicine@tin.it
Alberghi,Villa Dei Gerani,Viale Trieste 51,57013,Rosignano Solvay,LI,Toscana,0586019058,0586019058,info@villadeigerani.it
Alberghi,Hotel Alla Locanda di Morgana,Via Case Alte 1478,51028,San Marcello Pistoiese,PT,Toscana,057364387,057364387,allalocandadimorgana@alice.it
Alberghi,Hotel San Marco,Strada massetana,53100,Siena,SI,Toscana,0577271556,0577271826,info@sanmarcosiena.it
Alberghi,Hotel Locanda Le Piazze,Frazione Le Piazze,53011,Castellina In Chianti,SI,Toscana,,,lepiazze@chiantinet.it
Alberghi,Sanremo,L.no Serristori 13,50100,Firenze,FI,Toscana,0552342823,0552342269,sanremo@cosmos.it
Alberghi,Aprile,Via Scala 6,50123,Firenze,FI,Toscana,055216237,,info@hotelaprile.it
Alberghi,Hotel La Foresta,Via Roma 27,52017,Stia,AR,Toscana,0575504650,0575583547,laforestahotel@hotmail.com
Alberghi,Hotel Le Due Fontane,Piazza S. Annunziata 14,50122,Firenze,FI,Toscana,,,leduefontane@dada.it
Alberghi,Hotel Ristorante La Selva,Via Fornaci 32,57020,Sassetta,LI,Toscana,0565794239,0565794777,hotel.selva@tiscali.it
Alberghi,Hotel Bodoni,Via Martiri Del Popolo 27,50100,Firenze,FI,Toscana,055240741,055244432,psube@tin.it
Alberghi,Panoramic,Viale Bustichini 65,51016,Montecatini Terme,PT,Toscana,057278381,057278598,panoramic@galliganihotels.it
Alberghi,Petrucci,Via Del Sestaione 39,51024,Cutigliano,PT,Toscana,0573673021,,albergopetrucci@tiscalinet.it
Alberghi,Lago Verde,Via Castellani 4,51030,Serravalle Pistoiese,PT,Toscana,0573518262,0573518227,lagoverde@rphotels.com
Alberghi,Hotel Ai Tufi,Strada Massetana Romana 68,53100,Siena,SI,Toscana,0577283292,0577284076,tufihotel@tufihotel.it
Alberghi,Villa Gaia,Mura Pietro Grocco 11,51016,Montecatini Terme,PT,Toscana,0572770738,,info@villagaia.it
Alberghi,Albergo La Pace,Via Belfiore 4,56025,Pontedera,PI,Toscana,058752339,058752414,info@albergolapacepontedera.it
Alberghi,Mistral,Via Per Portoferraio 85,57034,Campo Nell'elba,LI,Toscana,0565979150,,info@mistralhotel.it
Alberghi,La Rosa,Località San Piero,57034,Campo Nell'elba,LI,Toscana,0565983191,,info@larosahotel.it
Alberghi,La Fattoria,Località Paccianese 48,53043,Chiusi,SI,Toscana,057821407,057820644,info@la-fattoria.it
Alberghi,Hotel Roma,Via S. Francesco 43,57025,Piombino,LI,Toscana,056534341,056534341,htroma@tiscalinet.it
Alberghi,Mariotti,Viale Colombo 147,55041,Lido di Camaiore,LU,Toscana,0584617170,,info@hotelmariotti.191.it
Alberghi,Hotel Tuscany Inn,Via Cividale 86,51016,Montecatini Terme,PT,Toscana,057270302,0572912648,info@hoteltuscanyinn.com
Alberghi,Grand Hotel Capitol Garibaldi,Viale Della Libertà 492,53042,Chianciano Terme,SI,Toscana,057864681,057864686,info@capitolchianciano.it
Alberghi,Select,Via Per Portoferraio,57034,Campo Nell'elba,LI,Toscana,05659730,,select@elbalink.it
Alberghi,Teti & Prestige,Via Porta Rossa 5,50100,Firenze,FI,Toscana,0552398435,0552398248,caldana@dada.it
Alberghi,Hotel Exclusive,Viale Colombo 59,54033,Carrara,MS,Toscana,0585789263,058555871,info@exclusivecarrara.com
Alberghi,Miramonti,Viale Marconi 44,51016,Montecatini Terme,PT,Toscana,,,info@fabianihotels.com
Alberghi,Mediterraneo,Via Baccelli,53042,Chianciano Terme,SI,Toscana,057864256,057862604,info@hotelmediterraneo-chiancianoterme.it
Alberghi,Ai Tufi,Via Massetana Romana 68,53100,Siena,SI,Toscana,0577 283292,0577 532070,info@tufihotel.it
Alberghi,Due Torri,Via Xxv Aprile 3,57036,Porto Azzurro,LI,Toscana,056595132,,hotelduetorri@elbalink.it
Alberghi,Hotel Palazzuolo,Via Palazzuolo 71,50123,Firenze,FI,Toscana,055214611,055212101,info@hotelpalazzuolo.com
Alberghi,Hotel Ambra di Somma & C. Sas,Via Polo 20,55042,Forte Dei Marmi,LU,Toscana,0584787285,0584787139,info@ambra-hotel.it
Alberghi,Casa Cares,Via Pietrapiana 56,50066,Reggello,FI,Toscana,0558652001,0558652900,info@casacares.it
Alberghi,Selci Wellness Hotels - Marina di Campo - Elba,Viale Degli Etruschi 567,57034,Marina di Campo,LI,Toscana,0565976336,0565977748,info@grupposelci.it
Alberghi,Villa Rona,Via Crispi 10/12,55042,Forte Dei Marmi,LU,Toscana,0584787222,,info@hotelvillarona.com
Alberghi,Battelli,Via Versilia 189,55045,Marina di Pietrasanta,LU,Toscana,058420010,,info@albergobattelli.it
Alberghi,Hotel Nella,Via Faenza 69,50123,Firenze,FI,Toscana,0552654346,0552728362,welcome@hotelnella.net
Alberghi,I'fiorino Sas di Elio Giuntini & C.,Via Allende 101,50056,Capraia e Limite,FI,Toscana,0571583505,0571594032,info@hotelifiorino.it
Alberghi,Arianna,Viale Roma 47,55045,Marina di Pietrasanta,LU,Toscana,0584745878,0584745544,info@ariannahotel.eu
Alberghi,Domus Florentiae Hotel,Via Degli Avelli 2,50123,Firenze,FI,Toscana,0552654645,0552776429,info@domusflorentiahotel.com
Alberghi,Kon Tiki,Via Umbria 2,57027,San Vincenzo,LI,Toscana,0565705014,0565705014,vacanze@kontiki.toscana.it
Alberghi,Piccolo Mondo,Via Carducci 2,58022,Follonica,GR,Toscana,056640361,,info@piccolomondohotel.it
Alberghi,Orcagna,Via Orcagna 57,50142,Firenze,FI,Toscana,055669959,055670500,info@hotelorcagnafirenze.it
Alberghi,Hotel Euro Club,Via Cassia Nord 33,53011,Castellina In Chianti Stazione,SI,Toscana,05773050002,0577305015,info@hoteleuroclub.it
Alberghi,Villaggio Solidago,Viale Del Tirreno 86/a,56128,Pisa,PI,Toscana,050 38900,050 3890007,info@villaggiosolidago.it
Alberghi,Hotel Arizona Sas di Sandra Grazzini,Via Farini 2,50121,Firenze,FI,Toscana,055245321,0552346130,info@arizonahotel.it
Alberghi,Vittoria,Via J. Carrucci 105,50053,Empoli,FI,Toscana,057173201,057173201,albergo_vittoria@virgilio.it
Alberghi,Boston,Viale Bicchierai 20,51016,Montecatini Terme,PT,Toscana,057270379,,info@hotelboston.it
Alberghi,Locanda Le Volte,Via Roma 61,56040,Casale Marittimo,PI,Toscana,,0586652018,info@locandalevolte.com
Alberghi,Hotel Locanda Il Castagno,Via G. Pascoli 17,55030,Giuncugnano,LU,Toscana,0583615025,0583615414,info@locandailcastagno.it
Alberghi,Gran Sasso,Via G. M. Terreni 51,57128,Livorno,LI,Toscana,0586 406092,0586 406092,pensionegransasso@libero.it
Alberghi,Hotel Le Renaie,Via Pancole 10/b,53037,San Gimignano,SI,Toscana,,0577955126,info@hotellerenaie.it
Alberghi,L'aia Residence & Soggiorno Lo Stellino,Via Fiorentina 95,53100,Siena,SI,Toscana,057751987,0577588926,info@sienaholidays.com
Alberghi,Hotel Lombardi,Via Fiume 8,50123,Firenze,FI,Toscana,,,hotel.lombardi@dada.it
Alberghi,California,Via Ricasoli 30,50122,Firenze,FI,Toscana,055282753,,hotelcalifornia@inwind.it
Alberghi,Piero Della Francesca,Via Adigrat 1,52100,Arezzo,AR,Toscana,0575908464,0575940436,info@hotelpierodellafrancesca.it
Alberghi,Hotel Florida,Viale Del Tirreno 227,56128,Pisa,PI,Toscana,050 37236,050 30202,info@hotelfloridatirrenia.com
Alberghi,Hotel Zucconi,Via Gioberti 8,51016,Montecatini Terme,PT,Toscana,057278819,057279421,info@zucconihotel.it
Alberghi,Hotel Villacampomaggio,Località Campomaggio 72,53017,Radda In Chianti,SI,Toscana,0577738981,0577738723,info@villacampomaggio.it
Alberghi,Byron,Via Bicchierai 68,51016,Montecatini Terme,PT,Toscana,057270122,0572767174,byron@gruppobirindelli.it
Alberghi,Hotel Levante,Via Pirandello 32,53042,Chianciano Terme,SI,Toscana,057863794,0578654496,info@albergolevante.it
Alberghi,Torretta,Viale Bustichini 27,51016,Montecatini Terme,PT,Toscana,057270305,,info@hoteltorretta.it
Alberghi,Grand Hotel Villa di Corliano,Strada Statale Abetone - Rigoli 50,56100,Pisa,PI,Toscana,050818193,050818897,info@villacorliano.it
Alberghi,Sextum Hotel,Via Jacopo Del Polta 51,56031,Bientina,PI,Toscana,0587755822,0587754662,hotelsextum@alice.it
Alberghi,San Gallo Palace,Via L. Il Magnifico 2,50129,Firenze,FI,Toscana,0554627313,,info@sangallopalace.it
Alberghi,Relais La Corte Dei Papi,Via La Dogana 12,52044,Cortona,AR,Toscana,0575614109,0575614963,info@lacortedeipapi.com
Alberghi,La Pergola,Via A. Del Pollaiolo 16,50142,Firenze,FI,Toscana,055700896,055700973,info@hotel-lapergola.it
Alberghi,Park Hotel Napoleone,Località San Martino,57037,Portoferraio,LI,Toscana,0565911111,,booking@parkhotelnapoleone.it
Alberghi,Grand Hotel Admiral Palace,Viale Umbria 2,53042,Chianciano Terme,SI,Toscana,057863297,057855421,admiral@albanesihotels.com
Alberghi,Napoleon,Piazza Unità D'italia 2/bis,54027,Pontremoli,MS,Toscana,0187830544,0187831592,info@hotelnapoleon.net
Alberghi,Adler Cavalieri,Via Scala 40,50123,Firenze,FI,Toscana,055277810,,info@hoteladlercavalieri.com
Alberghi,Bristol,Viale Manin 14,55049,Viareggio,LU,Toscana,058446441,,bristolhotel@tiscalinet.it
Alberghi,Executive,Via Curtatone 5,50123,Firenze,FI,Toscana,055217451,055268346,info@hotelexecutive.it
Alberghi,Hotel Residence Delfino,Viale Colombo 68,54033,Marina di Carrara,MS,Toscana,,0585788423,info@hoteldelfinomarinadicarrara.com
Alberghi,Balestri,Piazza Mentana 7,50142,Firenze,FI,Toscana,055214743,0552398042,booking@hotel-balestri.it
Alberghi,Villaggio Villaggio Il Girasole,Viale Italia 340,58022,Follonica,GR,Toscana,0566261411,0566261444,info@villaggioilgirasole.it
Alberghi,Villa La Massa,Via Della Massa 24,50012,Candeli,FI,Toscana,055633102,05562611,lamassa@relaischateaux.com
Alberghi,Indicatore,Via Xiii Martiri 282,50013,Campi Bisenzio,FI,Toscana,0558999433,0558964396,hotelindicatore@tiscali.it
Alberghi,Hotel Il Palazzetto,,53012,Chiusdino,SI,Toscana,0577751160,0577751160,albergoilpalazzetto@libero.it
Alberghi,Verde Luna,Via Banti 1,58016,Orbetello,GR,Toscana,0564867495,0564862378,albergoverdeluna@aim.com
Alberghi,Hotel Anfora di Di Biagio M. e C. Snc,Località Naregno,57031,Capoliveri,LI,Toscana,0565968573,0565935167,anforahotel@tiscalinet.it
Alberghi,Lory,Via G. di Vittorio 286,53042,Chianciano Terme,SI,Toscana,057863704,057861100,info@hotellory.net
Alberghi,Hotel Daisy,Via Verona 12,54100,Massa,MS,Toscana,0585240108,0585240109,info@hoteldaisy.it
Alberghi,Hotel Castello Del Nero,Strada Spicciano 7,50028,Tavarnelle Val di Pesa,FI,Toscana,0558076551,0558077234,info@castellodelnero.com
Alberghi,My One Hotel Euro,Viale Europa 6,56012,Cascina,PI,Toscana,050710494,050710570,euro@myonehotel.it
Alberghi,Rio,Via Palestro 34,57038,Rio Marina,LI,Toscana,0565924225,0565924162,info@hotelriomarina.it
Alberghi,Mediterraneo,Via Baragiola 1,51016,Montecatini Terme,PT,Toscana,057271321,,mediterraneo@taddeihotels.it
Alberghi,Hotel Villa La Reggia,Località Biagioni 64,55011,Altopascio,LU,Toscana,0583202162,0583202041,info@villareggia.com
Alberghi,Residence Saint Claire,Via Aldo Moro,57033,Marciana Marina,LI,Toscana,056599100,0565904073,info@hotelstclaire.com
Alberghi,Palazzo Ognissanti,Via D'annunzio 141,50135,Firenze,FI,Toscana,0556121302,,info@hoteldannunzio.com
Alberghi,G.h. Continental,Via Banchi di Sopra 85,53100,Siena,SI,Toscana,057756011,05775601555,reservation.ghc@royaldemeure.com
Alberghi,Hotel Frank's,Località Naregno,57031,Capoliveri,LI,Toscana,0565968144,0565968405,info@frankshotel.com
Alberghi,Albergo Giardino,Piazza Mazzini 85,57126,Livorno,LI,Toscana,0586806330,0586262994,info@parkingiardinohotel.it
Alberghi,Hotel Sabrina,Via Roma 37,52044,Cortona,AR,Toscana,0575601577,0575604627,info@cortonastorica.com
Alberghi,Hotel Edy,Piazza Indipendenza 5,53042,Chianciano Terme,SI,Toscana,057863327,057862044,hotel-edy@libero.it
Alberghi,Hotel Ilaria Srl,Via Fosso 26,55100,Lucca,LU,Toscana,058347615,0583991961,info@hotelilaria.com
Alberghi,Hotel Castelmartini,Via Dalla Chiesa,51036,Larciano,PT,Toscana,0573849034,057384302,info@hotelcastelmartini.it
Alberghi,Cristallo,Piazza Matteotti 1,57030,Cavo,LI,Toscana,0565949898,,cristallo@elbalink.it
Alberghi,Vittoria,Strada Del Sole 65,58019,Porto Santo Stefano,GR,Toscana,0564818580,0564818055,info@hvittoria.com
Alberghi,Nilhotel,Via Barsanti 27/a,50142,Firenze,FI,Toscana,055795540,05579554801,info@nilhotel.it
Alberghi,Hotel Art Museo,Viale Della Repubblica 289,59100,Prato,PO,Toscana,,,arthotel@texnet.it
Alberghi,Hotel Planet,Rigutino Est 161/162,52100,Arezzo,AR,Toscana,057597971,05759797444,info@hotelhp.it
Alberghi,Guastini,Piazza Petruccioli 16/34,58017,Pitigliano,GR,Toscana,,0564616652,htlguastini@katamail.com
Alberghi,Michelangelo,Via Rosselli 3,54033,Carrara,MS,Toscana,0585777161,,hm.carrara@tin.it
Alberghi,Olimpia,Via Polo 4,55042,Forte Dei Marmi,LU,Toscana,0584787246,,olimpia@versilia.toscana.it
Alberghi,Hotel Villa Jessica,Via Dei Colli 65,53042,Chianciano Terme,SI,Toscana,057863506,057863506,hotel.villajessica@libero.it
Alberghi,Hotel Ristorante Margherita,Via Dell' Appennino 17/19,59024,Vernio,PO,Toscana,0574 959926,0574959349,hotel@margheritahotel.com
Alberghi,San Marco,Viale Rosselli 3,51016,Montecatini Terme,PT,Toscana,057271221,,info@sanmarco-hotel.it
Alberghi,Da Augusto,Via Marconi 101,58023,Gavorrano,GR,Toscana,0566 844373,0566 844373,albergo.augusto@tiscali.it
Alberghi,Hotel Ely,Via Carrara 16,55083,Viareggio,LU,Toscana,058450758,0584407387,info@hotelely.it
Alberghi,Hotel Erina,Via Fiume 17,50123,Firenze,FI,Toscana,055288294,055284343,info@hotelerina.it
Alberghi,Valle Verde,,57030,Marciana,LI,Toscana,0565907287,0565907965,info@elbahotelvalleverde.it
Alberghi,Grand Hotel La Pace,Corso Roma 12,51016,Montecatini Terme,PT,Toscana,05729240,,htlapace@tin.it
Alberghi,Alla Dimora Lucense di Rosanna Scicchitano,Via Fontana 19,55100,Lucca,LU,Toscana,0583495722,0583441210,dimoralucense@libero.it
Alberghi,Hotel Tourist House Ghiberti di Baroni Claudio,Via Bufalini 1,50122,Firenze,FI,Toscana,055261171,055264170,thghiberti@tiscali.it
Alberghi,Il Pino,Via Della Repubblica 17/19,57027,San Vincenzo,LI,Toscana,0565701649,0565701649,hotel.ilpino@alice.it
Alberghi,Hotel Villa Tavolese,Via Tavolese 221,50021,Barberino Val D'elsa,FI,Toscana,0571660224,0571660227,fernando@toscanaitaly.com
Alberghi,Starhotels Vespucci,Via San Quirico 292/a,50010,Campi Bisenzio,FI,Toscana,05589551,0558986085,vespucci.fi@starhotels.it
Alberghi,Hotel Davanzati,Via Porta Rossa 5,50123,Firenze,FI,Toscana,055286666,0552658252,info@hoteldavanzati.it
Alberghi,Hotel Patrizia,Via Montebello 7,50123,Firenze,FI,Toscana,,,patrizia@tin.it
Alberghi,Hotel Villa Belvedere,Via Dante Alighieri 14,53037,San Gimignano,SI,Toscana,,0577940327,hotel.villa.belvedere@tin.it
Alberghi,Hotel Il Diario,Via Tiberina 95,52036,Pieve Santo Stefano,AR,Toscana,,0575797828,info@hotelildiario.it
Alberghi,Relais Dell'orologio,Via Della Fagiole 12,56100,Pisa,PI,Toscana,05083118,050551869,info@hotelrelaisorologio.com
Alberghi,Regency,Piazza Massimo D'azeglio 3,50121,Firenze,FI,Toscana,055245247,0552346735,info@regency-hotel.com
Alberghi,Istituto Figlie Del Divino Zelo,P. S. Francesco 2,53045,Montepulciano,SI,Toscana,0578757005,0578757757,fdzmontepulciano@hotmail.it
Alberghi,Piccolo Hotel Aurora,Via Piscinello 51,53021,Abbadia San Salvatore,SI,Toscana,0577718173,0577776445,info@piccolohotelaurora.com
Alberghi,Hotel Villa Aurea,A. Campaccio,52044,Cortona,AR,Toscana,,,info@villaaurea.it
Alberghi,Stella Maris,Località Pareti,57031,Capoliveri,LI,Toscana,0565968425,0565968010,info@albergostellamaris.com
Alberghi,Michela,Via Vicenza 5/a,54100,Massa,MS,Toscana,0585241390,,info@michelahotel.com
Alberghi,Il Borgo di Vescine,Località Vescine,53017,Radda In Chianti,SI,Toscana,0577741144,0577740263,info@vescine.it
Alberghi,Hotel Silla,Via Renai 5/r,50125,Firenze,FI,Toscana,0552342889,0552341437,hotelsilla@hotelsilla.it
Alberghi,Pierolli,Lungomare Kennedy 1,57038,Rio Marina,LI,Toscana,0565931044,0565931044,info@hotelpierolli.it
Alberghi,Palagi,Piazza Carducci 23,55045,Pietrasanta,LU,Toscana,058470249,058471198,info@hotelpalagi.191.it
Alberghi,Hotel Ariston - Pisa,,56100,Pisa,PI,Toscana,,,hotelariston@pisaonline.it
Alberghi,Relais Santa Chiara,Via Matteotti 15,53037,San Gimignano,SI,Toscana,0577940701,0577942096,rsc@rsc.it
Alberghi,Grand Hotel Boston,Piazza Italia 5,53042,Chianciano Terme,SI,Toscana,057863472,057860218,info@grandhotelboston.it
Alberghi,Hotels Promotion,,56010,Pisa,PI,Toscana,0508754096,0508754999,info@hotelsweb.it
Alberghi,Relais Poggio Del Melograno,Località I Fondi,56040,Montecatini Val di Cecina,PI,Toscana,058830427,058830427,info@relaispoggiodelmelograno.com
Alberghi,Bridge Hotel,Piazza Ponte A Serraglio 5/a,55022,Bagni di Lucca,LU,Toscana,0583805324,,info@bridge-hotel.it
Alberghi,Hotel Abas,Via Tripoli 5,51016,Montecatini Terme,PT,Toscana,0572772763,0572902854,info@hotelabas.it
Alberghi,Il Piccolo Castello,Via Colligiana 8,53035,Monteriggioni,SI,Toscana,0577307300,0577306126,info@ilpiccolocastello.com
Alberghi,Eden Park Resort,Via Dell'argine 6/b,56017,San Giuliano Terme,PI,Toscana,050870252,050870462,info@edenparkpisa.com
Alberghi,Hotel Villa Giada,Via Lungo Frigido Ponente,54037,Marina di Massa,MS,Toscana,0585241365,0585861924,info@villagiada.com
Alberghi,Byron,Viale Morin 46,55042,Forte Dei Marmi,LU,Toscana,0584787052,0584787152,info@hotelbyron.net
Alberghi,Le Vecchie Cantine Sas,Via Farini 14,56034,Chianni,PI,Toscana,0587648164,0587648440,info@levecchiecantine.it
Alberghi,President Hotel,Corso Matteotti 119,51016,Montecatini Terme,PT,Toscana,0572 767927,0572 494900,info@presidentmontecatini.it
Alberghi,Palazzo San Niccolò,Via Roma 16,53017,Radda In Chianti,SI,Toscana,0577735666,0577739022,info@hotelsanniccolo.com
Alberghi,Villa Casanova,Via di Casanova 1600,55100,Lucca,LU,Toscana,0583 369000,0583 369000,info@albergocasanova.com
Alberghi,Hotel Sorgente Roveta,Via Roncigliano 11,50018,Scandicci,FI,Toscana,055768570,055768571,info@sorgenteroveta.it
Alberghi,Villa La Cappella,Via Lucardese 175,50025,Montespertoli,FI,Toscana,0571657595,0571658577,info@villalacappella.net
Alberghi,Hotel Le Briciole,Località Redinoce,57033,Marciana Marina,LI,Toscana,0565907538,,info@lebriciole.it
Alberghi,Camping Villaggio Miramare,Via Del Littorale 220,57128,Livorno,LI,Toscana,0586580402,0586587462,info@campingmiramare.it
Alberghi,Hotel Giada,Via Canto Dei Nelli 2,50123,Firenze,FI,Toscana,055217980,,info@hotelgiada.it
Alberghi,Hotel Residence Villa La Cappella,Via Lucardese 175,50025,Montespertoli,FI,Toscana,0571657500,,lacappella@leonet.it
Alberghi,Aurora,Via Abruzzo 4,57027,San Vincenzo,LI,Toscana,0565705849,0565705849,info@hotel-aurora-mare.com
Alberghi,Hotel Relais S. Lorenzo,San Lorenzo,53021,Abbadia San Salvatore,SI,Toscana,0577785003,0577784449,info@relaissanlorenzo.it
Alberghi,Hotel Golden Tower,Piazza Strozzi,50123,Firenze,FI,Toscana,055287860,0552658044,info@goldentowerhotel.it
Alberghi,Garibaldi's Hotel Relais Et Char,Via Pratese 34,50145,Firenze,FI,Toscana,,,info.garibaldi@libero.it
Alberghi,Parrini,Lungomare Italia 103,58022,Follonica,GR,Toscana,056640293,056644017,info@parrinihotel.com
Alberghi,Residence La Contessina Srl,Via Faenza 71,50123,Firenze,FI,Toscana,0552670275,0552670333,info@lacontessina.it
Alberghi,Caravaggio,Piazza Indipendenza 5,50129,Firenze,FI,Toscana,0554628827,,info@hotelcaravaggio.it
Alberghi,Marchionni,Piazza Puccini 2,55049,Viareggio,LU,Toscana,0584 50212,0584 407120,info@hotelmarchionni.com
Alberghi,Spinelli,Via Trento 27/29,55049,Viareggio,LU,Toscana,0584 389838,0584 389838,info@hotelspinelli.it
Alberghi,Azzurra Srl Hotel San Marco,Via Cavour 50,50129,Firenze,FI,Toscana,055281851,055284235,info@hotelsanmarcofirenze.it
Alberghi,Hermitage,Via Battisti 50,55042,Forte Dei Marmi,LU,Toscana,0584787144,,hermitage@versilia.toscana.it
Alberghi,Hilton Florence Metropole,Via Del Cavallaccio 36,50142,Firenze,FI,Toscana,05578711,05578718020,res.florencemetropole@hilton.com
Alberghi,Il Fortino Srl,Via Verdi Ronchi 24,54100,Massa,MS,Toscana,0585240397,0585241049,info@fortino.it
Alberghi,Villa Le Barone,Via San Leolino 19,50022,Greve In Chianti,FI,Toscana,,,villalebarone@libero.it
Alberghi,Hotel Valdinievole,Via Torino 21,51016,Montecatini Terme,PT,Toscana,057278721,057278721,hotelvaldinievole_mt@alice.it
Alberghi,Acquamarina,Località Padulella,57037,Portoferraio,LI,Toscana,0565914057,,info@hotelacquamarina.it
Alberghi,Albergo Martini,Viale Baccelli 174,53042,Chianciano Terme,SI,Toscana,057860406,057860123,info@albergomartini.it
Alberghi,Porta Valdera,Via G. De Chirico 6,56037,Peccioli,PI,Toscana,0587672102,,info@hotelportavaldera.it
Alberghi,Hotel Roby,Via Casamicciola 3,54100,Massa,MS,Toscana,0585240686,,info@hotelroby.net
Alberghi,Hotel Risorgimento,Viale G. Baccelli 133,53042,Chianciano Terme,SI,Toscana,057863845,057863845,info@risorgimentohotel.com
Alberghi,La Locanda di Ugo,Via S. Biagio 42,56124,Pisa,PI,Toscana,,,lacasadiugo1@alice.it
Alberghi,Ibis Firenze Nord Aeroporto,Via Volturno 5,50019,Sesto Fiorentino,FI,Toscana,05534511,0553024894,h3728@accor.com
Alberghi,Albergo La Pace di Romanelli A. & A. Snc,Viale Gramsci Antonio 3,56125,Pisa,PI,Toscana,05048863,,info@hotellapace.it
Alberghi,Savoy,Via Italia 1,55045,Marina di Pietrasanta,LU,Toscana,0584745881,,info@albergosavoy.com
Alberghi,Grand Hotel & La Pace Spa,Corso Roma 2/a,51016,Montecatini Terme,PT,Toscana,0572924360,,spa@grandhotellapace.it
Alberghi,Hermitage,Via Dei Melograni 13,57020,Bibbona,LI,Toscana,0586600218,0586600760,info@hotelhermitagebibbona.com
Alberghi,Hotel Marystella,Via Veneto 12/18,53042,Chianciano Terme,SI,Toscana,057864509,057862097,info@marystella.it
Alberghi,Aristea,Viale Roma 195,55045,Pietrasanta,LU,Toscana,0584 21787,0584 266314,aristearta@live.it
Alberghi,Hotel Bella Riviera,Viale Manin 34,55091,Viareggio,LU,Toscana,0584962182,0584962182,info@hotelbellariviera.it
Alberghi,Albergo Bernardino,Via Tiglio 109,55100,Lucca,LU,Toscana,0583953356,0583491765,hotelber@tin.it
Alberghi,Hotel La Torricella,Via Torricella 14/16,52014,Poppi,AR,Toscana,0575527045,0575527045,info@hotellatorricella.it
Alberghi,Tiffany,Via Fosdinovo 14,54100,Massa,MS,Toscana,0585241196,,info@tiffany-hotel.it
Alberghi,Cala di Mola Hotel e Residence,,57036,Porto Azzurro,LI,Toscana,,0565958395,info@caladimola.it
Alberghi,Palazzo Guiscardo,Via Provinciale Vallecchia 16,55045,Pietrasanta,LU,Toscana,0584792914,0584735298,info@palazzoguiscardo.it
Alberghi,Hotel Edera,Via Degli Ulivi 8,57030,Procchio,LI,Toscana,0565907525,0565907525,hedera@elbalink.it
Alberghi,Residence Bambolo,,57022,Castagneto Carducci,LI,Toscana,0565775206,,info@hotelbambolo.com
Alberghi,Grand Hotel,Piazza Italia 80,53042,Chianciano Terme,SI,Toscana,057863333,057862014,info@grandhotelchianciano.it
Alberghi,Arezzo Park Hotel,Località Battifolle 36/t,52100,Arezzo,AR,Toscana,057596041,05759604407,info@arezzoparkhotel.com
Alberghi,Hotel Le Quattro Pietre,Via Setteponti 8,52029,Castiglion Fibocchi,AR,Toscana,,,le4pietre@tamtam.it
Alberghi,Villa Basilewsky,Via Cantamaggio 20,51024,Cutigliano,PT,Toscana,057368671,0573688023,info@hotelbasilewsky.com
Alberghi,Auto Park Hotel,Via Valdegola 1,50127,Firenze,FI,Toscana,0554221557,0554221557,info@hotelautopark.com
Alberghi,San Luca,Piazza Garibaldi 1,52044,Cortona,AR,Toscana,0575630105,,albergosanluca@technet.it
Alberghi,Hotel Silla,Via Renai 5,50125,Firenze,FI,Toscana,0552342888,0552341437,hotelsilla@tin.it
Alberghi,Poseidon,Via Dalmazia 1,55045,Pietrasanta,LU,Toscana,058420220,,hotel@poseidon.it
Alberghi,Hotel Panorama,Via Volta 44,53042,Chianciano Terme,SI,Toscana,057863606,057861087,panoramaalbergo@tiscali.it
Alberghi,Hotel Villa Ambra,Strada Provinciale di Giannella 113,58015,Orbetello,GR,Toscana,0564820103,0564820106,villa.ambra@tiscalinet.it
Alberghi,Palazzo Mannaioni,Via Maffia 9,50142,Firenze,FI,Toscana,055271741,,info@florenceresidence.it
Alberghi,La Magnolia,Viale Morin 46,55042,Forte Dei Marmi,LU,Toscana,0584787052,0584787152,info@hotelbyron.it
Alberghi,Hotel Ristorante Il Poggetto,Via Dei Giardini 1,56040,Castellina Marittima,PI,Toscana,050 695205,050695246,info@ilpoggetto.it
Alberghi,Sangallo,Piazza Vittorio Veneto 16,52048,Monte San Savino,AR,Toscana,0575810049,0575810220,sangallohotel@sangallohotel.it
Alberghi,Hotel Ellymar,Via di Marina,57018,Vada,LI,Toscana,0586787452,0586787227,info@hotelellymar.com
Alberghi,Prati,Viale Rosselli 27/a,51016,Montecatini Terme,PT,Toscana,057278708,,fedecec@tiscalinet.it
Alberghi,Loggiato Dei Serviti,Piazza Santissima Annunziata 3,50122,Firenze,FI,Toscana,055289592,,info@loggiatodeiservitihotel.it
Alberghi,Alba,Via Della Scala 22,50123,Firenze,FI,Toscana,055282610,055288358,hotel.alba@firenzealbergo.it
Alberghi,Acquamarina,Via De Gasperi 3,57037,Portoferraio,LI,Toscana,0565915672,,info@villaombrosa.it
Alberghi,Aurora,Via Alamanni 5,50123,Firenze,FI,Toscana,055210283,,info@hotel-aurora-firenze.it
Alberghi,Albergo Punta Ala,Via Del Pozzino 5,58040,Punta Ala,GR,Toscana,0564922636,0564922636,albergopuntaala@inwind.it
Alberghi,Hotel Ristorante Alpino,Via G. Pascoli 41,55051,Barga,LU,Toscana,0583723336,0583723792,alpino@bargaholiday.com
Alberghi,Bartolini,Via Felice Cavallotti 106,51016,Montecatini Terme,PT,Toscana,057275037,0572903603,albergobartolini@virgilio.it
Alberghi,Hotel Borgo Villa Castelletti,Via Castelletti 5,50058,Signa,FI,Toscana,0558735073,0558735073,info@villacastelletti.it
Alberghi,La Pergola,Via S. Antonio 1,55051,Barga,LU,Toscana,0583711239,0583710433,hotel@hotel-lapergola.com
Alberghi,Hotel Tonfoni e Mafalda,Via Delle Saline 42,51016,Montecatini Terme,PT,Toscana,057278286,0572770103,info@hoteltonfoni.it
Alberghi,Alla Corte Degli Angeli,Via Degli Angeli 23,55100,Lucca,LU,Toscana,0583469204,0583991989,info@allacortedegliangeli.com
Alberghi,Kadampa,Viale S. Francesco D'assisi 15,51016,Montecatini Terme,PT,Toscana,057278630,0572913386,info@hotelkadampaitaly.com
Alberghi,Posta Marcucci,Via Ara Urcea 43,53027,Bagno Vignoni,SI,Toscana,0577887112,0577887119,info@hotelpostamarcucci.it
Alberghi,Antica Residenza Cicogna,Via Termini 67,53100,Siena,SI,Toscana,0577285613,0577285613,info@anticaresidenzacicogna.it
Alberghi,Baia Del Sorriso,Via Aurelia 1023,57012,Castiglioncello,LI,Toscana,0586752677,0586752677,info@baiadelsorriso.com
Alberghi,Agrihotel Elisabetta,Via Tronto 10,57023,Cecina,LI,Toscana,0586661392,0586661392,info@agrihotel-elisabetta.it
Alberghi,Gaudia Day Spa,Via Bottai 8,51015,Monsummano Terme,PT,Toscana,057280259,057280259,info@gaudiadayspa.it
Alberghi,Hotel Marzia,Via Pisana 246,50018,Scandicci,FI,Toscana,055751203,0557575358,info@hotel-marzia.it
Alberghi,Borgo di Villa Castelletti Residence,Via di Castelletti,50058,Signa,FI,Toscana,055790462,,karenvh@tin.it
Alberghi,Augustus,Via Manzoni 21,51016,Montecatini Terme,PT,Toscana,057270119,,info@augustus-hotels.it
Alberghi,Albergo Bernini,Via Della Sapienza 15,53100,Siena,SI,Toscana,0577 289047,0577 289047,hbernin@tin.it
Alberghi,Una Hotel Vittoria,Via Pisana 59,50143,Firenze,FI,Toscana,05522771,05522772,una.vittoria@unahotels.it
Alberghi,Alba,Via Palestro 16,51016,Montecatini Terme,PT,Toscana,0572 767496,0572771639,info@hotelalba.org
Alberghi,Villa Argentieri Sas,Via Vanni 12,56126,Pisa,PI,Toscana,050500134,0502204002,info@villargentieri.net
Alberghi,Jolly Hotel Excelsior,Piazza La Lizza 1,53100,Siena,SI,Toscana,0577 382111,0577 382112,nhexcelsior@nh-hotels.com
Alberghi,Hermitage Snc,Via Ginepraia 112 - Bonistallo,59016,Poggio A Caiano,PO,Toscana,055877244,0558797057,info@hotelhermitageprato.it
Alberghi,Da Carlino,Via Garibaldi 15,55032,Castelnuovo di Garfagnana,LU,Toscana,0583 644270,0583 62616,dacarlino@dacarlino.it
Alberghi,Hotel Terme San Filippo,Via S.filippo 23,53020,Castiglione D'orcia,SI,Toscana,0577872982,,info@termesanfilippo.it
Alberghi,Bel Soggiorno,Via M. Puccini 133,57015,Livorno,LI,Toscana,0586491007,0586491007,info@hotel-belsoggiorno.com
Alberghi,Excelsior,Via Brennero 313,51021,Abetone,PT,Toscana,057360010,057360010,albergoexcelsior@abetone.com
Alberghi,Hotel Ida - Ristorante Da Pietron,Piazza Ronchi 99,54037,Massa,MS,Toscana,0585869702,,info@hotel-ida.com
Alberghi,Hotel Villa Rita,Via Marconi 10,51016,Montecatini Terme,PT,Toscana,057271171,057271181,info@hotelvillarita.com
Alberghi,Hotel Deco,Via Panzani 7,50123,Firenze,FI,Toscana,,,htldeco@data.it
Alberghi,Hotel Lorena,Via Faenza 1,50123,Firenze,FI,Toscana,055282785,055288300,info@hotellorena.com
Alberghi,Hotel Cecile Romanelli Maurizio & C. Snc,Via Roma 54,56126,Pisa,PI,Toscana,05029328,05020360,hotelcecile@virgilio.it
Alberghi,Locanda Nel Cassero,Via Del Cassero 29/31,58045,Civitella Paganico,GR,Toscana,0564900680,,info@locandanelcassero.com
Alberghi,Residence San Rossore,Via Capannone 4,56122,Pisa,PI,Toscana,050525201,050525056,info@residencesanrossore.it
Alberghi,Morandi Alla Crocetta,Via Laura 50/52,50121,Firenze,FI,Toscana,0552344747,,welcome@hotelmorandi.it
Alberghi,La Torre,Via Cesare Battisti 17 56125,56100,Pisa,PI,Toscana,05025220,050503161,info@hotellatorre.pisa.it
Alberghi,Ariston,Via Ferrer 7,57025,Piombino,LI,Toscana,0565224390,,info@hotelariston.toscana.it
Alberghi,Grand Hotel Milano,Viale Roma 46,53042,Chianciano Terme,SI,Toscana,,057863764,info@ghmilano.it
Alberghi,Mirage,Via Zanardelli 14,55049,Viareggio,LU,Toscana,058430348,,info@hotelmirageviareggio.it
Alberghi,Ristorante Hotel Dino,Via Faentina 329,50014,Fiesole,FI,Toscana,055548932,055548934,info@hotel-dino.it
Alberghi,Primavera,Via Della Repubblica 27,50021,Barberino Val D'elsa,FI,Toscana,0558059223,0558075775,info@primavera-hotel.it
Alberghi,Florence Promhotels - Centro Prenotazioni Alberghi,Viale Volta 72,50131,Firenze,FI,Toscana,055553941,055587189,info@promhotels.it
Alberghi,Villa Bonelli,Via Poeti 1/a,50014,Fiesole,FI,Toscana,05559513,,info@hotelvillabonelli.com
Alberghi,Capitol,Via Fermi 13,56126,Pisa,PI,Toscana,05049597,,hotelcapitol@pisaonline.it
Alberghi,Stipino,Via Provinciale 50,55045,Pietrasanta,LU,Toscana,0584 71448,0584 72421,info@albergostipino.it
Alberghi,Marinetta,Via Dei Cavalleggeri Nord 3,57020,Bibbona,LI,Toscana,0586600598,0586600186,info@hotelmarinetta.it
Alberghi,Hotel Villa Delle Rose,Via Castellarecastellare di Pescia 21,51017,Pescia,PT,Toscana,05724670,0572444003,hotelvilladellerose@tin.it
Alberghi,Hotel Medici,Via Dè Medici 6,50123,Firenze,FI,Toscana,055284818,055216202,info@hotelmedici.it
Alberghi,Hotel Il Castello,Rofelle,52032,Badia Tedalda,AR,Toscana,0575714017,0575714297,piercastello@libero.it
Alberghi,Hotel Galli,Spiaggia di Fetovaia,57034,Campo Nell'elba,LI,Toscana,0565988035,0565988029,info@hotelgalli.it
Alberghi,Tornese,Viale Galliano 36,57023,Cecina,LI,Toscana,0586620370,,info@hoteltornese.it
Alberghi,Savoy,Piazza Della Repubblica 7,50142,Firenze,FI,Toscana,05527351,0552735888,reservations.savoy@roccofortecollection.com
Alberghi,Il Cacciatore,Via Marconi 727,51028,San Marcello Pistoiese,PT,Toscana,0573630533,0573630134,info@albergoilcacciatore.it
Alberghi,Del Golfo,Via Provinciale,57030,Marciana,LI,Toscana,0565907565,0565907898,hoteldelgolfo@elbalink.it
Alberghi,Hotel Ristorante Tre Castelli,Via Fondovalle 8,55024,Calavorno,LU,Toscana,,0583707487,info@hoteltrecastelli.com
Alberghi,La Bussola,Via Santa Caterina 22,54100,Massa,MS,Toscana,0585 807472,0585 807472,info@hotel-labussola.com
Alberghi,West Florence,Via G. Guinizzelli 15,50013,Campi Bisenzio,FI,Toscana,0558953488,0558954002,info@westflorencehotel.it
Alberghi,Hotel Le Rose,Viale Adua 89,51100,Pistoia,PT,Toscana,0573207856,0573976161,info@lerose.it
Alberghi,Hotel Villa San Michele,Piazza Giacomo Matteotti 14,59015,Carmignano,PO,Toscana,0558715872,0558711564,info@hotelvillasanmichele.com
Alberghi,Hotel Bel Soggiorno,Via San Giovanni 91,53037,San Gimignano,SI,Toscana,0577940375,0577907521,info@hotelbelsoggiorno.it
Alberghi,Albergo Roberta,Via Adige 19,53047,Sarteano,SI,Toscana,0578265636,0578265636,info@albergoroberta.it
Alberghi,Hotel Antico Casale di Scansano,Località castagneta,58054,Scansano,GR,Toscana,,,info@anticocasalediscansano.it
Alberghi,La Locanda,Località Montanino,53017,Radda In Chianti,SI,Toscana,0577738833,0577739263,info@lalocanda.it
Alberghi,Hotel Da Giovanna,Via San Francesco 33,52010,Chiusi Della Verna,AR,Toscana,0575599275,0575599378,giovanna@technet.it
Alberghi,Hotel Villa Betania,Viale Poggio Imperiale 23,50100,Firenze,FI,Toscana,055222243,055222243,info@villabetania.it
Alberghi,Hotel Abas,Via Tripoli 5,51016,Montecatini Terme,PT,Toscana,0572772763,0572902854,hotelabas@tin.it
Alberghi,Atleti,Via Pensieri 50,57128,Livorno,LI,Toscana,0586502069,0586502409,info@hotelatleti.com
Alberghi,Rivoli,Via Scala 33,50123,Firenze,FI,Toscana,,,info@hotelrivoli.it
Alberghi,Hotel Europa,Via Cavour Camillo Benso 14,50129,Firenze,FI,Toscana,0552396715,055268984,firenze@webhoteleuropa.com
Alberghi,Hotel Viscardo,Via Cesare Battisti 4,55042,Forte Dei Marmi,LU,Toscana,0584 787188,0584 787026,info@hotelviscardo.it
Alberghi,Azienda Agricola Casa Nova,Via di Uzzano 29/30,50022,Greve In Chianti,FI,Toscana,055853459,,info@casanova-laripintura.it
Alberghi,Sella,Località Pianello,53021,Abbadia San Salvatore,SI,Toscana,0577789747,05771959170,info@albergosella.it
Alberghi,Hotel Porta Romana Sas di Masignani Anna & C.,Via Enea Silvio Piccolomini 35,53100,Siena,SI,Toscana,057742299,0577223905,info@hotelportaromana.com
Alberghi,La Locanda di Anita & Caffè Dei Cavalieri,Via Del Fosso Cupo 13,53040,Cetona,SI,Toscana,0578237075,0578237917,info@caffedeicavalieri.it
Alberghi,Hotel Palazzo Ravizza,Piano Mantellini 34,53100,Siena,SI,Toscana,0577227103,,bureau@palazzoravizza.it
Alberghi,Hotel Victoria,Via Nazionale 102/r,50123,Firenze,FI,Toscana,055268347,0552398806,info@hotelvictoriaflorence.com
Alberghi,Hotel Maita,Via Roma 217,55043,Lido di Camaiore,LU,Toscana,,0584618263,info@hotelmaita.it
Alberghi,Ariele,Via Magenta 11,50123,Firenze,FI,Toscana,055211509,055268521,info@hotelariele.it
Alberghi,Hotel Villa Acquaviva,Strada Scansanese 10 Nord,58050,Montemerano,GR,Toscana,,,info@relaisvillaacquaviva.com
Alberghi,Hotel Manzoni,Viale Manzoni 28,51016,Montecatini Terme,PT,Toscana,057270175,0572911012,benessere@hotelmanzoni.info
Alberghi,Rosmarina,Via Delle Colonie 33/35,58046,Marina di Grosseto,GR,Toscana,056434408,056434684,info@rosmarina.it
Alberghi,Grand Hotel Duomo - Pisa,,56100,Pisa,PI,Toscana,,,grandhotelduomo@pisaonline.it
Alberghi,Villa Ambrosina,Via Montebuoni 95,50023,Impruneta,FI,Toscana,0552020491,,vallombrosina@fionline.it
Alberghi,Hotel Derna,Via Buonarroti 73,55088,Viareggio,LU,Toscana,0584941187,0584941187,hotelderna@hotmail.com
Alberghi,Hotel Datini,Viale Marconi 80,59100,Prato,PO,Toscana,,0574527976,info@hoteldatini.com
Alberghi,Hotel Pardini,Viale Carducci 14,55090,Viareggio,LU,Toscana,0584961379,0584961679,info@hotelpardini.com
Alberghi,Albergo Fiorentino,Via Luca Pacioli 56,52037,Sansepolcro,AR,Toscana,0575740350,0575740370,info@albergofiorentino.com
Alberghi,Hotel Calzaiuoli Srl,Via Calzaiuoli 6,50122,Firenze,FI,Toscana,055212456,055212456,info@calzaiuoli.it
Alberghi,L'etrusco,Via Umbria 1,57027,San Vincenzo,LI,Toscana,0565704836,0565704836,info@pensionetrusco.it
Alberghi,Isola D'elba Alberghi Vacanze,,57039,Rio Nell'elba,LI,Toscana,0565910111,0565961086,elios@elbalink.it
Alberghi,Rifugio Prategiano,Località Prategiano,58026,Montieri,GR,Toscana,0566997700,,info@prategiano.com
Alberghi,Hotel Il Buongustaio,Via Belvedere 90,54100,Massa,MS,Toscana,058545741,058542413,info@hotelbuongustaio.it
Alberghi,I Cedri,Via Pisana 595,50018,Scandicci,FI,Toscana,0557221464,055790379,info@hotelicedri.it
Alberghi,Marily,Via Fossa Dell'abate 10,55041,Lido di Camaiore,LU,Toscana,0584618861,,info@mariluhotel.com
Alberghi,Casa Per Ferie La Versiliana,Viale Lungomare 31,55045,Marina di Pietrasanta,LU,Toscana,058420424,058420020,info@laversiliana.net
Alberghi,Hotel Raffaello,Via Dei Monti 3,53042,Chianciano Terme,SI,Toscana,0578657000,057864923,info@hotelraffaello.si.it
Alberghi,Aquila D'oro,Viale Iv Novembre 83,51016,Montecatini Terme,PT,Toscana,057271341,,info@montecatinihotelbiondi.it
Alberghi,Le Terrazze,Via Chiesa 1,50066,Reggello,FI,Toscana,055862030,055862170,leterrazze@dinonet.it
Alberghi,Minerva,Via Fiorentina 4,52100,Arezzo,AR,Toscana,0575370390,0575302415,info@hotel-minerva.it
Alberghi,Villa Nettuno,Viale Degli Etruschi 652,57034,Campo Nell'elba,LI,Toscana,0565976028,,info@villanettuno.it
Alberghi,Patria,Viale Roma 169,55045,Marina di Pietrasanta,LU,Toscana,058420065,,info@hotelpatria2000.it
Alberghi,Hotel Continentale,Piazza Guido Monaco 7,52100,Arezzo,AR,Toscana,,,continentale@abd.it
Alberghi,Hermitage,Località la Biodola,57037,Portoferraio,LI,Toscana,05659740,,info@hotelhermitage.it
Alberghi,Casa Vestri,Via F.lli Cervi 130,58037,Santa Fiora,GR,Toscana,055215183,,info@casavestri.it
Alberghi,Hotel San Lino,Via S. Lino 26,56048,Volterra,PI,Toscana,058885250,058880620,info@hotelsanlino.com
Alberghi,Hotel Raffaello,Viale Morgagni 19,50134,Firenze,FI,Toscana,0554224141,055434374,raffael@texnet.it
Alberghi,Fattoria La Principina,Strada Delle Collacchie 465,58100,Grosseto,GR,Toscana,,,info@italycongress.com
Alberghi,Cavour,Via Adua 10,57126,Livorno,LI,Toscana,0586899604,0586899604,hotelcavour@hotelcavour-livorno.it
Alberghi,Riva Degli Etruschi,Via Della Principessa 120,57027,San Vincenzo,LI,Toscana,,0565704011,info@rivadeglietruschi.it
Alberghi,Residence Lebbiano,Via Delle Croci 50,50018,Scandicci,FI,Toscana,,,resort@lebbianoresidence.com
Alberghi,Camping Villaggio Il Gineprino,Via Dei Platani 56,57020,Bibbona,LI,Toscana,0586600550,0586602605,info@ilgineprino.it
Alberghi,Hotel Vicus Major,Via Provinciale di Pescaiola 83/e,52041,Civitella In Val di Chiana,AR,Toscana,0575 441212,0575 441268,info@hotelvicusmajor.com
Alberghi,Valdarno,Via Traquandi 15,52025,Montevarchi,AR,Toscana,,0559103499,info@hotelvaldarno.net
Alberghi,Hotel Brasile,Viale Bicchierai 53,51016,Montecatini Terme,PT,Toscana,057270362,0572905249,hotelbrasile@alice.it
Alberghi,Arnolfo,Via Trento 4,51016,Montecatini Terme,PT,Toscana,057273771,,arnolfo@publiterme.it
Alberghi,Albergo La Lanterna,Località Le Monache 300/b,55032,Castelnuovo di Garfagnana,LU,Toscana,058362272,0583641418,info@hotellalanterna.com
Alberghi,Hotel Iris,Via Dei Colli 82,53042,Chianciano Terme,SI,Toscana,057863369,057862129,info@hoteliris.net
Alberghi,Relais Villa Belpoggio,Strada Setteponti Ponente 40/a,52024,Loro Ciuffenna,AR,Toscana,055 9694411,055 9694411,info@villabelpoggio.it
Alberghi,Delizia Genovese,Viale Cavallotti 38,51016,Montecatini Terme,PT,Toscana,057271375,057271374,deliziagenovesehotel@infinito.it
Alberghi,Hotel Biodola Srl,Località Biodola 1,57037,Portoferraio,LI,Toscana,0565936811,0565969852,info@biodola.it
Alberghi,Villa Morazzana Srl,Via Curiel 110,57128,Livorno,LI,Toscana,0586500076,0586502426,info@villamorazzana.it
Alberghi,Royal Victoria Hotel,Lungarno Pacinotti 12,56126,Pisa,PI,Toscana,050940111,050940180,mail@royalvictoria.it
Alberghi,Hotel La Terrazza,Via Piè Al Sasso 16,53045,Montepulciano,SI,Toscana,,0578757440,laterrazzadimontepulciano@libero.it
Alberghi,Le Residenze Del Gallodoro,Via Cavour 40,55045,Pietrasanta,LU,Toscana,0584 23004,0584 22972,info@leresidenzegallodoro.it
Alberghi,Hotel Latini,Via Dei Platani 1,53037,San Gimignano,SI,Toscana,,0577945022,info@ristorantelatini.com
Alberghi,Risorgimento,Viale Baccelli 133,53042,Chianciano Terme,SI,Toscana,057863854,,hotel.risorgimento@libero.it
Alberghi,Miralaghi,Viale Della Libertà,53042,Chianciano Terme,SI,Toscana,057864546,057864546,info@miralaghi.it
Alberghi,Splendid,Via Mazzini 36,51016,Montecatini Terme,PT,Toscana,0572 911465,0572 911465,sabiagianluca@hotmail.com
Alberghi,Milano,Via Del Brennero 8,55023,Borgo A Mozzano,LU,Toscana,058388119,0583889180,hotelmilano@interfree.it
Alberghi,Hotel La Magione,Via Perticaia 35,51030,Serravalle Pistoiese,PT,Toscana,0573517792,0573518066,info@lamagione.it
Alberghi,Nettuno,Via Versilia 183,55045,Marina di Pietrasanta,LU,Toscana,058421046,,hotelnettuno@telematicaitalia.it
Alberghi,Hotel Demo's,Via Thaon De Revel 45,58013,Giglio Porto,GR,Toscana,0564809235,0564809319,info@hoteldemos.com
Alberghi,Villa Maya,Via Piccina 14,56021,Cascina,PI,Toscana,,,info@villamaya.it
Alberghi,Hotel Giardino,Piazza Palagi 2,52011,Bibbiena,AR,Toscana,0575593194,0575536473,info@hotelgiardinobibbiena.com
Alberghi,Piccolo Mondo,Via Roma 210,55041,Lido di Camaiore,LU,Toscana,0584618666,058467119,info@hotelpiccolomondo.net
Alberghi,Ermione,Viale Roma 183,55044,Marina di Pietrasanta,LU,Toscana,0584745852,0584745906,hotelermione@virgilio.it
Alberghi,Hotel Select,Via Portoferraio 30,57034,Capoliveri,LI,Toscana,,,select@albahotel.it
Alberghi,Borgo San Luigi,Località della Cerreta 7,53035,Monteriggioni,SI,Toscana,,,info@borgosanluigi.it
Alberghi,Castelletto di Montebenichi,,52021,Bucine,AR,Toscana,0559910110,,info@castelletto.it
Alberghi,Hotel Gran Duca Srl,Piazza Micheli 16,57123,Livorno,LI,Toscana,0586891024,0586891153,granduca@granduca.it
Alberghi,Hotel David,Viale Michelangiolo 1,50125,Firenze,FI,Toscana,0556811695,055680602,info@davidhotel.com
Alberghi,Hotel Kristal,Via Barberinese 109,50013,Campi Bisenzio,FI,Toscana,055890999,0558951123 ,info@hotelkristal.it
Alberghi,Plaza e De Russie,Piazza D'azeglio 1,55049,Viareggio,LU,Toscana,058444031,,info@plazaederussie.com
Alberghi,Villa Ottone Hotel Srl,Località Ottone,57037,Portoferraio,LI,Toscana,0565933042,0565933257,villaotto@elba2000.it
Alberghi,Hotel Lido,Via Ghirlandaio 1,50121,Firenze,FI,Toscana,055677864,,info@hotel-lido.com
Alberghi,Hotel La Foresta,Via Nazionale 13,52010,Badia Prataglia,AR,Toscana,0575559009,0575559364,info@albergolaforesta.eu
Alberghi,Hotel Il Borghetto,Via Borgo Buio 7,53045,Montepulciano,SI,Toscana,,0578757354,info@ilborghetto.it
Alberghi,Servizi Re Srl,C S Centoia 52 A,52044,Cortona,AR,Toscana,0575630127,,oasi@servizire.it
Alberghi,Pierre,Via Lamberti 5,50123,Firenze,FI,Toscana,055216218,,pierre@remarhotels.com
Alberghi,Hotel & Accomodation Isola D'elba,Località Fetovaia,57034,Marina di Campo,LI,Toscana,0565988032,0565988067,info@fetovaia.it
Alberghi,Hotel Rombino,Via Aurelia Antica 40,58010,Fonteblanda,GR,Toscana,,0564885524,info@hotelrombino.it
Alberghi,Select,Via Per Portoferraio 30,57034,Campo Nell'elba,LI,Toscana,0565 97306734,0565 976503,info@hotelselectelba.it
Alberghi,Grande Albergo Fortuna,Via Della Valle 76,53042,Chianciano Terme,SI,Toscana,057862774,0578654910,info@grandealbergofortuna.it
Alberghi,Hotel Carrara,Via Petacchi 21,54033,Carrara,MS,Toscana,0585857616,058550344,info@hotelcarrara.it
Alberghi,Hotel Palazzo Benci,Piazza Mad. Aldobrandini 3,50123,Firenze,FI,Toscana,,,info@palazzobenci.com
Alberghi,San Martino,Via Della Dogana 9,55100,Lucca,LU,Toscana,0583469181,0583991940,info@albergosanmartino.it
Alberghi,Isa Hotel,Via Poveromo 21,54039,Ronchi,MS,Toscana,,,massimo.bigini@gmail.com
Alberghi,Grand Hotel & Riviera,Lungomare Pistelli 59,55043,Camaiore,LU,Toscana,0584617571,0584619533,info@grandhotelriviera.it
Alberghi,Augustus - Lido,Viale Arenile 3,55042,Forte Dei Marmi,LU,Toscana,0584 787239,0584 787217,bambaissa@augustus-hotel.it
Alberghi,Napoleon,Viale Europa 536,55100,Lucca,LU,Toscana,0583316516,0583418398,info@hotelnapoleonlucca.com
Alberghi,Villa Marsili,Via Battisti 13,52044,Cortona,AR,Toscana,,,info@villamarsili.net
Alberghi,Hotel Antica Posta di Pelacani Dante,Viale Belfiore 50,50144,Firenze,FI,Toscana,0553245068,0553217106,dante@anticaposta.net
Alberghi,Hotel Dany,Via Del Falasco 4,54100,Marina di Massa,MS,Toscana,0585241490,0585241490,info@hoteldany.com
Alberghi,Residenza Giulia di Moreno Torrini,Via Delle Porte Nuove 19,50144,Firenze,FI,Toscana,0553216646,0553245149,anna@residenzagiulia.com
Alberghi,Versilia Holidays Hotel,Via Vico,55042,Forte Dei Marmi,LU,Toscana,0584787100,0584787100,info@versiliaholidays.com
Alberghi,La Lucciola,Via Panoramica 243/245,58019,Porto Santo Stefano,GR,Toscana,0564812976,0564812298,lalucciola@lalucciola.com
Alberghi,Hotel Giardino Emiliano - Pisa,,56100,Pisa,PI,Toscana,,,giardino@pisaonline.it
Alberghi,Hotel La Pace - Pisa,,56100,Pisa,PI,Toscana,,,hotellapace@pisaonline.it
Alberghi,Hotel Crystal di Soc. Progest Elba Srl,Località Le Ghiaie,57037,Portoferraio,LI,Toscana,0565917971,0565916864,mailbox@hotelcrystal.it
Alberghi,Hotel Fleming,Viale Guidoni 87,50127,Firenze,FI,Toscana,0554376773,055435894,fleming@vivahotels.com
Alberghi,Hotel Firenze,Via Della Valle 52,53042,Chianciano Terme,SI,Toscana,057863706,057863700,info@hotelfirenze.net
Alberghi,Hotel Italia,Viale Vespucci 3,54100,Massa,MS,Toscana,0585240606,0585243580,h.italia@tin.it
Alberghi,Hotel Relais La Cappuccina,Località La Cappuccina 46/a,53037,San Gimignano,SI,Toscana,,0577942031,info@lacappuccina.com
Alberghi,Hotel La Pace,Via Nazario Sauro 15,55042,Forte Dei Marmi,LU,Toscana,0584787177,0584787213,info@hotellapacefortedeimarmi.it
Alberghi,Maestoso,Viale Puccini 63,51016,Montecatini Terme,PT,Toscana,,,info@hotelmaestoso.it
Alberghi,Baia Blu,Via Vittorio Veneto,57036,Porto Azzurro,LI,Toscana,056595315,,baiablu@elbalink.it
Alberghi,Le Colline,Località Sovestro 28,53037,San Gimignano,SI,Toscana,0577907040,0577907040,info@albergolecolline.com
Alberghi,Hotel Marelba,Via Pietri,57038,Cavo,LI,Toscana,,0565949776,info@hotelmarelba.it
Alberghi,Bar Ristorante Pizzeria Albergo Bassetto Srl,Via Delle Città 102/106,50052,Certaldo,FI,Toscana,0571664364,0571664736,info@ilbassetto.it
Alberghi,Piccadilly,Via Pistelli 107,55041,Camaiore,LU,Toscana,0584617441,0584617102,info@piccadillyhotel.it
Alberghi,La Pineta,Via Cravilla 50,54026,Mulazzo,MS,Toscana,0187850220,0187850509,info@lapinetacravilla.com
Alberghi,Hotel Toscana,Piazza Ciardi 3,59100,Prato,PO,Toscana,,057425163,info@hoteltoscana.prato.it
Alberghi,Liberty,Viale Manin 18,55049,Viareggio,LU,Toscana,058446247,,hotelliberty@viareggio.it
Alberghi,Hotel Vecchia Maremma,Via Aurelia Km 146.4,58015,Orbetello,GR,Toscana,0564863005,0564862347,info@vecchiamaremma.it
Alberghi,Chianciano,Via B. Buozzi 51,53042,Chianciano Terme,SI,Toscana,057863649,,hotelchianciano@libero.it
Alberghi,Hotel Imperia,Viale Principe Amedeo 12,57033,Marciana Marina,LI,Toscana,056599082,0565904259,info@hotelimperia.it
Alberghi,Park Hotel,Via Umbro Casentinese 88,52043,Castiglion Fiorentino,AR,Toscana,0575658173,,parkhotel@parkhotelarezzo.com
Alberghi,Berchielli Spa,Lungarno Acciaiuoli 14,50123,Firenze,FI,Toscana,055264061,055218636,info@berchielli.it
Alberghi,Aurora,Via Po 13,53042,Chianciano Terme,SI,Toscana,,,ggorac@tin.it
Alberghi,Belmare,Banchina Iv Novembre,57036,Porto Azzurro,LI,Toscana,056595012,0565921077,info@elba-hotelbelmare.it
Alberghi,Residenza D'epoca Palazzo Fani - Mignanelli,Via Banchi di Sopra 15,53100,Siena,SI,Toscana,0577283566,0577217732,info@residenzadepoca.it
Alberghi,Villa San Paolo,Strada Provinciale Per Certaldo,53037,San Gimignano,SI,Toscana,0577955100,0577955113,info@villasanpaolo.com
Alberghi,Casanova,Lido di Capoliveri,57031,Capoliveri,LI,Toscana,0565940105,,info@elbahotelcasanova.it
Alberghi,Hotel Cristallo,Via Galimberti 5,55051,Barga,LU,Toscana,0583758899,0583708225,info@hotelcristallosrl.it
Alberghi,Hotel Piccolo Hotel Oliveta,Via E. S. Piccolomini 35,53100,Siena,SI,Toscana,,,mail@oliveta.com
Alberghi,Patio,Via Cavour 23,52100,Arezzo,AR,Toscana,0575401962,057527418,info@hotelpatio.it
Alberghi,Montebello Splendid,Via Giuseppe Garibaldi 14,50123,Firenze,FI,Toscana,05527471,0552747700,info@montebellosplendid.com
Alberghi,Al Frantoio,Via 2 Giugno 17 - Levane,52021,Bucine,AR,Toscana,055 9789321,055 9788141,info@frantoiomaddii.it
Alberghi,Elba,Via Per Portoferraio 319,57034,Campo Nell'elba,LI,Toscana,0565976224,0565977280,info@hotel-elba.it
Alberghi,Albergo Rifugio Da Giulia,Strada Provinciale 64 Km 2,58045,Civitella Paganico,GR,Toscana,0564906092,0564906092,albergo@rifugiodagiulia.it
Alberghi,Park,Via F. Fellini 19,57016,Castiglioncello,LI,Toscana,0586758098,0586758098,info@hotel-park.it
Alberghi,I Tamerici,Via Don Bosco 31,55044,Marina di Pietrasanta,LU,Toscana,,,info@itamerici.it
Alberghi,Hotel Dante,Via San Cristofano 2,50122,Firenze,FI,Toscana,,,hoteldante@hotel-dante.it
Alberghi,Portole,Via Umbro Cortonese 39,52044,Cortona,AR,Toscana,0575691008,0575691035,info@portole.it
Alberghi,Hotel Letizia,Via Roma 26,52010,Chiusi Della Verna,AR,Toscana,0575599020,0575599020,hotelletizia@technet.it
Alberghi,Hotel Lacona,Località Lacona,57031,Capoliveri,LI,Toscana,0565964054,0565964498,info@hotellacona.it
Alberghi,Podere Santo Stefano,Località Santo Stefano,58044,Cinigiano,GR,Toscana,0564902102,0564902101,info@poderesantostefano.it
Alberghi,Innocenti,Via Gioberti 5,51016,Montecatini Terme,PT,Toscana,0572911125,,info@hotelinnocenti.it
Alberghi,Art Hotel Milano,Via Tiziano 15,59100,Prato,PO,Toscana,057423371,057427706,reservation@arthotel-milano.it
Alberghi,Bencistà,Via Benedetto Da Maiano 4,50014,Fiesole,FI,Toscana,05559163,05559163,info@bencista.com
Alberghi,Hotel Meridiana,Viale Don Minzoni 25,50129,Firenze,FI,Toscana,055576552,055573472,info@meridiana-hotel.it
Alberghi,Ginevra,Via A. De Gasperi 63,57038,Rio Marina,LI,Toscana,0565949845,,info@albergoginevra.it
Alberghi,Centrotel Srl,Casato di Sopra 33,53100,Siena,SI,Toscana,0577226993,,ilcasato@hotelrooms.it
Alberghi,Villa Le Rondini,Via Bolognese 224,50139,Firenze,FI,Toscana,,,mailbox@villalerondini.it
Alberghi,Hotel Florida di Ristorante Corsaro Verde Sas,Via Xx Settembre 11,51016,Montecatini Terme,PT,Toscana,057270227,0572771903,info@albergo-florida.it
Alberghi,Hotel Brunelleschi Gest. Binfi Spa,Piazza S. Elisabetta 3,50100,Firenze,FI,Toscana,05527370,055219653,info@hotelbrunelleschi.it
Alberghi,Piccolo Hotel,Via G. Rossini 5,57013,Rosignano Solvay,LI,Toscana,0586763891,0586763891,info@hotelrosignano.it
Alberghi,Paradiso,Località Viticcio,57037,Portoferraio,LI,Toscana,0565939034,0565939041,paradiso@elbaturistica.it
Alberghi,Al Castellaccio,Via Seggio 35,55051,Barga,LU,Toscana,,,beb.alcastellaccio@alice.it
Alberghi,Hotel Giappone Inn,Via Grande 65,57123,Livorno,LI,Toscana,,,giappone@luda.it
Alberghi,Valle Del Buttero,Via Silone 21,58011,Capalbio,GR,Toscana,0564896097,0564896518,info@valledelbuttero.it
Alberghi,Hotel Pieve S. Paolo,Strada Statale 63,54013,Fivizzano,MS,Toscana,0585949800,0585949800,albergosanpaolo@simail.it
Alberghi,Il Convento,Via S. Quirico 33,51100,Pistoia,PT,Toscana,0573452651,0573453578,info@ilconventohotel.com
Alberghi,Rosati,Via Dei Tulipani 1,53043,Chiusi,SI,Toscana,,0578274199,info@hotelrosati.it
Alberghi,Embassy Hotel,Via J. Da Diacceto 6,50123,Firenze,FI,Toscana,055219316,,booking@embassyhotel.it
Alberghi,Hotel Borgo Casabianca,Località Casabianca,53041,Asciano,SI,Toscana,0577704362,0577704622,casabianca@casabianca.it
Alberghi,Miramonte,Piazza Catilina 12,51024,Cutigliano,PT,Toscana,057368012,057368013,hotelmiramonte@hotelmiramonte.it
Alberghi,Hotel Bertolini,Via Roma 42,55035,Piazza Al Serchio,LU,Toscana,0583696146,0583613500,albergobertolini@yahoo.it
Alberghi,Demidoff Hotel,Via Della Lupaia 1556,50036,Vaglia,FI,Toscana,055505641,,info@hoteldemidoff.com
Alberghi,Dei Capitani,Via Lapini 6,53024,Montalcino,SI,Toscana,0577847227,,deicapitani@tin.it
Alberghi,Albergo Arca di Pienza,Via S. Gregorio 19,53026,Pienza,SI,Toscana,0578749426,0578744835,info@arcadipienza.it
Alberghi,Belvedere,Via Nazionale 10,51020,Sambuca Pistoiese,PT,Toscana,,053460464,info@albergo-belvedere.com
Alberghi,Hotel Relais Borgo San Felice,San Felice,53019,Castelnuovo Berardenga,SI,Toscana,0577359089,05773964,borgofelice@relaischateaux.com
Alberghi,Residenza Santa Chiara,Piazza S.c Hiara 30,53047,Sarteano,SI,Toscana,0578265412,0578266849,info@conventosantachiara.it
Alberghi,Antico Casale di Scansano,Località Castagneta,58054,Scansano,GR,Toscana,0564507219,0564507805,info@anticocasalediscansano.com
Alberghi,Alma,Via Barbatoja 74,57034,Campo Nell'elba,LI,Toscana,0565988040,0565988087,info@hotelalma.com
Alberghi,Varo Village,Via Del Forte 1-5,57020,Bibbona,LI,Toscana,0586602770,0586602770,info@varovillage.com
Alberghi,Delle Tele,Via Panzani 10,50142,Firenze,FI,Toscana,0552382419,055290797,info@hoteldelletele.it
Alberghi,Il Lago,Via Europa 1,55030,Vagli Sotto,LU,Toscana,0583 664052,0583 664052,albergoillago@alice.it
Alberghi,Empoli Hotel,Brusciana 4,50053,Empoli,FI,Toscana,0571930136,0571931754,info@empolihotel.com
Alberghi,Locanda La Luna,Via Del Podere 8,58043,Castiglione Della Pescaia,GR,Toscana,0564945854,0564945906,info@locanda-laluna.it
Alberghi,Hotel Borgo San Felice,Località San Felice,53019,Castelnuovo Berardenga,SI,Toscana,05773964,0577359089,info@borgosanfelice.it
Alberghi,Albergo San Luca,P. Garibaldi 2,52044,Cortona,AR,Toscana,0575630460,0575630105,info@sanlucacortona.com
Alberghi,Verdi,Piazza Repubblica 5,56127,Pisa,PI,Toscana,050598947,,hotelverdi@sirius.pisa.it
Alberghi,Roma,Via Pacioni 43,51024,Cutigliano,PT,Toscana,057368121,057368121,info@pensioneroma.it
Alberghi,Hotel Est,Via Piave 7,57025,Piombino,LI,Toscana,056531352,056531276,info@hotelest.net
Alberghi,Villa I Giullari,Via Pian Dei Giullari 21,50125,Firenze,FI,Toscana,055 2337842,055 2306043,info@villaigiullari.it
Alberghi,Hotel Tre Stelle,Via Dei Platani 15,58100,Marina di Grosseto,GR,Toscana,056434538,056434153,info@albergotrestelle.it
Alberghi,Hotel 2 Mari,Località Bagni Freddi,53040,Rapolano Terme,SI,Toscana,0577724070,0577725414,info@hotel2mari.com
Alberghi,Villa La Vedetta,Viale Michelangiolo 78,50125,Firenze,FI,Toscana,055681631,0556582544,info@villalavedettahotel.com
Alberghi,Hotel Holiday,Via Cavallotti 52,51016,Montecatini Terme,PT,Toscana,057279718,057270454,info@holidaymontecatini.com
Alberghi,Hotel De La Pace,Via Lamarmora 28,50121,Firenze,FI,Toscana,055577343,055577576,info@hoteldelapace.it
Alberghi,Hotel Hermitage,Vicolo Marzio 1,50100,Firenze,FI,Toscana,055287216,055212208,florence@hermitagehotel.com
Alberghi,Patrizia,Via Delle Pinete 145,54037,Marina di Massa,MS,Toscana,0585243526,0585244074,info@hotelpatrizia.net
Alberghi,Il Tegolo,Via Corliano 16,50050,Cerreto Guidi,FI,Toscana,0571559011,0571559038,iltegolo@leonet.it
Alberghi,Tombolo Talasso Resort,Via Del Corallo 3,57022,Castagneto Carducci,LI,Toscana,056574530,0565744052,info@tombolotalasso.it
Alberghi,Park Hotel,Via Roncacci 24,53042,Chianciano Terme,SI,Toscana,057863603,057864652,info@parkhotelchianciano.it
Alberghi,Hotel San Michele,Località Strada 14,53037,San Gimignano,SI,Toscana,,0577940596,info@sanmichelehotel.it
Alberghi,Fabricia,Località Magazzini,57037,Portoferraio,LI,Toscana,0565933181,,fabricia@elbalink.it
Alberghi,Astoria,Viale Fedeli 1,51016,Montecatini Terme,PT,Toscana,057271191,,astoria@taddeihotels.it
Alberghi,Hotel La Felicina,Piazza Colonna 14,50037,San Piero A Sieve,FI,Toscana,0558498181,0558498157,hotellafelicina@interfree.it
Alberghi,Hotel Lombardia e Sorgenti,Viale Manzoni 9,51016,Montecatini Terme,PT,Toscana,0572767658,0572767658,info@hotellombardiamontecatini.it
Alberghi,Santa Costanza,Via Aurelia Sud 12,57027,San Vincenzo,LI,Toscana,0565704415,0565704415,info@santacostanza.net
Alberghi,Mini Hotel,Località Lacona 242,57031,Capoliveri,LI,Toscana,0565964041,,minihotel@elbalink.it
Alberghi,Relais Della Rovere,Via Piemonte 10,53034,Colle di Val D'elsa,SI,Toscana,0577924696,,dellarovere@chiantiturismo.it
Alberghi,Villa Sangiovese Srl,Piazza Bucciarelli 5,50022,Greve In Chianti,FI,Toscana,055852461,055852463,info@villasangiovese.it
Alberghi,Borgo Degli Olivi,Via R. Benzi 10/16,57020,Vignale Riotorto,LI,Toscana,056520359,056520354,info@borgodegliolivi.com
Alberghi,Hotel Fattoria Martiena,Via di Martiena 8,53045,Montepulciano,SI,Toscana,,,info@martiena.it
Alberghi,Hotel Il Melograno,Località Ponticello Montemerano,58014,Manciano,GR,Toscana,0564602609,0564602609,info@hotelilmelograno.it
Alberghi,Tenuta La Lupa Country Hotel,Via Roma 110,56040,Castellina Marittima,PI,Toscana,050699711,050699861,info@tenutalalupa.com
Alberghi,Archimede,Via Pietrapiana 68,50066,Reggello,FI,Toscana,055868584,055868584,archimede@val.it
Alberghi,Hotel I 2 Cigni,Via Del Cipresso 2,53045,Montepulciano,SI,Toscana,,,info@albergoiduecigni.it
Alberghi,Sanlorenzo,Via Piave 22,58100,Grosseto,GR,Toscana,056427918,056425338,info@sanlorenzogrosseto.com
Alberghi,Hilton Garden Inn Florence Novoli,Via Pertini 2/9,50127,Firenze,FI,Toscana,05542401,05542402020,flrnv-salesadm@hilton.com
Alberghi,Villa Scarfi,Località Paduletto,58036,Roccastrada,GR,Toscana,,,info@villascarfi.it
Alberghi,Capri,Via Pistelli 6,55041,Camaiore,LU,Toscana,0584650001,0584650004,info@hotelcapriversilia.com
Alberghi,Villa Il Trebbio,Località Ossia 24/b,52042,Cortona,AR,Toscana,057567002,0552269219,info@villailtrebbio.it
Alberghi,Strozzi Palace Hotel,Via Vecchietti 4,50123,Firenze,FI,Toscana,055283898,,info@strozzipalacehotel.it
Alberghi,Hotel Ristorante Alcide,Viale Marconi 67/a,53036,Poggibonsi,SI,Toscana,0577937501,0577981729,info@hotelalcide.com
Alberghi,Suisse,Via Versilia 197,55045,Marina di Pietrasanta,LU,Toscana,,,suisse@holiplan.com
Alberghi,Antares,Lido di Capoliveri,57031,Capoliveri,LI,Toscana,0565940131,0565940084,info@elbahotelantares.it
Alberghi,Manzi,Via Repubblica Pisana 25,56013,Marina di Pisa,PI,Toscana,05036593,,info@hotelmanzi.it
Alberghi,Albergo Nazionale Volterra,Via Dei Marchesi 11,56048,Volterra,PI,Toscana,058886284,058884097,nazionalevolterra@tiscali.it
Alberghi,De La Ville,Piazza Antinori 1,50123,Firenze,FI,Toscana,0552381805,,info@hoteldelaville.it
Alberghi,Alberta,Via Roma 159,55041,Camaiore,LU,Toscana,0584618097,0584619486,info@hotelalberta.it
Alberghi,Hotel Bixio,Viale Sergio Bernardini 395,55043,Lido di Camaiore,LU,Toscana,0584610558,0584619976,info@hotelbixio.it
Alberghi,Hotel Montecristo,Viale Nomellini 11,57034,Campo Nell'elba,LI,Toscana,0565976861,0565976597,info@hotelmontecristo.it
Alberghi,Una Palazzo Mannaioni,Via G. Marconi 2,50050,Montaione,FI,Toscana,0571 69277,0571 697974,a.bassi@unapalazzomannaioni.it
Alberghi,Riva Del Sole,Lungomare Degli Eroi 11,57034,Campo Nell'elba,LI,Toscana,0565976316,,rivadelsole@elbalink.it
Alberghi,Hotel Baia di Talamone,Via Della Marina 23,58010,Talamone,GR,Toscana,0564887310,0564887389,info@hotelbaiaditalamone.it
Alberghi,Fiammetta,Via Pietro Nardini 1,57128,Livorno,LI,Toscana,0586492119,0586492119,hotelfiammetta@live.it
Alberghi,Leopolda,Via Ponte Alle Mosse 65,50100,Firenze,FI,Toscana,055333070,05573370,leopoldhot@toscana.it.net
Alberghi,Turandot,Viale Kennedy 27,55049,Torre Del Lago Puccini,LU,Toscana,0584341025,0584341873,info@hotelturandot.com
Alberghi,Grand Hotel Plaza & Locanda Maggiore,Piazza Del Popolo 7,51016,Montecatini Terme,PT,Toscana,057275831,0572767985,info@hotelplaza.it
Alberghi,Artimino - Villa Medicea La Ferdinanda,Viale Giovanni Xxiii 1,59015,Carmignano,PO,Toscana,055875141,0558751470,villa@artimino.com
Alberghi,Bastiani Grand Hotel,Piazza Gioberti 64,58100,Grosseto,GR,Toscana,056420047,056429321,info@hotelbastiani.com
Alberghi,Serena,Via Fiume 20,50142,Firenze,FI,Toscana,055213643,055280447,info@albergoserena.it
Alberghi,Il Caminetto,Località san Martino,57037,Portoferraio,LI,Toscana,05659157,0565915271,info@hotelilcaminetto.it
Alberghi,Hotel Vittoria,Via Del Giglio 32,53042,Chianciano Terme,SI,Toscana,057863313,057863313,info@hotelvittoriachianciano.it
Alberghi,Toscana Ambassador,Località Salceto 1,53036,Poggibonsi,SI,Toscana,0577982922,,info@toscana-ambassador.it
Alberghi,Hotel Croce di Malta,Via Scala 7,50123,Firenze,FI,Toscana,055261870,055287121,info@crocedimalta.it
Alberghi,Lilly,,57034,Campo Nell'elba,LI,Toscana,0565976026,0565977059,info@lillyhotel.it
Alberghi,Miramonti,Consuma 61,52010,Montemignaio,AR,Toscana,055 8306566,055 8306469,info@hotelmiramonti-ar.it
Alberghi,Hotel Villa Amadei,Via F.gioia 23,55063,Viareggio,LU,Toscana,058445517,,info@hotelamadei.it
Alberghi,Hotel Porta Faenza,Via Faenza 77,50123,Firenze,FI,Toscana,,,info@hotelportafaenza.it
Alberghi,Manzoni,Via Manzoni 28,51016,Montecatini Terme,PT,Toscana,057270175,,info@hotelmanzoni.info
Alberghi,Albergo Giardino,Via Magnolfi 2,59100,Prato,PO,Toscana,0574606588,0574606591,info@giardinohotel.com
Alberghi,Relais Certosa,Via Colle Ramole 2,50124,Firenze,FI,Toscana,0552047165,,hbrelais@bettojahotels.it
Alberghi,Hotel Repubblica Marinara - Pisa,Via Matteucci 81,56124,Pisa,PI,Toscana,0503870100,0503870200,info@hotelrm.it
Alberghi,L'incanto di Boccadarno,Via F.barbolani 1,56013,Marina di Pisa,PI,Toscana,,,boccadarno@tiscalinet.it
Alberghi,Locanda La Pieve,Via Della Società Operaia 3,58055,Semproniano,GR,Toscana,0564987252,0564987756,info@locandalapieve.it
Alberghi,Villa San Simone,Via di Santomoro 100,51100,Pistoia,PT,Toscana,0573 964586,0573 964586,info@villasansimone.it
Alberghi,Antico Albergo Terme,Via Del Paretaio 1,55021,Bagni di Lucca,LU,Toscana,058386034,,anticoalbergo@termebagnidilucca.it
Alberghi,Residenza Delle Nazioni,Via Tirreno 51,58100,Grosseto,GR,Toscana,,,info@residencedellenazioni.it
Alberghi,Armonia Srl,Piazza Caduti Cefalonia e Corfù 11,56025,Pontedera,PI,Toscana,05872785113,0587278540,reception@hotelarmonia.it
Alberghi,Mini Hotel,Via Zugiani 6,58015,Orbetello,GR,Toscana,,05648564319,minihotelsnc@virgilio.it
Alberghi,Relais Borgo di Stigliano,Località Stigliano,53018,Sovicille,SI,Toscana,0577342274,0577342800,stigliano@hotelmodernosiena.it
Alberghi,Art Hotel Milano,Via Tiziano 15,59100,Prato,PO,Toscana,057423371,057427706,mazzoni@arthotel-milano.it
Alberghi,Villa Clodia,Via Italia 43,58050,Saturnia,GR,Toscana,0564601212,0564601305,info@hotelvillaclodia.com
Alberghi,Apuana,Via L. Da Vinci 49,55045,Marina di Pietrasanta,LU,Toscana,0584745884,,info@hotelapuana.com
Alberghi,Hotel J And J,Via di Mezzo 20,50121,Firenze,FI,Toscana,,,jandi@data.it
Alberghi,Villa Romantica di Favilla Emanuele & C. Sas,Via Nicola Barbantini 246,55100,Lucca,LU,Toscana,0583496872,0583957600,info@villaromantica.it
Alberghi,Hotel Il Parco,Via Apiciana 147,51025,San Marcello Pistoiese,PT,Toscana,057366481,057366185,info@albergoilparco.it
Alberghi,Hotel Rossana,Viale Della Libertà 372,53042,Chianciano Terme,SI,Toscana,,057860560,hotelrossana@hotmail.com
Alberghi,Locanda La Bandita,Via Bandita 72,53048,Sinalunga,SI,Toscana,,0577622515,info@locandalabandita.it
Alberghi,La Rosa Del Tirreno di Landi Maurizio e Maria Luisa Snc,Via Litorale - Quercia 547,57100,Livorno,LI,Toscana,0586491153,0586492105,info@hotelrosadeltirreno.it
Alberghi,Hotel Rosina - M & D Srl,Via Lippi e Macia Novoli 26,50127,Firenze,FI,Toscana,055411920,0554373336,info@hotelrosina.it
Alberghi,Albergo Cavalieri Del Mare,Via Giuseppe Verdi 23,54037,Marina di Massa,MS,Toscana,0585868010,0585868015,info@cavalieridelmare.net
Alberghi,Residenza Santa Cecilia,Via Vittorio Emanuele Ii 129,57027,San Vincenzo,LI,Toscana,0565705457,0565705905,info@residencesantacecilia.it
Alberghi,Hotel La Casetta,Via Dei Lamponi 1,51020,Cutigliano,PT,Toscana,0573673090,0573673341,albergolacasetta@abetone.com
Alberghi,Pensione Ristorante Villa Verde di Pioli Roberto & C. Snc,Via Statale 5,55033,Castiglione di Garfagnana,LU,Toscana,058368037,058368127,villa.verde@tin.it
Alberghi,Mare Blu,Via Pistelli 9,55041,Camaiore,LU,Toscana,058466345,,info@albergomareblu.com
Alberghi,Villa Resort,Via Del Poggetto 42,51018,Pieve A Nievole,PT,Toscana,0572 954111,0572 954111,info@lavillaresort.it
Alberghi,Atlantic Palace Hotel,Via Nazionale 74/r,50123,Firenze,FI,Toscana,055213031,055268353,info@atlanticpalace.it
Alberghi,Mini Hotel,Via Tonini P. 78,55034,Minucciano,LU,Toscana,0583610153,0583610153,info@mini-hotel.it
Alberghi,Hotel Scoglio Bianco Vacanze Mare Elba,Località Viticcio,57037,Portoferraio,LI,Toscana,0565939036,0565939031,info@scogliobianco.it
Alberghi,Promotur Srl,Via Della Scala 22 38,50123,Firenze,FI,Toscana,055282610,055288358,info@hotelalbafirenze.it
Alberghi,Locanda Del Viandante,Località Cerreto Ponte Alla Piera 11,52031,Anghiari,AR,Toscana,0575723016,,locandadelviandante@anghiari.it
Alberghi,Capo Sud,Via Del Moletto 247,57031,Capoliveri,LI,Toscana,0565964021,0565964263,info@hotelcaposud.it
Alberghi,Niagara,Via Dei Colli 57,53042,Chianciano Terme,SI,Toscana,057864692,057864692,info@albergoniagara.it
Alberghi,Albergo Giappone Srl,Via Grande 65,57123,Livorno,LI,Toscana,0586880241,0586899955,hotelgiappone@hotellivorno.com
Alberghi,Minerva,Via Garibaldi 72,53100,Siena,SI,Toscana,0577284474,,info@albergominerva.it
Alberghi,Hotel Montecarlo,Viale Della Libertà 478,53042,Chianciano Terme,SI,Toscana,057863903,057863093,info@hotel-montecarlo.it
Alberghi,Albergo Ristorante Bar Enrico di Marinelli S. & C. Sas,Via Gramsci 2/3/4,56038,Ponsacco,PI,Toscana,0587731305,0587731305,albergo.enrico@tin.it
Alberghi,C.s.d. Istituto Gould,Via Serragli 49,50124,Firenze,FI,Toscana,055212576,055280274,foresteriafirenze@diaconiavaldese.org
Alberghi,Hotel Marino,Via Sabatini 25,53042,Chianciano Terme,SI,Toscana,,057863142,hotelmarino@libero.it
Alberghi,Zia Seconda,Loc. Fabbricciane 12,57025,Populonia,LI,Toscana,056529135,056529135,ziaseconda@tiscali.it
Alberghi,Maristella,Lungomare Kennedy 3,57038,Rio Marina,LI,Toscana,0565949859,,info@hotelmaristella.com
Alberghi,Barracuda,Viale Elba 46,57034,Marina di Campo,LI,Toscana,0565976893,0565977254,info@hotelbarracudaelba.it
Alberghi,Donatello Firenze City,Piazza Indipendenza 23,50142,Firenze,FI,Toscana,0554633477,0554625064,info@hoteldonatellofirenze.com
Alberghi,Ristorante Riflessi,Via Cavour 88,50129,Firenze,FI,Toscana,055589456,055561408,info@hotelathenaeumflorence.com
Alberghi,Best Western Hotel Executive,Via N. Orlandi 32,53100,Siena,SI,Toscana,0577333173,0577333178,booking@hotelexecutivesiena.it
Alberghi,Panoramico,Via Fondo Alla Terra,55030,Villa Collemandina,LU,Toscana,0583660161,0583660159,info@hotelpanoramico.com
Alberghi,Fiora,Via Roma 8,58037,Santa Fiora,GR,Toscana,0564 977043,0564 978154,info@hotelfiora.it
Alberghi,Hotel Fonte Della Galletta,Località Alpe Faggeta,52033,Caprese Michelangelo,AR,Toscana,0575793925,0575793925,info@fontedellagalletta.it
Alberghi,Hotel Degli Orafi - Camera Con Vista Srl,Lungarno Archibusieri 4,50122,Firenze,FI,Toscana,05526622,0552662111,info@hoteldegliorafi.it
Alberghi,Locanda di Montisi,Via Umberto I 39,53020,San Giovanni D'asso,SI,Toscana,0577845906,0577845821,info@lalocandadimontisi.it
Alberghi,Pardinì S Hermitage Hotel,Cala Degli Alberi,58012,Isola Del Giglio,GR,Toscana,,0564809177,info@hermit.it
Alberghi,Bagni di Pisa,Largo Shelley 18,56017,San Giuliano Terme,PI,Toscana,05088501,0508850401,info@bagnidipisa.com
Alberghi,Hotel Meridiana,Via Degli Etruschi 465,57034,Campo Nell'elba,LI,Toscana,0565976308,0565977191,meridi@elbalink.it
Alberghi,Cernia,Località S.andrea 50,57030,Marciana,LI,Toscana,0565908922,0565908253,info@hotelcernia.it
Alberghi,Truciolini,Via Ferraris 29,52100,Arezzo,AR,Toscana,0575984104,0575984137,info@truciolini.it
Alberghi,Novotel Firenze Nord Aeroporto,Via Tevere 23,50019,Sesto Fiorentino,FI,Toscana,055308338,055308336,h1798-re@accor.com
Alberghi,Hotel Della Signoria,Via Delle Terme 1,50100,Firenze,FI,Toscana,055214530,055216101,info@hoteldellasignoria.com
Alberghi,Bel Tramonto Residence,,57030,Marciana,LI,Toscana,0565908027,0565908280,beltramonto@valverdehotel.it
Alberghi,Hotel Casetta De Pulledrari,Via Del Teso 5900/a,51026,San Marcello Pistoiese,PT,Toscana,0573629057,057364311,casettapulledrari@gmail.com
Alberghi,Royal Victoria Hotel,Lungarno Antonio Pacinotti 12,56126,Pisa,PI,Toscana,050940111,050940180,post@royalvictoria.it
Alberghi,Albergo Bel Soggiorno,Via Giardini 271,51021,Abetone,PT,Toscana,053673907,053673907,romeozanotti@tiscalinet.it
Alberghi,Arenella,Località Arenella,58012,Isola Del Giglio,GR,Toscana,0564809340,0564809443,arenella@hotelarenella.com
Alberghi,Hotel Sant'andrea,Località Capo Sant'andrea,57030,Marciana,LI,Toscana,,0565908260,info@hotelsantandrea.com
Alberghi,Colomba,Via Cavour 21,50129,Firenze,FI,Toscana,055289139,055284323,info@hotelcolomba.com
Alberghi,Hotel Le Rotonde,Via Del Porto 15,55054,Massarosa,LU,Toscana,0584975439,0584975754,info@lerotonde.it
Alberghi,Best Western Hotel Select,Via Giuseppe Galliano 24,50144,Firenze,FI,Toscana,055330342,055351506,select.fi@bestwestern.it
Alberghi,Albion Srl,Via Il Prato 22/r,50123,Firenze,FI,Toscana,055214171,055283391,info@hotelalbion.it
Alberghi,Villa San Lucchese,Via S.lucchese 5,53036,Poggibonsi,SI,Toscana,0577937119,,info@villasanlucchese.com
Alberghi,Tenuta di Ricavo,Via Tenuta di Ricavo,53011,Castellina In Chianti,SI,Toscana,0577740221,0577741014,ricavo@ricavo.com
Alberghi,Park Palace,Piazzale Galileo 5,50125,Firenze,FI,Toscana,055222431,,hotel@parkpalace.com
Alberghi,Hotel Terme Villa Borri,Via Galilei 34,56034,Casciana Terme,PI,Toscana,,,info@termevillaborri.com
Alberghi,Relais Poggio Borgoni,"Via Cassia Per Siena 35 Al Km 277,1",50026,San Casciano In Val di Pesa,FI,Toscana,0558228119,0558294471,info@relaispoggioborgoni.it
Alberghi,Marinella,Lungomare Regina Margherita 38,57033,Marciana Marina,LI,Toscana,056599018,0565996875,info@elbahotelmarinella.it
Alberghi,Hotel Marinella,Viale Regina Margherita 3,57033,Marciana Marina,LI,Toscana,,0565996895,hotelmarinella@elbalink.it
Alberghi,Hotel Panorama,Via Cavour 60,50129,Firenze,FI,Toscana,0552382043,055264404,info@hotelpanorama.fi.it
Alberghi,Hotel Verde Luna,Via Pascoli 58,55044,Marina di Pietrasanta,LU,Toscana,0584267141,0584266584,verdelunarta@yahoo.it
Alberghi,Il Geranio,Via Roncalli,56045,Pomarance,PI,Toscana,058864616,058864616,info@hotelilpomarancio.com
Alberghi,Hotel La Pace,Via Della Vittoria 4,51026,San Marcello Pistoiese,PT,Toscana,057364018,0573649956,info@lapacemaresca.it
Alberghi,Hotel Punto Verde,Viale Degli Etruschi 207,57038,Rio Marina,LI,Toscana,0565977482,0565977486,info@hotelpuntoverde.it
Alberghi,Pensione La Scala,Via Scala 21,50123,Firenze,FI,Toscana,055212629,0552678646,pensionelascala@virgilio.it
Alberghi,Carolus,Via Xxvii Aprile 3,50129,Firenze,FI,Toscana,,,info@carolushotel.com
Alberghi,Villa Bianca Hotel,Via Gramsci 113,50050,Gambassi Terme,FI,Toscana,0571638075,0571639244,info@villabiancahotel.it
Alberghi,Hotel Villa Padulella,Viale Einaudi 1,57037,Portoferraio,LI,Toscana,,0565916510,info@hotelvillapadulella.it
Alberghi,Villa Nencini,Borgata S.stefano 55,56048,Volterra,PI,Toscana,058886386,,villanencini@interfree.it
Alberghi,Hotel Vecchio Asilo,Via Delle Torri 4,53037,Ulignano,SI,Toscana,,0577950280,info@vecchioasilo.it
Alberghi,Hotel Da Carlos Snc,Via Nuova Per Pisa 5901,55100,Lucca,LU,Toscana,0583379482,0583370119,info@hoteldacarlos.it
Alberghi,Villa Gamberaia,Via Del Rossellino 72,50142,Firenze,FI,Toscana,055697205,055697090,villagam@tin.it
Alberghi,Grand Hotel Duomo Srl,Via Santa Maria 94,56126,Pisa,PI,Toscana,050825088,050560418,info@grandhotelduomo.it
Alberghi,Hotel Giardino Delle Palme,Via Della Torre 3,58012,Isola Del Giglio,GR,Toscana,0564804037,0564804037,info@giardinolepalme.it
Alberghi,Bigallo,Vicolo Degli Adimari 2,50122,Firenze,FI,Toscana,055216086,055214496,info@hotelbigallo.it
Alberghi,Ristorante Albergo Rosa Dei Venti di Adami Monica e Alessandra Snc,Via Bisantola 3/4,56011,Calci,PI,Toscana,050820488,050820488,info@larosadeiventimonteserra.it
Alberghi,Quisisana,Via di Marina 37,57016,Vada,LI,Toscana,0586788441,0586788441,info@hotel-quisisana.com
Alberghi,Villa Villoresi,Via Torri 63,50019,Sesto Fiorentino,FI,Toscana,,,cvillor@tin.it
Alberghi,Manuel Hotel,Via Dei Campilunghi 6,57023,Cecina,LI,Toscana,0586629220,0586629220,info@manuel-hotels.com
Alberghi,Sottocosta,Via G. Pascoli 32,57015,Livorno,LI,Toscana,0586491027,0586491027,info@hotelsottocosta.com
Alberghi,Hotel Gallo Nero,Località Capo Sant'andrea,57030,Marciana,LI,Toscana,0565908017,0565908078,info@hotelgallonero.it
Alberghi,Villa Cristina,Località La Pila,57034,Campo Nell'elba,LI,Toscana,0565976483,,villacristina@elbalink.it
Alberghi,Villa Ottone,Località Ottone 5,57037,Portoferraio,LI,Toscana,0565933042,0565933257,hotel@villaottone.com
Alberghi,Paris,Viale Colombo 281,55041,Lido di Camaiore,LU,Toscana,0584619601,,zambelli@hotelparistoscana.it
Alberghi,Hotel Borgo,Via Roma 191,50028,Tavarnelle Val di Pesa,FI,Toscana,0558073333,0558076707,info@borgodicortefreda.com
Alberghi,Ac Hotel Arezzo,Via Einstein 4,52100,Arezzo,AR,Toscana,0575382287,0575382982,acarezzo@ac-hotels.com
Alberghi,Villaggio Turistico La Valdana,Località Valdana,57037,Portoferraio,LI,Toscana,0565940016,,lavaldana@elbalink.it
Alberghi,Wall Art Hotel,P.le Della Repubblica 39603,59100,Prato,PO,Toscana,,,info@wallart.it
Alberghi,Hotel Bella 'mbriana Charme e Relax,Via Marconi 12,58022,Follonica,GR,Toscana,056648951,056643168,info@hotelfollonica.it
Alberghi,Hotel Massarelli,Via Macerina 34,53042,Chianciano Terme,SI,Toscana,,057864075,info@hotelmassarelli.it
Alberghi,Art Hotel Mirò,Via Degli Olmi 7,50041,Calenzano,FI,Toscana,055886671,0558866880,info@arthotel-miro.it
Alberghi,Hotel Rispescia,Via Della Costituzione 6,58010,Rispescia,GR,Toscana,0564405309,0564405735,info@albergorispescia.com
Alberghi,Park Hotel Villa Cesi,Via Terre Bianche 1,50023,Impruneta,FI,Toscana,055231101,0552011377,info@villacesi.it
Alberghi,Hotel di Stefano,Via S. Apollonia 35/37,56127,Pisa,PI,Toscana,050553559,050556038,hds@email.it
Alberghi,Flora,Via Del Mare 26,57020,Bibbona,LI,Toscana,0586602612,0586602612,info@florahotel.eu
Alberghi,Belmare,Località patresi,57030,Marciana,LI,Toscana,0565908067,0565908312,info@hotelbelmare.it
Alberghi,Settebello,Viale Della Vittoria 91,57023,Cecina,LI,Toscana,0586621290,0586621290,info@hotelilsettebello.com
Alberghi,Hotel Stella Del Mare,Via Leonardo Da Vinci 14,55103,Viareggio,LU,Toscana,0584962353,0584434591,silviaagostini@hotmail.com
Alberghi,Albergo Rossella,Via Bandiera Fratelli 18,58043,Castiglione Della Pescaia,GR,Toscana,0564933832,0564933832,info@albergorossella.it
Alberghi,Hotel Residence Gloria,Via Delle Saline 18,51016,Montecatini Terme,PT,Toscana,0572910033,0572503530,info@residencegloria.it
Alberghi,Hotel La Bussola,Via Del Romito 55,50134,Firenze,FI,Toscana,0554630732,055488039,labussola55@virgilio.it
Alberghi,Oliver Hotel,Via Della Battaglia 2,52031,Anghiari,AR,Toscana,0575789933,0575789944,info@oliverhotel.it
Alberghi,Hotel Dei Tigli,Via Roma 222,55041,Lido di Camaiore,LU,Toscana,0584619616,0584618748,info@hoteldeitigli.it
Alberghi,Villa Ariston,Via Colombo 355,55041,Camaiore,LU,Toscana,0584610633,0584610631,info@villaariston.it
Alberghi,Grand Hotel Royal,Viale Carducci 44,55049,Viareggio,LU,Toscana,058445151,058431438,info@hotelroyalviareggio.it
Alberghi,Hotel Villa Ricci,Viale G. di Vittorio 51,53042,Chianciano Terme,SI,Toscana,057863906,057863660,info@hotelvillaricci.it
Alberghi,Ristorante Hotel Minerva,Via Fiorentina 4,52100,Arezzo,AR,Toscana,0575370390,0575302415,info@ristoranteminerva.it
Alberghi,Hotel Tirrenia,Piazza Indipendenza 11,53042,Chianciano Terme,SI,Toscana,,057863958,info@hoteltirrenia.it
Alberghi,Bellavista,Via Montalbano 61,51035,Lamporecchio,PT,Toscana,057388014,057388376,info@albergo-bellavista.com
Alberghi,Albergo Calidario,Via Del Bottaccio 40,57021,Campiglia Marittima,LI,Toscana,0565 851504,0565 858595,massimo@calidario.it
Alberghi,Hotel Ciritorno,Via Quattro Novembre 6,57027,San Vincenzo,LI,Toscana,0565704664,0565704906,info@hotelciritorno.com
Alberghi,B & B Manuela,Via G. Dalle Bande Nere 1,50126,Firenze,FI,Toscana,0556815091,,manuelarini@virgilio.it
Alberghi,Villa San Giovanni,Località S.giovanni 102,57037,Portoferraio,LI,Toscana,0565914460,,info@hotelvillasangiovanni.com
Alberghi,Villa Casalecchi,Località Casalecchi,53011,Castellina In Chianti,SI,Toscana,0577740240,0577741111,info@villacasalecchi.it
Alberghi,Corys Hotel,Località Torreone 6,52044,Cortona,AR,Toscana,0575605149,,info@corys.it
Alberghi,La Rocca Residence,Via G. Matteotti 13,52046,Lucignano,AR,Toscana,0575836175,0575836175,info@residencelarocca.com
Alberghi,Righetti Carolina,Via Cravilla 50,54026,Mulazzo,MS,Toscana,0187850013,0187850509,hotellapineta@libero.it
Alberghi,Hotel Sole e Mare,Viale Pistelli 72,55041,Lido di Camaiore,LU,Toscana,0584617063,0584618411,solemare2002@yahoo.it
Alberghi,Atlantico,Via Martelli D. 12,57016,Castiglioncello,LI,Toscana,0586752440,,info@hotelatlantico.it
Alberghi,Hotel Astoria,Via Mazzini 33,55051,Viareggio,LU,Toscana,058431153,058445925,info@astoriaviareggio.it
Alberghi,Villa Liberty,Viale Michelangiolo 40,50142,Firenze,FI,Toscana,0556810581,0556812595,info@hotelvillaliberty.it
Alberghi,Residenza D'epoca La Costa,Via Coppoli 15/19/25,53040,Montefollonico,SI,Toscana,0577669488,0577668800,info@lacosta.it
Alberghi,Hotel Palace,Via Pier Della Francesca 71,59100,Prato,PO,Toscana,,0574567267,info@palaceprato.it
Alberghi,Hotel Il Grifo,Via Milazzo 19/21,53040,Montepulciano Stazione,SI,Toscana,0578738702,0578738408,info@hotelgrifo.it
Alberghi,Residence Antico Borgo di Tignano,Ponsano Casa Ab Tignano,56048,Volterra,PI,Toscana,,0588 35116,info@anticoborgotignano.com
Alberghi,Park Hotel Ripaverde Spa,Viale Giovanni Xxiii 36,50032,Borgo San Lorenzo,FI,Toscana,0558496003,0558459379,info@ripaverde.it
Alberghi,Villa Rosa,Località fanaletto,57036,Porto Azzurro,LI,Toscana,056595010,,info@hotelplaza-elba.com
Alberghi,Hotel Villa Mare,Via Del Mare 39/41,57030,Pomonte,LI,Toscana,0565906221,0565906222,info@elbavillamare.it
Alberghi,Villa Kinzica,Piazza Arcivescovado 2,56126,Pisa,PI,Toscana,050560419,,info@hotelvillakinzica.it
Alberghi,Hotel Relais Uffizi Srl,Chiasso Del Buco 16,50122,Firenze,FI,Toscana,0552676239,0552657909,info@relaisuffizi.it
Alberghi,Costa Verde,Via Ugo Foscolo 2,57016,Castiglioncello,LI,Toscana,0586752309,0586752309,info@albergocostaverde.it
Alberghi,Hotel Residence San Gregorio,Via Della Madonnina 4,53026,Pienza,SI,Toscana,,0578748354,info@sangregorioresidencehotel.it
Alberghi,Hotel Grappolo D'oro,Via Casone 36,55045,Pietrasanta,LU,Toscana,,0584799153,info@hotelgrappolodoro.it
Alberghi,Hotel Montemerlo - Isola D'elba,Località Fetovaia,57034,Marina di Campo,LI,Toscana,0565976682,0565976682,info@welcometoelba.com
Alberghi,Hotel Il Poliziano,Via Messina 6,53045,Montepulciano,SI,Toscana,,0578738069,info@poliziano.it
Alberghi,Bell'italia,Via Aurelia Km 342.7,56019,Vecchiano,PI,Toscana,050800811,050803315,reservation.pisamigliarino@hotelidea.it
Alberghi,Le Corti di Montepitti,Via Suveretana 232,57028,Suvereto,LI,Toscana,0565 843319,0565 843140,info@lecortidimontepitti.com
Alberghi,Laurus,Via Dè Cerretani 8,50123,Firenze,FI,Toscana,0552381752,055268308,laurus@vivahotels.com
Alberghi,Saint Claire,Via Aldo Moro,57033,Marciana Marina,LI,Toscana,056599100,,saintclaire@elbalink.it
Alberghi,Hotel Boston,Via Guelfa 68,50129,Firenze,FI,Toscana,055496747,055470934,info@hotelbostonfirenze.it
Alberghi,Unaway Hotel Montepulciano Ovest A1,Via Milazzo 19/21,53045,Montepulciano,SI,Toscana,0578738702,0578738408,una.montepulcianoovest@unawayhotels.it
Alberghi,Hotel Sangallo,Via Dei Fiori 30,53045,Sant'albino,SI,Toscana,0578798005,0578798005,info@albergosangallo.it
Alberghi,Da Giacomino,Località sant'andrea,57030,Marciana,LI,Toscana,0565908010,0565908294,info@hoteldagiacomino.it
Alberghi,Hotel Etrusconia,Via W. Della Gherardesca 2,57022,Castagneto Carducci,LI,Toscana,0565776897,0565776897,etrusconia@libero.it
Alberghi,Hotel Mediterraneo,Via Aurelia 25,57014,Collesalvetti,LI,Toscana,0586943067,0586943483,info@hmlivorno.it
Alberghi,Villaggio Boboba,Via Litoranea 5/7,56128,Marina di Pisa,PI,Toscana,0503114,05035926,info@boboba.it
Alberghi,Hotel D'azeglio - Pisa,,56100,Pisa,PI,Toscana,,,hoteldazeglio@pisaonline.it
Alberghi,Hotel Campaldino,Via Roma 95,52014,Poppi,AR,Toscana,0575529008,0575529032,info@campaldino.it
Alberghi,Giovanni Da Verrazzano,Piazza Matteotti 28,50022,Greve In Chianti,FI,Toscana,055853189,055853648,info@albergoverrazzano.it
Alberghi,Posta Del Chianti,Località Colonna Del Grillo 16,53019,Castelnuovo Berardenga,SI,Toscana,,,info@postadelchianti.it
Alberghi,Locanda S. Agata,Via Dell'abetone e Del Brennero Km 5+812,56017,San Giuliano Terme,PI,Toscana,050820328,050825974,info@locandasantagata.it
Alberghi,Royal,Via Ruote 53,50129,Firenze,FI,Toscana,055483287,,info@hotelroyalfirenze.it
Alberghi,Hotel Giulia,Lungomare Pistelli 77,55043,Lido di Camaiore,LU,Toscana,0584617518,0584617724,giuliahotel@tiscalinet.it
Alberghi,Hotel Residence Esplanade,Piazza Puccini 18,55084,Viareggio,LU,Toscana,058454321,058453638,info@hotelresidenceesplanade.it
Alberghi,Piccolo Hotel,Viale Morin 24,55042,Forte Dei Marmi,LU,Toscana,0584787433,,piccoloh@versilia.toscana.it
Alberghi,Hotel Delle Terme,Viale Delle Terme 36/40,57021,Venturina,LI,Toscana,0565856339,0565856339,info@hterme.it
Alberghi,Miramonti,Via Brennero 528,51021,Abetone,PT,Toscana,0573 60017,0573 60221,info@hotelmiramontiabetone.it
Alberghi,Hotel Acquarius,Via Mascagni 23,57034,Campo Nell'elba,LI,Toscana,0565976931,0565976932,info@hotelacquarius.it
Alberghi,Al Chicco di Grano,Meliciano Meliciano 32,52100,Arezzo,AR,Toscana,0575364480,,janice.white@tin.it
Alberghi,Hotel Alamanni,Via Alamanni 35,50123,Firenze,FI,Toscana,0552658409,0552658216,info@hotelalamanni.com
Alberghi,Verdemare,Via Cipro 27,55045,Marina di Pietrasanta,LU,Toscana,0584745871,,info@hotelverdemare.it
Alberghi,Soggiorno Pitti,P. Pitti 8,50125,Firenze,FI,Toscana,055295010,,info@soggiornopitti.com
Alberghi,Bisenzio,Via Confini 184,50013,Campi Bisenzio,FI,Toscana,0558951204,,info@hotelbisenzio.com
Alberghi,Nh G.h. Palazzo,Viale Italia 195,57128,Livorno,LI,Toscana,0586260836,0586806182,info@grandhotelpalazzo.it
Alberghi,Hotel Airone,Via Senese 10/35,58100,Grosseto,GR,Toscana,0564412441,0564418370,info@hotelairone.eu
Alberghi,Hotel Giovanna,Via Cavallotti 126,51016,Montecatini Terme,PT,Toscana,057278935,0572770302,info@hotelgiovanna.com
Alberghi,Grifone Srl,Via G. Pilati 20-22,50136,Firenze,FI,Toscana,055626300,055677628,info@hotelgrifonefirenze.com
Alberghi,Hotel San Martino,Via Della Dogana 9,55100,Lucca,LU,Toscana,,,albergosanmartino@albergosanmartino.it
Alberghi,Hotel Basilea,Via Guelfa 41,50129,Firenze,FI,Toscana,055214587,055268350,basilea@florenceitaly.net
Alberghi,Inpiazzadellasignoria Srl,Via Magazzini 2,50122,Firenze,FI,Toscana,0552399546,,info@inpiazzadellasignoria.it
Alberghi,Residence Isola Verde,Via Bargagna 44,56124,Pisa,PI,Toscana,050315519,0503155155,residence@isolaverde.com
Alberghi,Hotel Villa La Reggia Perondi Hotels Srl,Località Biagioni,55011,Altopascio,LU,Toscana,0583202162,0583202041,info@villalareggia.com
Alberghi,Albergo Il Giglio,Piazza S. Marco 14,59100,Prato,PO,Toscana,057437049,0574604351,albergoilgiglio@tin.it
Alberghi,Albergo La Luna Snc,Corte Compagni 12,55100,Lucca,LU,Toscana,0583493634,,info@hotellaluna.com
Alberghi,Sacchelli,Via Catalani 38,55045,Marina di Pietrasanta,LU,Toscana,0584745688,,hotelairone@landinihotels.it
Alberghi,Paradiso Al Mare,Viale Morin 2,55042,Forte Dei Marmi,LU,Toscana,0584787051,,hotel@paradisoalmare.it
Alberghi,Albergo Ristorante Nazionale di Galletti Giulio Snc,Via Dei Marchesi 11,56048,Volterra,PI,Toscana,0588 86284,0588 84097,info@hotelnazionale-volterra.it
Alberghi,Hotel Azzi Locanda Degli Artisti,Via Faenza 56,50123,Firenze,FI,Toscana,055213806,055213806,info@hotelazzi.it
Alberghi,Grand Hotel Minerva Spa,Piazza Santa Maria Novella 16,50123,Firenze,FI,Toscana,0552723010,055268281,info@grandhotelminerva.com
Alberghi,Hotel Pigalle,Via Ponchielli 27,55042,Forte Dei Marmi,LU,Toscana,0584787474,0584787504,info@pigallehotel.it
Alberghi,Residence Golf Hotel,Via Il Crocifisso 24/n,59100,Prato,PO,Toscana,,0574623195,info@residencegolfhotel.it
Alberghi,Hotel Centro,Via Ginori 17,50123,Firenze,FI,Toscana,0552302901,055212706,info@hotelcentro.net
Alberghi,Albergaccio di Castellina,Via Fiorentina 63,53011,Castellina In Chianti,SI,Toscana,0577741042,0577741250,posta@albergacciocast.com
Alberghi,H2c Hotel Pisa Pontedera,Superstrada Firenze,56025,Pontedera,PI,Toscana,0587736088,0587735175,info.pisa@h2c.it
Alberghi,Ventaclub Borgo Magliano Resort,Località Padelletti,58051,Magliano In Toscana,GR,Toscana,0564592911,0564592901,info@borgomagliano.it
Alberghi,Atlantico Palace Hotel,Viale Della Libertà 494,53042,Chianciano Terme,SI,Toscana,057863881,057860608,hotelatlantico@cretedisiena.com
Alberghi,Hotel La Feluca,Via Della Valle 15,57037,Portoferraio,LI,Toscana,0565961084,0565961085,info@hotellafeluca.it
Alberghi,Cavaliere,Piazza Ravenna 16,50126,Firenze,FI,Toscana,055686607,,hotel.cavaliere@tin.it
Alberghi,Panama,Via Xx Settembre 80,50142,Firenze,FI,Toscana,0554620236,0554620235,info@hotelpanamafirenze.it
Alberghi,Relais Il Colle Verde,Via Colli 392,50058,Signa,FI,Toscana,,0558998260,ilcolleverde@yahoo.it
Alberghi,Hotel Francesco - Pisa,Via S. Maria 129,56126,Pisa,PI,Toscana,050554109,050556145,info@hotelfrancesco.com
Alberghi,Hotel Mirage,Viale Etruschi 405,57034,Campo Nell'elba,LI,Toscana,0565977678,,mirage@hotelmirage.com
Alberghi,Roma,Via C. Colombo 14,58043,Castiglione Della Pescaia,GR,Toscana,0564933542,,hotelromacastiglione@tiscali.it
Alberghi,Santo Stefano,Località Santo Stefano,57037,Portoferraio,LI,Toscana,0565933161,,santostefano@elbalink.it
Alberghi,Hotel I Due Pini,Via Iv Novembre 61,58100,Marina di Grosseto,GR,Toscana,056434607,056434607,direzione@iduepini.it
Alberghi,Hotel Mille Miglia,Via Cassia Sud M. 654/a,53014,Monteroni D'arbia,SI,Toscana,0577 372227,0577 373112,info@hotelmillemiglia.it
Alberghi,I Ginepri,Viale Italia 13,57022,Castagneto Carducci,LI,Toscana,0565744027,0565744344,info@hoteliginepri.it
Alberghi,Hotel Del Golfo,Procchio,57030,Marciana,LI,Toscana,05659021,0565902666,info@hoteldelgolfo.it
Alberghi,Hotel Playa,Via Saffi 20,55056,Viareggio,LU,Toscana,058444223,0584431294,hotelplayaviareggio@tiscali.it
Alberghi,Albergo Cannon D'oro,Via Montanini 28,53100,Siena,SI,Toscana,057744321,0577280868,info@cannondoro.com
Alberghi,Hotel La Vecchia Cartiera,Via Oberdan 5/7/9,53034,Colle di Val D'elsa,SI,Toscana,,,cartiera@chiantiturismo.it
Alberghi,Le Due Fontane,Piazza Santissima Annunziata 14,50122,Firenze,FI,Toscana,055210185,,info@leduefontane.it
Alberghi,Stella Marina,Via A. Costa 9,57027,San Vincenzo,LI,Toscana,0565701730,0565701730,info@stellamarina.it
Alberghi,Hotel Riva Del Sole,Lungomare Degli Eroi 11,57034,Marina di Campo,LI,Toscana,0565976316,0565976778,info@hotel-rivadelsole.com
Alberghi,B&b Il Sicomoro,Pianezza 2,54013,Fivizzano,MS,Toscana,058599442,0585938835,albergosicomoro@libero.it
Alberghi,Hotel La Selva,Via Casa Sandrella 19,51027,Pistoia,PT,Toscana,0573490094,,laselvaorsigna@alice.it
Alberghi,San Marco,Via S.marco 368,55100,Lucca,LU,Toscana,0583469553,,info@hotelsanmarcolucca.com
Alberghi,Astor Victoria,Via Caio Duilio 6,55042,Forte Dei Marmi,LU,Toscana,0584787441,0584787282,info@hotelastorvictoria.it
Alberghi,Hotel Country Club Srl,Via Pesciatina 874,55012,Capannori,LU,Toscana,0583434404,0583974344,countryhotel@rphotels.com
Alberghi,Villa Belvedere,Via Belvedere,53034,Colle di Val D'elsa,SI,Toscana,0577920966,,email@villabelvedere.com
Alberghi,Sangallo Park Hotel,Strada Vico Alto 2,53100,Siena,SI,Toscana,0577333306,,info@sangalloparkhotel.it
Alberghi,Hotel Canarco,Via Buonarroti 22,55068,Viareggio,LU,Toscana,058446289,058446289,mmvgmm@tiscalinet.it
Alberghi,Hotel San Michele,Via Guelfa 15,52044,Cortona,AR,Toscana,,,sanmichele@ats.it
Alberghi,Ciavatta,Località Montemerano,58014,Manciano,GR,Toscana,0564602657,0564602433,virginiaconti@virgilio.it
Alberghi,Campese,Località Campese,58012,Isola Del Giglio,GR,Toscana,0564804003,05648040903,welcome@hotelcampese.com
Alberghi,President,Via Simintendi 20,59100,Prato,PO,Toscana,057430251,057436064,info@hotel-president.net
Alberghi,Residence Golfo Del Sole,Viale Italia 301,58022,Follonica,GR,Toscana,,,info@golfodelsole.it
Alberghi,Siaf Scuola Internazionale di Alta Formazione,Via Del Monte Volterrano,56048,Volterra,PI,Toscana,0588 98711,0588 98700,info@siafvolterra.eu
Alberghi,Nuovo Savi,Corso Matteotti 83,51016,Montecatini Terme,PT,Toscana,057272142,0572910525,info@hotelnuovosavi.com
Alberghi,Arezzo Vogue Hotel,Via Guido Monaco 54,52100,Arezzo,AR,Toscana,057524361,057524362,info@voguehotel.it
Alberghi,Camping Tahiti,Viale Italia 320,58022,Follonica,GR,Toscana,,,ilmartellino@tin.it
Alberghi,Hotel-relais Valle Orientina,Località Valle Orientina,58017,Pitigliano,GR,Toscana,0564616611,0564617728,mail@valleorientina.it
Alberghi,Hotel L'ogliera,Via Del Passatoio,57030,Pomonte,LI,Toscana,0565906210,0565906012,info@hotelogliera.it
Alberghi,Villa Pitiana,Via Provinciale Tosi,50066,Reggello,FI,Toscana,055860259,,pitiana@villapitiana.com
Alberghi,Hotel I Pini,Via Romna 43,55043,Lido di Camaiore,LU,Toscana,058466103,058466104,italy@tuscany-charming.it
Alberghi,Appartamenti Stazione,Via Cavour 36,56020,Montopoli In Val D'arno,PI,Toscana,0571459174,0571448551,info@hotel-stazione.it
Alberghi,Grand Hotel Tamerici & Principe,Viale Iv Novembre 4,51016,Montecatini Terme,PT,Toscana,057271041,,info@hoteltamerici.it
Alberghi,Albergo Villa Nencini,Bg.ta S. Stefano 55,56048,Volterra,PI,Toscana,058886571,058880601,villanencini@sirt.pisa.it
Alberghi,Hotel Villa Kinzica - Pisa,,56100,Pisa,PI,Toscana,,,hotelvillakinzica@pisaonline.it
Alberghi,Ermione,Viale Roma 183,55044,Pietrasanta,LU,Toscana,0584745852,0584745906,irangon@tin.it
Alberghi,Hotel e Residence Le Acacie,Spiaggia di Naregno,57031,Capoliveri,LI,Toscana,0565966111,0565967062,info@acacie.it
Alberghi,Hotel Chianciano,Via B. Buozzi 51,53042,Chianciano Terme,SI,Toscana,,057864121,info@hotelchianciano.com
Alberghi,Hotel Italia,Piazza Italia 2,51016,Montecatini Terme,PT,Toscana,057278181,0572772275,alessandro.dami@tin.it
Alberghi,Hotel Casa Rossa,Viale Fedeli 68,51016,Montecatini Terme,PT,Toscana,0572773499,0572905999,info@hotelcasarossa.com
Alberghi,Villa Gaia,Località Ottone 8,57037,Portoferraio,LI,Toscana,0565933160,,villa-gaia@tiscali.it
Alberghi,Le Volpaie,Via Nuova 9,53037,San Gimignano,SI,Toscana,0577953140,0577953142,info@hotellevolpaie.it
Alberghi,Nizza Et Suisse,Viale Verdi 72,51016,Montecatini Terme,PT,Toscana,057279691,057274324,nizza@galliganihotels.it
Alberghi,Mediterraneo Grand Hotel,Lungarno Del Tempio 44,50100,Firenze,FI,Toscana,055660241,055679560,info@hotelmediterraneo.com
Alberghi,Hosteria Del Malandrone,Via Emilia 115,56040,Castellina Marittima,PI,Toscana,050699723,050699897,info@hosteriailmalandrone.it
Alberghi,Massimo D'azeglio,Corso Matteotti 42,51016,Montecatini Terme,PT,Toscana,0572770188,,info@hotelmassimodazeglio.it
Alberghi,Il Cacciatore,Via Nazionale 32,52020,Pergine Valdarno,AR,Toscana,0575 896261,0575 896261,ilcacciatorepoggio@yahoo.it
Alberghi,Riviera Blu,Viale Tirreno 15,56018,Tirrenia,PI,Toscana,05037146,,info@rivierablu.it
Alberghi,Dei Fiori,Via Viii Settembre 10,51017,Pescia,PT,Toscana,0572477871,0572490021,hoteldeifiori@virgilio.it
Alberghi,Bacco,Via Rosi 18,55041,Lido di Camaiore,LU,Toscana,0584619540,0584610897,baccohotel@tin.it
Alberghi,Hotel La Baita,Via Prato All'aia 17,55030,Villa Collemandina,LU,Toscana,0583660084,0583660084,corfinolabaita@libero.it
Alberghi,Lola Piccolo Hotel,Via Xxiv Maggio 39,58046,Marina di Grosseto,GR,Toscana,,,info@lolahotel.it
Alberghi,Casa Vacanze Villaggio Paradiso,Via Chiantigiana,52025,Montevarchi,AR,Toscana,,055982779,info@villaggiopradiso.it
Alberghi,Da Sardi,,57030,Pomonte,LI,Toscana,0565906045,0565906253,sardi@elbalink.it
Alberghi,Roma,Via Aurelia 183,57022,Donoratico,LI,Toscana,0565773300,0565773300,info@locandaroma.it
Alberghi,Ercolini & Savi,Via S. Martino 18,51016,Montecatini Terme,PT,Toscana,057270331,057271624,info@ercoliniesavi.it
Alberghi,Grand Hotel Tettuccio,Viale Verdi 74,51016,Montecatini Terme,PT,Toscana,057278051,057275711,info@hoteltettuccio.it
Alberghi,Benivieni,Via Delle Oche 5,50122,Firenze,FI,Toscana,0552382133,0552398248,info@hotelbenivieni.it
Alberghi,Albergo Arco Naturale - Country House Ristorante,Strada Statale 321 Est Km 34,53040,Cetona,SI,Toscana,057820880,057820880,info@arco-naturale.it
Alberghi,Hotel Lara,Via Cavallotti 87,51016,Montecatini Terme,PT,Toscana,057278537,057278537,info@hotel-lara.it
Alberghi,Il Ponte,Largo I Maggio 3,57023,Cecina,LI,Toscana,0586630701,0586630701,info@hotelilponte.com
Alberghi,Lucerna,Via Iv Novembre 27,58043,Castiglione Della Pescaia,GR,Toscana,0564933161,,info@hotellucerna.it
Alberghi,Hotel Centrale,Via Conti 3,50123,Firenze,FI,Toscana,055215761,055215216,info@hotelcentralefirenze.it
Alberghi,Vecchia Oliviera,Via Landi 1,53024,Montalcino,SI,Toscana,0577846028,,info@vecchiaoliviera.com
Alberghi,Grand Hotel Terme di Petriolo,Strada Statale 223 Siena Grosseto,58040,Pari,GR,Toscana,0564908871,,petriolo@ouverture.it
Alberghi,Eden Park Hotel,Via Giusti,58100,Marina di Grosseto,GR,Toscana,0564330009,0564330010,info@edenparkhotel.it
Alberghi,Hotel Collodi,Via Taddea 6,50123,Firenze,FI,Toscana,,,info@relaishotel.com
Alberghi,La Rotonda,Via Dante 52,56025,Pontedera,PI,Toscana,058752287,058755580,info@larotondahotel.it
Alberghi,Una Hotel Versilia,Viale Bernardini 333-335-337,55041,Camaiore,LU,Toscana,0584012001,0584012002,una.versilia@unahotels.it
Alberghi,Hotel Universo,Viale Baccelli G. 95,53042,Chianciano Terme,SI,Toscana,057864608,057864608,info@albergouniverso.com
Alberghi,Raffaello,Via Dei Monti 3,53042,Chianciano Terme,SI,Toscana,,,hotel.raffaello@libero.it
Alberghi,L'approdo,Via Ponte Giorgini 29,58043,Castiglione Della Pescaia,GR,Toscana,0564933466,0564933086,info@approdo.it
Alberghi,Ritz Forte Dei Marmi,Via Gioa 2,55042,Forte Dei Marmi,LU,Toscana,0584787531,,ritzfdm@versilia.net
Alberghi,Gallia Palace Hotel,Via Delle Sughere 70,58040,Castiglione Della Pescaia,GR,Toscana,0564922022,0564920229,info@galliapalace.it
Alberghi,Hotel Europa,Via V.veneto 5,51010,Marliana,PT,Toscana,057266288,057266288,info@hotel-europa-marliana.com
Alberghi,Hotel Casafrassi,,53011,Castellina In Chianti,SI,Toscana,0577740621,0577740805,info@casafrassi.it
Alberghi,Mondial Resort & Spa,Via Duca Della Vittoria 129/131,55044,Marina di Pietrasanta,LU,Toscana,,,hotel@hmondial.com
Alberghi,Hotel Tornese,Viale Galliano 36,57023,Cecina,LI,Toscana,0586620790,0586620645,info@hoteltornese.com
Alberghi,Hermitage Hotel,Via Paolo Ingegnoli 39,53042,Chianciano Terme,SI,Toscana,057862606,057862624,info@hermitagehotel.it
Alberghi,San Ranieri Hotel,Via Mazzei 2 - Zona Cisanello,56124,Pisa,PI,Toscana,050971951,0509719530,info@sanranierihotel.com
Alberghi,Residence Fattoria Maremmana,Via Squartapaglia 292,58100,Grosseto,GR,Toscana,,0564404218,info@fattoriamaremmana.com
Alberghi,Liana,Via Vittorio Alfieri 18,50121,Firenze,FI,Toscana,,,info@hotelliana.com
Alberghi,Albergo Ristorante La Castellana,Via Pilastri 18,54035,Fosdinovo,MS,Toscana,0187989412,0187917607,albergolacastellana@libero.it
Alberghi,Albergo Da Fine,Via Vallebuia 4,57034,Seccheto,LI,Toscana,0565987180,0565987250,info@hoteldafine.it
Alberghi,Resort Grand Hotel Imperiale,Via Mazzini 20,55042,Forte Dei Marmi,LU,Toscana,058478271,0584782799,info@grandhotelimperiale.it
Alberghi,Albergaccio,Strada Cassia Sud 158a,53100,Siena,SI,Toscana,,,info@albergaccio.com
Alberghi,Albergo La Toscana,M. Perennio 56,52100,Arezzo,AR,Toscana,057521692,0575372291,info@albergolatoscana.191.it
Alberghi,Chiusarelli,Viale Curtatone 15,53100,Siena,SI,Toscana,0577280562,,info@chiusarelli.com
Alberghi,Valtorta,Via Cavallotti 92,51016,Montecatini Terme,PT,Toscana,0572772521,0572772521,info@hotelvaltorta.it
Alberghi,Albergo Tenuta Il Burchio,Via Poggio Al Burchio 4,50064,Incisa In val D'arno,FI,Toscana,0558330124,0558330234,mail@ilburchio.it
Alberghi,Emma,Via Pacinotti 20,50142,Firenze,FI,Toscana,055575901,0555048914,info@hotelemma.net
Alberghi,Hotel Sole di Gariboldi Valeria,Viale Delle Pinete 260,54100,Massa,MS,Toscana,0585241466,0585241466,info@hotelsolemassa.com
Alberghi,Albergo Ristorante Il Boschetto,Viale Italia 306,58022,Follonica,GR,Toscana,0566260123,0566260096,boschetto@ouverture.it
Alberghi,Olimpia,Piazza Repubblica 2,50123,Firenze,FI,Toscana,055219781,,hotelolimpia@tin.it
Alberghi,Divino Ristorante,Viale Della Vittoria 3,57023,Cecina,LI,Toscana,0586620595,0586620595,info@hoteldivino.it
Alberghi,Hotel Tre Colonne,Via Fattori 122,57034,Marina di Campo,LI,Toscana,0565976320,0565977560,info@hoteltrecolonne.it
Alberghi,Nh Grand Hotel Palazzo,Viale Italia 195/197,57127,Livorno,LI,Toscana,0586806182,0586806182,nhgrandhotelpalazzo@nh-hotels.com
Alberghi,Antico Borgo I Cancelli Residence,Sallecchio I Cancelli 19,50035,Palazzuolo Sul Senio,FI,Toscana,0558046578,0558046063,icancelli@icancelli.it
Alberghi,Abaco,Via Dei Banchi 1,50142,Firenze,FI,Toscana,0552381919,0552381919,abacohotel@tin.it
Alberghi,Fattoria La Gigliola di Piazzini Anna,Via San Piero In Mercato 218,50025,Montespertoli,FI,Toscana,0571608001,0571608001,info@lagigliola.it
Alberghi,Art Hotel Museo,Viale Della Repubblica 289,59100,Prato,PO,Toscana,0574 5787,0574 578880,info@arthotel-museo.it
Alberghi,Raffaelli-villa Angela,Via Mazzini 64,55042,Forte Dei Marmi,LU,Toscana,0584787472,0584787115,villaangela@raffaelli.com
Alberghi,Grand Hotel Vittoria,Viale Della Libertà 2/a,51016,Montecatini Terme,PT,Toscana,057279271,0572910520,vittoria@hotelvittoria.it
Alberghi,Goya Srl,Viale Carducci 69,55042,Forte Dei Marmi,LU,Toscana,0584787221,0584787269,info@hotelgoya.it
Alberghi,Italia,Viale Cavour 67,53100,Siena,SI,Toscana,,,info@hotelitalia-siena.it
Alberghi,Classic Hotel,Viale Machiavelli 25,50125,Firenze,FI,Toscana,0552293512,055229353,info@classichotel.it
Alberghi,Victoria,Via Nazionale 102/r,50123,Firenze,FI,Toscana,055217317,,hotel.victoria@tiscalinet.it
Alberghi,Parco Dei Pini,Via Collacchie,58022,Follonica,GR,Toscana,056653280,,info@hotelparcodeipini.it
Alberghi,Cimabue,Via B. Lupi 7,50142,Firenze,FI,Toscana,055471989,,info@hotelcimabue.it
Alberghi,Hotel Calzaiolo Sas,Via Cassia Per Siena 32,50026,San Casciano In Val di Pesa,FI,Toscana,0558249009,0558249009,infohotelcalzaiolo@virgilio.it
Alberghi,Rex,Piazzale Ricasoli 19,55100,Lucca,LU,Toscana,0583954348,0583954348,info@hotelrexlucca.com
Alberghi,Casa Del Golfo,Via Del Moletto 269,57031,Capoliveri,LI,Toscana,,0565964349,info@casadelgolfo.it
Alberghi,Hotel San Marco,Via Verga 4,52100,Arezzo,AR,Toscana,0575903322,0575903323,info@hotelsanmarcoarezzo.it
Alberghi,Relais Villa Baldelli,Località San Pietro A Cegliolo 420,52044,Cortona,AR,Toscana,0575612406,0575612407,info@villabaldelli.it
Alberghi,Hotel Verde Oasi,Via Guido Rossa 18,53030,Radicondoli,SI,Toscana,0577790760,0577790570,info@verdeoasi.it
Alberghi,Mirage,Via Baracca 231,50127,Firenze,FI,Toscana,055352011,,info@hotelmirage.it
Alberghi,Regina,Via Uccelliera 9,51021,Abetone,PT,Toscana,057360007,,info@albergoregina.com
Alberghi,Antico Borgo Frosini,Via Pratantico 57,52100,Arezzo,AR,Toscana,0575 368216,,borgofrosini@gmail.com
Alberghi,Antica Dimora Johlea,Via S. Gallo 80,50142,Firenze,FI,Toscana,0554633292,0554634552,anticajohlea@johanna.it
Alberghi,Hotel Leopolda,Via Ponte Alle Mosse 65,50144,Firenze,FI,Toscana,,,hotel.leopolda@tiscalinet.it
Alberghi,Albergotto Hotel,Via Dè Tornabuoni 13,50123,Firenze,FI,Toscana,0552396464,,info@albergotto.com
Alberghi,Hotel La Villetta,Via Baldanzese 73,50041,Calenzano,FI,Toscana,0558824728,0558824728,info@hotellavilletta.it
Alberghi,Demy Hotel di Demicheli & Poli & C. Snc,Via Salucci 9,54011,Aulla,MS,Toscana,0187408370,0187422790,info@demyhotel.it
Alberghi,Miramare,Via Vittorio Veneto 35,58043,Castiglione Della Pescaia,GR,Toscana,0564933524,0564933695,info@hotelmiramare.info
Alberghi,Grotta Giusti Terme,Via Grotta Giusti 1411,51015,Monsummano Terme,PT,Toscana,057290771,05729077200,booking@grottagiustispa.com
Alberghi,Hotel Ristorante S. Elisa,Via Porta All'arco 37/41,56048,Volterra,PI,Toscana,058880034,058887284,santelisa@libero.it
Alberghi,Hotel Ristorante Pian D'ercole Resort,Via Colognolese - Montebonello 33,50065,Pontassieve,FI,Toscana,0558399578,0558395274,info@piandercoleresort.it
Alberghi,Albergo Patria,Viale Roma 56,53042,Chianciano Terme,SI,Toscana,057864506,057864506,patria@barbettihotels.it
Alberghi,Europa Hotel,Via Querceta 2,51016,Montecatini Terme,PT,Toscana,0572771851,057278575,info@hoteleuropaonline.com
Alberghi,Antica Torre,Via di Fieravecchia 7,53100,Siena,SI,Toscana,0577222255,0577222255,anticatorre@email.it
Alberghi,Hotel Il Parco,Via Strada Provinciale Spadino 154,58100,Grosseto,GR,Toscana,056424100,056424123,ilparco@gol.grosseto.it
Alberghi,Cala di Forno,Piazza Uccellina 9,58015,Orbetello,GR,Toscana,0564885573,0564886373,info@hotelcaladiforno.it
Alberghi,Cimabue,Via Bonifacio Lupi 7,50129,Firenze,FI,Toscana,055475601,0554630906,info@hotelcimabue.com
Alberghi,Camping Villaggio Europa,Località Lido,57031,Capoliveri,LI,Toscana,0565940121,0565940121,europa@elbalink.it
Alberghi,Hotel Ferdinando Ii Dè Medici,Via Del Presto 2,50122,Firenze,FI,Toscana,0552608665,0552646917,elcarcio@tin.it
Alberghi,Hotel Il Saracino,Via Lamberto Cibo 40,57032,Capraia Isola,LI,Toscana,0586905018,0586905018,hotel_saracino@tiscali.it
Alberghi,Hotel Danila Scaglieri,Località Scaglieri,57037,Portoferraio,LI,Toscana,0565969864,0565969865,info@hoteldanila.it
Alberghi,Hotel Villa Rodriguez,Località Naregno,57031,Capoliveri,LI,Toscana,0565968423,0565935024,info@villarodriguez.it
Alberghi,Albergo San Paolo,Via Ingegnoli 22,53042,Chianciano Terme,SI,Toscana,057860221,057863753,info@hotelsanpaolochianciano.it
Alberghi,Al Teatro,Via E. Mayer 42,57125,Livorno,LI,Toscana,0586278684,0586278684,info@hotelalteatro.it
Alberghi,Locanda Dell'amicizia,Via Vallebuia Seccheto,57034,Campo Nell'elba,LI,Toscana,0565987051,,info@locandadellamicizia.it
Alberghi,Eden Rock Resort Residence,Via Clemente Biondetti 7,50139,Firenze,FI,Toscana,055400331,055405990,info@edenrockresort.it
Alberghi,Hotel La Lanterna,Via Monte Bianco 2,53047,Sarteano,SI,Toscana,0578265300,0578265078,lalanterna@libero.it
Alberghi,Royal Palace,Viale Bicchierai 113,51016,Montecatini Terme,PT,Toscana,,,royalpalace@gruppobirindelli.it
Alberghi,Hotel Monna Lisa,Fonte Al Leccio 10,57030,Procchio,LI,Toscana,,0565907279,info@hotelmonnalisa.it
Alberghi,Hotel Alexandra - La Limonaia Ristorante Srl,Via Martiri 82/86,50059,Vinci,FI,Toscana,057156224,0571567972,info@hotelalexandravinci.it
Alberghi,Locanda di San Martino,Via di San Martino 14,53100,Siena,SI,Toscana,,,info@locandadisanmartinosiena.it
Alberghi,Hotel Navy,Viale Italia 231,57128,Livorno,LI,Toscana,0586 802077,0586 802077,info@hotelnavy.it
Alberghi,Albergo Da Annita,Località Terme San Giovanni,53040,Rapolano Terme,SI,Toscana,0577 725285,0577 725285,lucaptor@gmail.com
Alberghi,Albergo Ristorante Imperatore,Località Passo Viamaggio 80,52036,Pieve Santo Stefano,AR,Toscana,0575799000,0575799000,info@ristoranteimperatore.it
Alberghi,Soc. Esercizi Alberghieri Fiorentini S.e.a.f. Srl,Via Nazionale,50123,Firenze,FI,Toscana,055212462,055212463,reservations@hotelsempione.info
Alberghi,Franceschi,Via Xx Settembre 19,55042,Forte Dei Marmi,LU,Toscana,0584787114,0584787471,info@hotelfranceschi.com
Alberghi,Hotel Holiday Rooms,Via Nazionale 22,50123,Firenze,FI,Toscana,0552656666,,holidayroomsflorence@hotmail.com
Alberghi,Riva Del Sole Spa,,58043,Castiglione Della Pescaia,GR,Toscana,0564928111,0564935607,info@rivadelsole.it
Alberghi,Raffaello,Viale Morgagni 19,50134,Firenze,FI,Toscana,,,info@raffaellohotel.it
Alberghi,Hotel Sonia,Via Del Garbo 2,50134,Firenze,FI,Toscana,0554360241,0554286126,info@albergosonia.com
Alberghi,Hotel Corallo,Via Renato Fuini 30,57012,Castiglioncello,LI,Toscana,0586759010,0586759083,info@hotel-corallo.it
Alberghi,Aviotel Residence Hotel,Località La Pila,57034,Campo Nell'elba,LI,Toscana,056597961,0565979671,info@aviotel.it
Alberghi,Hotel Saint Mauritius,Via Xx Settembre 28,55042,Forte Dei Marmi,LU,Toscana,,,info@stmauritiushotel.com
Alberghi,Universo,Piazza Giglio 1,55100,Lucca,LU,Toscana,0583490354,0583490354,info@universolucca.com
Alberghi,Gestalpi Grand Hotel Golf Srl,Via Dell'edera 29,56018,Tirrenia,PI,Toscana,050957018,05032111,info@grandhotelgolf.it
Alberghi,Antica Badia,Via Pisana 33,56048,Volterra,PI,Toscana,058881600,058890749,info@anticabadia.it
Alberghi,Borgo Casato,Strada Chiantigiana 484 Sud 12,53019,Castelnuovo Berardenga,SI,Toscana,0577352002,0577352900,info@borgocasato.it
Alberghi,Hotel Il Poeta,Strada Provinciale Francesca 248,56020,Santa Maria A Monte,PI,Toscana,0587705200,0587705281,poeta@hotelilpoeta.it
Alberghi,L'ultimo Mulino,Località Vistarenni,53017,Radda In Chianti,SI,Toscana,0577738520,,mulino@chiantinet.it
Alberghi,Fi.ro. Gestioni Srl,Via Del Giglio 15,50123,Firenze,FI,Toscana,055291035,055291035,info@hotellanoce.it
Alberghi,Hotel I Portici,Roma 18,52100,Arezzo,AR,Toscana,0575403132,0575300934,info@hoteliportici.com
Alberghi,Hotel Giotto,Via Del Giglio 13,50123,Firenze,FI,Toscana,,,mfaggiano@hotmail.com
Alberghi,Hotel Luna,Via Tornaboni 17,54037,Massa,MS,Toscana,0585241472,0585241787,luna@lunahotel.net
Alberghi,Sant'andrea,Località S.andrea 53,57030,Marciana,LI,Toscana,0565908006,,santandrea@elbalink.it
Alberghi,Hotel Atlantic - Il Ristorante,Viale A. Vespucci 36,54033,Carrara,MS,Toscana,0585630018,0585788481,info@hotel-atlantic.it
Alberghi,Pitti Palace,Via Barbadori 2,50125,Firenze,FI,Toscana,0552398711,,pittipalace@vivahotels.com
Alberghi,Park Hotel,Via Roma 214,52014,Poppi,AR,Toscana,,0575529984,info@parchotel.it
Alberghi,Bologna,Via Mazzini 57,56125,Pisa,PI,Toscana,050502120,,info@albergobologna.com
Alberghi,L'andana,Località La Badiola,58043,Castiglione Della Pescaia,GR,Toscana,0564944800,0564944577,info@andana.it
Alberghi,Hotel Europa,Viale Colombo 91,55041,Camaiore,LU,Toscana,058466448,058466007,info@hoteleuropaversilia.it
Alberghi,Convitto Ecclesiastico Della Calza,Piazza Della Calza 6,50124,Firenze,FI,Toscana,055222287,055223912,calza@calza.it
Alberghi,Royal Victoria Hotel - Pisa,,56100,Pisa,PI,Toscana,,,royalvictoriahotel@pisaonline.it
Alberghi,Delta Florence,Via Vittorio Emanuele 3,50041,Calenzano,FI,Toscana,0558876302,0558874606,deltaflorence@virgilio.it
Alberghi,Rapallo,Via S.cat. D'alessandria 7,50129,Firenze,FI,Toscana,055472412,,info@hotelrapallofirenze.it
Alberghi,Stilhotel,Via Dei Colli 22,50058,Signa,FI,Toscana,0558736202,0558735815,info@stilhotel.it
Alberghi,Al Parco,Via di Chianciano 96,53047,Sarteano,SI,Toscana,0578268039,0578268791,info@tuscanytaly.com
Alberghi,Hotel Il Telamonio,Piazza Garibaldi 4,58010,Talamone,GR,Toscana,0564887008,0564887380,info@hoteliltelamonio.com
Alberghi,Apollo,Viale Carducci 76,55049,Viareggio,LU,Toscana,0584 1840440,0584 1841865,info@hotelapolloversilia.it
Alberghi,Hotel Losanna,Via Alfieri 9,50121,Firenze,FI,Toscana,,,info@albergolosanna.com
Alberghi,Sempione,Via Nazionale 15,50123,Firenze,FI,Toscana,055212462,055212463,info@hotelsempione.info
Alberghi,B&b Michela,Via Vandelli 2,55030,Vagli Sotto,LU,Toscana,0583664058,0583664058,albergomichela@libero.it
Alberghi,Bagni Lido,Via Lungomare 7,57016,Vada,LI,Toscana,0586787455,0586787455,info@hotelbagnilido.com
Alberghi,Hotel Katy,Via F. Gioia 12,55064,Viareggio,LU,Toscana,058445518,058445519,info@hotelkaty.com
Alberghi,Ardea,Via Piave 12,53042,Chianciano Terme,SI,Toscana,057863783,057863785,ardeahtl@libero.it
Alberghi,Lungarno,Vicolo Oro 5,50123,Firenze,FI,Toscana,05527261,,lungarno@lungarnohotels.com
Alberghi,Relais San Pietro In Polvano,Località Polvano 3,52043,Castiglion Fiorentino,AR,Toscana,0575650100,0575650255,info@polvano.com
Alberghi,Hotel Bretagna,Lungarno Corsini 6,50123,Firenze,FI,Toscana,055289618,055289619,info@hotelbretagna.net
Alberghi,Best Western Grand Hotel Royal,Viale Carducci 44,55049,Viareggio,LU,Toscana,058445151,,royal.lu@bestwestern.it
Alberghi,Hotel La Rotonda,Via Fiorentina 18,50064,Incisa In Val D'arno,FI,Toscana,0558330163,0558330163,dinobor@tiscali.it
Alberghi,Montebello,Via Montebello 54,51016,Montecatini Terme,PT,Toscana,057270076,057271307,info@hotelmontebello.it
Alberghi,Moderno,Via Peruzzi 19,53100,Siena,SI,Toscana,0577288453,0577270596,info@hotelmodernosiena.it
Alberghi,Villa Sabolini,Località Mensanello,53034,Colle di Val D'elsa,SI,Toscana,0577 972001,0577 972800,info@villasabolini.it
Alberghi,Adua & Regina di Saba Wellness And Beauty Snc,Viale Manzoni 46,51016,Montecatini Terme,PT,Toscana,057278134,057278138,info@hoteladua.it
Alberghi,Hotel Privilege,Lungarno Zecca Vecchia 26,50122,Firenze,FI,Toscana,0552341221,055243287,info@hotelprivilege.it
Alberghi,Albergo Sette Querce,Viale Manciati 2,53040,San Casciano Dei Bagni,SI,Toscana,057858174,057858172,info@settequerce.it
Alberghi,Cucciolo,Via Aurelia 161,57024,Donoratico,LI,Toscana,0565777264,0565777264,info@hotelcucciolo.com
Alberghi,Nuova Grosseto,Piazza Marconi 26,58100,Grosseto,GR,Toscana,0564414105,0564414105,nuovagrosseto@tin.it
Alberghi,Villa Il Borghetto - Residenza D'epoca,Via Tufi 64,53100,Siena,SI,Toscana,057744512,0577223383,info@villailborghetto.com
Alberghi,Airone Del Parco e Delle Terme,Località San Giovanni,57037,Portoferraio,LI,Toscana,0565929111,0565917484,airone@tivigest.com
Alberghi,Villa Belvedere,Via B. Castelli 3,50142,Firenze,FI,Toscana,055222501,055223163,reception@villabelvederefirenze.it
Alberghi,Parma e Oriente,Via Cavallotti 135,51016,Montecatini Terme,PT,Toscana,057272135,,info@hotelparmaeoriente.it
Alberghi,Albergo Roma,Via Matteotti 32,53021,Abbadia San Salvatore,SI,Toscana,0577777785,0577776980,albergo_roma@virgilio.it
Alberghi,Il Perseo,Località chiessi,57030,Marciana,LI,Toscana,0565906010,0565906109,info@htperseo.it
Alberghi,Montaperti Hotel,Strada Poggio Al Vento - Casanova Pansarine,53100,Siena,SI,Toscana,057736741,0577365395,info@montapertihotel.com
Alberghi,Grand Hotel Bellavista Palace & Golf,Viale Fedeli 2,51016,Montecatini Terme,PT,Toscana,057278122,057273352,bellavista@panciolihotels.it
Alberghi,Hotel Villa Maria,Via Macerina 19,53042,Chianciano Terme,SI,Toscana,057863003,,villa-maria@ftbcc.it
Alberghi,Mignon,Via Carducci 58,55042,Forte Dei Marmi,LU,Toscana,0584787494,0584787494,info@hotelmignon.it
Alberghi,Belvedere Srl,Località Casino di Terra,56040,Montecatini Val di Cecina,PI,Toscana,058836112,,info@relaisbelvedere.it
Alberghi,San Gallo Palace,Via Lorenzo Il Magnifico 2,50129,Firenze,FI,Toscana,055463871,0554638704,info@sangallopalace.com
Alberghi,Massimo,Cal. Italia 24,57037,Portoferraio,LI,Toscana,0565914766,,info@elbahotelmassimo.it
Alberghi,Hotel La Corte Dei Papi,Via La Dogana 12,52040,Montanare di Cortona,AR,Toscana,,,lacorte@technet.it
Alberghi,Borgo Scopeto Relais,Strada Comunale 14,53100,Siena,SI,Toscana,0577320001,0577320555,info@borgoscopetorelais.it
Alberghi,Hotel Miravalle,Piazza Castello 3,56028,San Miniato,PI,Toscana,0571418075,0571401968,info@albergomiravalle.com
Alberghi,Giada Lucca Srl,Via Piaggia 118,55100,Lucca,LU,Toscana,0583952600,0583952600,info@giadapalacelucca.com
Alberghi,Park Hotel I Lecci,Via Della Principessa 114,57027,San Vincenzo,LI,Toscana,,,info@ilecci.net
Alberghi,Borgo Pretale,Località Borgo Pretale,53018,Sovicille,SI,Toscana,0577345401,0577345625,info@borgopretale.it
Alberghi,Roma,Via Pisano Bonanno 111,56126,Pisa,PI,Toscana,050550578,,hotelroma@pisaonline.it
Alberghi,Best Western G.h. Adriatico,Via M. Finiguerra 9,50142,Firenze,FI,Toscana,05527931,055289661,adriatico.fi@bestwestern.it
Alberghi,Piccolo Hotel Puccini,Via Poggio 9,55100,Lucca,LU,Toscana,058353487,,info@hotelpuccini.com
Alberghi,Crismass Srl,Viale Sergio Bernardini 327,55041,Camaiore,LU,Toscana,0584619161,,info@hotelsiesta.it
Alberghi,Il Bersagliere Dip. La Pace,Roma 10,53041,Asciano,SI,Toscana,0577718629,0577710028,info@hotellapace.net
Alberghi,San Paolo,Via Ingegnoli 22,53042,Chianciano Terme,SI,Toscana,057860221,057863753,p.clausi@bcc.tin.it
Alberghi,Angela,Via Della Valle 46,53042,Chianciano Terme,SI,Toscana,057864359,057863287,info@albergoangela.com
Alberghi,Ape Elbana,Salita Cosimo Dè Medici,57037,Portoferraio,LI,Toscana,,,apelbana@elba2000.it
Alberghi,Di Murlo Dipendenza,Via Martiri di Rigosecco 1/3,53016,Casciano,SI,Toscana,0577814033,0577814243,info@albergodimurlo.com
Alberghi,Residence Golf,Via Ignazio Da Carrara 54,55042,Forte Dei Marmi,LU,Toscana,0584881360,,residencegolf@versilia.toscana.it
Alberghi,Grand Hotel,Piazza Italia 80,53042,Chianciano Terme,SI,Toscana,057863333,057862014,grand.hotel@libero.it
Alberghi,Hotel London,Viale Manin 16,55078,Viareggio,LU,Toscana,058449841,058447522,london.viareggio@tin.it
Alberghi,La Stella,Spiaggia di Seccheto,57034,Campo Nell'elba,LI,Toscana,0565987013,0565987215,info@hotellastella.it
Alberghi,Motel Santorotto,Via Trento 171,53048,Sinalunga,SI,Toscana,0577679012,,hotel@santorotto.it
Alberghi,Cristall,Via Liguria 1,53034,Colle di Val D'elsa,SI,Toscana,0577920361,0577999852,info@cristall-feri.com
Alberghi,Hotel Alba,Viale Della Libertà 288,53042,Chianciano Terme,SI,Toscana,,057860577,info@albahotel.net
Alberghi,Città,Via di Franco 32,57123,Livorno,LI,Toscana,0586883495,0586890196,info@hotelcitta.it
Alberghi,Hotel Da Giancarlo,Viale Della Libertà 37,53042,Chianciano Terme,SI,Toscana,057831230,057831230,dagiancarlo@libero.it
Alberghi,Torre Santa Flora Resort & Co.,Località Ponte Caliano 169,52100,Arezzo,AR,Toscana,0575421045,0575489607,info@torresantaflora.it
Alberghi,Hotel Trendy,Via Pistoiese 833/5,59100,Prato,PO,Toscana,0574799990,,info@trendy-online.com
Alberghi,Villaggio Camping Le Ginestre,Località Ruscello 100,52100,Arezzo,AR,Toscana,0575363566,0575366949,info@campingleginestre.it
Alberghi,Villaggio Turistico di Nisportino,Località Nisportino,57039,Rio Nell'elba,LI,Toscana,0565934908,0565934914,mailbox@caladinisportino.it
Alberghi,Arcobaleno Boutique Hotel,Via Fiorentina 32/40,53100,Siena,SI,Toscana,0577271092,0577271423,info@hotelarcobaleno.com
Alberghi,Metropole,Via Della Torretta 13,51016,Montecatini Terme,PT,Toscana,057270092,,info@hotel-metropole.it
Alberghi,Borgo Tre Rose,I Palazzi 5,53040,Montepulciano,SI,Toscana,0578724231,0578724227,borgotrerose@angelini.it
Alberghi,Torre Guelfa,Borgo Santissimi Apostoli 8,50142,Firenze,FI,Toscana,0552396338,0552398577,info@hoteltorreguelfa.com
Alberghi,Hotel Vittoria Italia,,56034,Casciana Terme,PI,Toscana,0587646138,,vittoria-italia@casciana.it
Alberghi,Albergo Milano,Via Degli Asili 48,57126,Livorno,LI,Toscana,0586219155,0586210118,albergomilano@genie.it
Alberghi,Hotel Torricelli,Via S. Biagio 2,50063,Figline Valdarno,FI,Toscana,055951424,055958481,info@hoteltorricelli.com
Alberghi,Casentino,Piazza Della Repubblica 6,52014,Poppi,AR,Toscana,0575529090,0575529067,info@albergocasentino.it
Alberghi,Rex,Via Del Litorale 164,57128,Livorno,LI,Toscana,0586580400,0586509586,info@hotelrex.it
Alberghi,Hotel Marina,Corso Mazzini 24,57126,Livorno,LI,Toscana,0586891304,0586839583,hotelmarina@hotmail.it
Alberghi,Quattro Gigli,Piazza S. Michele 1,56020,Montopoli In Val D'arno,PI,Toscana,0571466878,,info@quattrogigli.it
Alberghi,Hotel Il Cigno - Ristorante Il Cerro,Località Il Cigno,50033,Firenzuola,FI,Toscana,055812481,0558124868,ilcigno@ilcigno.it
Alberghi,Villa Alma Pace,Via Vespucci 50,57128,Livorno,LI,Toscana,0586500160,0586587126,info@almapace.it
Alberghi,Hotel Prosperi,Via Statale 445 83,50034,Minucciano,LU,Toscana,0583611380,0583611356,hotel.prosperi@tin.it
Alberghi,Hotel Sirio,Via Italica 6,55041,Camaiore,LU,Toscana,0584618047,0584617114,booking@hotelsirio.com
Alberghi,Gesmag Srl,Località Magazzini,57037,Portoferraio,LI,Toscana,0565933069,0565933408,mfede@ebacom.it
Alberghi,L'aia Residence & Soggiorno Lo Stellino,Via Fiorentina 95,53100,Siena,SI,Toscana,057751987,0577588926,lostellino@sienaholidays.com
Alberghi,Ristorante Da Domenico,Località Vertighe 634,52048,Monte San Savino,AR,Toscana,0575849300,0575844966,info@domenicohotel.com
Alberghi,Leopoldo,,57016,Castiglioncello,LI,Toscana,0586754791,,hotelleopoldo@tin.it
Alberghi,Hotel Milano - Pisa,,56100,Pisa,PI,Toscana,,,hotelmilano@pisaonline.it
Alberghi,La Balestra Srl,Via Dei Montefeltro 29,52037,Sansepolcro,AR,Toscana,0575735151,0575740282,balestra@labalestra.it
Alberghi,La Locanda Del Molino,Località Montanare,52044,Cortona,AR,Toscana,0575614192,0575614054,l.locandadelmolino@tin.it
Alberghi,Hotel Arcangelo Sas,Via F. Carrrara 23,55049,Viareggio,LU,Toscana,058447123,,info@hotelarcangelo.com
Alberghi,Hotel Attico,Via Manzoni 14,53042,Chianciano Terme,SI,Toscana,057860738,0578654640,info@hotelattico.com
Alberghi,Relais Ristorante Il Falconiere & Spa,Località S. Martino A Bocena 370,52044,Cortona,AR,Toscana,0575612616,0575612927,info@ilfalconiere.it
Alberghi,Columbus Srl,Lungarno C. Colombo 22/a,50136,Firenze,FI,Toscana,055677251,055669100,info@hotelcolumbus.it
Alberghi,Hotel La Vedetta,Via Della Lecceta 5,57128,Livorno,LI,Toscana,0586579957,0586579957,info@villalavedetta.com
Alberghi,Relais Il Falconiere,Localita S. Martino 370,52044,Cortona,AR,Toscana,0575612927,0575612679,falconiere@relaischateaux.com
Alberghi,Hotel Cappelli - Croce di Savoia,Viale Bicchierai 139,51016,Montecatini Terme,PT,Toscana,057271151,,hotelcappelli@italway.it
Alberghi,London,Viale Manin 16,55049,Viareggio,LU,Toscana,,,info@hotellondon.it
Alberghi,La Scheggia,Località La Scheggia 92,52031,Anghiari,AR,Toscana,,,info@caselascheggia.it
Alberghi,Albergo Imperiale,Via Carlo Bini 26,57126,Livorno,LI,Toscana,0586881326,0586881189,info@albergoimperiale.it
Alberghi,Hotel Ristorante Da Graziano di Colibazzi Adelina & C. Snc,Via Matteotti 39/a,53037,San Gimignano,SI,Toscana,0577940101,0577940655,hotelgraziano@cybermarket.it
Alberghi,Le Rose,Viale Adua 89,51100,Pistoia,PT,Toscana,057320785,,hotel@lerose.it
Alberghi,Hotel Bonifacio,Via Bonifacio Lupi 21,50129,Firenze,FI,Toscana,0554627133,0554627133,hbf.florence@hotelbonifacio.it
Alberghi,Hotel Annunziata,Via Villafranca 4,54100,Massa,MS,Toscana,058541023,0585810025,htlannunziat@infinito.it
Alberghi,Hotel Flora,Via Mencattelli 40,53042,Chianciano Terme,SI,Toscana,057863449,057862135,info@albergoflora.it
Alberghi,Hotel K2,Del Laghetto 15,53021,Abbadia San Salvatore,SI,Toscana,0577778609,0577773838,hotelk2@hotelk2.net
Alberghi,Paradiso Verde,Piazza Del Forte 1,57020,Bibbona,LI,Toscana,0586600022,0586600022,info@hotelparadisoverde.it
Alberghi,Villa I Cancelli,Via Incontri 21,50142,Firenze,FI,Toscana,0554226001,0554226037,villacancelli@alice.it
Alberghi,Grand Hotel Serre,Raccordo Austostradale Siena - Bettolle,53040,Rapolano Terme,SI,Toscana,05777047775,0577704780,mail@hotelserre.it
Alberghi,Belmare,Via Versilia 40,55045,Marina di Pietrasanta,LU,Toscana,0584745553,,info@belmarehotel.it
Alberghi,Abitalia Tower Plaza,Via Caduti Del Lavoro 46,56128,Pisa,PI,Toscana,050 7846444,050 7846445,booking@abitaliatowerplaza.com
Alberghi,La Foresteria,Raccordo Siena - Bettolle 193,53048,Sinalunga,SI,Toscana,0577623319,,info@albergolaforesteria.com
Alberghi,Brigantino,,57030,Marciana,LI,Toscana,0565907453,0565907994,brigantino@elbalink.it
Alberghi,Hotel Croce di Malta,Via Della Scala 7,50123,Firenze,FI,Toscana,,,croce.malta@crocedimalta.it
Alberghi,Best Western Raffaelli Park Hotel,Via Mazzini 37,55042,Forte Dei Marmi,LU,Toscana,,,raffaelli.lu@bestwestern.it
Alberghi,Ristorante Mauro di Biondi Roberto & C. Snc,Via Roma 223,54012,Tresana,MS,Toscana,0187477160,0187477160,ristorantemauro@libero.it
Alberghi,Europa,Via M. Pagani 2/4,50035,Palazzuolo Sul Senio,FI,Toscana,0558046011,0558046011,info_hoteleuropa@hotmail.com
Alberghi,Hotel Margherita,Viale Lombardia 2,53042,Chianciano Terme,SI,Toscana,057862667,057863396,alb.margherita@virgilio.it
Alberghi,Riva Dei Cavalleggeri,Via Cavalleggeri Nord 12,57020,Bibbona,LI,Toscana,0586600261,,hotel@cavalleggeri.it
Alberghi,Hotel Speranza,Via Cavour 24,56034,Casciana Terme,PI,Toscana,0587646215,0587646000,lasperanza@casciana.it
Alberghi,Hotel Da Sileoni,Via Dei Marinai 19,57023,Cecina,LI,Toscana,0586 620791,0586 622537,info@hotelsileoni.it
Alberghi,Garden Club,Via Della Principessa Km 17.5,57027,San Vincenzo,LI,Toscana,0565705225,0565705225,info@gardenclubtoscana.com
Alberghi,Albergo Aurora di Barbafiera Paolo,Via Bandiera 15/19,58043,Castiglione Della Pescaia,GR,Toscana,0564933718,0564934358,info@aurora-albergo.it
Alberghi,Hotel Adriana,Via Amerigo Vespucci 89,55076,Viareggio,LU,Toscana,058449489,0584434007,info@hoteladrianaviareggio.com
Alberghi,Grand Hotel Croce di Malta,Viale Iv Novembre 18,51016,Montecatini Terme,PT,Toscana,05729201,0572767516,info@crocedimalta.com
Alberghi,Golfo,Via Buozzi 6,58022,Follonica,GR,Toscana,0566 40129,0566 40129,info@albergogolfo.it
Alberghi,Candia,Via Tevere 125,53042,Chianciano Terme,SI,Toscana,057864483,057864282,info@candiaresidence.it
Alberghi,Ac Hotel Firenze,Via Luciano Bausi 5,50144,Firenze,FI,Toscana,0553120111,0553120112,acfirenze@ac-hotels.com
Alberghi,Lucignanello Bandini,Località Lucignano D'asso,53020,San Giovanni D'asso,SI,Toscana,0577803068,0577803082,piccolomini@abitarelastoria.it
Alberghi,Il Castelluccio,Via Arno 5,54100,Massa,MS,Toscana,0585 243912,0585 243912,rtailcastelluccio@live.it
Alberghi,Hotel I 4 Assi,Via Leonardo Da Vinci 58,55060,Viareggio,LU,Toscana,058445089,058446365,info@hotel4assi.it
Alberghi,Residenza Turistico Alberghiera Corallo,Via Nazario Sauro 1,58100,Castiglione Della Pescaia,GR,Toscana,0564933668,0564936268,info@residence-corallo.it
Alberghi,Hotel Villa Basilewsky,Via Cantamaggio 20,51024,Cutigliano,PT,Toscana,057368671,057368823,direzione@hotelbasilewsky.com
Alberghi,Villa Etrusca,Viale Degli Etruschi 15/19,57034,Campo Nell'elba,LI,Toscana,0565976363,,info@hotelvillaetrusca.it
Alberghi,Hotel Villa Casagrande Srl,Via Castel Guinelli 84,50063,Figline Valdarno,FI,Toscana,0559544851,0559544322,info@villacasagrande.it
Alberghi,Tarabella,Via Versilia 13/b,55042,Forte Dei Marmi,LU,Toscana,0584787070,,matteo@tarabellahotel.it
Alberghi,Albergo Locanda Laudomia,Strada Provinciale Delle Collacchie,58014,Manciano,GR,Toscana,0564620013,0564620062,locandalaudomia@tiscali.it
Alberghi,Stella,Piazza Garibaldi 16,56034,Casciana Terme,PI,Toscana,0587646221,,info@albergostella.it
Alberghi,Il Corallo,Viale Roma 299,55045,Pietrasanta,LU,Toscana,0584 267161,0584 747208,rusmini.silvia@gmail.com
Alberghi,Hotel San Giorgio,Via Trieste 23,51016,Montecatini Terme,PT,Toscana,057278433,057274833,sangiorgio.hotel@tin.it
Alberghi,Residenza Torre di Cala Piccola,Località Cala Piccola Porto,58019,Santo Stefano,GR,Toscana,,,info@torredicalapiccola.com
Alberghi,River,Lungarno Della Zecca Vecchia 18,50142,Firenze,FI,Toscana,0552343529,0552343531,river@lhphotels.com
Alberghi,Villurbana,Via Della Chiesa 334,55100,Lucca,LU,Toscana,,,villurbana.lucca@gmail.com
Alberghi,Albergo Casale Le Torri,Via Peschiera 4,56038,Ponsacco,PI,Toscana,0587 733713,0587 734252,info@casaleletorri.191.it
Alberghi,Albergo Da Paola,Via Romea 24,55011,Altopascio,LU,Toscana,0583276453,,info@hotelpaolalucca.it
Alberghi,Monna Lisa,Via Lamporecchiana 27/29,50059,Vinci,FI,Toscana,057156266,0571567913,info@hotelmonnalisavinci.it
Alberghi,Hotel Dora,Via Apuana 3/f,54033,Carrara,MS,Toscana,058570634,,info@hotel-dora.it
Alberghi,Hotel Al Parco,Via di Chianciano 96,53047,Sarteano,SI,Toscana,0578 268039,,info@nocetorta.it
Alberghi,Hotel Botticelli,Via Taddea 8,50123,Firenze,FI,Toscana,055290905,055294322,info@hotelbotticelli.it
Alberghi,Piccolo Hotel,Via Montecristo 7,58043,Castiglione Della Pescaia,GR,Toscana,0564937081,0564932566,piccolo_hotel@virgilio.it
Alberghi,Primula,Via Brennero 195,51021,Abetone,PT,Toscana,057360108,057360254,albergoprimula@abetone.com
Alberghi,Hotel Concordia,Via Della Salute 16,51016,Montecatini Terme,PT,Toscana,057278928,0570274865,info@hotel-concordia.net
Alberghi,Palazzo Tucci,Via Cesare Battisti 13,55100,Lucca,LU,Toscana,0583 464279,0583 463233,info@palazzotucci.com
Alberghi,Hotel La Locanda,Via Guarnacci 24/28,56048,Volterra,PI,Toscana,,,staff@hotel-lalocanda.com
Alberghi,Cavallotti,Viale Cavallotti 103,51016,Montecatini Terme,PT,Toscana,057278465,,info@hotelcavallotti.it
Alberghi,Villa Ada,Via Apiciana 281,51028,San Marcello Pistoiese,PT,Toscana,057366034,057366034,info@villaadahotel.it
Alberghi,San Gallo Palace,Via Finiguerra 9,50123,Firenze,FI,Toscana,0552381781,,info@hoteladriatico.it
Alberghi,Borgo La Filetta,Strada Statale 223 Al Km 56,53018,Sovicille,SI,Toscana,0577342001,0577817464,info@borgodifiletta.com
Alberghi,Le Ginestre,Località Poggio Alle Calle,58014,Manciano,GR,Toscana,0564601024,,leginestre@ftbcc.it
Alberghi,Piccolo Hotel,Via S. Gallo 51,50142,Firenze,FI,Toscana,055475519,055474515,info@piccolohotelfirenze.com
Alberghi,Da Pilade Residence Hotel,Località Mola,57031,Capoliveri,LI,Toscana,,0565968926,info@hoteldapilade.it
Alberghi,Albergo Bologna Srl,Via Mazzini 57,56125,Pisa,PI,Toscana,050502120,05043070,info@hotelbologna.pisa.it
Alberghi,Touring,Via Puccini 24,56125,Pisa,PI,Toscana,05046374,,info@hoteltouringpisa.com
Alberghi,La Foresta,Via Roma 27,52017,Stia,AR,Toscana,0575 504650,,laforestahotel@gmail.com
Alberghi,Manuela,Via G.cesare 25,54038,Montignoso,MS,Toscana,0585309071,0585309071,info@hotelmanuela.net
Alberghi,Hotel Moderno - Pisa,,56100,Pisa,PI,Toscana,,,hotelmoderno@pisaonline.it
Alberghi,Palio,Via Pavia 19,53045,Montepulciano,SI,Toscana,0578738236,,una.montepulcianoest@unawayhotels.it
Alberghi,Toscana Verde Hotel Residence Aparthotel,Via La Penna 2,52020,Laterina,AR,Toscana,057589570,0575895750,info@toscanaverde.com
Alberghi,Cecco,Corso Italia 215,52100,Arezzo,AR,Toscana,057520986,0575356730,info@hotelcecco.com
Alberghi,Hotel La Rosa Dei Venti,Via Aurelia Sud 108/109,58010,Albinia,GR,Toscana,0564870143,0564871754,info@la-rosa-dei-venti.it
Alberghi,Borghese Palace Art Hotel,Via Ghibellina 174/r,50122,Firenze,FI,Toscana,055284363,0552302099,info@borghesepalace.it
Alberghi,Borgo La Bagnaia,Strada Statale 223 Km 12,53016,Bagnaia,SI,Toscana,0577813000,0577817464,info@borgolabagnaia.com
Alberghi,Hotel Yacht Club,Via Aldo Moro,57033,Marciana Marina,LI,Toscana,,0565904465,yachtclub@elbalink.it
Alberghi,Hotel Buonarroti 79,Via Buonarroti 79,55093,Viareggio,LU,Toscana,0584962345,0584962345,info@hotelbuonarroti.it
Alberghi,Resid.turist.alberg. Elba Golf Of Acquabona,Località Acquabona,57037,Portoferraio,LI,Toscana,0565 940180,0565 940621,info@elba-golf-apartments.it
Alberghi,Rutiliano Albergo,Via Della Madonnina 18,53026,Pienza,SI,Toscana,0578749408,0578749409,info@albergorutiliano.it
Alberghi,Grand Hotel Vallombrosa,Via G. Carducci 2,50060,Reggello,FI,Toscana,055862012,055862035,info@vallombrosalberghi.it
Alberghi,Bristol,Via Delle Felci 38,56128,Tirrenia,PI,Toscana,05037161,,bristol@bristol.it
Alberghi,Principe,Lungarno Amerigo Vespucci 34,50142,Firenze,FI,Toscana,055284848,055283458,info@hotelprincipe.com
Alberghi,Hotel Foresteria Volterra,Borgo San Lazzero,56048,Volterra,PI,Toscana,058880050,058885771,info@foresteriavolterra.it
Alberghi,Villa Rigacci,Via Vaggio Rigacci 76,50066,Reggello,FI,Toscana,0558656718,0558656537,hotel@villarigacci.it
Alberghi,Gabbiano Azzurro Due,Viale Amedeo 94,57033,Marciana Marina,LI,Toscana,,0565997034,info@gabbianoazzurrodue.it
Alberghi,Hotel Biodola,Via Biodola 21,57037,Portoferraio,LI,Toscana,0565974812,0565969852,biodola@elbalink.it
Alberghi,Londra,Via J. Da Diacceto 18,50123,Firenze,FI,Toscana,055210682,055210682,info@hotellondra.com
Alberghi,Hotel Villa Giorgia,Via Bolognese 164,51100,Pistoia,PT,Toscana,057348422,05730991,info@villa-giorgia.com
Alberghi,Hotel Home Florence,Piazza Piave 3,50122,Firenze,FI,Toscana,055243668,0552009852,info@hhflorence.it
Alberghi,Hotel Paola,Viale Della Libertà 132,53042,Chianciano Terme,SI,Toscana,057864696,057864696,pensionepaola@libero.it
Alberghi,Alberghi di Pisa e Provincia,,56100,Pisa,PI,Toscana,,,hotels@pisaonline.it
Alberghi,Hotel Rinascente,Viale Baccelli 119,53042,Chianciano Terme,SI,Toscana,,057863865,hotelrinascente@libero.it
Alberghi,Villa Marzia,Via Corridoni 1,55045,Marina di Pietrasanta,LU,Toscana,058420307,,v.marzia@versilia.toscana.it
Alberghi,Albergo Andreina,Località La Cala 6,57033,Marciana Marina,LI,Toscana,0565 908150,0565 908150,hotelandreina@infinito.it
Alberghi,Hotel Gallery,Vicolo Dell'oro 5,50100,Firenze,FI,Toscana,05527263,055268557,gallery@lungarnohotels.com
Alberghi,Albergo Vittoria,Via Roma 55/57,50028,Tavarnelle Val di Pesa,FI,Toscana,0558076180,0558076180,info@albergovittoria.it
Alberghi,Lo Scirocco,Località Fetovaia,57034,Campo Nell'elba,LI,Toscana,0565988033,,loscirocco@fetovaia.it
Alberghi,Residenza Johlea,Via S. Gallo 76,50142,Firenze,FI,Toscana,0554633292,0554634552,johlea@johanna.it
Alberghi,San Lorenzo e Santa Caterina,Località S.lorenzo 6,51017,Pescia,PT,Toscana,0572408340,,s.lorenzo@rphotels.com
Alberghi,Hotel Noemi,Via Brennero 244,51021,Abetone,PT,Toscana,057360168,0573606705,pensionenoemiabetone@libero.it
Alberghi,Grand Hotel Continental - Tirrenia Pisa,,56100,Pisa,PI,Toscana,,,grandhotelcontinental@pisaonline.it
Alberghi,Borgo Palace Hotel,Via Senese Aretina 80,52037,Sansepolcro,AR,Toscana,0575736050,0575740341,palace@borgopalace.it
Alberghi,Italia,Via Ghibellina 5,52044,Cortona,AR,Toscana,0575605763,0575630564,hotelitalia@planhotel.com
Alberghi,Hotel Residence Roccamare,Strada Delle Rocchette 1,58043,Castiglione Della Pescaia,GR,Toscana,0564941124,,info@roccamare.it
Alberghi,Hotel Il Patriarca,Strada Statale146,53043,Chiusi,SI,Toscana,,,info@ilpatriarca.it
Alberghi,Hotel Annabella,Via Fiume 5,50123,Firenze,FI,Toscana,055281877,0552396814,info@hotelannabella.it
Alberghi,Hotel L'antico Pozzo,Via San Martino 87,53037,San Gimignano,SI,Toscana,,0577942117,info@anticopozzo.com
Alberghi,Hotel Garden,Via Foscolo 70,55055,Viareggio,LU,Toscana,058444025,058445445,hotelgarden.vg@libero.it
Alberghi,Carpe Diem,Viale Via Da Filicaia 67,50050,Montaione,FI,Toscana,0571697888,0571697603,hotel.carpediem@inwind.it
Alberghi,Bel Tramonto,Località lido di Capoliveri,57036,Porto Azzurro,LI,Toscana,0565940192,,info@beltramonto.it
Alberghi,Hotel Minerva Palace,Via Cavour 14,51016,Montecatini Terme,PT,Toscana,0572904406,057278629,info@hotelminervapalace.it
Alberghi,Hotel Del Mare Lorenza,Località Cavoli,57034,Marina di Campo,LI,Toscana,,0565987080,lorenza@tin.it
Alberghi,Tirreno,Viale Morin 7,55042,Forte Dei Marmi,LU,Toscana,0584787444,,info@hoteltirreno.fortedeimarmi.it
Alberghi,Grand Hotel Nizza Et Suisse,Viale Verdi 72,51016,Montecatini Terme,PT,Toscana,,,info@grandhotelnizza.it
Alberghi,Versilia Palace,Viale Roma 27,55044,Marina di Pietrasanta,LU,Toscana,0584745848,058423382,versiliapalace@remarhotels.com
Alberghi,Hotel Beatrice,Via Fiume 11,50100,Firenze,FI,Toscana,055216790,055280711,info@hotelbeatrice.it
Alberghi,Belvedere,Via S.giovanni Gualberto 28,50066,Reggello,FI,Toscana,055862016,,valdarno.incoming@tin.it
Alberghi,Alassio,Via Dell'angiolo 20,51016,Montecatini Terme,PT,Toscana,057279415,0572766607,info@hotelalassio.it
Alberghi,Hotel Desiree Snc,Via Fiume 20,50123,Firenze,FI,Toscana,0552382382,055291439,info@desireehotel.com
Alberghi,Villa San Michele,Via Doccia 4,50014,Fiesole,FI,Toscana,0555678200,0555678250,info@villasanmichele.net
Alberghi,Pietrasanta,Via Garibaldi 35,55045,Pietrasanta,LU,Toscana,0584793726,0584793728,info@albergopietrasanta.com
Alberghi,Torre di Bellosguardo,Via Roti Michelozzi 2,50142,Firenze,FI,Toscana,0552298145,055229008,info@torrebellosguardo.com
Alberghi,Hotel Posta,Via Ugo Foscolo 50,53045,Montepulciano,SI,Toscana,,057863048,info@htlposta.it
Alberghi,Rosary Garden Hotel Srl,Via Ripoli 169,50126,Firenze,FI,Toscana,0556800136,,info@rosarygarden.it
Alberghi,Grand Hotel Baglioni,Piazza Unità Italiana 6,50123,Firenze,FI,Toscana,05523580,05523588895,info@hotelbaglioni.it
Alberghi,Casanova,,53027,San Quirico D'orcia,SI,Toscana,0577898177,,info@residencecasanova.it
Alberghi,Villa Wanda,Località generinco,57036,Porto Azzurro,LI,Toscana,0565940025,,info@hotelvillawanda.com
Alberghi,Residence Stella,Via Padova 4,54100,Massa,MS,Toscana,0585 241102,0585 241102,info@residencestella.com
Alberghi,Pensione Verde Luna,Via Banti 1,58015,Orbetello,GR,Toscana,0564867451,0564862378,albergoverdeluna@netscape.net
Alberghi,Viva Hotel Capitol,Viale Amendola 34,50121,Firenze,FI,Toscana,0552343201,0552345925,capitol@vivahotels.com
Alberghi,Orto Dè Medici,Via S.gallo 30,50129,Firenze,FI,Toscana,055483161,,hotel@ortodeimedici.it
Alberghi,Park Hotel Regina,Viale Umberto I 157,55022,Bagni di Lucca,LU,Toscana,0583805508,,info@coronaregina.it
Alberghi,Hotel Bali,Via Leonardo Da Vinci 41,55075,Viareggio,LU,Toscana,058448929,058448929,hotelbali@tin.it
Alberghi,Degli Ulivi,Via Lombardi 41,53100,Siena,SI,Toscana,05775755,0577332409,info@hoteldegliulivi.it
Alberghi,Arti & Hotel,Via Dei Servi 38/a,50122,Firenze,FI,Toscana,0552678553,055290140,info@artiehotel.it
Alberghi,Hotel Continentale Srl,Piazza Guido Monaco 7,52100,Arezzo,AR,Toscana,057520251,0575350485,prenotazioni@hotelcontinentale.com
Alberghi,Il Chiostro Del Carmine,Via Diana 4,53100,Siena,SI,Toscana,0577223885,0577222556,info@chiostrodelcarmine.com
Alberghi,Hotel Adriana Snc,Via Serdini 76,53021,Abbadia San Salvatore,SI,Toscana,0577778116,0577777177,hoteladriana@alice.it
Alberghi,Terme di Saturnia,Via Delle Terme 1,58014,Manciano,GR,Toscana,0564600111,,info@termedisaturnia.it
Alberghi,Iselba Residence Hotel,,57034,Campo Nell'elba,LI,Toscana,0565977123,0565977710,info@iselba.it
Alberghi,Grand Hotel Excelsior,Via Sant'agnese 6,53042,Chianciano Terme,SI,Toscana,057864351,057863214,direzione@grandhotelexcelsior.it
Alberghi,Hotel Lupori,Via Galvani 9,55092,Viareggio,LU,Toscana,0584962266,0584962267,info@luporihotel.it
Alberghi,La Viareggina,Via F.gioia 25,55049,Viareggio,LU,Toscana,0584 583203,0584 583203,laviareggina@gmail.com
Alberghi,Regina,Via Torino 6,55042,Forte Dei Marmi,LU,Toscana,0584787451,,h.regina@libero.it
Alberghi,Hotel Maestoso,Viale Puccini 63,51016,Montecatini Terme,PT,Toscana,057278214,057278216,maestoso@hotelmaestoso.it
Alberghi,Villa Carlotta,Via Michele di Lando 3,50142,Firenze,FI,Toscana,0552336134,0552336147,info@hotelvillacarlotta.it
Alberghi,Hotel La Fortezza,Viale Milton 95,50129,Firenze,FI,Toscana,05546391,,info@lafortezzahotel.it
Alberghi,Hotel Da Elisa Alle Sette Arti,Via Elisa 25,55100,Lucca,LU,Toscana,0583494539,0583471609,info@daelisa.com
Alberghi,Hotel Eco Del Mare,Via Verona 1,54037,Massa,MS,Toscana,0585245200,0585245262,info@hotelecodelmare.it
Alberghi,Hotel Alba,Via Cristoforo Colombo 23,55044,Marina di Pietrasanta,LU,Toscana,,,info@lalbahotel.it
Alberghi,Hotel Belvedere,Via Giuseppe Giusti 32,55079,Viareggio,LU,Toscana,058450277,0584699917,info@belvedere-albergo.com
Alberghi,Hotel Il Delfino di Frati Duilio,Via C. Colombo 15,57027,San Vincenzo,LI,Toscana,0565701179,0565701383,info@hotelildelfino.it
Alberghi,Belvedere,Viale Fedeli 10,51016,Montecatini Terme,PT,Toscana,057270251,057270252,belve@bk1.it
Alberghi,Hotel Granduca Srl,Via Senese 170,58100,Grosseto,GR,Toscana,05644538334l,0564453843,info@hotelgranduca.com
Alberghi,Hotel Barberino Srl,Via Del Lago 17,50031,Barberino di Mugello,FI,Toscana,0558420051,0558420432,info@hotelbarberino.it
Alberghi,Hotel Del Chianti,Piazza Matteotti 86,50022,Greve In Chianti,FI,Toscana,,,info@albergodelchianti.it
Alberghi,Bosco,Via C. Marchesi 83,53042,Chianciano Terme,SI,Toscana,057864307,057863123,info@hotelbosco.it
Alberghi,Hotel Relais - I Presidi Spa,Via Delle Mura di Levante 34,58015,Orbetello,GR,Toscana,0564867601,0564860432,info@ipresidi.com
Alberghi,Hotel Giulio,Via Spartaco Lavagnini 70,51031,Agliana,PT,Toscana,0574718180,0574719155,albergo.giulio@virgilio.it
Alberghi,Eden Park Hotel,Via Pian di Mezzo 917,57034,Marina di Campo,LI,Toscana,0565976285,0565976071,info@hoteledenpark.it
Alberghi,Hotel Villa Rosy,Viale Marconi 315,55087,Viareggio,LU,Toscana,0584341350,0584354141,info@villarosy.net
Alberghi,Le Fontanelle,Strada Provinciale 408 Al Km 14.7,53019,Castelnuovo Berardenga,SI,Toscana,057735751,0577357555,info@hotelfontanelle.com
Alberghi,Hotel Firenze,Via Curtatone e Montanara 42,51100,Pistoia,PT,Toscana,057323141,057323141,info@hotel-firenze.it
Alberghi,Locanda Vesuna,Località Sant'ambrogio,53020,Trequanda,SI,Toscana,0577 665318,0577 665319,locandavesuna@virgilio.it
Alberghi,Hotel Villa Marta,Via Del Ponte Guasperini 873,55100,Lucca,LU,Toscana,,,info@albergovillamarta.it
Alberghi,Hotel Sogno,Via Vespucci 125,55054,Viareggio,LU,Toscana,058444021,058430359,hotel-sogno@libero.it
Alberghi,Villa Tramonto,Via Sirena 16,57027,San Vincenzo,LI,Toscana,0565706900,0565706900,info@villatramonto.com
Alberghi,Hotel Italia,Via Ghibellina 7,52044,Cortona,AR,Toscana,,,hotel.italia@technet.it
Alberghi,Hotel Maremma,Via Fulceri De Calboli 11,58100,Grosseto,GR,Toscana,056422293,056422051,hotelmaremma@tin.it
Alberghi,Relais Delle Picchiaie,Località Le Picchiaie,57037,Portoferraio,LI,Toscana,,,mail@relaisdellepicchiaie.it
Alberghi,La Cantina di Carignano,,55100,Lucca,LU,Toscana,0583329618,0583329848,info@hotelcarignano.it
Alberghi,Hotel Ariston,Piazza Della Repubblica 11,57123,Livorno,LI,Toscana,0586880149,0586880149,info@hotelaristonlivorno.com
Alberghi,Hotel Dei Cavalieri Pisa Pontedera,Area di Servizio Gello,56025,Pontedera,PI,Toscana,0587736088,0587735175,pontedera@hoteldeicavalieri.com
Alberghi,Mediterraneo,Via Catalani 52,55045,Marina di Pietrasanta,LU,Toscana,0584746926,,volovia@hotmail.com
Alberghi,Hotel Borgo Sant'ippolito,Via Chiantigiana 268,50055,Lastra A Signa,FI,Toscana,0558713423,0558713624,info@borgosantippolito.it
Alberghi,Hotel Scoti,Via Tornabuoni 7,50100,Firenze,FI,Toscana,055292128,055292128,hotelscoti@hotmail.com
Alberghi,Phalesia,Via Paolo Vannucci 4,57025,Piombino,LI,Toscana,0565224325,0565224325,phalesia@tin.it
Alberghi,Albergo Ristorante Da Filiè,Via Asilo 54,55047,Seravezza,LU,Toscana,0584769087,0584769088,info@hoteldafilie.it
Alberghi,Hotel Amelia,Via Per Montagnana 83,51030,Marliana,PT,Toscana,0572619002,0572619058,info@albergoamelia.it
Alberghi,Annunziata,Via Villafranca 4,54100,Massa,MS,Toscana,0585810025,,htlannunziata@infinito.it
Alberghi,Hotel Palazzo Mannaioni,Via Marconi 2,50050,Montaione,FI,Toscana,,,info@unapalazzomannaioni.it
Alberghi,Residence Porta Al Prato,Via Ponte Alle Mosse 16,50144,Firenze,FI,Toscana,055354951,055354956,info@portaalprato.com
Alberghi,Hotel Da Lea,Via Batignanese 111/113,58100,Roselle Terme,GR,Toscana,0564402234,0564403868,info@albergolea.it
Alberghi,Starhotels Michelangelo,Viale F.lli Rosselli 2,50123,Firenze,FI,Toscana,0552784,0552382232,michelangelo.fi@starhotels.it
Alberghi,Luca,Via Piave 37,53042,Chianciano Terme,SI,Toscana,057863964,057863964,info@hotelvillaluca.it
Alberghi,Albergo Ristorante Da Marino,Località Masseto 21/b,50068,Rufina,FI,Toscana,0558397030,0558397566,info@albergoristorantedamarino.com
Alberghi,Hotel Il Convento,Via San Quirico 33,51100,Pistoia,PT,Toscana,0573452652,0573453578,info@ilconventohotel.it
Alberghi,Hotel Monica,Via Faenza 66,50123,Firenze,FI,Toscana,055283804,055281706,info@hotelmonicaflorence.com
Alberghi,Massimo,Via Zaccaria 3,57023,Cecina,LI,Toscana,0586620216,,info@hotelmassimo.it
Alberghi,Centrale,Piazza G. Verdi 2,57025,Piombino,LI,Toscana,0565220188,0565220220,info@hotel-centrale.net
Alberghi,Parco Delle Cale,Località Puntone,58020,Scarlino,GR,Toscana,0566867009,,info@parcodellecale.it
Alberghi,Villaggio Campeggio La Finoria,Via Monticello 66,58023,Gavorrano,GR,Toscana,0566846248,0566844381,info@campeggiolafinoria.it
Alberghi,Mirabeau,Viale Morin Ammiraglio 135,55042,Forte Dei Marmi,LU,Toscana,0584787561,0584787561,info@hotelmirabeau.it
Alberghi,Camping Villaggio Del Forte,Via Dei Platani 58,57020,Bibbona,LI,Toscana,0586600155,0586600123,campeggiodelforte@campeggiodelforte.it
Alberghi,Monteriggioni,Via I Maggio 4,53035,Monteriggioni,SI,Toscana,0577305009,0577305011,info@hotelmonteriggioni.net
Alberghi,Il Poggiaccio Sas - Residence,Strada Statale Maremmana 541,53018,Sovicille,SI,Toscana,0577344030,0577345466,info@borgoilpoggiaccio.it
Alberghi,Hotel Airone Del Parco & Delle Terme,Località S. Giovanni,57037,Portoferraio,LI,Toscana,0565929111,0565917484,info@hotelairone.info
Alberghi,Albergo Celide,Viale Giusti Giuseppe 25,55100,Lucca,LU,Toscana,0583954106,0583954304,info@albergocelide.it
Alberghi,Posta,Piazza Gramsci 12,57023,Cecina,LI,Toscana,0586680724,,info@postahotel.it
Alberghi,Hotel Melini,Via Nazionale 78,51027,Pistoia,PT,Toscana,0573490026,0573490000,info@albergomelini.com
Alberghi,Hotel Franchi,Via G. Sgambati 28,50127,Firenze,FI,Toscana,055315425,055315563,info@hotelfranchi.it
Alberghi,La Melosa Resort,Località Roccastrada,58036,Roccastrada,GR,Toscana,0564563349,0564563289,info@lamelosa.it
Alberghi,My One Hotel Radda,Località La Calvana 138,53017,Radda In Chianti,SI,Toscana,057773511,0577738284,radda@myonehotel.it
Alberghi,Le Monache,Piazza Xxiv Maggio 36,55041,Camaiore,LU,Toscana,0584984282,,lemonache@caen.it
Alberghi,Massimo,Via Roma 23,55049,Viareggio,LU,Toscana,0584407484,,info@hotel-massimo.com
Alberghi,Fonteverde Natural Spa Resort - San Casciano,Località Terme 1,53040,San Casciano Dei Bagni,SI,Toscana,057857241,0578572200,info@fonteverdespa.com
Alberghi,Santa Chiara,Via Dei Colli 50,53042,Chianciano Terme,SI,Toscana,057863312,,hchiara@libero.it
Alberghi,Hotel Adler Thermae Spa & Wellness Resort,Località Bagno Vignoni,53027,San Quirico D'orcia,SI,Toscana,0577889000,0577889999,info@adler-thermae.com
Alberghi,Pensione La Scala,Via Della Scala 21,50123,Firenze,FI,Toscana,055212629,0552678646,pensionelascala@yahoo.it
Alberghi,Blumaremma Residenza Turistico Alberghiera,Via Maroncelli 11,58100,Grosseto,GR,Toscana,0564337838,0564337840,info@blumaremma.it
Alberghi,Cala Del Porto,Cala Del Pozzo,58040,Castiglione Della Pescaia,GR,Toscana,0564922455,0564920716,info@hotelcaladelporto.com
Alberghi,Hotel Europa,Via Dell'angiolo 23,57123,Livorno,LI,Toscana,,0586880085,hoteleuropalivorno@libero.it
Alberghi,Hotel Ristorante La Caletta,Via Civinini - Porto Santo Stefano 10,58019,Monte Argentario,GR,Toscana,0564812939,0564817506,info@hotelcaletta.it
Alberghi,Hotel La Bitta,Via Duca Della Vittoria 23,55044,Marina di Pietrasanta,LU,Toscana,058421269,,info@hotellabitta.com
Alberghi,Hotel Pensione Dina,Via Statale Mammianese 75,51020,Piteglio,PT,Toscana,0573672758,0573672758,pensione.dina@alice.it
Alberghi,Forum,Via Farniole 37,52045,Foiano Della Chiana,AR,Toscana,057564071,05756407444,info@hotelforum.biz
Alberghi,Augustus,Viale Morin 169,55042,Forte Dei Marmi,LU,Toscana,0584787200,0584787102,augustus@versilia.toscana.it
Alberghi,Locanda L'elisa,Via Nuova Per Pisa 1952,55100,Lucca,LU,Toscana,0583379737,0583379019,info@locandalelisa.it
Alberghi,Hotel Elisa,Via La Costa 5,54015,Comano,MS,Toscana,,0187486907,info@hotelelisa.net
Alberghi,Santa Barbara,Via Marlianese 4,51016,Montecatini Terme,PT,Toscana,057267352,,s.barbara@rphotels.com
Alberghi,Nh Anglo American Grand Hotel Regina,Via G. Garibaldi 9,50123,Firenze,FI,Toscana,055282114,055268513,nhangloamerican@nh-hotels.com
Alberghi,Hotel Stazione,Viale Carducci 301,57121,Livorno,LI,Toscana,0586429466,0586429466,info@hotelstazionelivorno.it
Alberghi,Pyrgos,Via Del Duomo 5,58010,Sorano,GR,Toscana,0564615949,0564617126,info@sovanahotel.it
Alberghi,Atlantico,Via Torino 2,55042,Forte Dei Marmi,LU,Toscana,0584787122,0584787112,info@atlantico-hotel.com
Alberghi,Camping Capalbio,Via Strada Pedemontana,58011,Capalbio,GR,Toscana,0564899017,0564899777,info@villaggiocapalbio.it
Alberghi,Hotel Garden Spa,Via Custoza 2,53100,Siena,SI,Toscana,057746050,,info@gardenhotel.it
Alberghi,Villa Guelfi,Via Tosco Romagnola 1301,56021,Cascina,PI,Toscana,050775182,,villaguelfi@pisaonline.it
Alberghi,Villa Edelwaiss di Poggiani Mauro e C. Sas,Via Po 27,53042,Chianciano Terme,SI,Toscana,057863724,057863724,info@hotelvillaedelweiss.it
Alberghi,Heaven Centro Benessere,Via Mattei 48,54037,Massa,MS,Toscana,0585 241189,,centrobenessereheaven@virgilio.it
Alberghi,Villa Smeraldo,Via Della Gianella 16,58015,Orbetello,GR,Toscana,0564820072,,info@villasmeraldo.com
Alberghi,Grand Hotel Terme,Piazza Italia 8,53042,Chianciano Terme,SI,Toscana,057863254,057863524,ght.prenotazioni@medeahotels.com
Alberghi,Hotel Prati,Viale Rosselli 27,51016,Montecatini Terme,PT,Toscana,057278708,0572910572,info@hotel-prati.it
Alberghi,Hotel B & B I Due Leoni,Via Ghiacciaie 41,50144,Firenze,FI,Toscana,0553245033,055579118,info@idueleonifirenze.it
Alberghi,Hotel La Torre - Pisa,,56100,Pisa,PI,Toscana,,,hotellatorre@pisaonline.it
Alberghi,Blob Srl,Lungarno 7 Fratelli Cervi 10,52027,San Giovanni Valdarno,AR,Toscana,0559122435,0559120219,info@h-river.it
Alberghi,Hotel Ritz,Via F. Gioia 2,55042,Forte Dei Marmi,LU,Toscana,0584787531,0584787522,info@ritzfortedeimarmi.com
Alberghi,Il Rondò,Via di Martiena 9,53045,Montepulciano,SI,Toscana,0578716899,0578715793,info@albergoilrondo.com
Alberghi,Palazzo Niccolini Al Duomo,Via Dei Servi 2,50142,Firenze,FI,Toscana,055282412,055290979,info@niccolinidomepalace.com
Alberghi,La Terrazza,Località Brolio,53013,Gaiole In Chianti,SI,Toscana,0577747125,0577747145,info@hotelvillalagrotta.it
Alberghi,Capo D'uomo,Via Cala di Forno 1,58015,Orbetello,GR,Toscana,0564887077,0564887298,info@hotelcapoduomo.it
Alberghi,Albergo Ai Lecci In Centro,Piazza Domenico Bargagli N. 04,53047,Sarteano,SI,Toscana,0578 1901392,0578 1901392,info@aileccincentro.it
Alberghi,Machiavelli Palace,Via Nazionale 10,50123,Firenze,FI,Toscana,055214106,,info@hotelmachiavelli.it
Alberghi,California,Via Bagno 1,55030,Villa Collemandina,LU,Toscana,0583660173,0583660707,albergocalifornia@hotmail.com
Alberghi,Il Casale Del Cotone,Località Il Cotone 59,53037,San Gimignano,SI,Toscana,0577943236,0577943236,info@casaledelcotone.com
Alberghi,Hotel Merlini,Via Faenza 56,50123,Firenze,FI,Toscana,055212848,,info@hotelmerlini.it
Alberghi,Hotel Del Sole,Via Della Pineta 28,57027,San Vincenzo,LI,Toscana,0565703990,0565703990,info@hotelsanvincenzo.com
Alberghi,Hotel Romagna,Via Panzani 4,50100,Firenze,FI,Toscana,055211005,0552396105,info@hotelromagna.it
Alberghi,Best Western Hotel Palazzo Dei Priori,Strada di Montalbuccio 31,53100,Siena,SI,Toscana,057739871,0577398765,info@palazzodeipriori.it
Alberghi,Villa Italia,Viale Italia,57036,Porto Azzurro,LI,Toscana,056595119,,hotel@villaitaliahotel.it
Alberghi,Palazzo Leopoldo,Via Roma 33,53017,Radda In Chianti,SI,Toscana,0577735605,0577738031,info@palazzoleopoldo.it
Alberghi,Villa Patrizia,Via Fiorentina 58,53100,Siena,SI,Toscana,057750431,057750442,info@villapatrizia.it
Alberghi,Hotel Sirio di Palmerini Roberta,Via Italica 6,55043,Lido di Camaiore,LU,Toscana,0584618047,0584617114,info@hsirio.com
Alberghi,Minerva,Via Ingegnoli 31,53042,Chianciano Terme,SI,Toscana,,,gabrielevaleriani@libero.it
Alberghi,Unaway Hotel Firenze Nord - A1,Area di Servizio Firenze Nord,50013,Sesto Fiorentino,FI,Toscana,055447111,0554219015,una.firenzenord@unawayhotels.it
Alberghi,Giuly,Viale Marconi 400,55049,Viareggio,LU,Toscana,0584 341346,0584 341346,albergo.giuly@tiscali.it
Alberghi,Grand Hotel Guinigi Srl,Via Romana 1247,55100,Lucca,LU,Toscana,05834991,0583499800,info@grandhotelguinigi.it
Alberghi,Albergo Ristorante Il Giardino,Via Peruzzi 33,53100,Siena,SI,Toscana,0577285290,0577221197,info@hotelilgiardino.it
Alberghi,Il Giardino Della Luna,Località Castiglione Del Terziere 89,54021,Bagnone,MS,Toscana,0187428099,0187429152,info@ilgiardinodellaluna.it
Alberghi,Hermitage Golf,Località Biodola 1,57037,Portoferraio,LI,Toscana,0565974634,0565969868,golf@hotelhermitage.it
Alberghi,Belvedere,Via Iv Novembre 5,55042,Forte Dei Marmi,LU,Toscana,0584787261,,hotelbelvedere@inversilia.it
Alberghi,Hotel Alessandro Della Spina,Via Alessandro Della Spina 2/7/9,56125,Pisa,PI,Toscana,050502777,05020583,info@hoteldellaspina.it
Alberghi,Hotel Residence La Ventola,Via Cavalleggeri 74,57016,Rosignano Marittimo,LI,Toscana,0586770101,0586770117,info@laventola.it
Alberghi,Hotel Le Ghiaie,Località Le Ghiaie,57037,Portoferraio,LI,Toscana,0565915178,0565915178,htleghiaie@elbalink.it
Alberghi,Certosa di Maggiano,Via Certosa 82,53100,Siena,SI,Toscana,0577288180,0577288189,info@certosadimaggiano.it
Alberghi,Astoria,Via Romana Lucchese 86,55011,Altopascio,LU,Toscana,058325618,,info@hotelastoria-altopascio.com
Alberghi,Hotel Arianna,Via di Barbano 12/r,50129,Firenze,FI,Toscana,055461278,055499691,info@hotelarianna.it
Alberghi,Hotel De Lanzi,Via Delle Oche 11,50122,Firenze,FI,Toscana,,,hdelanzi@tin.it
Alberghi,Hotel Esperia,Via Lungomare Marconi 27,57025,Piombino,LI,Toscana,056542284,056542284,info@albergoesperia.it
Alberghi,Panoramic,Via Villa Bianca 8,53045,Montepulciano,SI,Toscana,0578798398,,panoramic@bccmp.com
Alberghi,My One Hotel Galilei,Via Darsena 1,56100,Pisa,PI,Toscana,0505071,05021381,galilei@myonehotel.it
Alberghi,Savona,Via Leopardi 10,51016,Montecatini Terme,PT,Toscana,057270120,,info@hotelsavonasalus.com
Alberghi,Accademia Palace Hotel,Viale Gronchi,56121,Pisa,PI,Toscana,050988181,050988182,info@accademiapalacepisa.it
Alberghi,Hotel Pesi,Via Derna 24,51016,Montecatini Terme,PT,Toscana,057271240,057271240,hotel.pesi@yahoo.it
Alberghi,Hotel Il Cochino,Via Fratelli Masini 15,51037,Montale,PT,Toscana,0573959280,0573959280,il.cochino@tiscalinet.it
Alberghi,Hotel Il Capannone,Via Del Teso 3454/a,51026,San Marcello Pistoiese,PT,Toscana,057364198,0573648810,info@albergoilcapannone.it
Alberghi,Hotel Moderno,Viale Baccelli 10,53042,Chianciano Terme,SI,Toscana,,057860656,htlmoderno@tiscalinet.it
Alberghi,Ibis Firenze Prato Est,Via Fratelli Cervi,50013,Campi Bisenzio,FI,Toscana,055898511,0558974648,h3305@accor.com
Alberghi,Hotel Belvedere,Via Giusti 32,55049,Viareggio,LU,Toscana,058450277,0584699917,info@hotelbelvedereviareggio.it
Alberghi,Hotel Casci Srl,Via Cavour 13,50129,Firenze,FI,Toscana,055211686,0552396461,info@hotelcasci.com
Alberghi,Villa Pitti Amerighi,Via Cosimini 70,51018,Pieve A Nievole,PT,Toscana,0572048002,0572951985,info@villapittiamerighi.it
Alberghi,Meridiana,,57034,Campo Nell'elba,LI,Toscana,0565978070,,mail@hotelmeridiana.info
Alberghi,Tris Hotel,Strada Statale Aurelia Km 145,58015,Orbetello,GR,Toscana,0564862500,0564862468,info@hoteltris.it
Alberghi,Villa Miramare,Località pareti,57031,Capoliveri,LI,Toscana,0565968673,,info@hotelvillamiramare.it
Alberghi,Monna Lisa,Borgo Pinti 27,50121,Firenze,FI,Toscana,0552479751,,hotel@monnalisa.it
Alberghi,Hotel Ville Sull'arno,Lungarno Colombo 3,50136,Firenze,FI,Toscana,055670971,055678244,info@hotelvillesullarno.com
Alberghi,Cooperativa Pisana Servizi Ausiliari,Piazza S. Croce In Fossa - Banda,56124,Pisa,PI,Toscana,050970911,0509711044,info@fossabanda.it
Alberghi,Anfora,Via Sicilia 4,58043,Castiglione Della Pescaia,GR,Toscana,0564937221,0564936233,hotelanfora@hotelanfora.com
Alberghi,Plaza,Piazza Italia 1,53042,Chianciano Terme,SI,Toscana,057863518,057863576,info@hotelplazachianciano.it
Alberghi,Albergo Ristorante Bar Sichi Snc,Viale Beatrice 59,51024,Cutigliano,PT,Toscana,0573673015,0573673105,info@albergosichi.com
Alberghi,Borgo Al Cerro,Località Podere Casanova,53031,Casole D'elsa,SI,Toscana,0577949004,0577949907,info@borgoalcerro.com
Alberghi,Villa San Michele,Via Doccia 4,50014,Fiesole,FI,Toscana,0555678200,0555678250,reservations@villasanmichele.net
Alberghi,Hotel Tiziana,Strada Statale 326 Est Km 156,53045,Montepulciano,SI,Toscana,,0578767760,info@hotel-tiziana.com
Alberghi,Hotel Roma,Piazza S. Maria Novella 8,50123,Firenze,FI,Toscana,,,info@hotelromaflorence.com
Alberghi,Charme Hotel,Via Delle Badie 228,59100,Prato,PO,Toscana,0574550541,0574597606,info@charmehotel.it
Alberghi,Il Perseo,Via Cerretani 1,50100,Firenze,FI,Toscana,055212504,055288377,perseo@dada.it
Alberghi,Eden Park Resort,Via Dell'argine 6/b,56017,San Giuliano Terme,PI,Toscana,050870252,050870462,info@edenparkpisa.it
Alberghi,Hotel La Vela,Via Pistelli 45,55041,Lido di Camaiore,LU,Toscana,0584618197,0584610988,hotellavela@virgilio.it
Alberghi,Plaza Hotel Lucchesi,Lungarno Zecca Vecchia 38,50122,Firenze,FI,Toscana,055242825,,phl@plazalucchesi.it
Alberghi,Hotel Gina,Via Per Camaiore,55064,Pescaglia,LU,Toscana,0583385651,058338248,info@hotelgina.com
Alberghi,Hotel Le Greti,Località Greti,52010,Soci,AR,Toscana,0575561744,0575561808,info@legreti.it
Alberghi,Chisci Hotels - Hotel Aurora - Mediterraneo Hotel,Viale Vittoria 20,57023,Cecina,LI,Toscana,0586620035,0586621248,chiscihotels@chiscihotels.it
Alberghi,Hotel Panoramic,Viale Bustichini 65,51016,Montecatini Terme,PT,Toscana,057278381,057278598,info@grandhotelpanoramic.it
Alberghi,Hotel La Primula,Viale Cerboni 1,57033,Marciana Marina,LI,Toscana,0565940167,0565996819,info@hotellaprimula.it
Alberghi,Lukas,Piazza Puccini 5,55049,Viareggio,LU,Toscana,058453921,,info@hotellukas.it
Alberghi,Alinari,Largo F.lli Alinari 15,50142,Firenze,FI,Toscana,055284289,,info@hotelalinari.it
Alberghi,Hotel Fattoria La Principina,Località Principina Terra,58100,Grosseto,GR,Toscana,056444141,0564400375,info@fattorialaprincipina.it
Alberghi,Ariston,Via Giannutri 15,58100,Grosseto,GR,Toscana,056434062,056434406,ariston@albergo-ariston.it
Alberghi,Hotel Ariston di Maurizio Ciampolini,Via Maffi 42,56127,Pisa,PI,Toscana,050560482,050561891,info@hotelariston.pisa.it
Alberghi,Palazzo Squarcialupi,Via Ferruccio 26,53011,Castellina In Chianti,SI,Toscana,0577741186,057740386,info@palazzosquarcialupi.com
Alberghi,Hotel Locanda Del Volterraio,Località Bagnaia,57039,Rio Nell'elba,LI,Toscana,0565961236,0565961289,info@volterraio.it
Alberghi,Hotel Il Viandante ***,Via Poggilupi 668,52028,Terranuova Bracciolini,AR,Toscana,0559194015,055973647,mail@hotelilviandante.it
Alberghi,Hotel Columbia,Corso Roma 19,51016,Montecatini Terme,PT,Toscana,057270661,0572771293,info@hotelcolumbia.it
Alberghi,Hotel Da Italo,Via Montecristo 10,57034,Seccheto,LI,Toscana,0565987012,0565987271,info@hoteldaitalo.it
Alberghi,Iris,Via F. Cavallotti 26,51016,Montecatini Terme,PT,Toscana,057278213,0572767439,info@albergo-iris.it
Alberghi,L'oliveto,Via Fermi 20,58014,Manciano,GR,Toscana,0564602849,,info@loliveto.it
Alberghi,Grand Hotel Elba International,Località Baia Della Fontanella 1,57031,Capoliveri,LI,Toscana,0565946111,0565946662,info@elbainternational.it
Alberghi,Da Sileoni,Via Dei Marinai 19,57023,Cecina,LI,Toscana,0586622537,0586622537,staff@hotelsileoni.it
Alberghi,Hotel King,Via Tolmino 14,55045,Marina di Pietrasanta,LU,Toscana,0584745700,0584745712,info@hotelkingtoscana.it
Alberghi,A Fenice Park Hotel,Corso Armando Diaz 63,58024,Massa Marittima,GR,Toscana,0566903941,,info@lafeniceparkhotel.it
Alberghi,Camping Villaggio Baia Azzurra,Località Le Rocchette,58043,Castiglione Della Pescaia,GR,Toscana,0564941092,0564941242,info@baiaazzurra.it
Alberghi,Hotel Alex Srl,Via Gigli 5,53100,Siena,SI,Toscana,0577282338,0577288776,info@hotelalex.net
Alberghi,Villa Agnese,Viale Marti 177,55100,Lucca,LU,Toscana,0583467109,0583464048,info@villagnese.it
Alberghi,Settentrionale Esplanade,Viale Grocco 2,51016,Montecatini Terme,PT,Toscana,057270021,0572767486,info@settentrionaleesplanade.it
Alberghi,Hotel Elena Chianciano Terme,Via Guido Baccelli 194,53042,Chianciano Terme,SI,Toscana,057864068,057863640,info@elenahotel.it
Alberghi,Minerva Palace,Via Cavour 14,51016,Montecatini Terme,PT,Toscana,0572904406,,minervapalace@tin.it
Alberghi,Palazzo Torriani,Via Fabroni 58,50034,Marradi,FI,Toscana,0558042363,0558042835,info@palazzotorriani.it
Alberghi,La Pace,Via Della Madonnina 1,58045,Civitella Paganico,GR,Toscana,0564 905046,0564 905629,albergolapace@yahoo.it
Alberghi,Residence Continental Resort,Viale Tirreno 22,56018,Tirrenia,PI,Toscana,05030590,05032659,ricevimenti@continentalresort.it
Alberghi,Marifran,Via Gasparini 1,55041,Camaiore,LU,Toscana,0584 617713,0584 617713,hotel.marifra@tin.it
Alberghi,Airone Pisa Park Hotel,Via Sant'elena 4,56017,San Giuliano Terme,PI,Toscana,050822284,050825946,info@hotelpisa.it
Alberghi,Hotel Villa Primavera,Via Pisano Bonanno 43,56126,Pisa,PI,Toscana,05023537,05027020,info@hotelvillaprimavera.it
Alberghi,Firenze Suite,Via Nuova Caccini 25,50121,Firenze,FI,Toscana,0552001730,0552269018,info@suitefirenze.com
Alberghi,Locanda Del Loggiato,Piazzetta Del Moretto 30,53027,Bagno Vignoni,SI,Toscana,0577888925,0577888370,locanda@loggiato.it
Alberghi,Nina,Via Del Forte 7,57020,Bibbona,LI,Toscana,0586600299,0586600299,info@hotelnina.it
Alberghi,Hotel Residence San Gregorio,Via Madonnina 4,53026,Pienza,SI,Toscana,0578748059,0578748354,sangregoriopienza@libero.it
Alberghi,Castello di Fulignano Srl,Località Casaglia,53037,San Gimignano,SI,Toscana,,,info@castellodifulignano.it
Alberghi,Le Grand Hotel,Piazza Ognissanti 1,50123,Firenze,FI,Toscana,055288781,055217400,grandflorence@luxurycollection.com
Alberghi,Onda Marina,Via Monte Altissimo Motrone Marina,55045,Pietrasanta,LU,Toscana,0584 22665,0584 22760,info@ondamarinarta.it
Alberghi,Petriolo Spa & Resort,Località Grand Hotel Terme,58040,Civitella Paganico,GR,Toscana,05649091,0564909064,info@petriolosparesort.com
Alberghi,Piccolo Hotel La Valle,Via Della Circonvallazione 7,53026,Pienza,SI,Toscana,0578749402,0578749863,info@piccolohotellavalle.it
Alberghi,Tamerici Hotel,Viale Aldo Moro,57033,Marciana Marina,LI,Toscana,056599445,056599573,tamerici@elbalink.it
Alberghi,Villa La Bianca,Via di Lombrici 41/c,55041,Camaiore,LU,Toscana,0584984657,0584984657,info@villalabianca.com
Alberghi,Terminus & Plaza,Via Colombo 45,56125,Pisa,PI,Toscana,050500303,,info@hotelterminusplaza.it
Alberghi,Hotel Kursaal,Via Nazionale 24,50123,Firenze,FI,Toscana,,,info@kursonia.com
Alberghi,Delle Camelie,Via di Barbano 10,50142,Firenze,FI,Toscana,055490467,055461229,info@hoteldellecamelie.it
Alberghi,Miramare,Via Donati 34,55042,Forte Dei Marmi,LU,Toscana,0584787277,,info@miramarehotel.org
Alberghi,Sport,Via Brennero 542,51021,Abetone,PT,Toscana,057360034,,albergosport@abetone.com
Alberghi,L'ultimo Mulino,Località La Ripresa Dei Vistarenni,53013,Gaiole In Chianti,SI,Toscana,0577738520,0577738659,info@ultimomulino.it
Alberghi,Dei Capitani,Via Lapini 6,53024,Montalcino,SI,Toscana,0577847227,0577847239,info@deicapitani.it
Alberghi,Sabbia D'oro,Viale Repubblica 38,57027,San Vincenzo,LI,Toscana,0565701332,,info@hotel-sabbiadoro.it
Alberghi,La Fornace di Racciano,Località Racciano 6,53037,San Gimignano,SI,Toscana,0577942156,,info@lafornacediracciano.it
Alberghi,Acquaviva Park Hotel,Località Acquavica 106,57037,Portoferraio,LI,Toscana,0565915392,0565916903,info@acquavivaparkhotel.com
Alberghi,Hotel Certosa di Maggiano,Strada Certosa 82,53100,Siena,SI,Toscana,0577288180,0577288189,certosa@relaischateaux.com
Alberghi,Hotel Richard,Via Giovanni Xxiii,51031,Agliana,PT,Toscana,0574751192,0574751381,info@richardhotel.it
Alberghi,Villa Ambra,Strada Statale 146 Sud 8,53045,Montepulciano,SI,Toscana,0578798055,0578799917,villaambra@bccmp.com
Alberghi,Collodi,Via Collodi 7,57025,Piombino,LI,Toscana,0565224272,0565224382,hotelcollodi@hotmail.com
Alberghi,San Carlo,Via Zonder 5,54100,Massa,MS,Toscana,058543193,058543193,info@looier.com
Alberghi,Hotel Parma Mare,Via Pinete 102,54037,Marina di Massa,MS,Toscana,0585241044,0585244632,info@hotelparmamare.it
Alberghi,Albergo e Residence Villa Lo Scoglietto,Via Del Corallo 7-8,57027,San Vincenzo,LI,Toscana,0565704432,0565704432,info@scoglietto.com
Alberghi,Villa Casanova,Via di Casanova 1600,55100,Lucca,LU,Toscana,0583548429,0583368955,info@hotelvillacasanova.com
Alberghi,Colle Etrusco Salivolpi,Via Fiorentina 89,53011,Castellina In Chianti,SI,Toscana,0577740484,0577740998,info@hotelsalivolpi.com
Alberghi,Athenaeum Personal Hotel,Via Cavour 88,50129,Firenze,FI,Toscana,055589456,,info@hotelathenaeum.com
Alberghi,Locanda Dell'amorosa,Località Amorosa,53048,Sinalunga,SI,Toscana,0577677211,0577632001,locanda@amorosa.it
Alberghi,Ave,Via Piave 27,53042,Chianciano Terme,SI,Toscana,057863619,057863619,info@albergoave.com
Alberghi,Villa Tina,Via Saffi 2,55049,Viareggio,LU,Toscana,058444450,,info@villatinahotel.it
Alberghi,Villa Curina Resort,Località Curina,53019,Castelnuovo Berardenga,SI,Toscana,0577355610,,info@villacurina.it
Alberghi,Hotel Logge Dei Mercanti,Corso Sangallo 40/42,52048,Monte San Savino,AR,Toscana,0575810710,0575810710,info@loggedeimercanti.it
Alberghi,Orchidea Marina,Vl. Del Tirreno 283,56018,Tirrenia,PI,Toscana,05037087,05037968,info@orchideamarina.it
Alberghi,Il Romito,Via Del Littorale 274,57128,Livorno,LI,Toscana,0586580090,0586580090,info@ilromito.it
Alberghi,Ristorante Pesce D'oro,Via Sbarchino - Lago 36,53043,Chiusi,SI,Toscana,057821403,,info@ristorantepescedoro.it
Alberghi,Green Park Resort,Via Delle Magnolie 4,56018,Tirrenia,PI,Toscana,0503135711,050384138,info@greenparkresort.com
Alberghi,Salus,Viale G. Baccelli 154,53042,Chianciano Terme,SI,Toscana,057863375,,salus@chianciano.com
Alberghi,Hotel Globus,Via Sant'antonino 24,50123,Firenze,FI,Toscana,055211062,0552396225,info@hotelglobus.com
Alberghi,Francia e Quirinale,Viale Iv Novembre 77,51016,Montecatini Terme,PT,Toscana,057270271,057270275,info@franciaequirinale.it
Alberghi,Borgo Le Mura Residence,Via di Cintoia Alta 37/38,50022,Greve In Chianti,FI,Toscana,0558547907,0558547991,info@villeicipressi.com
Alberghi,Hotel Tahiti,Via Buonarroti 77,55097,Viareggio,LU,Toscana,0584962761,058449876,info@hoteltahiti.it
Alberghi,Antica Sosta di Corniano,Via di Corniano 8,56028,San Miniato,PI,Toscana,0571408347,0571408347,anticasosta@gmail.com
Alberghi,Miniresidence Il Vecchio Opificio,Via Garibaldi 70,53100,Siena,SI,Toscana,,0577217291,vecchio.opificio@libero.it
Alberghi,Hotel Astoria,Via Roncacci 15,53042,Chianciano Terme,SI,Toscana,057861324,057861324,info@albergoastoria.net
Alberghi,Hotel Puccini,Corso Roma 97,51016,Montecatini Terme,PT,Toscana,0572904458,0572904451,info@hotelpuccini.net
Alberghi,Moschini,Via Tripoli 21,51016,Montecatini Terme,PT,Toscana,057278283,,info@hotelmoschini.it
Alberghi,Villaggio Club Cecina,Via F. D. Guerrazzi 15,57010,Cecina,LI,Toscana,0586620583,0586620675,info@villaggioclubcecina.it
Alberghi,Hotel Continentale,Piazza Italia 56,53042,Chianciano Terme,SI,Toscana,057863272,057860426,info@hotelcontinentale.it
Alberghi,Villa Mangiacane,Via Faltignano 4,50026,San Casciano In Val di Pesa,FI,Toscana,0558290123,0558290358,info@mangiacane.com
Alberghi,Etrusco Palace Hotel Srl,Via Fleming 39,52100,Arezzo,AR,Toscana,0575984066,0575382131,etrusco@etruscohotel.it
Alberghi,Hotel Panoramic,Via di Villa Bianca 8,53045,Montepulciano,SI,Toscana,,,info@hotelpanoramic.com
Alberghi,Settebello,Viale Della Vittoria 91,57023,Cecina,LI,Toscana,0586620039,,settebello@i5fratellisangiorgi.it
Alberghi,Touring,Via Goldoni 61,57125,Livorno,LI,Toscana,0586899207,0586899207,info@hoteltouringlivorno.it
Alberghi,Etruria,Via Matteotti 32,56048,Volterra,PI,Toscana,058887377,058892784,info@albergoetruria.it
Alberghi,Hotel Splendid,Via Mazzini 36,51016,Montecatini Terme,PT,Toscana,057275004,057275004,info@splendid-hotel.it
Alberghi,Hotel La Terrazza di Montepulciano,Via Piè Al Sasso 16,53045,Montepulciano,SI,Toscana,0578757440,0578757440,albergoterrazza@libero.it
Alberghi,Miramonti,Via Raffaelli 74,55042,Forte Dei Marmi,LU,Toscana,0584787155,,miramonti@versilia.toscana.it
Alberghi,Grand Hotel Continental,Largo Belvedere 26,56018,Tirrenia,PI,Toscana,0503703110,05037283,info@grandhotelcontinental.it
Alberghi,Dolce Notte,Via Dei Colli 199,50058,Signa,FI,Toscana,0558999356,0558996903,dolcenotte@email.it
Alberghi,Milano,Piazza Betti 24,54100,Massa,MS,Toscana,0585 245747,0585 245747,hotel-milano@hotel-in-versilia.com
Alberghi,Il Saraceno,Via Del Saraceno 69,58012,Isola Del Giglio,GR,Toscana,0564809006,0564809007,h.saraceno@tiscali.it
Alberghi,Borgo di Santa Maria,Via Chiantigiana Km 36.5,53011,Castellina In Chianti,SI,Toscana,0577733517,0577733567,info@borgodisantamaria.it
Alberghi,J And J,Via di Mezzo 20,50142,Firenze,FI,Toscana,05526312,055240282,info@jandjhotel.net
Alberghi,Le Pozze di Lecchi,Località Molinaccio,53013,Gaiole In Chianti,SI,Toscana,0577746212,0577746214,info@lepozzedilecchi.it
Alberghi,Hotel Da Ruggero,Via Del Saraceno 86,58012,Isola Del Giglio,GR,Toscana,0564809121,0564809121,daruggero@tin.it
Alberghi,Hotel Torre di Cala Piccola,Località Cala Piccola,58019,Monte Argentario,GR,Toscana,0564825111,0564825235,prenotazioni@torredicalapiccola.com
Alberghi,Sant'uberto,Località Caolino,58036,Roccastrada,GR,Toscana,,,info@hotelsantuberto.it
Alberghi,Hotel Franceschi,Piazza Ferrucci 121,51028,San Marcello Pistoiese,PT,Toscana,057366444,0573638959,info@albergofranceschi.it
Alberghi,Hotel Fratini,Via Poggilupi 305,52028,Terranuova Bracciolini,AR,Toscana,0559199108,0559739884,rosa.fratini@tiscalinet.it
Alberghi,Park Hotel Chianti,Via Michelangelo 5,50028,Tavarnelle Val di Pesa,FI,Toscana,0558070106,0558070121,info@parkhotelchianti.com
Alberghi,Piccolo Ritz,Via Atto Vannucci 67,51100,Pistoia,PT,Toscana,0573 977474,0573 976933,info@hotelpiccoloritzpistoia.com
Alberghi,Hotel Flora,Via Cairoli 31,59100,Prato,PO,Toscana,,0574400289,info@hotelflora.info
Alberghi,Park Hotel Alexander,Viale Xx Settembre 200,50019,Sesto Fiorentino,FI,Toscana,055440016,055440016,info@villastanley.it
Alberghi,Il Giardinetto,Via Roma 57,54013,Fivizzano,MS,Toscana,058592060,,hotelilgiardinetto@libero.it
Alberghi,Lo Scoiattolo,Località Carpinelli,55034,Minucciano,LU,Toscana,0583611072,0583611072,info@hotelloscoiattolo.it
Alberghi,Hotel Residence Picchiaie Srl,Località Le Picchiaie,57037,Portoferraio,LI,Toscana,0565933110,0565933186,lepicchiaie@algef.it
Alberghi,Alexander,Viale Guidoni 101,50127,Firenze,FI,Toscana,0554378951,055416818,alexander@vivahotels.com
Alberghi,La Fontanella,Via Roma 38,53040,San Casciano Dei Bagni,SI,Toscana,057858300,,info@albergolafontanella.com
Alberghi,Hotel Eden,Via Gramsci 26,54038,Cinquale,MS,Toscana,0585807676,0585807594,info@edenhotel.it
Alberghi,Hotel Trieste,Viale Della Libertà 286,53042,Chianciano Terme,SI,Toscana,057861050,057864551,hotel-trieste@libero.it
Alberghi,Hotel Villa Aurea,Via N. A. Campaccio 5/8,52042,Cortona,AR,Toscana,057562154,0575605195,info@psicoblu.com
Alberghi,Park Hotel California,Strada Statale Aurelia Al Km 338,56017,San Giuliano Terme,PI,Toscana,050890726,050890727,info@parkhotelcalifornia.it
Alberghi,500 Firenze,Via Tomerello 1,50013,Campi Bisenzio,FI,Toscana,05588033,055880399,reservation@hotel500firenze.com
Alberghi,Del Sole,Via Delle Rose 3,53043,Chiusi,SI,Toscana,0578275048,0578275889,lauzann@tin.it
Alberghi,Hotel Nice,Via Iv Novembre 168,55057,Viareggio,LU,Toscana,058444275,058444275,info@hotel-nice.it
Alberghi,Byron,Via Scala 49,50123,Firenze,FI,Toscana,055280852,,info@hotelbyron.firenze.it
Alberghi,Hotel Delfina,Via Roma,50058,Signa,FI,Toscana,0558732232,055876123,posta@hoteldelfina.com
Alberghi,Hotel Villa Marsili,Via G. Severini 48,52044,Cortona,AR,Toscana,,,info@villamarsili.com
Alberghi,Mini Hotel Easy Time,Via Panoramica Del Pino 8,57038,Rio Marina,LI,Toscana,0565 962531,0565 925691,info@minihoteleasytime.it
Alberghi,Villa Jolanda,Via Pistelli 127,55041,Lido di Camaiore,LU,Toscana,0584617296,,informazioni@villajolanda.com
Alberghi,Hotel Alba Sul Mare,Lungomare Pistelli 15,55041,Lido di Camaiore,LU,Toscana,058467423,058466811,info@albasulmare.it
Alberghi,Hotel Pendini,Via Strozzi 2,50123,Firenze,FI,Toscana,,,pendini@dada.it
Alberghi,Albergo Residence La Lanterna Srl,Via Abruzzo 3,57027,San Vincenzo,LI,Toscana,0565706360,0565706361,info@residencelalanterna.it
Alberghi,Hotel Ungherese,Via G. B. Amici 8,50100,Firenze,FI,Toscana,055571409,055573474,hotel.ungherese@dada.it
Alberghi,Contessa,Località Prato Della Contessa,58033,Castel Del Piano,GR,Toscana,0564959000,0564959002,hotelcontessa@inwind.it
Alberghi,Firenze,Piazza Dei Donati 4,50142,Firenze,FI,Toscana,055214203,055212370,firenze.albergo@tiscali.it
Alberghi,Ac Hotel Pisa,Via Delle Torri 20,56124,Pisa,PI,Toscana,050575395,050581039,acpisa@ac-hotels.com
Alberghi,Hotel Relais Il Cestello,Piazza Cestello 9,50124,Firenze,FI,Toscana,055280632,055280631,info@relaisilcestello.it
Alberghi,Villaggio Orizzonte,Località Perelli 10,57025,Piombino,LI,Toscana,0565271111,0565271960,info@villaggioorizzonte.it
Alberghi,Palazzo Rispoli,Via Dè Martelli 5,50129,Firenze,FI,Toscana,,,info@palazzo-ruspoli.it
Alberghi,Hotel Casa Lupi,Viale Amedeo,57033,Marciana Marina,LI,Toscana,056599143,,info@hotelcasalupi.com
Alberghi,Villa Rinascimento,Località Santa Maria Del Giudice,55100,Lucca,LU,Toscana,0583378292,0583370238,info@villarinascimento.it
Alberghi,Duomo,Via Stalloreggi 38,53100,Siena,SI,Toscana,0577289088,057743043,booking@hotelduomo.it
Alberghi,Belvedere,Viale Fedeli 10,51016,Montecatini Terme,PT,Toscana,057270251,,info@galliganihotels.it
Alberghi,Hotel Gennarino Srl,Viale Italia 301,57100,Livorno,LI,Toscana,0586803109,0586803450,info@hotelgennarino.it
Alberghi,Desirée,Località spartaia,57030,Marciana,LI,Toscana,0565907311,,info@desireehotel.it
Alberghi,Leonardo,Via Tavoleria 17,56126,Pisa,PI,Toscana,,,hotelleonardo@pisaonline.it
Alberghi,Aurora,Viale Della Vittoria 20,57023,Cecina,LI,Toscana,0586621248,0586621248,aurorahotel@libero.it
Alberghi,Hotel Butterfly,Torre Del Lago 24,55085,Viareggio,LU,Toscana,0584341024,0584352006,info@albergobutterfly.it
Alberghi,Santa Caterina,Via E. S.piccolomini 7,53100,Siena,SI,Toscana,0577221105,,info@hscsiena.it
Alberghi,Baccio Da Montelupo,Via Roma 3,50056,Montelupo Fiorentino,FI,Toscana,057151215,057151171,info@hotelbaccio.it
Alberghi,Hotel La Querceta,Via Peloni 10,51016,Montecatini Terme,PT,Toscana,057279354,057270140,info@hotellaquerceta.it
Alberghi,Hotel Lido,Via Del Ghirlandaio 1,50121,Firenze,FI,Toscana,,,hotel.lido@tiscalinet.it
Alberghi,Hotel Villa Fiesole,Via Angelico 35,50014,Fiesole,FI,Toscana,055597252,055599133,info@villafiesole.it
Alberghi,Palazzaccio,Via Aurelia Sud 300,57023,Cecina,LI,Toscana,0586682510,0586686221,palazzaccio@i5fratellisangiorgi.it
Alberghi,Bernini Palace,Piazza S. Firenze 29,50122,Firenze,FI,Toscana,055288621,055268272,bernini.firenze@baglionihotels.com
Alberghi,Athena,Via P. Mascagni 55,53100,Siena,SI,Toscana,0577286313,057748153,info@hotelathena.com
Alberghi,San Ranieri Hotel La Vecchia Cascina,Via S.biagio 68,56124,Pisa,PI,Toscana,,,info@sanranieri.com
Alberghi,Hotel Villino Il Magnifico,Via Orcagna 24,50121,Firenze,FI,Toscana,,,info@villinoilmagnifico.com
Alberghi,Grand Hotel Cavour,Via Proconsolo 5,50122,Firenze,FI,Toscana,055266271,055218955,info@albergocavour.it
Alberghi,Hotel Boccaccio di Caporale Hotels Srl,Via Scala 59,50123,Firenze,FI,Toscana,055282776,055268183,info@boccacciohotel.com
Alberghi,Borgo Sancarlo,Via Delle Cave,56040,Pomaia,PI,Toscana,050685045,050685046,info@borgosancarlo.it
Alberghi,Diana Park Hotel,Via Pascoli Giovanni 10,50129,Firenze,FI,Toscana,055575788,0555048992,info@dianaparkhotel.it
Alberghi,Gavilàs,Località Sassi Turchini 5,57036,Porto Azzurro,LI,Toscana,0565 958129,0565 958129,gavilas@teletu.it
Alberghi,Villa Lecchi,Località Lecchi,53036,Poggibonsi,SI,Toscana,0577930090,,info@villalecchi.com
Alberghi,Cellai,Via Xxvii Aprile 14,50129,Firenze,FI,Toscana,055489291,055470387,info@hotelcellai.it
Alberghi,Grand Hotel Principe di Piemonte,Piazza G. Puccini 1,55049,Viareggio,LU,Toscana,05844011,0584401803,info@principedipiemonte.com
Alberghi,Hotel Rivoli,Via Della Scala 33,50142,Firenze,FI,Toscana,055 27 861,055 29 40 41,daniele.torrini@hotelrivoli.it
Alberghi,Hotel Villa Benvenuti,Via Amerigo Vespucci 103,55101,Viareggio,LU,Toscana,0584962017,0584962017,info@villabenvenuti.it
Alberghi,Hotel Del Buono Centro Benessere,Via G. Baccelli 224,53042,Chianciano Terme,SI,Toscana,057863017,057863017,info@hoteldelbuono.com
Alberghi,Hotel Abetone e Piramidi,Via Brennero 456,51021,Abetone,PT,Toscana,057360005,0573607364,info@abetonepiramidi.it
Alberghi,Villa Il Poggiale,Via Empolese 69,50026,San Casciano In Val di Pesa,FI,Toscana,055828311,0558294296,villailpoggiale@villailpoggiale.it
Alberghi,Best Western Executive Srl,Via N. Orlandi 32,53100,Siena,SI,Toscana,0577333173,0577333178,reception@hotelexecutivesiena.it
Alberghi,Bellettini,Via Dei Conti 7,50142,Firenze,FI,Toscana,055213561,055283551,info@hotelbellettini.com
Alberghi,Hotel Airport,Via Don Perosi 39,50127,Firenze,FI,Toscana,055430256,055413619,info@hotelairport.it
Alberghi,Hotel Relais Il Campanile,Via Ricasoli 10,50122,Firenze,FI,Toscana,055211688,0552675989,relaiscampanile@tiscali.it
Alberghi,La Conchiglia,Località cavoli,57034,Campo Nell'elba,LI,Toscana,0565987010,0565987256,info@laconchigliacavoli.it
Alberghi,Marilia Residence Srl,Via Sarti 61,57100,Livorno,LI,Toscana,0586877777,0586877677,marilia@tin.it
Alberghi,Cristallo,Viale Lombardia 35,53042,Chianciano Terme,SI,Toscana,057864051,057864051,info@hotelcristallo.biz
Alberghi,Tirrenia,Via S.martino 23,55049,Viareggio,LU,Toscana,058449483,,info@tirreniahotel.it
Alberghi,Castello di Valenzano,Valenzano 97,52010,Subbiano,AR,Toscana,0575 487294,0575 487294,info@castellodivalenzano.it
Alberghi,Villa Olmi Resort,Viale Europa 200,50126,Firenze,FI,Toscana,055637710,05563771600,info@villaolmiresort.com
Alberghi,Tirreno,,57016,Rosignano Marittimo,LI,Toscana,0586752026,,info@hoteltirreno.info
Alberghi,L'etrusco,Località Poggio All'olivo,58023,Gavorrano,GR,Toscana,056689015,,info@residenceetrusco.it
Alberghi,Relais Santa Croce Spa,Via Ghibellina 87,50122,Firenze,FI,Toscana,0552342230,0552341195,info@relaisantacroce.com
Alberghi,Villa Campestri,Località Campestri 19,50039,Vicchio,FI,Toscana,0558490107,,villa.campestri@villacampestri.it
Alberghi,Hotel Benvenuti,Via Cavour 112,50129,Firenze,FI,Toscana,055572141,055586727,info@benvenutihotel.it
Alberghi,Corallo,Via Del Passatoio 45,57030,Marciana,LI,Toscana,0565906042,0565906270,info@elbacorallo.it
Alberghi,Dino,Località Pareti,57031,Capoliveri,LI,Toscana,0565939103,0565968172,info@hoteldino.com
Alberghi,Hotel Ristorante Villa Margherita,Via M. Puccini 44,57015,Livorno,LI,Toscana,0586491023,0586491622,info@hotelvillamargherita.com
Alberghi,Hotel Monica,Viale G. Baccelli 188,53042,Chianciano Terme,SI,Toscana,,057860137,direzione@hotel-monica.it
Alberghi,Hotel Eden,Viale Manin 27,55050,Viareggio,LU,Toscana,058430902,0584963807,info@hoteleden-viareggio.it
Alberghi,Signorini,Via di Crepatura 8,57012,Castiglioncello,LI,Toscana,0586794393,0586794393,info@pensionesignorini.it
Alberghi,Hotel Accademia,Via Faenza 7,50123,Firenze,FI,Toscana,055293451,055219771,info@accademiahotel.net
Alberghi,Hotel Minerva,P. Toniolo 20,56125,Pisa,PI,Toscana,050501081,050501559,hotelminerva@pisaonline.it
Alberghi,Villa Martini,Via D. Martelli 3/a,57012,Castiglioncello,LI,Toscana,0586752140,0586758014,info@villamartini.it
Alberghi,Alta La Vista,Via Del Tirreno 21/23,57022,Marina di Castagneto,LI,Toscana,0565745992,0565745992,reception@risthotelmiramare.com
Alberghi,Da Vinci,Viale Togliatti 157,50059,Vinci,FI,Toscana,057190941,0571901305,info@hotelda-vinci.it
Alberghi,Rex,Via Faenza 6,50142,Firenze,FI,Toscana,055210453,0552382390,info@hotelrexflorence.com
Alberghi,Sofitel Firenze,Via Cerretani 10,50123,Firenze,FI,Toscana,,,sofitfi@tin.it
Alberghi,Hotel Souvenir,Via Xxvii Aprile 9,50129,Firenze,FI,Toscana,,,hotelsouvenir@virgilio.it
Alberghi,Ristorante La Gozzetta Snc,Via Delle Colline Pieve 8,56040,Santa Luce,PI,Toscana,050685861,050685827,info@lagozzetta.it
Alberghi,Hotel Alessandra,Borgo Santissimi Apostoli 17,50100,Firenze,FI,Toscana,0552834382,055210619,info@hotelalessandra.com
Alberghi,Il Trebbiolo Relais,Via Del Trebbiolo 8,50065,Pontassieve,FI,Toscana,0558300583,0558364303,iltrebbiolo@libero.it
Alberghi,Matilde,Via Tagliamento 4,54100,Massa,MS,Toscana,0585240488,,info@hotelmatilde.it
Alberghi,Club I Pini - Residenza D'epoca,Via Roma 43,55041,Lido di Camaiore,LU,Toscana,058466103,058466104,info@clubipini.com
Alberghi,Villa Sonnino,Via Castelvecchio 9/11,56028,San Miniato,PI,Toscana,0571484033,0571485175,direzione@villasonnino.com
Alberghi,Hotel Corolle,Via G. Caccini 24,50100,Firenze,FI,Toscana,0554221991,0554221993,info@hotelcorolle.it
Alberghi,Hotel Villa Anna,Viale Rosselli 33,51016,Montecatini Terme,PT,Toscana,057278416,057278416,vitale.carlo@virgilio.it
Alberghi,Oleandro,Via Del Cotoncello 78 S.andrea,57030,Marciana,LI,Toscana,0565908088,0565908088,info@hoteloleandro.com
Alberghi,Hotel Castello Monticello,Via Provinciale 74,58012,Giglio Porto,GR,Toscana,0564809252,0564809319,info@hotelcastellomonticello.com
Alberghi,Mariani,Via Carducci 13/15,55041,Camaiore,LU,Toscana,0584 617821,0584 617822,info@hotelmariani.it
Alberghi,I Ciliegi Srl,Piazza Amendola 4,50066,Reggello,FI,Toscana,0558634517,055863454,141065@virgilio.it
Alberghi,Villa Liberty,Viale Vittorio Veneto 11,53100,Siena,SI,Toscana,057744966,,info@villaliberty.it
Alberghi,Porta Pispini Residence,Via Peruzzi 33/b,53100,Siena,SI,Toscana,057745100,057745110,info@portapispiniresidence.com
Alberghi,Best Western Galileo Palace,Località Rigutino,52100,Arezzo,AR,Toscana,0575979291,05751940946,galileo.ar@bestwestern.it
Alberghi,Villa Patrizia,Viale Europa 9,51024,Cutigliano,PT,Toscana,057368024,,giulianotonarelli@libero.it
Alberghi,Hotel Ristorante Borgo Antico Srl,Via Lucignano 405,53014,Monteroni D'arbia,SI,Toscana,0577374688,0577374676,hotelborgoantico@yahoo.it
Alberghi,Hotel Capo di Stella,Località Capodistella,57031,Capoliveri,LI,Toscana,0565964052,0565964220,hotel@capodistella.com
Alberghi,Hotel La Valle,Via Carega 10,51024,Cutigliano,PT,Toscana,057368164,057368035,info@hotellavalle.it
Alberghi,Albergo Tiziana,Via Delle Pinete,54100,Massa,MS,Toscana,,,tiziana@ristorantiitaliani.it
Alberghi,Grotta Giusti,Via Grotta Giusti 1411,51015,Monsummano Terme,PT,Toscana,057290771,05729077200,info@grottagiustispa.com
Alberghi,Punto Verde,Viale Degli Etruschi 23,57034,Campo Nell'elba,LI,Toscana,,,puntoverde@elbalink.it
Alberghi,Hotel Ortano,Località Ortano,57038,Rio Marina,LI,Toscana,0565939160,,booking@nexushotels.it
Alberghi,Relais Palazzo di Luglio,Frazione Cignano 35,52037,Sansepolcro,AR,Toscana,0575750026,0575759892,info@relaispalazzodiluglio.com
Alberghi,Le Terme,Piazza Delle Sorgenti 13,53027,San Quirico D'orcia,SI,Toscana,0577887150,,info@albergoleterme.it
Alberghi,Hotel Villa Nencini,Borgo S. Stefano 55,56048,Volterra,PI,Toscana,,,info@villanencini.it
Alberghi,Palace,Via Pier Della Francesca 71,59100,Prato,PO,Toscana,05745671,0574567267,palaceprato@libero.it
Alberghi,Hotel J.k. Place Firenze,P. Santa Maria Novella 7,50123,Firenze,FI,Toscana,0552645181,0552658387,info@jkplace.com
Alberghi,La Scogliera,Località Morcone,57031,Capoliveri,LI,Toscana,0565968424,0565935205,info@lascogliera.com
Alberghi,La Meridiana,Piazza Iv Novembre 8,52031,Anghiari,AR,Toscana,0575788102,0575787987,info@hotellameridiana.it
Alberghi,Hotel Donatello,Viale Puccini 16,51016,Montecatini Terme,PT,Toscana,057274124,057274124,info@hoteldonatello.info
Alberghi,Da Vestro,Via Senese 4,53010,Monticiano,SI,Toscana,0577756618,0577756466,info@davestro.it
Alberghi,Biagiotti,Via Pistelli 130,55041,Lido di Camaiore,LU,Toscana,0584617087,0584618350,info@hotelbiagiotti.it
Alberghi,Continentale Contemporary Pleasing Hotel,Vicolo Dell'oro Li 6/r,50123,Firenze,FI,Toscana,05527262,055283139,continentale@lungarnohotels.com
Alberghi,Baia Imperiale Beach Hotel,Cavoli,57034,Campo Nell'elba,LI,Toscana,0565987055,0565987020,info@hotelbaiaimperiale.it
Alberghi,La Piana Hotel,Via Buggiano 8,51016,Montecatini Terme,PT,Toscana,0572318566,0572319603,info@lapiana-hotel.com
Alberghi,Eden,Via Nazionale 55,50142,Firenze,FI,Toscana,055483722,055489478,info@hoteleden.firenze.it
Alberghi,Stella Marina,Viale Della Vittoria 159,57023,Cecina,LI,Toscana,0586620393,,info@hotel-stella-marina.it
Alberghi,Hotel Nedy,Via Fescione 128,54100,Massa,MS,Toscana,0585807011,0585807011,info@hotelnedy.it
Alberghi,Antica Sosta di Corniano,Via di Corniano 8,56028,San Miniato,PI,Toscana,057130746,0571385404,info@anticasostadicorniano.it
Alberghi,Punta Pina,Località Bagnaia 1,57037,Portoferraio,LI,Toscana,0565961009,0565914677,villamare@bagnaia.com
Alberghi,Hotel Columbia,Via Viale Baccelli 107,53042,Chianciano Terme,SI,Toscana,057864391,,info@hotelcolumbia.si.it
Alberghi,Pescille,Località Pescille,53037,San Gimignano,SI,Toscana,0577940186,0577943165,info@pescille.it
Alberghi,Ristorante Pepe Nero Snc,Via Adriano Zarini 289 A B,59100,Prato,PO,Toscana,0574550353,,ristorante.pepenero@libero.it
Alberghi,Miramare,Via Marconi 8,57012,Castiglioncello,LI,Toscana,0586752435,0586751151,info@albergo-miramare.it
Alberghi,Le Pleiadi,Via Civitali 51,55042,Forte Dei Marmi,LU,Toscana,0584881188,,info@hotellepleiadi.it
Alberghi,San Simeone,Via Della Chiesa 9,53023,Castiglione D'orcia,SI,Toscana,0577888981,,info@hotelsansimeone.com
Alberghi,Roma,Via S. Francesco 43,57025,Piombino,LI,Toscana,056534348,056534348,info@hotelromapiombino.it
Alberghi,Hotel Cavour,Via Del Proconsolo 3,50100,Firenze,FI,Toscana,055282461,055218955,info@hotelcavour.com
Alberghi,Albergo Le Ginestre,Via Italia 51,55044,Marina di Pietrasanta,LU,Toscana,0584745713,0584745696,info@leginestrehotel.it
Alberghi,Hotel Giotto,Via Giglio 13,50123,Firenze,FI,Toscana,055289864,055214917,hotelgiotto@tin.it
Alberghi,Stipino,Via Romana 95,55100,Lucca,LU,Toscana,0583495077,0583490309,info@hotelstipino.com
Alberghi,Hotel Umbria,Via Delle Saline 19,51016,Montecatini Terme,PT,Toscana,057271369,057272105,info@albergo-umbria.it
Alberghi,Anna Hotel,Via Del Chianti Classico,53035,Monteriggioni,SI,Toscana,057751371,,info@annahotel.it
Alberghi,Hotel Tenuta San Pietro,Via Per San Pietro A Marcigliano,55018,Capannori,LU,Toscana,0583926676,0583926678,info@tenuta-san-pietro.com
Alberghi,Reale,Via Palestro 7,51016,Montecatini Terme,PT,Toscana,057278073,,info@hotel-reale.it
Alberghi,Palazzuolo Tuscany Club,Via S.caterina 43,53027,San Quirico D'orcia,SI,Toscana,,,info@hotelpalazzuolo.it
Alberghi,La Locanda Del Ponte,Strada Statale 223 Km 19,53015,Monticiano,SI,Toscana,0577757108,0577757110,info@locandadelponte.it
Alberghi,Corte Dei Medici,Canto De Nelli 2,50142,Firenze,FI,Toscana,055292787,,info@cortedeimedici.it
Alberghi,Residence Le Rose Snc,Piazza Del Giglio 7,57020,Bibbona,LI,Toscana,0586600639,0586600536,info@residencelerose.it
Alberghi,Ritz,Via Dalmazia 13,55045,Marina di Pietrasanta,LU,Toscana,058420516,,info@hotelritzweb.it
Alberghi,Hotel Valle Verde,Lido di Spartaia,57030,Marciana,LI,Toscana,,,direzione@elbahotelvalleverde.it
Alberghi,Camping Villaggio Mareblù Camping Village,Via Dei Campilunghi,57023,Cecina,LI,Toscana,0586629191,0586629192,info@campingmareblu.com
Alberghi,Albergo Alcione,Viale Morin 137,55042,Forte Dei Marmi,LU,Toscana,0584787452,0584787097,info@hotelalcione.com
Alberghi,Parco Delle Rose,Via Delle Rose 6,51013,Chiesina Uzzanese,PT,Toscana,057248121,,info@motelparcodellerose.com
Alberghi,Leonardo,Via Vittorio Alfieri 36,53042,Chianciano Terme,SI,Toscana,057862460,,info@albergoleonardo.it
Alberghi,Hotel Paris,Via Dei Banchi 2,50100,Firenze,FI,Toscana,055280281,055268505,info@parishotel.it
Alberghi,Mini Hotel Easy Time,Via Panoramica,57038,Rio Marina,LI,Toscana,0565962531,,easytime@infoelba.it
Alberghi,Yourtaxidriver di Acquafresca Alessandro,Piazza Della Stazione,58022,Follonica,GR,Toscana,,,info@yourtaxidriver.it
Alberghi,Savoia U.n.u.c.i.,Viale Della Libertà 510,53042,Chianciano Terme,SI,Toscana,057860191,057864883,info@hotelsavoia-unuci.it
Alberghi,Lido,Largo Cairoli 7,57023,Cecina,LI,Toscana,0586620669,,lidohotel@tin.it
Alberghi,Europa,Viale Colombo Cristoforo 91,55041,Camaiore,LU,Toscana,058466007,058466007,hotelsena@tin.it
Alberghi,Bencistà,Viale Roma 61,55045,Marina di Pietrasanta,LU,Toscana,058420320,0584746100,info@bencista.it
Alberghi,Albergo Ristorante Il Giogo,Strada Statale Del Passo Del Giogo,50038,Scarperia,FI,Toscana,055846051,055846051,rist.ilgiogo@tin.it
Alberghi,Azzurra,Via Manzoni 22,55045,Marina di Pietrasanta,LU,Toscana,058420246,058421345,h.azzurra@tiscalinet.it
Alberghi,Hotel Panama,Via Xx Settembre 80/82,50129,Firenze,FI,Toscana,,,dondamiane@hotmail.com
Alberghi,Hotel Roma,Piazza S. M. Novella 8,50100,Firenze,FI,Toscana,055210366,055215306,info.htlromafi@dada.it
Alberghi,Hambros Il Parco,Via Pesciatina 197,55012,Capannori,LU,Toscana,0583935355,0583935356,info@hotelhambrosilparco.com
Alberghi,Hotel Versilia,Viale Dante Alighieri 33,55043,Lido di Camaiore,LU,Toscana,0584618357,0584619686,versilh@tin.it
Alberghi,Hotel Nazionale,Via Nazionale 22,50123,Firenze,FI,Toscana,0552382203,0552381735,info@nazionalehotel.it
Alberghi,Il Bottaccio di Montignoso,Via Bottaccio 1,54038,Montignoso,MS,Toscana,0585340103,0585340031,bottaccio@relaischateaux.com
Alberghi,Barsalini,Località S. Andrea,57030,Marciana,LI,Toscana,0565908013,0565908920,info@hotelbarsalini.com
Alberghi,Castello Del Nero Hotel & Spa,Via Spicciano 7,50028,Tavarnelle Val di Pesa,FI,Toscana,055806470,05580647777,reservations@castellodelnero.com
Alberghi,Hotel Valmarina,Via Baldanzese 146,50041,Calenzano,FI,Toscana,0558825336,0558825250,info@hotelvalmarina.it
Alberghi,Bahia,Viale Carducci 53,55049,Viareggio,LU,Toscana,058448403,,info@hotel-bahia.it
Alberghi,Hotel Della Robbia,Via Della Robbia 7/9,50132,Firenze,FI,Toscana,0552638570,0552466371,info@hoteldellarobbia.it
Alberghi,Hotel Castelletto di Montebenichi,Piazza Gorizia 19,52021,Bucine,AR,Toscana,,,monteben@abitarelastoria.it
Alberghi,Hotel I Butteri,Via Provinciale 8,58051,Montiano,GR,Toscana,0564589824,,renobardi@libero.it
Alberghi,Villa Delle Rose,Via Castellare 21,51017,Pescia,PT,Toscana,0572444003,,villarose@rphotels.com
Alberghi,Delle Nazioni,Via L. Alamanni 15,50142,Firenze,FI,Toscana,055283575,055283579,hotel@dellenazioni.it
Alberghi,Hotel Sestriere,Via Pirandello 2,53042,Chianciano Terme,SI,Toscana,057863359,057863322,nessy76@virgilio.it
Alberghi,Hotel Il Guelfo Bianco,Via Cavour 57/r,50129,Firenze,FI,Toscana,055288330,055295203,info@ilguelfobianco.it
Alberghi,Hotel River,Lungarno Della Zecca Vecchia 18,50122,Firenze,FI,Toscana,0552343529,0552343531,info@hotelriver.com
Alberghi,Hotel Tesi,Via Scipione Dè Ricci,51026,San Marcello Pistoiese,PT,Toscana,057364499,057364499,albergotesi@alice.it
Alberghi,Villa Scacciapensieri,Strada di Scacciapensieri 10,53100,Siena,SI,Toscana,057741441,0577270854,villascacciapensieri@tin.it
Alberghi,Borgo Antico,Via B. Dovizi 18,52011,Bibbiena,AR,Toscana,0575536445,0575536447,borgoantico@brami.com
Alberghi,Boston,Piazza Mazzini 40,57126,Livorno,LI,Toscana,0586882333,0586882044,info@bostonh.it
Alberghi,Hotel Unicorno,Via Dei Fossi 27,50100,Firenze,FI,Toscana,055287313,055268332,info@hotelunicorno.it
Alberghi,Hotel President,Viale Morin 65,55042,Forte Dei Marmi,LU,Toscana,0584787421,0584787519,info@presidentforte.it
Alberghi,Camping Villaggio Free Time,Via Dei Cipressi,57020,Bibbona,LI,Toscana,0586600934,0586602682,info@freetimecamping.it
Alberghi,Hotel Eur,Viale Colombo 175,55043,Lido di Camaiore,LU,Toscana,,0584618253,info@hoteleur.it
Alberghi,Aldini,Via Calzaiuoli 13n,50142,Firenze,FI,Toscana,055214752,055291621,info@hotelaldini.it
Alberghi,Castelbigozzi,Località Bigozzi 1,53035,Monteriggioni,SI,Toscana,0577300000,,castelbigozzi@chiantiturismo.it
Alberghi,Rossi,Via Gramsci 3,58014,Manciano,GR,Toscana,0564629248,,info@hotelrossi.it
Alberghi,Montecarlo,Viale Della Libertà 478,53042,Chianciano Terme,SI,Toscana,057863903,,hotelmontecarlo@libero.it
Alberghi,L'incanto di Boccadarno,Via Francesco Barbolani,56128,Pisa,PI,Toscana,050 311084,050 311004,boccadarno@tiscali.it
Alberghi,Villa Edera,Via Astoria 17,55045,Marina di Pietrasanta,LU,Toscana,058420089,,villaedera@hotelverdemare.it
Alberghi,Hotel La Residenza,Via Tornabuoni 8,50123,Firenze,FI,Toscana,055284197,055284197,info@laresidenzahotel.com
Alberghi,Casolare Le Terre Rosse,Località S.donato 2,53037,San Gimignano,SI,Toscana,05779021,0577902200,info@hotelterrerosse.com
Alberghi,Hermitage Srl,Località Biodola 1,57037,Portoferraio,LI,Toscana,0565974811,0565969984,hermitage@elbalink.it
Alberghi,Santa Caterina,Via Arno 64,53042,Chianciano Terme,SI,Toscana,057831333,057831390,info@hotel-santacaterina.it
Alberghi,Palace Hotel,Via Gioia 2,55049,Viareggio,LU,Toscana,058446134,,info@palaceviareggio.com
Alberghi,Hotel Imperial Garden,Viale Puccini 20,51016,Montecatini Terme,PT,Toscana,0572910862,0572910863,imperialgarden@lhphotels.com
Alberghi,Hotel Bellaria,Via Verdi 57,53042,Chianciano Terme,SI,Toscana,057864691,057863979,albergobellaria@libero.it
Alberghi,L'anfora di Di Biagio G & C Snc,Localita Naregno,57031,Capoliveri,LI,Toscana,0565968573,,info@hotelanfora.it
Alberghi,Hotel Il Grotto,Via Provinciale 46,55038,San Romano In Garfagnana,LU,Toscana,0583612392,0583612807,info@ilgrotto.it
Alberghi,Albergo Agnelli Ristorante di Agnelli Franco & C. Snc,P. Della Repubblica - San Quirico 9,58010,Sorano,GR,Toscana,0564619015,0564619015,info@lavecchiafonte.com
Alberghi,Hotel Giada,Viale Della Repubblica 7,55042,Forte Dei Marmi,LU,Toscana,0584787171,058483286,info@albergogiada.com
Alberghi,Hotel Ambrosiano Srl,Corso Matteotti 65,51016,Montecatini Terme,PT,Toscana,057270055,0572772009,info@ambrosianohotel.it
Alberghi,Albergo Villa Rioddi,Strada Provinciale Del Monte Volterrano,56048,Volterra,PI,Toscana,058888053,058888074,info@hotelvillarioddi.it
Alberghi,Albergo Vittoria Italia,Via Roma 1,56034,Casciana Terme,PI,Toscana,0587646138,0587646212,vittoria.hotel@tin.it
Alberghi,Hotel La Torre,Via Sassopiano 41,52010,Badia Prataglia,AR,Toscana,0575559005,0575559005,torre@albergoristorantelatorre.com
Alberghi,Barbarossa,Località Barbarossa,57036,Porto Azzurro,LI,Toscana,056595087,056595692,luigina.blandi@alice.it
Alberghi,Hotel Mediterraneo,Via Xxiv Maggio 70,58100,Marina di Grosseto,GR,Toscana,056434500,056435261,info@mediterraneo-hotel.it
Alberghi,Hotel Coluccini,Piazza D'annunzio 13,55044,Marina di Pietrasanta,LU,Toscana,0584745620,0584745380,info@hotelcoluccini.it
Alberghi,Etrusco,Località Aia,57038,Rio Marina,LI,Toscana,0565943289,,information@hoteletrusco.com
Alberghi,Villa Mimosa Snc,Via Maestro Ferrari 7,54011,Aulla,MS,Toscana,0187415052,0187415052,villamimosadiaulla@hotmail.com
Alberghi,Baia D'argento,Località Pozzarello,58019,Monte Argentario,GR,Toscana,0564812643,,baiadargento@baiadargento.com
Alberghi,Hotel Europa,Piazza Stazione 10,50058,Signa,FI,Toscana,0558734346,0558734041,info@hoteleuropasigna.it
Alberghi,Hotel Massimo D'azeglio,Corso Matteotti 42,51016,Montecatini Terme,PT,Toscana,0572770,,massimodazeglio@italway.it
Alberghi,Hotel Bahamas,Via Cardinale Oreglia 22,58012,Isola Del Giglio,GR,Toscana,0564809254,0564809254,info@bahamashotel.it
Alberghi,Grand Hotel Tamerici & Principe,,51100,Pistoia,PT,Toscana,,,princde@publiterme.it
Alberghi,Hotel La Riviera,Via Marconi 17,51016,Montecatini Terme,PT,Toscana,0572767640,0572770942,vicirri@tin.it
Alberghi,Hotel Tiziana,Via Cavour 65,55044,Marina di Pietrasanta,LU,Toscana,0584745877,0584745903,puntolegnomassa@puntolegno.it
Alberghi,Hotel Castello,Località Castello,53018,Sovicille,SI,Toscana,0577347711,0577347200,hcastello@hotel-castello.it
Alberghi,Hotel Villa Denia,Via Dello Storione 7,57027,San Vincenzo,LI,Toscana,,,info@villadenia.it
Alberghi,Hotel Elba,Via Aurelia 301,57013,Rosignano Solvay,LI,Toscana,0586760939,0586760915,info@elbahotel.net
Alberghi,Ristorante Albergo Latini,Viale Dei Platani 1,53037,San Gimignano,SI,Toscana,0577945019,0577945022,latini@dada.it
Alberghi,Albergo Ristorante Campaldino,Via Roma 95,52014,Poppi,AR,Toscana,,0575529032,priccica@virgilio.it
Alberghi,Starhotels Tuscany,Via di Novoli 59,50127,Firenze,FI,Toscana,055431441,0554378257,tuscany.fi@starhotels.it
Alberghi,Giardino,Località Lacona,57031,Capoliveri,LI,Toscana,0565964059,0565964363,hotelgiardino@elbalink.it
Alberghi,Contessa,Prato Della Contessa,58033,Castel Del Piano,GR,Toscana,0564 959000,0564 959002,info@hotelcontessa.it
Alberghi,Hotel Da Graziano,Via G. Matteotti 39/a,53037,San Gimignano,SI,Toscana,,0577940655,info@hoteldagraziano.it
Alberghi,Hotel Villa Pitiana,Via Provinciale Per Tosi 7,50066,Reggello,FI,Toscana,,,info@villapitiana.com
Alberghi,Hotel La Collegiata,Località strada 27,53037,San Gimignano,SI,Toscana,0577940566,0577943201,collegiata@relaischateaux.com
Alberghi,Hotel Burlamacco Burrasca Meublé,Via Garibaldi 120,55100,Viareggio,LU,Toscana,0584961788,0584961788,info@hotelburlamacco.it
Alberghi,Hotel Old Florence Inn,Largo Alinari 11,50123,Firenze,FI,Toscana,055215401,055215401,info@oldflorenceinn.it
Alberghi,Albergo La Moscadella,Località La Moscadella,53020,Trequanda,SI,Toscana,0577665310,0577665807,lamoscadella@lamoscadella.it
Alberghi,Hotel Lungarno,Borgo S. Jacopo 14,50100,Firenze,FI,Toscana,05527261,055268437,lungarnohotels@lungarnohotels.com
Alberghi,Palace Hotel Due Ponti Srl,Viale Europa 12,53100,Siena,SI,Toscana,057746055,0577247907,info@palacehoteldueponti.com
Alberghi,Hotel Mare,Località Magazzini,57037,Portoferraio,LI,Toscana,0565933069,0565933408,mfede@elbacom.it
Alberghi,Vico Alto,Via Regioni 26,53100,Siena,SI,Toscana,0577331099,,hotelvicoalto@tiscalinet.it
Alberghi,Jane,Via Orcagna 56/58,50121,Firenze,FI,Toscana,055677382,055677383,info@hoteljane.com
Alberghi,Best Western Hotel Villa Gabriele D'annunzio,Via G. D'annunzio 141/a,50142,Firenze,FI,Toscana,055602960,0556193113,dannunzio.fi@bestwestern.it
Alberghi,Il Gabbiano,Viale Della Vittoria 109,57023,Cecina,LI,Toscana,0586620867,0586620867,info@ilgabbiano-hotel.com
Alberghi,Corallo di Sebastiani e C Snc,Via Paolieri 27,58010,Albinia,GR,Toscana,0564870065,0564870571,info@hotelcorallo.it
Alberghi,Martelli,Via Panzani 8,50123,Firenze,FI,Toscana,055217151,,info@hotelmartelli.com
Alberghi,Albergo Padellino,Viale Della Stazione 22,50036,Vaglia,FI,Toscana,055407902,055407902,giulio.padellini@libero.it
Alberghi,Hotel Il Rustichello,Del Rustichello 2,57034,Campo Nell'elba,LI,Toscana,0565976584,0565979761,hotelrustichello@tiscalinet.it
Alberghi,La Coccinella,Via Indipendenza 1,57027,San Vincenzo,LI,Toscana,0565720070,0565720070,info@albergolacoccinella.it
Alberghi,Castello di Velona,Località Velona,53024,Montalcino,SI,Toscana,0577800101,0577835661,info@castellodivelona.it
Alberghi,La Foresta,Via San G. Gualberto 2,50066,Reggello,FI,Toscana,055862034,0558622389,info@albergolaforesta.it
Alberghi,Aziza Vacanze,Viale Italia 142,58022,Follonica,GR,Toscana,056644441,056640413,info@hotelaziza.it
Alberghi,Hotel D'azeglio,Via Mattonaia 43,50121,Firenze,FI,Toscana,0552347262,0552009484,info@hoteldazeglio-firenze.com
Alberghi,Hotel Duomo,Via San Donato 14,53045,Montepulciano,SI,Toscana,,,albergoduomo@libero.it
Alberghi,Terme,Via Delle Terme,54013,Fivizzano,MS,Toscana,058597830,058597830,info@hotelequiterme.com
Alberghi,Hotel Bellavista,Via Modenese 606,51020,Pistoia,PT,Toscana,0573472024,0573472044,mariella.gigli@alice.it
Alberghi,Hotel Noblesse,Via S. Anastasio 23,55100,Lucca,LU,Toscana,0583440275,0583490506,info@hotelnoblesse.it
Alberghi,Albergo Ristorante La Greppia,Via Pagliadiccio 1,54100,Massa,MS,Toscana,0187945117,0187945111,info@lagreppia.it
Alberghi,Hotel Giardini,Via Giardini 84,51028,San Marcello Pistoiese,PT,Toscana,0573622323,0573620163,hotelgiardini@leonet.it
Alberghi,Il Pellicano,Località Sbarcatello,58018,Porto Ercole,GR,Toscana,0564858111,0564833418,reservations@pellicanohotel.com
Alberghi,Grand Hotel Ambasciatori,Viale Iv Novembre 12,51016,Montecatini Terme,PT,Toscana,057273301,,info@ghambasciatori.it
Alberghi,San Giorgio e Olimpic,Via S. Antonino 3,50100,Firenze,FI,Toscana,055284344,055283580,hotelsangiorgio@dada.it
Alberghi,Chianti Hotels,Via Fiorentina 89,53011,Castellina In Chianti,SI,Toscana,0577740887,0577740924,info@hotelsanleonino.com
Alberghi,Hotel I Ciliegi,Piazza Amendola 4,50066,Vallombrosa,FI,Toscana,055863451,055863454,info@hoteliciliegi.com
Alberghi,Park Hotel Moderno,Via Gorizia 11,51016,Montecatini Terme,PT,Toscana,057271056,,info@parkhotelmoderno.it
Alberghi,Savoia & Campana,Via Cavallotti 10,51016,Montecatini Terme,PT,Toscana,0572772670,,info@hotelsavoiaecampana.com
Alberghi,Piccolo Hotel Versilia,Località La Foce,57034,Campo Nell'elba,LI,Toscana,0565976123,05651960002,info@piccolohotelversilia.it
Alberghi,Relais Villa Petrischio,Via Del Petrischio 25,52044,Cortona,AR,Toscana,0575610316,0575610316,info@villapetrischio.it
Alberghi,Hotel La Pietra - Gestione Ristorante Il Muraglione,Viale Malaspina 23,54035,Fosdinovo,MS,Toscana,0187690324,0187694056,hotel.lapietra@libero.it
Alberghi,Hotel Kyrton,Via Raffaelli 16,55042,Forte Dei Marmi,LU,Toscana,0584787461,058489632,info@hotelkyrton.it
Alberghi,Il Castello,Via G. Della Rena 6,50052,Certaldo,FI,Toscana,0571668250,,info@albergoilcastello.it
Alberghi,Hotel Granduca Srl,Strada Statale Del Brennero 13,56017,San Giuliano Terme,PI,Toscana,05081411121,050818811,reception@hotelgranduca.it
Alberghi,Park Hotel Villa Gori Golf Club,Via di Marciano 18,53100,Siena,SI,Toscana,0577290290,0577290448,reservation.phs@royaldemeure.com
Alberghi,Carlton,Via U. Foscolo 21,53042,Chianciano Terme,SI,Toscana,057864395,,info@hotelcarltonelite.it
Alberghi,Inn Hotel,Via Fermi Enrico 4,50031,Barberino di Mugello,FI,Toscana,0558420199,,info@innhotel.it
Alberghi,Del Lago,Via Borbuio 41,52022,Cavriglia,AR,Toscana,055961596,055961850,hoteldellago@hotmail.com
Alberghi,Hotel Ungherese,Via G. B. Amici 8,50131,Firenze,FI,Toscana,055573474,055571409,info@hotelungherese.it
Alberghi,Villa Rita,Località Colle D'orano,57030,Marciana,LI,Toscana,0565908095,0565908040,info@villarita.it
Alberghi,Corallo,Via Felice Cavallotti 116,51016,Montecatini Terme,PT,Toscana,057278288,057279642,info@golfhotelcorallo.it
Alberghi,Villaggio I Sorbizzi,Via Dei Cavalleggeri Sud 44,57020,Bibbona,LI,Toscana,0586681886,0586018806,info@sorbizzi.com
Alberghi,Grand Hotel Milano,Viale Roma 46,53042,Chianciano Terme,SI,Toscana,057863227,057863227,milano@barbettihotels.it
Alberghi,Castello Banfi - Il Borgo,Località Poggio Alle Mura,53024,Montalcino,SI,Toscana,0577 877700,0577 877701,borgo@castellobanfi.it
Alberghi,Hotel Viticcio,Località Viticcio,57037,Portoferraio,LI,Toscana,0565939058,0565939032,mailbox@hotelviticcio.it
Alberghi,Residence San Sano,Località S.sano,53013,Gaiole In Chianti,SI,Toscana,0577746130,,info@sansanohotel.it
Alberghi,Hotel Grifone,Via Del Pesce Persico 2,58046,Grosseto,GR,Toscana,056431300,056432754,grifone@ouverture.it
Alberghi,Hotel Trieste,Viale Puccini 15,51016,Montecatini Terme,PT,Toscana,057279427,0572910866,info@hoteltriestemontecatini.it
Alberghi,Mare,Località Magazzini 6,57037,Portoferraio,LI,Toscana,0565933069,,hotel.mare@elba-on-line.com
Alberghi,Albergo Arno Bellariva,Lungarno Tempio 16,50121,Firenze,FI,Toscana,055666342,055667711,hotelarnofirenze@hotmail.com
Alberghi,Terme di Caldana,Via Aurelia Nord - Venturina 16,57021,Campiglia Marittima,LI,Toscana,0565851400,,info@hoteltermedicaldana.it
Alberghi,La Perla Del Golfo,Località Procchio,57030,Marciana,LI,Toscana,0565907733,0565907737,info@laperladelgolfo.it
Alberghi,Relais Fattoria Vignale,Via Pianigiani 8,53017,Radda In Chianti,SI,Toscana,0577738300,0577738592,vignale@vignale.it
Alberghi,La Fonte Del Cieco,Via B. Ricasoli 18,53013,Gaiole In Chianti,SI,Toscana,0577744028,0577744407,info@lafontedelcieco.it
Alberghi,Villa Marcella Holiday Beach,Viale Serristori 41,57027,San Vincenzo,LI,Toscana,,0565702154,info@villamarcella.it
Alberghi,Il Bersagliere,Via Aurelia 446,57012,Castiglioncello,LI,Toscana,0586794482,0586794482,info@ilbersagliere.it
Alberghi,Antico Borgo San Martino,Località San Martino 12,56046,Riparbella,PI,Toscana,0586696010,0586699317,info@anticoborgosanmartino.it
Alberghi,Villa Tirreno,Via Della Triglia 4,57022,Marina di Castagneto,LI,Toscana,0565744187,0565744187,info@villatirreno.com
Alberghi,Meridiana Country Hotel,Via Barberino 253,50041,Calenzano,FI,Toscana,0558819472,0558819023,info@meridianacountryhotel.it
Alberghi,Pensione Giardino,Via Nazionale 15,52010,Badia Prataglia,AR,Toscana,0575559016,0575559422,hotelgiardino@tin.it
Alberghi,Axial,Via Dei Calzaiuoli 11,50142,Firenze,FI,Toscana,055218984,055211733,info@hotelaxial.it
Alberghi,Hotel Patrizia,Via Montebello 7,50100,Firenze,FI,Toscana,055282314,055287856,patrizhtl@tin.it
Alberghi,Hotel Sergio,Via Provinciale Carrara 180,54033,Avenza,MS,Toscana,0585858938,0585857695,hotelsergio@tin.it
Alberghi,Albergo Galileo Palace,Località Rigutino Est 161,52100,Arezzo,AR,Toscana,0575978842,057597274,info@galileopalace.it
Alberghi,Villa Biondi,Via Pozza 4,55051,Barga,LU,Toscana,0583387208,0583711261,info@villabiondi.it
Alberghi,Excelsior Srl,Via Cesare Battisti 1,54037,Massa,MS,Toscana,05858601,0585869795,info@hotelexcelsior.it
Alberghi,Albani Firenze,Via Fiume 12,50142,Firenze,FI,Toscana,05526030,055211045,info.flo@albanihotels.com
Alberghi,Villa Dei Bosconi Hotel,Via Francesco Ferrucci 51,50014,Fiesole,FI,Toscana,05559578,0555978448,villadeibosconi@fiesolehotels.com
Alberghi,La Porta di Mignana,Via Mignana 39,50059,Vinci,FI,Toscana,0571584726,,info@casavacanzelaporta.it
Alberghi,Taverna Etrusca,Piazza Stefani 11/12,58043,Castiglione Della Pescaia,GR,Toscana,0564 949802,0564 949802,info@tavernaetrusca.it
Alberghi,Residence Oasi Del Mare,Viale Tirreno 88,56018,Tirrenia,PI,Toscana,05033605,05037968,info@oasidelmare.it
Alberghi,Villaggio Globale Villa Demidoff,Villa Demidoff,55021,Bagni di Lucca,LU,Toscana,,,info@globalvillage-it.com
Alberghi,Albergo Ristorante L'abbeveratoio,Via Traversa Dei Monti 38,53020,San Giovanni D'asso,SI,Toscana,0577802911,0577802911,info@abbeveratoio.com
Alberghi,Hotel San Marco,Piazza San Marco 48,59100,Prato,PO,Toscana,,057422378,info@hotelsanmarcoprato.com
Alberghi,Belvedere,Via Statale 445,55034,Minucciano,LU,Toscana,0583611043,0583611043,info@albergo-belvedere.it
Alberghi,Albergo San Lorenzo,Piazza Bordoni 2/5,52014,Poppi,AR,Toscana,,0575520242,mail@poppi-sanlorenzo.com
Alberghi,Hotel Borgo Grondaie,Strada Delle Grondaie 15,53100,Siena,SI,Toscana,0577332539,0577335761,hotel@borgogrondaie.com
Alberghi,Hotel San Biagio,Via San Bartolomeo 2,53045,Montepulciano,SI,Toscana,,0578716524,info@albergosanbiagio.it
Alberghi,1st Stop Reservation Center,"11/r, Viale Don Giovanni Minzon",50129,Firenze,FI,Toscana,800608822,0553247058,topreservationcenter@libero.it
Alberghi,Brennero e Varsavia,Viale Bicchierai 72,51016,Montecatini Terme,PT,Toscana,057270086,,info@hotelbrenneroevarsavia.it
Alberghi,Hotel Torre Dell'osa,Via Aurelia Sud Km 156,58010,Talamone,GR,Toscana,0564885584,0564884954,info@torredellosa.it
Alberghi,Casa Rosa,Località Biodola,57037,Portoferraio,LI,Toscana,0565969857,0565969919,casarosa@elbalink.it
Alberghi,Casa Volpi,Le Pietre Via Simone Martini 2,52100,Arezzo,AR,Toscana,0575354364,057535597,posta@casavolpi.it
Alberghi,Park Hotel Le Fonti,Via Fonte Corrente 8,56048,Volterra,PI,Toscana,,,info@parkhotellefonti.com
Alberghi,J.k. Place,Piazza S. M. Novella 7,50123,Firenze,FI,Toscana,0552399346,0552658387,jkplace@jkplace.com
Alberghi,Hotel Relais La Suvera,Località Pievescola,53030,Casole D'elsa,SI,Toscana,0577960300,,reservations@lasuvera.it
Alberghi,Piccolo Hotel Etruria,Via Donzelle 3,53100,Siena,SI,Toscana,0577288088,0577288461,info@hoteletruria.com
Alberghi,La Villa Miranda - Albergo Relais Santa Cristina,Località La Villa,53017,Radda In Chianti,SI,Toscana,0577738021,0577738668,villamiranda@tiscalinet.it
Alberghi,Grand Hotel Villa Cappugi Srl,Via Collegigliato 45,51100,Pistoia,PT,Toscana,0573450297,0573903105,info@hotelvillacappugi.com
Alberghi,Hotel Hervè Snc di Reminati Pier Giuseppe e C.,Via Vicenza 7,54100,Massa,MS,Toscana,0585869700,0585869700,info@hotelherve.com
Alberghi,Leon Bianco,Via Panciatichi 2,51100,Pistoia,PT,Toscana,057326675,057326704,info@hotelleonbianco.it
Alberghi,Hotel Il Boschetto,Viale Adua 467/469,51100,Pistoia,PT,Toscana,0573401336,0573401013,info@albergoilboschetto.it
Alberghi,Eurostars Toscana,Viale Europa 1135,55100,Lucca,LU,Toscana,058331781,0583317894,info@eurostarstoscana.com
Alberghi,Il Bersagliere,Via Roma 41,53041,Asciano,SI,Toscana,0577718629,0577710028,info@bersagliere.net
Alberghi,Stella Ristorante Gourmet,Provinciale 31 di Manzano,52044,Cortona,AR,Toscana,0575610241,0575610241,info@hotelfarneta.it
Alberghi,Hotel Residence La Buca Del Gatto,Via Dell'astronomia 2,57023,Cecina,LI,Toscana,0586629076,0586629062,info@labucadelgatto.com
Alberghi,Malaspina,Piazza Indipendenza 24,50129,Firenze,FI,Toscana,,,info@malaspinahotel.it
Alberghi,Hotel Reali,Via Marchesi 79,53042,Chianciano Terme,SI,Toscana,,,info@hotelreali.it
Alberghi,Astoria,Viale Fedeli 1,51016,Montecatini Terme,PT,Toscana,057271191,0572910900,astoria@taddeihotels.com
Alberghi,Albergo Ristorante La Torre Ai Mari Snc,Via Dei Mari 31,53047,Sarteano,SI,Toscana,0578265370,0578265370,info@latorreaimari.it
Alberghi,Hotel Villa Domizia,Località S. Liberata,58019,Porto Santo Stefano,GR,Toscana,,,villadomizia@grifonline.it
Alberghi,Palazzo Guadagni,Piazza Santo Spirito 9,50142,Firenze,FI,Toscana,0552658376,,info@palazzoguadagni.com
Alberghi,Nord Florence,Via Baracca 199/a,50127,Firenze,FI,Toscana,055431151,,info@nordflorence.it
Alberghi,Hotel Moderno,Via Londra 5,50065,Pontassieve,FI,Toscana,0558315541,0558369285,info@hotelmodernofirenze.it
Alberghi,Le Ginestre,Via Italia 51,55045,Marina di Pietrasanta,LU,Toscana,,,info@hotelleginestre.it
Alberghi,Le Fonti,Viale S.francesco D'assisi 4,51016,Montecatini Terme,PT,Toscana,0572773566,,info@rastellihotels.it
Alberghi,Miramonti,Via Montegrappa 7,54100,Massa,MS,Toscana,0585241067,,miramontimassa@hotmail.com
Alberghi,Hotel Fratini,Via Poggilupi 305,52028,Terranuova Bracciolini,AR,Toscana,055973092,0559739884,info@hotelfratini.it
Alberghi,Hotel Il Mulinaccio,Via Della Caldanelle 2,57027,San Vincenzo,LI,Toscana,0565701556,0565705512,hotel.mulinaccio@tiscalinet.it
Alberghi,Hotel San Lorenzo,Via Rosina 4,50100,Firenze,FI,Toscana,055284925,055284925,sanlorenzo@fionline.it
Alberghi,Hotel Bellavista,Largo Fratelli Alinari 15,50123,Firenze,FI,Toscana,055284528,055284874,bellavistahotel@hotmail.com
Alberghi,Arcobaleno,Via Valdi Ang. Via S. Mommè 37,51100,Pistoia,PT,Toscana,0573470030,0573470147,parkhotelarcobaleno@gmail.com
Alberghi,Michelangelo,Viale Piane 146,53042,Chianciano Terme,SI,Toscana,057864004,057860480,hotelmichelangelo@libero.it
Alberghi,Hotel Sovestro,Frazione Sovestro 63,53037,San Gimignano,SI,Toscana,,0577943089,info@hotelsovestro.com
Alberghi,Residenza Visdomini,Via Stagi 83/a,55045,Pietrasanta,LU,Toscana,058470479,,residenzavisdomini@libero.it
Alberghi,Boutique Hotel Ilio,Via Sant'andrea 5,57030,Marciana,LI,Toscana,,0565908087,booking@hotelilio.com
Alberghi,Hotel Arnolfo,Via Trieste 31,51016,Montecatini Terme,PT,Toscana,0572737712,057278883,info@hotelarnolfo.com
Alberghi,Puccini Residenza D'epoca,Vicolo Malconsiglio 4,51100,Pistoia,PT,Toscana,0573 26707,0573 1745133,palazzopuccini@gmail.com
Alberghi,Hotel Cavaliere,P. Ravenna 16,50126,Firenze,FI,Toscana,055686607,0556585791,h.cavaliere@tin.it
Alberghi,Park Hotel,Viale Colombo 153,55041,Lido di Camaiore,LU,Toscana,0584619015,0584619025,info@tuscanyparkhotel.it
Alberghi,Hotel Fiorino,Via Dell'osteria Del Guanto 6,50122,Firenze,FI,Toscana,055210579,055210579,fiorinohotel@tin.it
Alberghi,Residence Il Girasole,Località Carrari 8,55011,Altopascio,LU,Toscana,0583276995,,info@casavacanzailgirasole.com
Alberghi,Hotel Palazzo Vecchio,Via Cennini 4,50123,Firenze,FI,Toscana,055212182,055216445,info@hotelpalazzovecchio.it
Alberghi,Scandinavia,Via Zolezzi 4,54100,Massa,MS,Toscana,0585240295,,info@hotelscandinavia.it
Alberghi,Fenice Palace,Via Dei Martelli 10,50129,Firenze,FI,Toscana,055289942,,info@hotelfenicepalace.it
Alberghi,Hotel Da Tosca,Via Brennero 85,51021,Abetone,PT,Toscana,057360317,057360317,datosca@abetone.com
Alberghi,Albergo Terranova,Via C. Cattaneo 144,56100,Pisa,PI,Toscana,050 500694,050500694,info@albergoterranova.com
Alberghi,Suisse,Via Le Piane,53042,Chianciano Terme,SI,Toscana,057863820,057863430,suisse.chianciano@tiscali.it
Alberghi,Antica Residenza Del Gallo,Via Gallo 25,55100,Lucca,LU,Toscana,0583491450,0583492743,info@anticaresidenzadelgallo.it
Alberghi,Raffaelli Park Hotel,Via Mazzini 37,55042,Forte Dei Marmi,LU,Toscana,0584787294,,infohotels@raffaelli.com
Alberghi,Hotel Sara,Via San Martino 59,55065,Viareggio,LU,Toscana,058446042,058446042,albergosara@virgilio.it
Alberghi,Vivahotels,Via Del Giglio 10,50123,Firenze,FI,Toscana,055284792,,reservation@vivahotels.com
Alberghi,Hotel Grotte Del Paradiso,Località Grotte 1,57037,Portoferraio,LI,Toscana,0565933057,0565940754,grottedelparadiso@elbalink.it
Alberghi,Villa Scacciapensieri,Via Villa Scacciapensieri 10,53100,Siena,SI,Toscana,057741441,,villasca@tin.it
Alberghi,Hotel Giusy,Via Astoria 44,55043,Lido di Camaiore,LU,Toscana,,,giusy@versiliaplanet.it
Alberghi,Boscolo Hotel Granducato,Via Tomerello 1,50013,Campi Bisenzio,FI,Toscana,0558805111,0558805000,reservation@granducato.boscolo.com
Alberghi,Princess,Viale Bicchierai 36,51016,Montecatini Terme,PT,Toscana,0572901849,,princess@gruppobirindelli.it
Alberghi,Mario's,Via Faenza 89,50123,Firenze,FI,Toscana,055212039,,hotelmarios@hotelmarios.com
Alberghi,Pratuccio,Via Fratelli Rosselli 70,58037,Santa Fiora,GR,Toscana,0564953005,,pratucciohotel@libero.it
Alberghi,Stella Del Mare,Via Colombo 68,54033,Carrara,MS,Toscana,0585785190,0585648656,info@hotelstelladelmare.com
Alberghi,Agriresidence Casa Mattioli,Località Fornaci 42,57020,Sassetta,LI,Toscana,0565828030,0565828034,info@etruscansea.it
Alberghi,Sport Hotel Olimpo,Via F. Coppi 3/a,52100,Arezzo,AR,Toscana,0559772700,0559772701,info@sporthotelolimpo.it
Alberghi,Hotel San Miniato,Via Aldo Moro 2,56028,San Miniato,PI,Toscana,0571 418904,0571 418568,info@hotelsanminiato.com
Alberghi,Hotel Mirella,Strada Provinciale di Casciano 43,53016,Murlo,SI,Toscana,0577817667,0577817575,info@hotelmirella.com
Alberghi,San Biagio Relais,Via Dante 40,58015,Orbetello,GR,Toscana,0564860543,0564867787,info@sanbiagiorelais.com
Alberghi,Villaggio Le Querce,Via S. Marco 58,58010,Sorano,GR,Toscana,0564632031,,info@villaggiolequerce.com
Alberghi,Voce Del Mare,Località Naregno,57031,Capoliveri,LI,Toscana,0565968455,,lavocedelmare@elbalink.it
Alberghi,Casa Alba di Gaddi Laura,Via Fillungo 142,55100,Lucca,LU,Toscana,0583495361,0583312800,info@casa-alba.com
Alberghi,Cosmopolitan Hotel,Via Baracca 187,50127,Firenze,FI,Toscana,0554225800,0554225850,info@cosmopolitanhotel.it
Alberghi,Albergo La Nave di Zurli Lamberto Luciano & C. Snc,Località La Nave 89/a,52043,Castiglion Fiorentino,AR,Toscana,0575684040,0575684050,info@lanavehotel.it
Alberghi,Terme San Giovanni,Località Terme S. Giovanni,53040,Rapolano Terme,SI,Toscana,0577724030,,info@termesangiovanni.it
Alberghi,Hotel Amalfitana,Via Roma 44,56126,Pisa,PI,Toscana,05029000,05025218,info@hotelamalfitana.it
Alberghi,Ristorante Albergo La Torricella di Cipriani Carolina,La Torricella,52014,Poppi,AR,Toscana,0575527045,0575527046,info@latorricella.com
Alberghi,Locanda L'elisa,Via Nuova Per Pisa 1952,55050,Lucca,LU,Toscana,0583379019,0583379737,elisa@relaischateaux.com
Alberghi,Corsignano,Via Della Madonnina 11,53026,Pienza,SI,Toscana,0578748501,0578748166,corsignano@tin.it
Alberghi,Park Hotel Zibellino,Via Delle Rocchette,58043,Castiglione Della Pescaia,GR,Toscana,,,info@parkhotelzibellino.com
Alberghi,Albergo La Gioconda,Via Panzani 2,50123,Firenze,FI,Toscana,055211023,055213136,info@hotellagioconda.it
Alberghi,Hotel Crociani,Via Mencattelli 12,53042,Chianciano Terme,SI,Toscana,057864593,,info@hotel-fc.it
Alberghi,Palazzo Malfatti,Via Moncini 10,58024,Massa Marittima,GR,Toscana,0566 904181,,enricoxx71@libero.it
Alberghi,Residence Amiata,Via Roma 15,58033,Castel Del Piano,GR,Toscana,,,vacanzeamiata@tiscalinet.it
Alberghi,Relais La Suvera,Via Della Suvera,53030,Casole D'elsa,SI,Toscana,0577960300,0577960220,lasuvera@lasuvera.it
Alberghi,Empoli Hotel Srl,Via Brusciana 4,50053,Empoli,FI,Toscana,0571930136,0571931754,welcome@empolihotel.com
Alberghi,Vecchio Mulino,Viale Italia 10,50050,Montaione,FI,Toscana,0571697966,,info@hotelvecchiomulino.it
Alberghi,Roma,Via Roma 13,56034,Casciana Terme,PI,Toscana,0587646225,0587645233,info@albergo-roma.it
Alberghi,Tahiti,Via Buonarroti 75,55049,Viareggio,LU,Toscana,0584962761,,tahiti@libero.it
Alberghi,La Vedetta,Via Della Lecceta 5,57128,Livorno,LI,Toscana,0586579969,0586579969,info@hotellavedetta.it
Alberghi,Hotel Le Fontanelle,Via Traversa Del Crocifisso 7e,59100,Prato,PO,Toscana,,0574667669,info@lefontanellehotel.it
Alberghi,Hotel Bellavista,Via Nazionale 34,52010,Badia Prataglia,AR,Toscana,0575559011,0575559440,bellavista@badiaprataglia.com
Alberghi,Villa Maria,Via Privata Macerina 19,53042,Chianciano Terme,SI,Toscana,057863003,057863003,info@villamariachianciano.it
Alberghi,Hotel Logos,Viale Mazzini 153,55042,Forte Dei Marmi,LU,Toscana,0584880678,0584752700,info@logoshotel.it
Alberghi,Bartoli,Via Diego Martelli 9,57016,Castiglioncello,LI,Toscana,0586752051,0586752051,albergobartoli@interfree.it
Alberghi,Medusa,Via Oleandri 37,56128,Tirrenia,PI,Toscana,05037125,,info@hotelmedusa.com
Alberghi,Fontalleccio,Via Fonte Al Leccio,57030,Procchio,LI,Toscana,0565907431,0565907547,info@hotelfontalleccio.it
Alberghi,Relais Palazzo Del Capitano,Via Poliziano 18,53027,San Quirico D'orcia,SI,Toscana,0577899028,,info@palazzodelcapitano.com
Alberghi,Raphael,Via Derna 9,51016,Montecatini Terme,PT,Toscana,057270242,,raphael@gruppobirindelli.it
Alberghi,Max Hotel Livorno,Via Giotto Ciardi 28,57128,Livorno,LI,Toscana,0586426722,0586444255,livorno@maxhotels.it
Alberghi,Evöcafe,Via G. B. Venturi 2,51100,Pistoia,PT,Toscana,0573 1941620,,info@evocafe.it
Alberghi,Aurelia Rta,Via Garbuio 24,54038,Montignoso,MS,Toscana,0585 348737,0585 348737,aureliarta@gmail.com
Alberghi,Leon Bianco,Piazza Della Cisterna 13,53037,San Gimignano,SI,Toscana,0577941294,0577942123,info@leonbianco.com
Alberghi,Villa La Massa,Via Della Massa 24,50142,Firenze,FI,Toscana,05562611,055633102,reservations@villalamassa.it
Alberghi,Cosimo De Medici,Largo F.lli Alinari 15,50142,Firenze,FI,Toscana,055211066,055210769,info@cosimodemedici.com
Alberghi,Rita Major,Via Della Mattonaia 43,50142,Firenze,FI,Toscana,05524779901,0552478358,info@hotelritamajor.it
Alberghi,Bonciani,Via Panzani 17,50123,Firenze,FI,Toscana,05526090,,reservation@hotelbonciani.it
Alberghi,Alleluja,Via Del Porto,58040,Castiglione Della Pescaia,GR,Toscana,0564922050,0564920734,alleluja.puntaala@baglionihotels.com
Alberghi,Hotel Villa Volpi,Via di Gugliano 47,55100,Lucca,LU,Toscana,0583406137,0583405007,info@hotelvillavolpi.com
Alberghi,Borgo di Serignana,Località Serignana,50060,San Godenzo,FI,Toscana,0558374424,0558374424,info@borgoserignana.it
Alberghi,Giulio Cesare,Via Giulio Cesare 29,54038,Montignoso,MS,Toscana,0585309318,0585309319,hotelgiuliocesare@tiscali.it
Alberghi,Hotel Dolly,Via Leonardo Da Vinci 19,55059,Viareggio,LU,Toscana,058444507,058444507,info@hoteldolly.it
Alberghi,Albergo Enza,Via S. Zanobi 47,50129,Firenze,FI,Toscana,055490990,055473672,info@hotelenza.it
Alberghi,Hotel Alinari,Largo F.lli Alinari 15,50123,Firenze,FI,Toscana,,,info@hotelalinari.com
Alberghi,Hotel La Pineta Al Mare,Via Giuseppe Mazzini 65,55042,Forte Dei Marmi,LU,Toscana,0584787403,0584787212,info@lapinetaalmare.it
Alberghi,Starhotel Monginevro,Via Novoli 59,50127,Firenze,FI,Toscana,055431441,,monginevro.fi@starhotels.it
Alberghi,Hotel Santa Caterina,Viale Elba,57034,Marina di Campo,LI,Toscana,0565976452,0565976745,info@hotelsantacaterina.com
Alberghi,Hotel Fiorita,Via Fiume 20,50123,Firenze,FI,Toscana,055283189,0552728153,info@hotelfiorita.com
Alberghi,Hotel Fabricia,Località Magazzini,57037,Portoferraio,LI,Toscana,0565933181,0565933185,info@hotelfabricia.it
Alberghi,Il Marzocco,Piazza Savonarola 18,53045,Montepulciano,SI,Toscana,0578757262,0578757530,albergomarzocco@cretedisiena.com
Alberghi,Caesar,Viale Colombo 325,55043,Camaiore,LU,Toscana,0584617841,0584610888,info@caesarhotel.it
Alberghi,Hotel Le Capanne,Località San Zeno 44/45,52040,Arezzo,AR,Toscana,0575959634,0575998674,info@hotellecapanne.com
Alberghi,Hotel Residence,Via Lucardese 175,50025,Montespertoli,FI,Toscana,0571657504,0571658577,infolacappella@tiscali.it
Alberghi,Badia di Campo Leone,Località Castelluccio 38,52010,Arezzo,AR,Toscana,0575451561,0575451492,info@badiacampoleone.it
Alberghi,La Lampara,Via Siena 2/a,57023,Cecina,LI,Toscana,0586622366,0586622366,lalampara@tin.it
Alberghi,Dormireintoscana.it,Via di Tiglio 28,55066,Pieve San Paolo,LU,Toscana,0583980674,,raffaele.benetti@tin.it
Alberghi,Ambasciatori,Via Della Libertà 512,53042,Chianciano Terme,SI,Toscana,057864371,,ambasciatori@barbettihotels.it
Alberghi,Pino Blu,Via Buonarroti 63,55049,Viareggio,LU,Toscana,0584 961003,0584 361396,info@hotelpinoblu.it
Alberghi,Villa Schiatti,Località Fondaccio 131,52043,Castiglion Fiorentino,AR,Toscana,0575651481,,info@villaschiatti.it
Alberghi,Hotel Due Torri,Via Xxv Aprile 1/3,57036,Porto Azzurro,LI,Toscana,056595076,0565957797,info@elbaresidence.net
Alberghi,Piccolo Residence Apart Hotel,Via Ricasoli 23,50122,Firenze,FI,Toscana,0552670069,0552675647,piccoloresidence@piccoloresidenceapart_hotel.it
Alberghi,Hotel La Villa,Via Sestaione 118,51020,Cutigliano,PT,Toscana,0573673061,0573675900,lavilla@abetone.com
Alberghi,Venezia,Via Firenze 48,55045,Marina di Pietrasanta,LU,Toscana,0584745757,,info@albergovenezia.com
Alberghi,Lorenzo Il Magnifico,Via L. Il Magnifico 25,50129,Firenze,FI,Toscana,0554630878,,info@lorenzoilmagnifico.net
Alberghi,Hotel La Colonna,Strada di Pescaia 73/75,53100,Siena,SI,Toscana,0577236303,0577236634,info@hotellacolonnasiena.it
Alberghi,San Michele,Via Guelfa 15,52044,Cortona,AR,Toscana,0575604348,0575630147,info@hotelsanmichele.net
Alberghi,California Park,Via C. Colombo 32,55042,Forte Dei Marmi,LU,Toscana,0584787121,0584787268,info@californiaparkhotel.com
Alberghi,Grand Hotel Villa Parisi,Via Romolo Monti 10,57012,Rosignano Marittimo,LI,Toscana,0586751698,0586751167,bricoli@tiscalinet.it
Alberghi,Hotel Il Marzocco,Piazza Savonarola 18,53045,Montepulciano,SI,Toscana,,0578757530,ilmarzocco@montepulcianohotels.it
Alberghi,Villa Le Fonti,Via San Pietro Alle Fonti,56028,San Miniato,PI,Toscana,,057142276,info@villacontessamarianna.it
Alberghi,Cerretani Firenze,Via Dè Cerretani 10,50142,Firenze,FI,Toscana,0552381571,0552381312,h1539@accor.com
Alberghi,Hotel Venezia,Viale Cavallotti 39,51016,Montecatini Terme,PT,Toscana,057271294,057271294,siriovenezia@alice.it
Alberghi,Castello di Magona,Via Venturina 27,57021,Campiglia Marittima,LI,Toscana,0565851235,0565855127,relais@castellodimagona.it
Alberghi,Albergo Italia,Via Xx Settembre 39,57025,Piombino,LI,Toscana,0565220922,0565228035,albergo-italia@libero.it
Alberghi,Club Hotel Marina 2,Località La Foce 7,57034,Campo Nell'elba,LI,Toscana,0565977881,0565976631,marina2@elbalink.it
Alberghi,Hotel Areion,Via Caio Duilio 3,55042,Forte Dei Marmi,LU,Toscana,0584787404,0584787055,info@hotelareion.com
Alberghi,Hotel Villa Roma Imperiale,Via Corsica 9,55042,Forte Dei Marmi,LU,Toscana,,,info@villaromaimperiale.com
Alberghi,Hotel Granducato,Via Delle Lettere 62,53045,Montepulciano,SI,Toscana,,0578758597,granducato@lenni.it
Alberghi,Residenza Del Moro Residenza D'epoca,Via Del Moro 15,50123,Firenze,FI,Toscana,055290884,0552648494,info@residenzadelmoro.com
Alberghi,Hotel Kraft,Via Solferino 2,50123,Firenze,FI,Toscana,,,info@krafthotel.it
Alberghi,Euro Hotel di Riolo Srl,Località Pierreggio 1,52036,Pieve Santo Stefano,AR,Toscana,0575797055,0575797166,info@hotel-euro.it
Alberghi,Villa Poggiano,Via Poggiano 7,53045,Montepulciano,SI,Toscana,0578758292,0578715635,info@villapoggiano.com
Alberghi,Andrea,Piazza Dell'indipendenza 19,50129,Firenze,FI,Toscana,055483890,055461489,info@hotelandrea.it
Alberghi,Albergo Villa Primavera,Via Carducci Giosuè 29,53042,Chianciano Terme,SI,Toscana,057864246,057864246,primaverahotel@virgilio.it
Alberghi,Albergo Genzianella,Località Vianova 1,55030,Careggine,LU,Toscana,0583661275,,svac@beactive.it
Alberghi,Hotel Aldobrandini,Piazza Madonna Degli Aldobrandini 8,50123,Firenze,FI,Toscana,055211866,,info@hotelaldobrandini.it
Alberghi,Castello di Montauto,Via di Montauto 124,50023,Impruneta,FI,Toscana,055643426,055643248,info@castellomontauto.it
Alberghi,Hotel Ariston,Via Manzoni 30,51016,Montecatini Terme,PT,Toscana,057279535,0572904267,info@ariston-hotel.com
Alberghi,Hotel Accademia,Via Faenza 7,50123,Firenze,FI,Toscana,055293451,055219771,info@hotelaccademiafirenze.com
Alberghi,Nazionale,Via Dei Marchesi,56048,Volterra,PI,Toscana,058884097,,nazionalevolterra@tiscalinet.it
Alberghi,La Capannina,Vetta Amiata,53021,Abbadia San Salvatore,SI,Toscana,0577789713,0577789777,info@albergolacapannina.it
Alberghi,Centanni Residence,Via di Centanni 7,50012,Bagno A Ripoli,FI,Toscana,055630122,0556510445,info@residence-centanni.it
Alberghi,Hotel Ristorante Gambrinus,Via Esasseta 38/40,53021,Abbadia San Salvatore,SI,Toscana,0577778307,0577778307,gambrinusamiata@virgilio.it
Alberghi,Park Hotel Colle Degli Angeli Spa & Resort,Località Aiuole,58031,Arcidosso,GR,Toscana,0564967409,0564967188,info@colledegliangeli.net
Alberghi,Bosco Della Spina Srl,Località Lupompesi,53016,Murlo,SI,Toscana,0577814605,0577814606,bsturist@boscodellaspina.com