email,nome_azienda,referente_nome,referente_cognome,stelle,categoria,indirizzo,cap,citta,provincia,regione,telefono,sito,motivo_scarto
info@castellodimonteantico.it,Castello di Monte Antico,,,,Alberghi,Località Castello di Monte Antico,58045,CIVITELLA PAGANICO - MONTE ANTICO,GR,Toscana,0564991025,,no-domain
fattoriavalle@fattoriavalle.com,Relais Fattoria Valle,RELAIS FATTORIA VALLE,,,Alberghi,Via Case Sparse 55,50022,GREVE IN CHIANTI - PANZANO,FI,Toscana,055852482,,no-domain
info@pensionegarden.it,Hotel Garden,,,,Alberghi,Via Dell'ornello 22,56018,Tirrenia,PI,Toscana,05037578,,no-domain
c.leonina.prenotazioni@medeahotels.com,Castello di Leonina Relais,,,,Alberghi,Strada S. Bartolomeo,53042,Asciano,SI,Toscana,0577716088,,no-domain
info@villagiotto.it,Villa Giotto Park Hotel,,,,Alberghi,Via Roma 69,50036,VAGLIA - BIVIGLIANO,FI,Toscana,055406730,,no-domain
info@hotelilgiardino.pisa.it,Hotel Il Giardino Srl,,,,Alberghi,Piazza Manin 1,56122,PISA,PI,Toscana,0508312286,,no-domain
management@lesorgentiph.it,Park Hotel Le Sorgenti,,,,Alberghi,Via Matteotti 198,51018,PIEVE A NIEVOLE,PT,Toscana,,,no-domain
info@hotel-europa.it,Hotel Europa,,,,Alberghi,Via Senese 293,53036,POGGIBONSI,SI,Toscana,0577933402,,no-domain
info@hotelross.it,Hotel Ross,,,,Alberghi,Via Buonarroti 81,55094,Viareggio,LU,Toscana,0584962454,,no-domain
info@hotelcorano.it,Hotel Corano,,,,Alberghi,Località corano,58017,Pitigliano,GR,Toscana,0564616112,,no-domain
info@residenzadelgranduca.it,La Residenza Del Granduca,,,,Alberghi,Via Cesare Battisti 1297,51015,Monsummano Terme,PT,Toscana,0572 950057,,no-domain
info@albergofalterona.it,Hotel Falterona,,,,Alberghi,Piazza Tanucci 85,52017,Stia,AR,Toscana,0575504569,,no-domain
reservation@sheratonfirenze.it,Sheraton Firenze Hotel & Conference Center,,,,Alberghi,Via G. Agnelli 33,50142,Firenze,FI,Toscana,05564901,,no-domain
panoramic@galliganihotels.it,Panoramic,,,,Alberghi,Viale Bustichini 65,51016,Montecatini Terme,PT,Toscana,057278381,,no-domain
tufihotel@tufihotel.it,Hotel Ai Tufi,,,,Alberghi,Strada Massetana Romana 68,53100,Siena,SI,Toscana,0577283292,,no-domain
info@hotelmariotti.191.it,Mariotti,,,,Alberghi,Viale Colombo 147,55041,CAMAIORE - LIDO DI CAMAIORE,LU,Toscana,0584617170,,no-domain
info@hotelmediterraneo-chiancianoterme.it,Mediterraneo,,,,Alberghi,Viale Baccelli 22,53042,CHIANCIANO TERME,SI,Toscana,057864256,,no-domain
info@tufihotel.it,Ai Tufi,,,,Alberghi,Via Massetana Romana 68,53100,Siena,SI,Toscana,0577 283292,,no-domain
info@hotelvillarona.com,Villa Rona,,,,Alberghi,Via Crispi 11,55042,FORTE DEI MARMI,LU,Toscana,0584787222,,no-domain
welcome@hotelnella.net,Hotel Nella,,,,Alberghi,Via Faenza 69,50123,Firenze,FI,Toscana,0552654346,,no-domain
info@hoteleuroclub.it,Hotel Euro Club,,,,Alberghi,Via Cassia Nord 33,53011,Castellina In Chianti Stazione,SI,Toscana,05773050002,,no-domain
info@villaggiosolidago.it,Villaggio Solidago,,,,Alberghi,Viale Del Tirreno 86/a,56128,Pisa,PI,Toscana,050 38900,,no-domain
info@zucconihotel.it,Hotel Zucconi,,,,Alberghi,Via Gioberti 8,51016,Montecatini Terme,PT,Toscana,057278819,,no-domain
info@villacampomaggio.it,Hotel Villacampomaggio,VILLA CAMPOMAGGIO,,,Alberghi,Località Campomaggio 72,53017,Radda In Chianti,SI,Toscana,0577738981,,no-domain
info@albergolevante.it,Hotel Levante,,,,Alberghi,Via Pirandello 32,53042,Chianciano Terme,SI,Toscana,057863794,,no-domain
info@sangallopalace.it,San Gallo Palace,,,,Alberghi,Via L. Il Magnifico 2,50129,Firenze,FI,Toscana,0554627313,,no-domain
info@hotelely.it,Hotel Ely,,,,Alberghi,Via Carrara 16,55083,Viareggio,LU,Toscana,058450758,,no-domain
info@hotelildiario.it,Hotel Il Diario,,,,Alberghi,Via Tiberina 95,52036,PIEVE SANTO STEFANO,AR,Toscana,,,no-domain
info@villaaurea.it,Hotel Villa Aurea,HOTEL VILLA UAREA PSICOBLU,,,Alberghi,A. Campaccio,52044,Cortona,AR,Toscana,,,no-domain
info@hotelpierolli.it,Pierolli,,,,Alberghi,Lungomare Kennedy 1,57038,RIO MARINA - CAVO,LI,Toscana,0565931044,,no-domain
info@edenparkpisa.com,Eden Park Resort,,,,Alberghi,Via Dell'argine 6/b,56017,San Giuliano Terme,PI,Toscana,050870252,,no-domain
info@lebriciole.it,Hotel Le Briciole,,,,Alberghi,Località Redinoce,57033,Marciana Marina,LI,Toscana,0565907538,,no-domain
info@hotelsanmarcofirenze.it,Azzurra Srl Hotel San Marco,,,,Alberghi,Via Cavour 50,50129,Firenze,FI,Toscana,055281851,,no-domain
info@hotellatorricella.it,Hotel La Torricella,,,,Alberghi,Via Torricella 14/16,52014,Poppi,AR,Toscana,0575527045,,no-domain
info@grandhotelchianciano.it,Grand Hotel,,,,Alberghi,Piazza Italia 80,53042,Chianciano Terme,SI,Toscana,057863333,,no-domain
info@hotelbasilewsky.com,Villa Basilewsky,,,,Alberghi,Via Cantamaggio 20,51024,CUTIGLIANO,PT,Toscana,057368671,,no-domain
info@florenceresidence.it,Palazzo Mannaioni,,,,Alberghi,Via Maffia 9,50142,Firenze,FI,Toscana,055271741,,no-domain
info@hotelkadampaitaly.com,Kadampa,,,,Alberghi,Viale S. Francesco D'assisi 15,51016,Montecatini Terme,PT,Toscana,057278630,,no-domain
info@villargentieri.net,Villa Argentieri Sas,,,,Alberghi,Via Vanni 12,56126,Pisa,PI,Toscana,050500134,,no-domain
info@hotel-belsoggiorno.com,Bel Soggiorno,,,,Alberghi,Via M. Puccini 133,57015,Livorno,LI,Toscana,0586491007,,no-domain
info@hotellatorre.pisa.it,La Torre,,,,Alberghi,Via Cesare Battisti 17 56125,56100,Pisa,PI,Toscana,05025220,,no-domain
info@hotelariston.toscana.it,Ariston,,,,Alberghi,Via Ferrer 7,57025,PIOMBINO,LI,Toscana,0565224390,,no-domain
info@albergostipino.it,Stipino,,,,Alberghi,Via Provinciale 50,55045,Pietrasanta,LU,Toscana,0584 71448,,no-domain
info@hoteltrecastelli.com,Hotel Ristorante Tre Castelli,,,,Alberghi,Via Fondovalle 8,55024,Calavorno,LU,Toscana,,,no-domain
info@albergoroberta.it,Albergo Roberta,,,,Alberghi,Via Adige 19,53047,SARTEANO,SI,Toscana,0578265636,,no-domain
info@hotelatleti.com,Atleti,HOTEL ATLETI,,,Alberghi,Via dei Pensieri 50,57128,LIVORNO,LI,Toscana,0586502069,,no-domain
info@casanova-laripintura.it,Azienda Agricola Casa Nova,,,,Alberghi,Via di Uzzano 29/30,50022,Greve In Chianti,FI,Toscana,055853459,,no-domain
info@caffedeicavalieri.it,La Locanda di Anita & Caffè Dei Cavalieri,,,,Alberghi,Via Del Fosso Cupo 13,53040,Cetona,SI,Toscana,0578237075,,no-domain
info@mariluhotel.com,Marily,,,,Alberghi,Via Fossa Abate 10,55041,CAMAIORE - LIDO DI CAMAIORE,LU,Toscana,0584618861,,no-domain
info@laversiliana.net,Casa Per Ferie La Versiliana,,,,Alberghi,Viale Lungomare 31,55045,Marina di Pietrasanta,LU,Toscana,058420424,,no-domain
info@hotelraffaello.si.it,Hotel Raffaello,,,,Alberghi,Via Dei Monti 3,53042,Chianciano Terme,SI,Toscana,0578657000,,no-domain
info@casavestri.it,Casa Vestri,,,,Alberghi,Via F.lli Cervi 130,58037,Santa Fiora,GR,Toscana,055215183,,no-domain
hotelcavour@hotelcavour-livorno.it,Cavour,,,,Alberghi,Via Adua 10,57126,Livorno,LI,Toscana,0586899604,,no-domain
info@hotelvicusmajor.com,Hotel Vicus Major,,,,Alberghi,Via Provinciale di Pescaiola 83/e,52041,Civitella In Val di Chiana,AR,Toscana,0575 441212,,no-domain
info@villamorazzana.it,Villa Morazzana Srl,,,,Alberghi,Via Curiel 110,57128,Livorno,LI,Toscana,0586500076,,no-domain
info@ristorantelatini.com,Hotel Latini,,,,Alberghi,Via Dei Platani 1,53037,San Gimignano,SI,Toscana,,,no-domain
info@hotel-lido.com,Hotel Lido,,,,Alberghi,Via Ghirlandaio 1,50121,Firenze,FI,Toscana,055677864,,no-domain
info@hotelselectelba.it,Select,,,,Alberghi,Via Per Portoferraio 30,57034,Campo Nell'elba,LI,Toscana,0565 97306734,,no-domain
info@grandealbergofortuna.it,Grande Albergo Fortuna,,,,Alberghi,Via Della Valle 76,53042,Chianciano Terme,SI,Toscana,057862774,,no-domain
dante@anticaposta.net,Hotel Antica Posta di Pelacani Dante,,,,Alberghi,Viale Belfiore 50,50144,Firenze,FI,Toscana,0553245068,,no-domain
info@versiliaholidays.com,Versilia Holidays Hotel,,,,Alberghi,Via Vico 142,55042,FORTE DEI MARMI,LU,Toscana,0584787100,,no-domain
info@ilbassetto.it,Bar Ristorante Pizzeria Albergo Bassetto Srl,,,,Alberghi,Via Delle Città 102/106,50052,Certaldo,FI,Toscana,0571664364,,no-domain
info@hotelcristallosrl.it,Hotel Cristallo,,,,Alberghi,Via Galimberti 5,55051,Barga,LU,Toscana,0583758899,,no-domain
info@itamerici.it,I Tamerici,,,,Alberghi,Via Don Bosco 31,55044,Marina di Pietrasanta,LU,Toscana,,,no-domain
info@ilconventohotel.com,Il Convento,,,,Alberghi,Via San Quirico 33-Località Pontenuovo,51100,PISTOIA,PT,Toscana,0573452651,,no-domain
info@hoteldemidoff.com,Demidoff Hotel,,,,Alberghi,Via della Lupaia 1556,50036,VAGLIA - PRATOLINO,FI,Toscana,055505641,,no-domain
info@arcadipienza.it,Albergo Arca di Pienza,,,,Alberghi,Via San Gregorio 19/A/B/C,53026,PIENZA,SI,Toscana,0578749426,,no-domain
info@albergo-belvedere.com,Belvedere,,,,Alberghi,Via Nazionale 10,51020,SAMBUCA PISTOIESE - PAVANA,PT,Toscana,,,no-domain
info@varovillage.com,Varo Village,,,,Alberghi,Via Del Forte 1-5,57020,Bibbona,LI,Toscana,0586602770,,no-domain
info@locanda-laluna.it,Locanda La Luna,,,,Alberghi,Via Del Podere 8,58043,Castiglione Della Pescaia,GR,Toscana,0564945854,,no-domain
info@villaigiullari.it,Villa I Giullari,,,,Alberghi,Via Pian Dei Giullari 21,50125,Firenze,FI,Toscana,055 2337842,,no-domain
info@holidaymontecatini.com,Hotel Holiday,,,,Alberghi,Viale Cavallotti 52,51016,MONTECATINI TERME,PT,Toscana,057279718,,no-domain
info@hotellombardiamontecatini.it,Hotel Lombardia e Sorgenti,,,,Alberghi,Viale Manzoni 9,51016,Montecatini Terme,PT,Toscana,0572767658,,no-domain
info@santacostanza.net,Santa Costanza,,,,Alberghi,Via Aurelia Sud 12,57027,San Vincenzo,LI,Toscana,0565704415,,no-domain
info@martiena.it,Hotel Fattoria Martiena,,,,Alberghi,Via di Martiena 8,53045,Montepulciano,SI,Toscana,,,no-domain
info@hotelilmelograno.it,Hotel Il Melograno,,,,Alberghi,Località Ponticello Montemerano,58014,Manciano,GR,Toscana,0564602609,,no-domain
info@villascarfi.it,Villa Scarfi,,,,Alberghi,Località Paduletto,58036,Roccastrada,GR,Toscana,,,no-domain
info@hotelmanzi.it,Manzi,HOTEL MANZI,,,Alberghi,Via Repubblica Pisana 25,56013,PISA - MARINA DI PISA,PI,Toscana,05036593,,no-domain
info@hotelalberta.it,Alberta,,,,Alberghi,Via Roma 159,55041,CAMAIORE - LIDO DI CAMAIORE,LU,Toscana,0584618097,,no-domain
a.bassi@unapalazzomannaioni.it,Una Palazzo Mannaioni,,,,Alberghi,Via G. Marconi 2,50050,Montaione,FI,Toscana,0571 69277,,no-domain
leopoldhot@toscana.it.net,Leopolda,,,,Alberghi,Via Ponte Alle Mosse 65,50100,Firenze,FI,Toscana,055333070,,no-domain
info@hotelvittoriachianciano.it,Hotel Vittoria,,,,Alberghi,Via Del Giglio 32,53042,Chianciano Terme,SI,Toscana,057863313,,no-domain
info@hotelmiramonti-ar.it,Miramonti,,,,Alberghi,Località Consuma 61,52010,MONTEMIGNAIO,AR,Toscana,055 8306566,,no-domain
info@hotelamadei.it,Hotel Villa Amadei,,,,Alberghi,Via F.gioia 23,55063,Viareggio,LU,Toscana,058445517,,no-domain
info@albergoilparco.it,Hotel Il Parco,,,,Alberghi,via Porta Apiciana 147,51025,Gavinana,PT,Toscana,057366481,,no-domain
info@locandalabandita.it,Locanda La Bandita,,,,Alberghi,Via Bandita 72,53048,Sinalunga,SI,Toscana,,,no-domain
info@hotelrosina.it,Hotel Rosina - M & D Srl,,,,Alberghi,Via Lippi e Macia 24/C/26,50127,FIRENZE,FI,Toscana,055411920,,no-domain
info@residencesantacecilia.it,Residenza Santa Cecilia,,,,Alberghi,Via Vittorio Emanuele Ii 129,57027,San Vincenzo,LI,Toscana,0565705457,,no-domain
info@albergoniagara.it,Niagara,,,,Alberghi,Via Dei Colli 57,53042,Chianciano Terme,SI,Toscana,057864692,,no-domain
info@hotelathenaeumflorence.com,Ristorante Riflessi,,,,Alberghi,Via Cavour 88,50129,Firenze,FI,Toscana,055589456,,no-domain
booking@hotelexecutivesiena.it,Best Western Hotel Executive,,,,Alberghi,Via N. Orlandi 32,53100,Siena,SI,Toscana,0577333173,,no-domain
info@hotelfiora.it,Fiora,,,,Alberghi,Via Roma 8,58037,Santa Fiora,GR,Toscana,0564 977043,,no-domain
info@fontedellagalletta.it,Hotel Fonte Della Galletta,,,,Alberghi,Località Alpe Faggeta,52033,Caprese Michelangelo,AR,Toscana,0575793925,,no-domain
info@lalocandadimontisi.it,Locanda di Montisi,,,,Alberghi,Via Umberto I 39,53020,San Giovanni D'asso,SI,Toscana,0577845906,,no-domain
info@truciolini.it,Truciolini,,,,Alberghi,Via G. Ferraris 29,52100,AREZZO,AR,Toscana,0575984104,,no-domain
info@hotelilpomarancio.com,Il Geranio,,,,Alberghi,Via Roncalli,56045,Pomarance,PI,Toscana,058864616,,no-domain
info@lapacemaresca.it,Hotel La Pace,,,,Alberghi,Via della Vittoria 4,51026,SAN MARCELLO PISTOIESE - MARESCA,PT,Toscana,057364018,,no-domain
info@villabiancahotel.it,Villa Bianca Hotel,,,,Alberghi,Via Antonio Gramsci 113,50050,GAMBASSI TERME,FI,Toscana,0571638075,,no-domain
info@larosadeiventimonteserra.it,Ristorante Albergo Rosa Dei Venti di Adami Monica e Alessandra Snc,,,,Alberghi,Via Bisantola 3/4,56011,Calci,PI,Toscana,050820488,,no-domain
info@manuel-hotels.com,Manuel Hotel,,,,Alberghi,Via Dei Campilunghi 6,57023,Cecina,LI,Toscana,0586629220,,no-domain
info@hotelsottocosta.com,Sottocosta,,,,Alberghi,Via G. Pascoli 32,57015,Livorno,LI,Toscana,0586491027,,no-domain
info@hotelmassarelli.it,Hotel Massarelli,,,,Alberghi,Via Macerina 34,53042,CHIANCIANO TERME,SI,Toscana,,,no-domain
info@arthotel-miro.it,Art Hotel Mirò,,,,Alberghi,Via degli Olmi 7,50041,CALENZANO,FI,Toscana,055886671,,no-domain
info@albergo-bellavista.com,Bellavista,,,,Alberghi,Via Montalbano 61,51035,Lamporecchio,PT,Toscana,057388014,,no-domain
info@residencelarocca.com,La Rocca Residence,,,,Alberghi,Via G. Matteotti 13,52046,Lucignano,AR,Toscana,0575836175,,no-domain
info@hotelvillaliberty.it,Villa Liberty,,,,Alberghi,Viale Michelangiolo 40,50142,Firenze,FI,Toscana,0556810581,,no-domain
info@palaceprato.it,Hotel Palace,HOTEL PALACE PRATO,,,Alberghi,Via Pier Della Francesca 71,59100,Prato,PO,Toscana,,,no-domain
info@hotelplaza-elba.com,Villa Rosa,,,,Alberghi,Località fanaletto,57036,Porto Azzurro,LI,Toscana,056595010,,no-domain
info@albergocostaverde.it,Costa Verde,,,,Alberghi,Via Ugo Foscolo 2,57016,Castiglioncello,LI,Toscana,0586752309,,no-domain
info@campaldino.it,Hotel Campaldino,,,,Alberghi,Via Roma 95,52014,POPPI - PONTE A POPPI,AR,Toscana,0575529008,,no-domain
info@hotelmiramontiabetone.it,Miramonti,,,,Alberghi,Via Brennero 528,51021,Abetone,PT,Toscana,0573 60017,,no-domain
info@hotelalamanni.com,Hotel Alamanni,,,,Alberghi,Via Alamanni 35,50123,FIRENZE,FI,Toscana,0552658409,,no-domain
info@hotelnazionale-volterra.it,Albergo Ristorante Nazionale di Galletti Giulio Snc,,,,Alberghi,Via Dei Marchesi 11,56048,Volterra,PI,Toscana,0588 86284,,no-domain
info@pigallehotel.it,Hotel Pigalle,Hotel Pigalle,,,Alberghi,Via Ponchielli 27,55042,Forte Dei Marmi,LU,Toscana,0584787474,https://www.pigallehotel.com/,no-domain
info@hotel-president.net,President,,,,Alberghi,Via Simintendi 20,59100,PRATO,PO,Toscana,057430251,,no-domain
info@hotel-stazione.it,Appartamenti Stazione,,,,Alberghi,Via Cavour 36,56020,Montopoli In Val D'arno,PI,Toscana,0571459174,,no-domain
villanencini@sirt.pisa.it,Albergo Villa Nencini,,,,Alberghi,Bg.ta S. Stefano 55,56048,Volterra,PI,Toscana,058886571,,no-domain
info@hotelcasarossa.com,Hotel Casa Rossa,,,,Alberghi,Viale Fedeli 68,51016,Montecatini Terme,PT,Toscana,0572773499,,no-domain
nizza@galliganihotels.it,Nizza Et Suisse,,,,Alberghi,Viale Verdi 72,51016,MONTECATINI TERME,PT,Toscana,057279691,,no-domain
info@hosteriailmalandrone.it,Hosteria Del Malandrone,,,,Alberghi,Via Emilia 115,56040,Castellina Marittima,PI,Toscana,050699723,,no-domain
info@villaggiopradiso.it,Casa Vacanze Villaggio Paradiso,,,,Alberghi,Via Chiantigiana,52025,Montevarchi,AR,Toscana,,,no-domain
info@hotel-lara.it,Hotel Lara,,,,Alberghi,Via Cavallotti 87,51016,Montecatini Terme,PT,Toscana,057278537,,no-domain
info@hotel-europa-marliana.com,Hotel Europa,,,,Alberghi,Via V.veneto 5,51010,Marliana,PT,Toscana,057266288,,no-domain
info@albergolatoscana.191.it,Albergo La Toscana,,,,Alberghi,M. Perennio 56,52100,Arezzo,AR,Toscana,057521692,,no-domain
info@hotelvaltorta.it,Valtorta,,,,Alberghi,Viale Cavallotti 92,51016,MONTECATINI TERME,PT,Toscana,0572772521,,no-domain
info@hoteldivino.it,Divino Ristorante,,,,Alberghi,Viale Della Vittoria 3,57023,Cecina,LI,Toscana,0586620595,,no-domain
info@albergotto.com,Albergotto Hotel,,,,Alberghi,Via Tornabuoni 13,50123,FIRENZE,FI,Toscana,0552396464,,no-domain
info@hotelcimabue.com,Cimabue,,,,Alberghi,Via Bonifacio Lupi 7,50129,Firenze,FI,Toscana,055475601,,no-domain
info@hotelsanpaolochianciano.it,Albergo San Paolo,,,,Alberghi,Via Ingegnoli 22,53042,Chianciano Terme,SI,Toscana,057860221,,no-domain
info@ristoranteimperatore.it,Albergo Ristorante Imperatore,,,,Alberghi,Località Passo Viamaggio 80,52036,Pieve Santo Stefano,AR,Toscana,0575799000,,no-domain
reservations@hotelsempione.info,Soc. Esercizi Alberghieri Fiorentini S.e.a.f. Srl,,,,Alberghi,Via Nazionale,50123,Firenze,FI,Toscana,055212462,,no-domain
info@borgocasato.it,Borgo Casato,,,,Alberghi,Strada Chiantigiana 484 Sud 12,53019,Castelnuovo Berardenga,SI,Toscana,0577352002,,no-domain
info@albergobologna.com,Bologna,,,,Alberghi,Via Mazzini 57,56125,Pisa,PI,Toscana,050502120,,no-domain
info@tuscanytaly.com,Al Parco,,,,Alberghi,Via di Chianciano 96,53047,Sarteano,SI,Toscana,0578268039,,no-domain
info@hotelapolloversilia.it,Apollo,,,,Alberghi,Viale Carducci 76,55049,Viareggio,LU,Toscana,0584 1840440,,no-domain
info@albergolosanna.com,Hotel Losanna,,,,Alberghi,Via Alfieri 9,50121,Firenze,FI,Toscana,,,no-domain
info@hotelsempione.info,Sempione,,,,Alberghi,Via Nazionale 15,50123,Firenze,FI,Toscana,055212462,,no-domain
info@elbahotelmassimo.it,Massimo,,,3,Alberghi,Calata Italia 23,57037,PORTOFERRAIO,LI,Toscana,0565914766,https://www.elbahotelmassimo.it/,no-domain
info@borgopretale.it,Borgo Pretale,,,,Alberghi,Loc. Pretale,53018,SOVICILLE,SI,Toscana,0577345401,,no-domain
info@albergoangela.com,Angela,,,,Alberghi,Via della Valle 46,53042,CHIANCIANO TERME,SI,Toscana,057864359,,no-domain
info@cristall-feri.com,Cristall,,,,Alberghi,Via Liguria 1,53034,Colle di Val D'elsa,SI,Toscana,0577920361,,no-domain
info@hoteltorricelli.com,Hotel Torricelli,,,,Alberghi,Via San Biagio 2-San Biagio,50063,FIGLINE VALDARNO,FI,Toscana,055951424,,no-domain
info@almapace.it,Villa Alma Pace,,,,Alberghi,Via Vespucci 50,57128,Livorno,LI,Toscana,0586500160,,no-domain
mfede@ebacom.it,Gesmag Srl,,,,Alberghi,Località Magazzini,57037,Portoferraio,LI,Toscana,0565933069,,no-domain
info@hotelattico.com,Hotel Attico,,,,Alberghi,Via Manzoni 14,53042,Chianciano Terme,SI,Toscana,057860738,,no-domain
info@villalavedetta.com,Hotel La Vedetta,,,,Alberghi,Via Della Lecceta 5,57128,Livorno,LI,Toscana,0586579957,,no-domain
info@residence-corallo.it,Residenza Turistico Alberghiera Corallo,,,,Alberghi,Via Nazario Sauro 1,58100,Castiglione Della Pescaia,GR,Toscana,0564933668,,no-domain
direzione@hotelbasilewsky.com,Hotel Villa Basilewsky,,,,Alberghi,Via Cantamaggio 20,51024,Cutigliano,PT,Toscana,057368671,,no-domain
info@casaleletorri.191.it,Albergo Casale Le Torri,,,,Alberghi,Via Peschiera 4,56038,Ponsacco,PI,Toscana,0587 733713,,no-domain
info@hotel-dora.it,Hotel Dora,,,,Alberghi,Via Apuana 3/f,54033,Carrara,MS,Toscana,058570634,,no-domain
info@borgodifiletta.com,Borgo La Filetta,,,,Alberghi,Strada Statale 223 Al Km 56,53018,Sovicille,SI,Toscana,0577342001,,no-domain
info@hotelbuonarroti.it,Hotel Buonarroti 79,,,,Alberghi,Via Buonarroti 79,55093,Viareggio,LU,Toscana,0584962345,,no-domain
info@elba-golf-apartments.it,Resid.turist.alberg. Elba Golf Of Acquabona,,,,Alberghi,Località Acquabona,57037,Portoferraio,LI,Toscana,0565 940180,,no-domain
info@gabbianoazzurrodue.it,Gabbiano Azzurro Due,,,,Alberghi,Viale Amedeo 94,57033,Marciana Marina,LI,Toscana,,,no-domain
info@hhflorence.it,Hotel Home Florence,,,,Alberghi,Piazza Piave 3,50122,Firenze,FI,Toscana,055243668,,no-domain
info@artiehotel.it,Arti & Hotel,,,,Alberghi,Via Dei Servi 38/a,50122,Firenze,FI,Toscana,0552678553,,no-domain
info@hotelbosco.it,Bosco,Hotel Bosco,,,Alberghi,Via C. Marchesi 83,53042,CHIANCIANO TERME,SI,Toscana,057864307,http://www.hotelbosco.it/,no-domain
info@unapalazzomannaioni.it,Hotel Palazzo Mannaioni,,,,Alberghi,Via Marconi 2,50050,MONTAIONE,FI,Toscana,,,no-domain
info@ilconventohotel.it,Hotel Il Convento,,,,Alberghi,Via San Quirico 33,51100,Pistoia,PT,Toscana,0573452652,,no-domain
info@hotel-centrale.net,Centrale,,,,Alberghi,Piazza Giuseppe Verdi 2,57025,PIOMBINO,LI,Toscana,0565220188,,no-domain
info@hotelmirabeau.it,Mirabeau,HOTEL MIRABEAU,,,Alberghi,Viale Morin 135,55042,FORTE DEI MARMI,LU,Toscana,0584787561,,no-domain
info@blumaremma.it,Blumaremma Residenza Turistico Alberghiera,,,,Alberghi,Via Maroncelli 11,58100,Grosseto,GR,Toscana,0564337838,,no-domain
ght.prenotazioni@medeahotels.com,Grand Hotel Terme,,,4,Alberghi,Piazza Italia 8,53042,CHIANCIANO TERME,SI,Toscana,057863254,http://www.medeahotels.com,no-domain
info@idueleonifirenze.it,Hotel B & B I Due Leoni,I Due Leoni,,,Alberghi,Via Ghiacciaie 41,50144,Firenze,FI,Toscana,0553245033,http://www.idueleonifirenze.it/,no-domain
info@h-river.it,Blob Srl,,,,Alberghi,Lungarno 7 Fratelli Cervi 10,52027,San Giovanni Valdarno,AR,Toscana,0559122435,,no-domain
info@ritzfortedeimarmi.com,Hotel Ritz,HOTEL RITZ FORTE DEI MARMI,,,Alberghi,Via F. Gioia 2,55042,Forte Dei Marmi,LU,Toscana,0584787531,,no-domain
info@hotelvillalagrotta.it,La Terrazza,,,,Alberghi,Località Brolio,53013,GAIOLE IN CHIANTI,SI,Toscana,0577747125,,no-domain
info@hotelmerlini.it,Hotel Merlini,Hotel Merlini,,,Alberghi,Via Faenza 56,50123,Firenze,FI,Toscana,055212848,http://www.hotelmerlini.it/,no-domain
hotel@villaitaliahotel.it,Villa Italia,,,,Alberghi,Viale Italia,57036,Porto Azzurro,LI,Toscana,056595119,,no-domain
info@hsirio.com,Hotel Sirio di Palmerini Roberta,,,,Alberghi,Via Italica 6,55043,CAMAIORE - LIDO DI CAMAIORE,LU,Toscana,0584618047,,no-domain
info@ilgiardinodellaluna.it,Il Giardino Della Luna,,,,Alberghi,Località Castiglione Del Terziere 89,54021,Bagnone,MS,Toscana,0187428099,,no-domain
info@certosadimaggiano.it,Certosa di Maggiano,CERTOSA DI MAGGIANO,,4,Alberghi,Strada di Certosa 82,53100,SIENA,SI,Toscana,0577288180,http://www.certosadimaggiano.com/default.aspx,no-domain
info@hotelastoria-altopascio.com,Astoria,,,,Alberghi,Via Romana Lucchese 86,55011,Altopascio,LU,Toscana,058325618,,no-domain
info@hotelarianna.it,Hotel Arianna,,,,Alberghi,Via di Barbano 12/r,50129,Firenze,FI,Toscana,055461278,,no-domain
info@hotelsavonasalus.com,Savona,,,,Alberghi,Viale Marconi 5,51016,MONTECATINI TERME,PT,Toscana,057270120,,no-domain
info@accademiapalacepisa.it,Accademia Palace Hotel,,,,Alberghi,Viale Giovanni Gronchi,56121,PISA,PI,Toscana,050988181,,no-domain
info@albergoilcapannone.it,Hotel Il Capannone,,,,Alberghi,Via Del Teso 3454/a,51026,San Marcello Pistoiese,PT,Toscana,057364198,,no-domain
info@hotelbelvedereviareggio.it,Hotel Belvedere,,,,Alberghi,Via Giusti 32,55049,Viareggio,LU,Toscana,058450277,,no-domain
info@hotelariston.pisa.it,Hotel Ariston di Maurizio Ciampolini,HOTEL ARISTON,,,Alberghi,Via Cardinale Maffi 42,56127,PISA,PI,Toscana,050560482,,no-domain
info@albergo-iris.it,Iris,,,,Alberghi,Via F. Cavallotti 26,51016,Montecatini Terme,PT,Toscana,057278213,,no-domain
info@loliveto.it,L'oliveto,,,,Alberghi,Via Enrico Fermi 20,58014,MANCIANO - MONTEMERANO,GR,Toscana,0564602849,,no-domain
info@elbainternational.it,Grand Hotel Elba International,GRAND HOTEL ELBA INTERN.,,4,Alberghi,Località Baia della Fontanella 1,57031,CAPOLIVERI,LI,Toscana,0565946111,http://www.elbainternational.it/,no-domain
info@villagnese.it,Villa Agnese,,,,Alberghi,Viale Marti 177,55100,LUCCA,LU,Toscana,0583467109,,no-domain
info@suitefirenze.com,Firenze Suite,,,,Alberghi,Via Nuova Caccini 25,50121,Firenze,FI,Toscana,0552001730,,no-domain
info@hotelterminusplaza.it,Terminus & Plaza,HOTEL TERMINUS & PLAZA,,,Alberghi,Via Colombo 45,56125,PISA,PI,Toscana,050500303,,no-domain
info@richardhotel.it,Hotel Richard,,,,Alberghi,Via Giovanni XXIII,51031,AGLIANA,PT,Toscana,0574751192,,no-domain
info@hotelvillacasanova.com,Villa Casanova,,,,Alberghi,Via di Casanova 1600,55100,Lucca,LU,Toscana,0583548429,,no-domain
locanda@amorosa.it,Locanda Dell'amorosa,Locanda Dellamorosa,,,Alberghi,Località l'Amorosa,53048,SINALUNGA,SI,Toscana,0577677211,https://www.amorosa.it/,no-domain
info@albergoave.com,Ave,,,,Alberghi,Via Piave 27,53042,Chianciano Terme,SI,Toscana,057863619,,no-domain
info@villeicipressi.com,Borgo Le Mura Residence,,,,Alberghi,Via di Cintoia Alta 37/38,50022,Greve In Chianti,FI,Toscana,0558547907,,no-domain
info@hotelmoschini.it,Moschini,,,,Alberghi,Via Tripoli 21,51016,MONTECATINI TERME,PT,Toscana,057278283,,no-domain
settebello@i5fratellisangiorgi.it,Settebello,,,,Alberghi,Viale della Vittoria 91,57023,CECINA - CECINA MARINA,LI,Toscana,0586620039,,no-domain
info@splendid-hotel.it,Hotel Splendid,,,,Alberghi,Via Mazzini 36,51016,Montecatini Terme,PT,Toscana,057275004,,no-domain
hotel-milano@hotel-in-versilia.com,Milano,,,,Alberghi,Piazza Betti 24,54100,Massa,MS,Toscana,0585 245747,,no-domain
lepicchiaie@algef.it,Hotel Residence Picchiaie Srl,,,,Alberghi,Località Le Picchiaie,57037,Portoferraio,LI,Toscana,0565933110,,no-domain
info@psicoblu.com,Hotel Villa Aurea,,,,Alberghi,Località Nucleo Abitativo Campaccio 5,52042,CORTONA,AR,Toscana,057562154,,no-domain
info@hotel-nice.it,Hotel Nice,,,,Alberghi,Via Iv Novembre 168,55057,Viareggio,LU,Toscana,058444275,,no-domain
info@hotelbyron.firenze.it,Byron,,,,Alberghi,Via della Scala 49,50123,FIRENZE,FI,Toscana,055280852,,no-domain
info@minihoteleasytime.it,Mini Hotel Easy Time,,,,Alberghi,Via Panoramica Del Pino 8,57038,Rio Marina,LI,Toscana,0565 962531,,no-domain
info@galliganihotels.it,Belvedere,,,,Alberghi,Viale Fedeli 10,51016,MONTECATINI TERME,PT,Toscana,057270251,,no-domain
info@albergobutterfly.it,Hotel Butterfly,,,,Alberghi,Torre Del Lago 24,55085,Viareggio,LU,Toscana,0584341024,,no-domain
info@hotelbaccio.it,Baccio Da Montelupo,,,,Alberghi,Via Roma 3,50056,MONTELUPO FIORENTINO,FI,Toscana,057151215,,no-domain
info@hotellaquerceta.it,Hotel La Querceta,,,,Alberghi,Via Peloni 10,51016,MONTECATINI TERME,PT,Toscana,057279354,,no-domain
palazzaccio@i5fratellisangiorgi.it,Palazzaccio,,,,Alberghi,Via Aurelia Sud 300-Località Palazzaccio,57023,CECINA,LI,Toscana,0586682510,,no-domain
info@sanranieri.com,San Ranieri Hotel La Vecchia Cascina,,,,Alberghi,Via S.biagio 68,56124,Pisa,PI,Toscana,,,no-domain
info@villinoilmagnifico.com,Hotel Villino Il Magnifico,,,,Alberghi,Via Orcagna 24,50121,Firenze,FI,Toscana,,,no-domain
reception@hotelexecutivesiena.it,Best Western Executive Srl,,,,Alberghi,Via N. Orlandi 32,53100,SIENA,SI,Toscana,0577333173,,no-domain
info@hotelbellettini.com,Bellettini,,,,Alberghi,Via Dei Conti 7,50142,Firenze,FI,Toscana,055213561,,no-domain
info@accademiahotel.net,Hotel Accademia,,,,Alberghi,Via Faenza 7,50123,Firenze,FI,Toscana,055293451,,no-domain
hotel@capodistella.com,Hotel Capo di Stella,,,,Alberghi,Frazione Lacona,57031,CAPOLIVERI - LACONA,LI,Toscana,0565964052,,no-domain
info@hoteldonatello.info,Hotel Donatello,,,,Alberghi,Viale Puccini 16,51016,Montecatini Terme,PT,Toscana,057274124,,no-domain
info@hotelcolumbia.si.it,Hotel Columbia,,,,Alberghi,Viale Baccelli 107,53042,CHIANCIANO TERME,SI,Toscana,057864391,,no-domain
info@albergo-miramare.it,Miramare,,,,Alberghi,Via Marconi 8,57012,Castiglioncello,LI,Toscana,0586752435,,no-domain
info@hotelsansimeone.com,San Simeone,,,3,Alberghi,Via Della Chiesa 9,53023,Castiglione D'orcia,SI,Toscana,0577888981,http://www.hotelsansimeone.com,no-domain
info@hotelromapiombino.it,Roma,,,,Alberghi,Via S. Francesco 43,57025,Piombino,LI,Toscana,056534348,,no-domain
info@leginestrehotel.it,Albergo Le Ginestre,,,,Alberghi,Via Italia 51,55044,Marina di Pietrasanta,LU,Toscana,0584745713,,no-domain
info@albergo-umbria.it,Hotel Umbria,,,,Alberghi,Via Delle Saline 19,51016,Montecatini Terme,PT,Toscana,057271369,,no-domain
info@hotelritzweb.it,Ritz,,,,Alberghi,Via Dalmazia 13-Località Focette,55045,PIETRASANTA - MARINA DI PIETRASANTA,LU,Toscana,058420516,,no-domain
info@hotelalcione.com,Albergo Alcione,,,,Alberghi,Viale Morin 137,55042,FORTE DEI MARMI,LU,Toscana,0584787452,,no-domain
info@hotelsavoia-unuci.it,Savoia U.n.u.c.i.,,,3,Alberghi,Via della Libertà 510,53042,CHIANCIANO TERME,SI,Toscana,057860191,http://www.hotelsavoia-unuci.it,no-domain
info@hotelaldini.it,Aldini,,,,Alberghi,Via Calzaiuoli 13n,50142,Firenze,FI,Toscana,055214752,,no-domain
info@lavecchiafonte.com,Albergo Agnelli Ristorante di Agnelli Franco & C. Snc,,,,Alberghi,P. Della Repubblica - San Quirico 9,58010,Sorano,GR,Toscana,0564619015,,no-domain
info@albergogiada.com,Hotel Giada,,,,Alberghi,Viale Repubblica 7,55042,FORTE DEI MARMI,LU,Toscana,0584787171,,no-domain
torre@albergoristorantelatorre.com,Hotel La Torre,,,,Alberghi,Via Sassopiano 41,52010,Badia Prataglia,AR,Toscana,0575559005,,no-domain
info@albergolaforesta.it,La Foresta,,,,Alberghi,Via San G. Gualberto 2,50066,Reggello,FI,Toscana,055862034,,no-domain
info@hotelaziza.it,Aziza Vacanze,,,,Alberghi,Viale Italia 142,58022,Follonica,GR,Toscana,056644441,,no-domain
info@hotelequiterme.com,Terme,,,,Alberghi,Via Delle Terme,54013,Fivizzano,MS,Toscana,058597830,,no-domain
info@ghambasciatori.it,Grand Hotel Ambasciatori,,,,Alberghi,Viale IV Novembre 12,51016,MONTECATINI TERME,PT,Toscana,057273301,,no-domain
info@villapetrischio.it,Relais Villa Petrischio,,,,Alberghi,Via del Petrischio 25,52044,CORTONA - FARNETA,AR,Toscana,0575610316,,no-domain
hotel.mare@elba-on-line.com,Mare,HOTEL MARE,,,Alberghi,Località Magazzini,57037,PORTOFERRAIO - MAGAZZINI,LI,Toscana,0565933069,,no-domain
info@ilbersagliere.it,Il Bersagliere,,,,Alberghi,Via Aurelia 446,57012,Castiglioncello,LI,Toscana,0586794482,,no-domain
info@galileopalace.it,Albergo Galileo Palace,,,,Alberghi,Località Rigutino Est 161,52100,Arezzo,AR,Toscana,0575978842,,no-domain
info@villabiondi.it,Villa Biondi,,,,Alberghi,Via Pozza 4,55051,Barga,LU,Toscana,0583387208,,no-domain
info@abbeveratoio.com,Albergo Ristorante L'abbeveratoio,,,,Alberghi,Località l'Abbeveratoio 38,53020,SAN GIOVANNI D'ASSO,SI,Toscana,0577802911,,no-domain
info@torredellosa.it,Hotel Torre Dell'osa,,,,Alberghi,Via Aurelia Sud Km 156,58010,ORBETELLO,GR,Toscana,0564885584,,no-domain
posta@casavolpi.it,Casa Volpi,,,,Alberghi,Via Simone Martini 29,52100,AREZZO,AR,Toscana,0575354364,,no-domain
info@hotelherve.com,Hotel Hervè Snc di Reminati Pier Giuseppe e C.,,,,Alberghi,Via Vicenza 7,54100,MASSA - MARINA DI MASSA,MS,Toscana,0585869700,,no-domain
astoria@taddeihotels.com,Astoria,,,,Alberghi,Viale Fedeli 1,51016,Montecatini Terme,PT,Toscana,057271191,,no-domain
info@hotelmodernofirenze.it,Hotel Moderno,,,4,Alberghi,Via Londra 5,50065,Pontassieve,FI,Toscana,0558315541,http://www.hotelmodernofirenze.it/,no-domain
info@rastellihotels.it,Le Fonti,,,,Alberghi,Viale San Francesco d'Assisi 4,51016,MONTECATINI TERME,PT,Toscana,0572773566,,no-domain
info@hotelfratini.it,Hotel Fratini,,,,Alberghi,Via Poggilupi 305,52028,TERRANUOVA BRACCIOLINI,AR,Toscana,055973092,,no-domain
reservation@granducato.boscolo.com,Boscolo Hotel Granducato,,,,Alberghi,Via Tomerello 1,50013,Campi Bisenzio,FI,Toscana,0558805111,,no-domain
info@sporthotelolimpo.it,Sport Hotel Olimpo,,,,Alberghi,Via F. Coppi 3/a,52100,Arezzo,AR,Toscana,0559772700,,no-domain
info@hotelmirella.com,Hotel Mirella,,,,Alberghi,Strada Provinciale di Casciano 43,53016,Murlo,SI,Toscana,0577817667,,no-domain
info@lanavehotel.it,Albergo La Nave di Zurli Lamberto Luciano & C. Snc,,,,Alberghi,Località La Nave 89/a,52043,Castiglion Fiorentino,AR,Toscana,0575684040,,no-domain
info@hotel-fc.it,Hotel Crociani,,,,Alberghi,Via Giuseppe Verdi 45,53042,CHIANCIANO TERME,SI,Toscana,057864593,,no-domain
info@evocafe.it,Evöcafe,,,,Alberghi,Via G. B. Venturi 2,51100,Pistoia,PT,Toscana,0573 1941620,,no-domain
info@hotelritamajor.it,Rita Major,,,,Alberghi,Via Della Mattonaia 43,50142,Firenze,FI,Toscana,05524779901,,no-domain
info@villacontessamarianna.it,Villa Le Fonti,,,,Alberghi,Via San Pietro Alle Fonti,56028,San Miniato,PI,Toscana,,,no-domain
info@residenzadelmoro.com,Residenza Del Moro Residenza D'epoca,,,,Alberghi,Via Del Moro 15,50123,Firenze,FI,Toscana,055290884,,no-domain
info@castellomontauto.it,Castello di Montauto,,,,Alberghi,Via di Montauto 124,50023,Impruneta,FI,Toscana,055643426,,no-domain
info@residence-centanni.it,Centanni Residence,Residence Centanni,,,Alberghi,Via di Centanni 7,50012,Bagno A Ripoli,FI,Toscana,055630122,http://www.residence-centanni.it/,no-domain
ascot.mi@bestwester.it,HOTEL ASCOT,,,,,,,,,,,,no-domain
info@leonardodavincihotel.net,HOTEL L. DA VINCI,HOTEL L. DA VINCI,,3,,,,Firenze,FI,,,http://www.leonardodavincihotel.net,no-domain
reservation@arthotelmilano.it,ART HOTEL MILANO,,,,,,,,,,,,no-domain
dicom@sheratonfirenze.it,SHERATON FIRENZE,,,,,,,,,,,,no-domain
commerciale@westflorence.it,WEST FLORENCE,,,,,,,,,,,,no-domain
guillaume@createappshere.com,Domus Elena Apartment in Rome center with free parking spot,,,,,,,,,,,,no-domain
andy@ibisinc.com,Parro Sas Di Leopoldo Parrottino And Co.,,,,,,,,,,,,no-domain
ssba-rm.museodellenavi@beniculturali.it,Vesta Domus - Guest House B&B con camere dove dormire vicino al Colosseo,,,,,,,,,,,,no-domain
info@relaismonnalisa.com,Hotel Relais Maddalena,,,,,,,,,,,,no-domain
info@hoteldegliimperatori.it,Hotel Imperatori,,,,,,,,,,,,no-domain
info@casasimpatia.eu,Olcsó szállás Róma - Casa Simpatia,,,,,,,,,,,,no-domain
info@vaticansuite383.com,Vatican Suite 383,,,,Hotel,,,,,,393494448063,http://www.vaticansuite383.com/,no-domain
info@affitti-brevimilano.com,Residence in Milan,,,,,,,,,,,,no-domain
info@fioralbahotel.it,FIORALBA HOTEL,,,,,,,,,,,,no-domain
info@hotel38.it,Hotel 38,,,,,,,,,,,,no-domain
info@maestosoapartment.com,Maestoso appartamento turistico,,,,Hotel,,,,,,393277040476,https://www.maestosoapartment.com/it,no-domain
billallen@iquest.com,Affittacamere Hostel 3,,,,,,,,,,,,no-domain
paul@evotraining.se,Thalassa Locanda B&B e appartamento,Thalassa Locanda B And B E Appartamento,,,Bed & breakfast,,,,,,+39 320 907 6376,http://www.thalassabeb.com/,no-domain
info@allacasalta.it,Alla Casalta B&B,Alla Casalta B And B,,,"Bed & breakfast, Apartment complex",,,,,,+39 0187 988694,http://www.allacasalta.it/,no-domain
info@dolceetruria.it,Bed and Breakfast Dolce Etruria,Bed And Breakfast Dolce Etruria,,,Bed & breakfast,,,,,,+39 0575 352437,http://www.dolceetruria.it/,no-domain
info@chiusadeimonaci.it,Bed & Breakfast Chiusa dei Monaci,Bed And Breakfast Chiusa Dei Monaci,,,Bed & breakfast,,,,,,+39 338 902 1734,http://www.chiusadeimonaci.it/,no-domain
info@casavacanzemichelangelo.com,Casa Vacanze Michelangelo - Tuscany Holiday House,Casa Vacanze Michelangelo Tuscany Holiday House,,,"Hotel, Holiday apartment rental, Holiday home",,,,,,+39 391 350 5756,https://www.casavacanzemichelangelo.com/,no-domain
info@ferranesi.be,Podere Ferranesi,,,,,,,,,,,,no-domain
info@affittacamere-thomas.it,Affittacamere Thomas',Affittacamere Thomas,,,Bed & breakfast,,,,,,+39 393 179 2269,https://affittacamere-thomas.it/,no-domain
info@iltorrinodisotto.com,Il Torrino di Sotto,Il Torrino Di Sotto,,,Bed & breakfast,,,,,,+39 380 261 9385,http://www.iltorrinodisotto.com/,no-domain
info@fontabate.it,Fonteabate • Residenza di charme,Fonteabate • Residenza Di Charme,,,"Bed & breakfast, Indoor lodging",,,,,,+39 0543 190 8134,https://www.fontabate.it/,no-domain
info@camporahouse.com,CAMPORA HOUSE B&B,Campora House B And B,,,"Bed & breakfast, Event planner",,,,,,+39 331 161 7121,http://www.camporahouse.com/,no-domain
info@hotel-lapergola.eu,Hotel & Ville La Pergola,Hotel And Ville La Pergola,,,Hotel,,,,,,+39 379 266 7830,https://www.hotel-lapergola.eu/,no-domain
oxogallery@oxogallery.com,Acchiappasogni Art Boutique Hotel,,,,,,,,,,,,no-domain
info@bargilagosuviana.it,Ca'Nesi,Canesi,,,Bed & breakfast,,,,,,+39 0534 43380,http://www.bargilagosuviana.it/,no-domain
info@natividellaterra.com,B&B Castellaro,B And B Castellaro,,,Bed & breakfast,,,,,,+39 333 393 1748,https://bebcastellaro.wordpress.com/,no-domain
store@prorockmountainstore.it,Ostello del Pellegrino di Camaiore,,,,,,,,,,,,no-domain
info@lianapuanamareversilia.it,Villetta Liana Apuana Mare,Villetta Liana Apuana Mare,,,Bed & breakfast,,,,,,+39 335 123 0028,https://www.lianapuanamareversilia.it/it,no-domain
info@bbrossana.it,B&B Rossana,B And B Rossana,,,Bed & breakfast,,,,,,+39 340 390 5477,http://www.bbrossana.it/,no-domain
booking@sanruffinoresort.com,Il Poggio di San Ruffino,Il Poggio Di San Ruffino,,,Extended stay hotel,,,,,,+39 347 631 8301,http://poggiosanruffino.com/,no-domain
info@residenceselvatellino.com,Residence Il Selvatellino,Residence Il Selvatellino,,,"Extended stay hotel, Holiday apartment",,,,,,+39 0577 960167,http://www.residenceselvatellino.com/en/,no-domain
ilquadrifoglio@ilquadrifoglioonlus.it,Podere Bazzino B&B,,,,,,,,,,,,no-domain
info@bambagina.it,Villa La Bambagina,Villa La Bambagina,,,,,,,,,+39 0571 629951,http://www.bambagina.it/,no-domain
info@villagloria.cloud,La Loggia Villa Gloria,La Loggia Villa Gloria,,,Hotel,,,,,,+39 0577 329066,https://www.villagloria.cloud/,no-domain
info@osteriadivillaschiatti.it,Villa Schiatti,,,,,,,,,,,,no-domain
info@farmholidaysitaly.emiliaromagna.it,Fattoria Ca' di Fatino,,,,,,,,,,,,no-domain
info@tuscanyoffroad.it,Fattoria Ca' di Fatino,,,,,,,,,,,,no-domain
residencecastiglione@trasinet.com,Residence Castiglione,Residence Castiglione,,,Hotel,,,,,,+39 075 951829,http://www.residence-castiglione.it/,no-domain
latorre@trasinet.com,La Torre,,,,,Via Emanuele 50,,CASTIGLIONE DEL LAGO,PG,Umbria,,,no-domain
ignace.lataire@verspurten.be,Agriturismo Amoliv,,,,,,,,,,,,no-domain
info@bedandparkingcecinarooms.it,Bed and Parking Cecina Rooms,Bed And Parking Cecina Rooms,,,Hotel,,,,,,+39 0586 016051,https://bedandparkingcecinarooms.it/,no-domain
info@hotelsantarita.it,Hotel Santa Rita,Hotel Santa Rita,,,Hotel,,,,,,+39 0578 64095,http://www.hotelsantarita.it/,no-domain
info@paradisone.it,Cristallo,,,,,,,,,,,,no-domain
info@nuovohotelsestriere.com,Hotel Sestriere,Hotel Sestriere,,,Hotel,,,,,,+39 0578 321375,https://www.nuovohotelsestriere.com/,no-domain
info@hotelvillasandonnino.it,Hotel Villa San Donino,,,,,,,,,,,,no-domain
info@g-arsapua.com,B&B Galleria Ars Apua,B And B Galleria Ars Apua,,,Bed & breakfast,,,,,,+39 329 870 7297,http://g-arsapua.com/,no-domain
info@poderecampinovi.it,Agriturismo Podere Campinovi,Agriturismo Podere Campinovi,,,Hotel,,,,,,+39 348 377 5710,http://www.poderecampinovi.it/,no-domain
info@nelbelmezzo.it,B&B Puccioni,B And B Puccioni,,,"Bed & breakfast, Holiday home",,,,,,+39 347 236 0845,http://nelbelmezzo.it/,no-domain
info@trebbiolo.com,Agriturismo Trebbiolo,Agriturismo Trebbiolo,,,"Farmstay, Bed & breakfast, Holiday home",,,,,,+39 324 816 6717,http://www.trebbiolo.com/,no-domain
info@bbdonnini.it,B&b Donnini Firenzuola,B And B Donnini Firenzuola,,,Bed & breakfast,,,,,,+39 347 600 7914,https://bbdonnini.it/,no-domain
info@residenzamaglionialbattistero.it,B&B Tourist House Battistero,B And B Tourist House Battistero,,,Bed & breakfast,,,,,,+39 338 531 8793,https://residenzamaglionialbattistero.it/,no-domain
info@hotelandreafirenze.com,Hotel Andrea,Hotel Andrea,,,Hotel,,,,,,,https://www.hotelandreafirenze.com/,no-domain
info@pergola42.com,Haggi's Residence,Haggis Residence,,,Bed & breakfast,,,,,,+39 351 818 7488,http://pergola42.com/,no-domain
info@corsinitintori.com,Corsini Tintori Guest House,Corsini Tintori Guest House,,,Bed & breakfast,,,,,,+39 348 603 3565,https://www.corsinitintori.com/,no-domain
info@residenzabellieri.it,Residenza Bellieri,Residenza Bellieri,,,Hotel,,,,,,+39 353 414 8038,https://residenzabellieri.it/,no-domain
info@il-torrino.it,Bed and breakfast Il Torrino a Firenze,Bed And Breakfast Il Torrino A Firenze,,,Bed & breakfast,,,,,,+39 055 400496,http://www.il-torrino.it/,no-domain
info@kattihouse2.com,Katti House 2,Katti House 2,,,Bed & breakfast,,,,,,+39 392 855 3046,https://www.kattihouse2.com/,no-domain
info@santambrogiofirenze.com,Guest House Santambrogio,Guest House Santambrogio,,,"Indoor lodging, Bed & breakfast",,,,,,+39 055 241261,http://www.santambrogiofirenze.com/,no-domain
info@anticaposta.net,Antica Posta - B&B Vicino Stazione di Firenze,,,,,,,,,,,,no-domain
info@black5florencesuite.it,Black 5 Florence Suite,Black 5 Florence Suite,,,"Bed & breakfast, Lodging",,,,,,+39 328 615 8445,http://www.black5florencesuite.it/,no-domain
info@casacarlottafollonica.it,Affittacamere Casa Carlotta FOLLONICA,Affittacamere Casa Carlotta Follonica,,,"Bed & breakfast, Serviced accommodation",,,,,,+39 347 552 0875,https://casacarlottafollonica.it/,no-domain
info@resortalforte.com,Resort al Forte,Resort Al Forte,,,"Resort hotel, Event venue, Hotel",,,,,,+39 0584 81442,http://www.resortalforte.com/,no-domain
direzione@resortalforte.com,Resort al Forte,,,,,,,,,,,,no-domain
eventi@resortalforte.com,Resort al Forte,,,,,,,,,,,,no-domain
gestore@lestellesulmare.com,B & B Le Stelle sul Mare,B And B Le Stelle Sul Mare,,,"Bed & breakfast, Scenic spot",,,,,,+39 347 935 1386,http://www.lestellesulmare.com/,no-domain
info@lastregattabeb.it,B&B La Stregatta,B And B La Stregatta,,,Bed & breakfast,,,,,,+39 0571 295140,http://www.lastregattabeb.it/,no-domain
info@podereilcolto.it,B&B Podere Il Colto,B And B Podere Il Colto,,,"Bed & breakfast, Guest house",,,,,,+39 0577 731133,http://www.podereilcolto.it/,no-domain
info@dalbrillante.com,B&B DAL BRILLANTE,B And B Dal Brillante,,,Bed & breakfast,,,,,,+39 339 391 1998,http://www.dalbrillante.com/,no-domain
info@castellodimontegonzi.com,Castello di Montegonzi,Castello Di Montegonzi,,,Extended stay hotel,,,,,,,https://www.castellodimontegonzi.com/,no-domain
info@laborraina.it,B&B la Borraina,B And B La Borraina,,,Bed & breakfast,,,,,,+39 333 747 8801,http://www.laborraina.it/,no-domain
riccardo@laborraina.it,B&B la Borraina,,,,,,,,,,,,no-domain
info@lungomarespezia.it,Lungomare Rooms and Charme,Lungomare Rooms And Charme,,,"Hotel, Bed & breakfast",,,,,,+39 340 514 1917,http://www.lungomarespezia.it/,no-domain
info@saporedimare5terre.it,Sapore di mare 5 terre Affittacamere,Sapore Di Mare 5 Terre Affittacamere,,,Bed & breakfast,,,,,,+39 392 121 8100,http://www.saporedimare5terre.it/,no-domain
nfo@saporedimare5terre.it,Sapore di mare 5 terre Affittacamere,,,,,,,,,,,,no-domain
info@adelgunde.com,Ca’ d’Pignat | Home Resturant | Organic Farm | B&B | Ospitalità con la O maiuscola,,,,,,,,,,,,no-domain
info@tastingtuscany.it,Hotel CastelMartini,,,,,,,,,,,,no-domain
kellrose@ilecsi.com,B&B I Lecci - Affittacamere,B And B I Lecci Affittacamere,,,Hotel,,,,,,+39 0187 969186,http://www.ilecci.com/,no-domain
info@ocaneranest.it,Oca Nera - B&B,Oca Nera B And B,,,Bed & breakfast,,,,,,+39 335 372 474,http://www.ocaneranest.it/,no-domain
info@hotel-smeraldodilinari.it,Hotel Smeraldo,Hotel Smeraldo,,,Hotel,,,,,,+39 0584 617302,http://www.hotel-smeraldodilinari.it/,no-domain
info@livornohoteluniversal.com,Hotel Universal,Hotel Universal,,,Hotel,,,,,,+39 0586 500327,https://hoteluniversal.eu/,no-domain
info@lavilladeidestiniincrociati.it,VILLA ANSELMI,Villa Anselmi,,,Bed & breakfast,,,,,,+39 340 488 5474,https://www.villaanselmi-arteindiretta.it/index.htm,no-domain
info@latorrettabedandbreakfast.com,B & B La Torretta,B And B La Torretta,,,Bed & breakfast,,,,,,+39 391 184 5258,http://www.latorrettabedandbreakfast.com/,no-domain
info@dimorasanlazzaro.it,Dimora San Lazzaro B&B,Dimora San Lazzaro B And B,,,Bed & breakfast,,,,,,+39 348 930 7536,http://dimorasanlazzaro.it/#eventi,no-domain
admin@chaletlucca.com,Chalet Lucca,Chalet Lucca,,,Bed & breakfast,,,,,,+39 375 551 2669,http://www.chaletlucca.com/,no-domain
info@elvisia.it,Elvisia B&B,Elvisia B And B,,,Hotel,,,,,,+39 0583 53546,http://www.elvisia.it/,no-domain
info@elisabethhouse.it,Elisabeth House di Caporali Elisabetta,Elisabeth House Di Caporali Elisabetta,,,"Bed & breakfast, Hotel",,,,,,+39 338 749 9493,http://www.elisabethhouse.it/,no-domain
info@artemisiabnb.com,B&B Artemisia negli ulivi,B And B Artemisia Negli Ulivi,,,Bed & breakfast,,,,,,+39 328 286 2621,http://www.artemisiabnb.com/,no-domain
info@elbasea.srl,Hotel Le Briciole,,,,,,,,,,,,no-domain
info@hote-vera.com,Vera,,,,,,,,,,,,no-domain
info@hotelvillalafonte.it,Hotel Villa la Fonte,Hotel Villa La Fonte,,,Hotel,,,,,,+39 0584 20174,http://www.hotelvillalafonte.it/,no-domain
info@ristoranteloscoglioprato.it,Villa Al Falchetto,,,,,,,,,,,,no-domain
info@villabonini.com,Villa Bonini,Villa Bonini,,,Bed & breakfast,,,,,,+39 333 415 5908,https://villabonini.com/,no-domain
info@residenzaelisalucca.it,Residenza Elisa,Residenza Elisa,,,Wellness hotel,,,,,,+39 0583 152 2797,https://residenzaelisalucca.it/it,no-domain
info@lucashome.it,Luca's Home in Tuscany,Lucas Home In Tuscany,,,Bed & breakfast,,,,,,+39 339 629 4484,https://www.lucashome.it/,no-domain
info@villalemonache.it,Villa le Monache,Villa Le Monache,,,Bed & breakfast,,,,,,+39 055 836 1273,http://villalemonache.jp/,no-domain
info@cookingacademyfirenze.it,Villa le Monache,,,,,,,,,,,,no-domain
info@pratospilla.pr.it,Prato Spilla,Prato Spilla,,,"Mountain cabin, Hotel",,,,,,+39 380 498 5292,http://www.stazionepratospilla.it/,no-domain
info@villamaccioni.it,Villa Maccioni,Villa Maccioni,,,Bed & breakfast,,,,,,+39 328 698 0747,http://www.villamaccioni.it/,no-domain
info@casalevaticano.it,Hotel Brasile Montecatini-Terme,,,,,,,,,,,,no-domain
info@borgodellarocca-montemurlo.it,B&B Borgo della Rocca,,,,,,,,,,,,no-domain
info@fattorialasteccaia.it,Fattoria la Steccaia,Fattoria La Steccaia,,,"Holiday home, Extended stay hotel, Hotel",,,,,,+39 0586 687807,http://www.fattorialasteccaia.it/,no-domain
info@orbetellohotelsole.com,Hotel Sole,Hotel Sole,,,Hotel,,,,,,+39 0564 193 3123,http://www.orbetellohotelsole.com/,no-domain
luxen@2035themes.com,Bed & Breakfast da Ferro,,,,,,,,,,,,no-domain
info@enjoypianosa.it,Albergo Milena,Albergo Milena,,,Hotel,,,,,,+39 345 985 3862,http://www.albergopianosa.it/,no-domain
info@ristorantehotellideale.com,L'Ideale - Albergo - Ristorante - Pizzeria,Lideale Albergo Ristorante Pizzeria,,,"Restaurant, Hotel",,,,,,+39 0534 28714,https://www.ristorantehotellideale.com/,no-domain
info@cremonavacanze.it,Casa per Ferie Nostra Signora Tonfano,,,,,,,,,,,,no-domain
info@bbgalileorooms.com,Il Galielo Rooms,Il Galielo Rooms,,,Bed & breakfast,,,,,,+39 320 946 3153,http://www.bbgalileorooms.com/,no-domain
info@bedandbreakfastsanmichele.com,Bed Breakfast San Michele,Bed Breakfast San Michele,,,Bed & breakfast,,,,,,+39 050 570267,http://www.bedandbreakfastsanmichele.com/,no-domain
info@ilporticato.it,B&B Il Porticato,B And B Il Porticato,,,Bed & breakfast,,,,,,+39 349 354 9030,http://www.ilporticato.it/,no-domain
info@welcomebedandbreakfast.it,Welcome Bed And Breakfast,Welcome Bed And Breakfast,,,Bed & breakfast,,,,,,+39 347 773 0237,http://www.welcomebedandbreakfast.it/,no-domain
info@bebvillalicia.it,B&B Villa Licia,B And B Villa Licia,,,Bed & breakfast,,,,,,+39 371 683 4494,https://bebvillalicia.it/,no-domain
info@hotelrisveglio.it,Hotel Risveglio,Hotel Risveglio,,,Hotel,,,,,,+39 342 797 3425,http://www.hotelrisveglio.it/,no-domain
info@albergocini.it,Hotel Cini,Hotel Cini,,,Hotel,,,,,,+39 0534 22161,http://www.albergocini.it/,no-domain
info@ombraverde.it,Shadow Green Residence,Shadow Green Residence,,,,,,,,,+39 0566 469668,https://www.ombraverde.com/?utm_source=GooglemyBusiness,no-domain
info@bnblavolta.it,La Volta,La Volta,,,Bed & breakfast,,,,,,+39 338 744 1034,http://www.bnblavolta.it/,no-domain
info@quattrovesta.it,Locanda Quattro Vesta,Locanda Quattro Vesta,,,"Restaurant, Bed & breakfast",,,,,,+39 0578 075535,https://www.locandaquattrovesta.it/,no-domain
info@ilpoderedegliartisti.com,il podere degli artisti,Il Podere Degli Artisti,,,Bed & breakfast,,,,,,+39 351 972 3533,http://www.ilpoderedegliartisti.com/,no-domain
info@tenutamassabo.com,Tenuta Massabò,Tenuta Massabò,,,Bed & breakfast,,,,,,+39 327 989 4980,https://www.tenutamassabo.com/,no-domain
booking@tenutamassabo.com,Tenuta Massabò,,,,,,,,,,,,no-domain
info@relaisvictoria.it,Relais Victoria B&B,Relais Victoria B And B,,,Bed & breakfast,,,,,,+39 0583 356010,http://www.relaisvictoria.it/,no-domain
info@lacasanova.toscana.it,La Casa Nova,La Casa Nova,,,"Bed & breakfast, Art museum, Resort hotel",,,,,,+39 0575 741455,http://www.lacasanova.toscana.it/,no-domain
info@villaicedri.it,Villa I Cedri,Villa I Cedri,,,"Villa, Hotel, Indoor lodging",,,,,,+39 0577 317078,http://villaicedri.it/,no-domain
info@ilmontelletto.it,Il Montelletto,Il Montelletto,,,Bed & breakfast,,,,,,+39 346 109 9724,http://www.ilmontelletto.it/#onepage,no-domain
info@agrestasaturnia.it,B&B Agresta,B And B Agresta,,,Bed & breakfast,,,,,,+39 0565 763499,http://www.agrestasaturnia.it/,no-domain
info@boccadalma.com,Appartamento vacanze Boccadalma,Appartamento Vacanze Boccadalma,,,Bed & breakfast,,,,,,+39 347 797 1593,http://www.boccadalma.com/,no-domain
info@leisolemugello.it,Locanda le Isole,Locanda Le Isole,,,,,,,,,+39 055 840 6119,http://www.leisolemugello.it/,no-domain
info@villapatriziasiena.com,Villa Patrizia Siena,Villa Patrizia Siena,,,Bed & breakfast,,,,,,+39 0577 590484,https://www.villapatriziasiena.com/%3Futm_source%3Dgoogle_maps%26utm_medium%3Dorganic%26utm_campaign%3Dmybusiness,no-domain
info@studiopecciarini.it,Agriturismo La Grotta Di Montecchino,,,,,,,,,,,,no-domain
hotel@hotelsantorotto.it,Hotel Santorotto,,,,,,,,,,,,no-domain
info@comeraunavolta.com,B&B Com'era una volta,B And B Comera Una Volta,,,Bed & breakfast,,,,,,+39 333 666 5557,https://comeraunavolta.com/,no-domain
info@sottoilcastello.com,B&B Sotto il Castello,B And B Sotto Il Castello,,,Bed & breakfast,,,,,,+39 339 490 9420,http://www.sottoilcastello.com/,no-domain
info@saladitresana.com,Sala di Tresana,Sala Di Tresana,,,Bed & breakfast,,,,,,+32 477 25 60 74,https://www.saladitresana.com/,no-domain
info@beblatosca.it,La Tosca,La Tosca,,,Bed & breakfast,,,,,,+39 333 299 7182,http://www.beblatosca.it/,no-domain
info@albergolacroce.com,Hotel La Croce,Hotel La Croce,,,Hotel,,,,,,+39 0577 134 0734,http://albergolacroce.com/,no-domain
info@miramarehotel.net,Hotel Miramare,Hotel Miramare,,,"Hotel, Bar, Restaurant",,,,,,+39 0584 48441,http://www.miramarehotel.net/,no-domain
staff@hoteldelhy.it,Albergo Delhy,Albergo Delhy,,,Hotel,,,,,,+39 0584 961580,http://www.hoteldelhy.it/,no-domain
info@bebmarche.it,B&B Girovagando,Stefania,Tedeschini,,,,,Porto Sant'Elpidio,FM,Marche,,,no-domain
info@hotelamorocchi.it,Hotel Amorocchi,raffaello,candeloro,,,,,Prati di Tivo,TE,Abruzzo,,,no-domain
direzione@hotelprismagallipoli.it,Hotel Prisma,daniela,pelli,,,,,Gallipoli,LE,Puglia,,,no-domain
luca.campagnoli@hotelperlaverde.it,Hotel Perla Verde & Hotel Trionfal,luca,campagnoli,,,,,Milano Marittima,RA,Emilia-Romagna,,,no-domain
info@agriturismoranza.it,Agriturismo Ranza,,,,,Loc. Ranza,53037,San Gimignano,SI,,,,no-domain
info@albergoalponteantico.it,Albergo Al Ponte Antico,,,,,Via Aurelia 58,19020,Carrodano,SP,,0187 893009,,no-domain
info@albergoarianna.it,Hotel Arianna,,,,,Via Como 2,16033,Lavagna,GE,,,,no-domain
info@albergo-castello.com,Hotel Del Castello,,,,NO,Localita' Champerioux 5,11020,MONTJOVET,AO,Valle d'Aosta,0166 79144,,no-domain
info@aostacamere.eu,Maison Colombot,,,,,Via Torre Del Lebbroso 3,11100,Aosta,AO,,0165 232162,,no-domain
info@ariannahillhouse.it,Arianna Hill House,,,,,Via Vecchiora 37/c,19133,La Spezia,SP,,,,no-domain
info@casamastacchi.it,A Casa Mastacchi,,,,,Via Camollia 52 (check-in Via Camollia 32),53100,Siena,SI,,0577 223938,,no-domain
info@cortonanidi.it,I Nidi di Cortona,,,,,Via N.a. Casorbica 16,52044,Cortona,AR,,0575 62249,,no-domain
info@glamourapartments.it,Glamour Apartments,,,,,Different Locations In Milan City Centre Milan City Centre,20122,Milano,MI,,,,no-domain
info@happy3.it,Residence Foyer D'antan,,,,,Via Col Ranzola 145,11022,Brusson,AO,,,,no-domain
info@hotelagnellodoro.it,Hotel Agnello D'oro,,,,,Vico Delle Monachette 6,16126,Genova,GE,,,,no-domain
info@hotelbotondor.it,Hotel Boton D'or,,,,,Frazione Villaret 71,11016,La Thuile,AO,,,,no-domain
info@hotelbristol-italia.com,Hotel Bristol,,,,,Corso Mazzini 23,16033,LAVAGNA,GE,Liguria,0185 395600,,no-domain
info@hotelchuc.it,Hotel Chuc,,,,,Località La Grenade 28,11010,Sarre,AO,,0165 551555,,no-domain
info@hoteldelcorsomilan.com,Hotel Del Corso,,,,,Via Pecchio 2,20131,MILANO,MI,Lombardia,,,no-domain
info@hoteldellapunta.it,Hotel Della Punta,,,,,Via Sant'Ampelio 27,18012,BORDIGHERA,IM,Liguria,0184 262555,,no-domain
info@hotelenrico.it,Hotel Enrico,,,,,Via Dante 368,17021,ALASSIO,SV,Liguria,0182 640000,,no-domain
info@hotelesperiasanremo.com,Hotel Esperia Casa Madre,,,,,Corso Orazio Raimondo 45,18038,San Remo,IM,,0184 500408,,no-domain
info@hoteleuropa-finale.it,Hotel Europa,,,,,Via Paolo Cappa 9/a,17024,Finale Ligure,SV,,019 600687,,no-domain
info@hoteleuropa-sml.it,Hotel Europa,,,,,Via Trento 5,16038,Santa Margherita Ligure,GE,,0185 287187,,no-domain
info@hotelexcelsior-aosta.it,Hotel Excelsior Ao,,,2,,Via Chambèry N. 206,11100,Aosta,AO,Valle d'Aosta,,,no-domain
info@hotelhirondelleaosta.com,Hotel Hirondelle,,,,,Loc. Arpuilles 95,11100,Aosta,AO,,0165 51110,,no-domain
info@hotelmadonnadelpino.net,Hotel Madonna Del Pino,,,,,Viale Forlanini 15,48015,Cervia,RA,,0544 991470,,no-domain
info@hotel-marghera.com,Hotel Nuovo Marghera,,,,,Via Marghera 2 Fiera Milano City,20149,Milano,MI,,,,no-domain
info@hotelorchideaonline.com,Hotel Garnì Orchidea,,,,,Via Madonnina 1,37011,Bardolino,VR,,,,no-domain
info@hotelparcmontavic.it,Hotel Parc Mont Avic,,,,,Località Covarey 19,11020,Champdepraz,AO,,0125 960413,,no-domain
info@hotelsacrocuore.it,Hotel Sacro Cuore,,,,,Strada Del Brozzo 12,06126,Perugia,PG,,075 5838207,,no-domain
info@hoteltommaseo.it,Hotel Tommaseo,,,,,Via Monte Suello 18/4,16129,Genova,GE,,010 3629815,,no-domain
info@hotelvillafieschi.it,Villa Fieschi,,,,,Via Rezza 12,16033,LAVAGNA,GE,Liguria,0185 304400,,no-domain
info@lavilladegliargentieri.it,La Villa Degli Argentieri,,,,,Fegina 120/122,19016,Monterosso Al Mare,SP,,0187 818516,,no-domain
info@lecasacce.net,Antica Tenuta Le Casacce,,,,,Località Casacce,58038,Seggiano,GR,,,,no-domain
info@lofleye.com,Lo Fleye,,,3,3,Località Bussan Dessous 91,11010,SAINT-PIERRE,AO,Valle d'Aosta,,http://www.lofleye.com,no-domain
info@montevecchioisolni.it,Agriturismo Montevecchio Isolani,,,,,Via Dondarini 1/3,40050,Monte San Pietro,BO,,051 6766882,,no-domain
info@nuovohotelgrivola.com,Hotel Grivola,,,,NO,Via Carrel 4,11021,VALTOURNENCHE - BREUIL,AO,Valle d'Aosta,0166 948287,,no-domain
info@orvietohotelkristall.it,Hotel Kristall,,,,,Via Angelo Costanzi 69,05019,Orvieto,TR,,,,no-domain
info@ostellolacrestadellupo.it,Ostello Lou Crèton di Lui,,,,,Località Pont-bozet 31,11020,Pontboset,AO,,,,no-domain
info@ostellolucca.it,Ostello San Frediano,,,,,Via Della Cavallerizza 12,55100,Lucca,LU,,,,no-domain
info@petitrelaisvaldaosta.it,Le Petit Relais,,,,,Loc. Cheillon 16,11010,Valpelline,AO,,0165 713002,,no-domain
info@tornabuoni.info,Tornabuoni La Petite Suite,,,,,Via De' Rondinelli 1 Tornabuoni,50123,Firenze,FI,,,,no-domain
info@urbanchichouse.com,Urban Chic House,,,,,Via Fratelli Rosselli 54,19121,La Spezia,SP,,0187 256615,,no-domain
info@villaluisarapallo.it,Hotel Villa Luisa,,,,,Via Costaguta 12,16035,Rapallo,GE,,,,no-domain
info@villasapienza.it,Hotel Villa Sapienza,,,,,Corso Matuzia 21,18038,SANREMO,IM,Liguria,0184 6957516,,no-domain
infohotel@albergoelisabetta.com,Hotel Elisabetta,,,,,Viale Mazzini 276,16039,Sestri Levante,GE,,0185 41128,,no-domain
lago.bin@pm.it,Hotel Lago Bin,,,,,Regione Morga,18035,Rocchetta Nervina,IM,,,,no-domain
lascog00@hotelcaravella.191.it,Caravella,,,,,Lungomare C. Colombo 1,19013,DEIVA MARINA,SP,Liguria,,,no-domain
reception@relaismagi.it,Relais Dei Magi,,,,,Località Le Selve Nuove 45,06062,Città della Pieve,PG,,,,no-domain
reservation@hotelcanali.eu,Hotel Canali,,,,,Via Pietrafraccia 15,16035,Rapallo,GE,,0185 50369,,no-domain
varigotti@alsaracenogroup.it,Hotel Al Saraceno,,,,,Via Al Capo 2,17029,Varigotti,SV,,019 6988182,,no-domain
info@palazzoruffodibagnara.it,,,,,,,,,,Campania,,,no-domain
info@hoteljollycaserta.it,,,,,,,,,,Campania,,,no-domain
g.ceceri@hotelcitycaserta.com,,,,,,,,,,Campania,,,no-domain
info@newbabyhotel.it,,,,,,,,,,Campania,,,no-domain
info@pensionecolomba.it,,,,,,,,,,Campania,,,no-domain
info@giardinodelleninfee.it,,,,,,,,,,Campania,,,no-domain
info@hotelmyageischia.it,,,,,,,,,,Campania,,,no-domain
info@hotelmiramisischia.it,,,,,,,,,,Campania,,,no-domain
info@villasignorinirelais.it,,,,,,,,,,Campania,,,no-domain
info@4vialemasini.it,,,,,,,,,,Emilia-Romagna,,,no-domain
info@savohotel.it,,,,,,,,,,Emilia-Romagna,,,no-domain
info@ferrarahotelripagrande.it,,,,,,,,,,Emilia-Romagna,,,no-domain
info@residencemichaela.it,Michaela,,,,,Viale Giacomo Matteotti 108,,CERVIA - MILANO MARITTIMA,RA,Emilia-Romagna,,,no-domain
info@hoteldeiborgia.it,,,,,,,,,,Lazio,,,no-domain
info@boutiquehoteltrevi.com,Boutique Hotel Trevi,,,,,Via Delle Muratte 90/92,,ROMA,RM,Lazio,,,no-domain
info@piazzadispagnasuites.com,,,,,,,,,,Lazio,,,no-domain
info@hqhtrevi.it,,,,,,,,,,Lazio,,,no-domain
info@dolcevitaresidence.com,,,,,,,,,,Lazio,,,no-domain
booking@excelnavona.it,,,,,,,,,,Lazio,,,no-domain
info@danielshotel.it,Daniel's,,,,,Via Frattina 107,,ROMA,RM,Lazio,,,no-domain
info@baldassinibeb.it,,,,,,,,,,Lazio,,,no-domain
info@relaisbramante.com,,,,,,,,,,Lazio,,,no-domain
info@trastevererelais.com,,,,,,,,,,Lazio,,,no-domain
info@theoperahotel.it,,,,,,,,,,Lazio,,,no-domain
info@estercampodefiori.com,,,,,,,,,,Lazio,,,no-domain
info@bbsuburbisroma.it,,,,,,,,,,Lazio,,,no-domain
info@sleepwithrome.com,,,,,,,,,,Lazio,,,no-domain
info@residenzaludovisi.com,,,,,,,,,,Lazio,,,no-domain
info@hotelvillamangili.it,Villa Mangili,,,,,Via Giuseppe Mangili 31,,ROMA,RM,Lazio,,,no-domain
info@amelindoresidence.com,,,,,,,,,,Lazio,,,no-domain
info@hotelclubisolasacra.it,Hotel Club Isola Sacra,,,,,Via della Scafa 416,,FIUMICINO,RM,Lazio,,,no-domain
info@alletamerici.it,,,,,,,,,,Lazio,,,no-domain
info@grottaditiberio.it,,,,,,,,,,Lazio,,,no-domain
info@mellini39.com,,,,,,,,,,Lazio,,,no-domain
info@rome-cheap-accommmodation.com,,,,,,,,,,Lazio,,,no-domain
info@lalocandadelmanzoni.it,,,,,,,,,,Lazio,,,no-domain
info@beldeshotel.com,,,,,,,,,,Lazio,,,no-domain
info@residencecolombo112.it,,,,,,,,,,Lazio,,,no-domain
info@bestsuitesroma.it,,,,,,,,,,Lazio,,,no-domain
info@houseloftrome.com,,,,,,,,,,Lazio,,,no-domain
info@stjterrace.it,,,,,,,,,,Lazio,,,no-domain
info@casalipapareschi.it,,,,,,,,,,Lazio,,,no-domain
info@laquerciadimamre.com,,,,,,,,,,Lazio,,,no-domain
info@residenzabourbonroma.it,,,,,,,,,,Lazio,,,no-domain
info@maisonrediroma.it,,,,,,,,,,Lazio,,,no-domain
info@dejavuroom.it,,,,,,,,,,Lazio,,,no-domain
info@aurelia429.it,,,,,,,,,,Lazio,,,no-domain
info@ecohotelroma.com,,,,,,,,,,Lazio,,,no-domain
info@hotelmiramare.biz,,,,,,,,,,,,,no-domain
info@hotelprincipe-sanremo.com,,,,,,,,,,,,,no-domain
paradisohotel@paradisosrl.191.it,,,,,,,,,,,,,no-domain
info@hermitagehotel.ge.it,Hermitage,,,,,Via Liri 29,,GENOVA,GE,Liguria,,,no-domain
info@hotelbristolpesaro.191.it,,,,,,,,,,,,,no-domain
info@albergoraffaello.com,Raffaello,,,,,Via Santa Margherita 40,,URBINO,PU,Marche,,,no-domain
info@residenzailduomo.it,,,,,,,,,,,,,no-domain
info@hotellido.rc.it,,,,,,,,,,,,,no-domain
info@agriturismomerlino.it,,,,,,,,,,,,,no-domain
info@hotelcristoforocolombo.com,Hotel Cristoforo Colombo,,,4,,Corso Buenos Aires 3,,MILANO,MI,Lombardia,02 29406214,http://www.hotelcristoforocolombo.com/,no-domain
info@klimahotelmilanofiere.it,,,,,,,,,,Lombardia,,,no-domain
info@albergoilgirasole.it,,,,,,,,,,Lombardia,,,no-domain
info@airportstationbergamo.com,,,,,,,,,,Lombardia,,,no-domain
info@hotelbroletto.it,,,,,,,,,,Lombardia,,,no-domain
info@hotelre.net,,,,,,,,,,Lombardia,,,no-domain
info@palacehotellegnano.it,,,,,,,,,,Lombardia,,,no-domain
info@hotelguala.it,,,,,,,,,,Piemonte,,,no-domain
info@bebdeiserafini.com,,,,,,,,,,Puglia,,,no-domain
info@hotelpietrenere.it,,,,,,,,,,Puglia,,,no-domain
info@hotelbally.it,,,,,,,,,,Puglia,,,no-domain
info@hotel-delaville.net,De la Ville,,,,,Via Scalabrini,,CARPINO,FG,Puglia,,,no-domain
info@nuovohotelgallipoli.it,,,,,,,,,,Puglia,,,no-domain
info@costabradaresort.it,,,,,,,,,,Puglia,,,no-domain
info@whitehotelvieste.com,,,,,,,,,,Puglia,,,no-domain
info@domushotelcatania.com,,,,,,,,,,,,,no-domain
info@reginamargheritahotel.it,,,,,,,,,,,,,no-domain
info@hotelrigelcatania.it,,,,,,,,,,,,,no-domain
info@gemdeluxe.it,,,,,,,,,,,,,no-domain
info@casevacanzetrabinis.com,,,,,,,,,,,,,no-domain
info@hr1880.it,,,,,,,,,,,,,no-domain
info@hoteleljebel.com,Hotel El Jebel,,,5,☆☆☆☆☆L,Salita Ciampoli 9 - 98039 - Taormina,,,,,.0942.625494,,no-domain
miramare@memorahotels.it,,,,,,,,,,,,,no-domain
info@hotelvanna.it,Excelsior Vanna,,,,,Via Capo d'Orso 100,,PALAU,OT,Sardegna,,,no-domain
info@hotelsmeraldocalagonone.com,,,,,,,,,,,,,no-domain
info@residenceilbaglio.it,,,,,,,,,,,,,no-domain
info@leresidenzearchimede.it,,,,,,,,,,,,,no-domain
info@bbalgherocamilla.it,,,,,,,,,,,,,no-domain
book@bbalgherocamilla.it,,,,,,,,,,,,,no-domain
info@laposadasulgolfoalghero.com,,,,,,,,,,,,,no-domain
info@algheroparkvillage.com,,,,,,,,,,,,,no-domain
info@soggiornoarcobaleno.com,,,,,,,,,,,,,no-domain
info@arco-cagliari.it,,,,,,,,,,,,,no-domain
info@hotellavecchiamarina.com,,,,,,,,,,,,,no-domain
info@hoteldfirenzeroma.com,,,,,,,,,,Toscana,,,no-domain
info@hotelaurora.info,,,,,,,,,,Toscana,,,no-domain
info@florenceviewapartments.it,,,,,,,,,,Toscana,,,no-domain
info@italhotelsgroup.net,,,,,,,,,,Toscana,,,no-domain
info@afittacamerealba.com,,,,,,,,,,Toscana,,,no-domain
info@hotelmarinefirenze.com,,,,,,,,,,Toscana,,,no-domain
info@leromite.com,,,,,,,,,,Toscana,,,no-domain
info@lafarinaapartments.it,,,,,,,,,,Toscana,,,no-domain
info@bbflorencechic.com,,,,,,,,,,Toscana,,,no-domain
info@emozionifiorentine.it,,,,,,,,,,Toscana,,,no-domain
info@villalucrezia.eu,,,,,,,,,,Toscana,,,no-domain
info@lamedicea.com,,,,,,,,,,Toscana,,,no-domain
info@residencecavour.com,,,,,,,,,,Toscana,,,no-domain
info@fh-hotels.com,,,,,,,,,,Toscana,,,no-domain
info@colombohotel.it,,,,,,,,,,Toscana,,,no-domain
info@hotelterredicasole.it,,,,,,,,,,Toscana,,,no-domain
letizia@poderelastrega.com,,,,,,,,,,Toscana,,,no-domain
info@michelangelocarrara.it,,,,,,,,,,Toscana,,,no-domain
info@bbvillaagneselucca.it,,,,,,,,,,Toscana,,,no-domain
info@luccaportasantanna.com,,,,,,,,,,Toscana,,,no-domain
info@larondinecasavacanze.com,,,,,,,,,,Toscana,,,no-domain
info@borgodicastelvetere.it,Albergo diffuso Borgo di Castelvetere,,,,,,,,,,,,no-domain
info@albergomaiella.it,Albergo Maiella e delle Terme,,,,,Via Roma 29,,CARAMANICO TERME,PE,Abruzzo,,,no-domain
info@claphotels.com,Clap Hotels Verona,,,,,,,,,,,,no-domain
info@hoteltermeagnano.com,hotel delle terme di agnano,,,,,Via Agnano Astroni 24,,NAPOLI,NA,Campania,,,no-domain
info@jshotels.it,jsh hotels,,,,,,,,,,,,no-domain
info@leancoreresort.it,le ancore resort,,,,,,,,,,,,no-domain
info@relaisfarmholiday.com,VILLA L'OLMO,VILLA L'OLMO,,,19,"50023 Impruneta,055 .23.11.311,info@relaisfarmholiday.com ,http://www.relaisfarmholiday.it/,",,Impruneta,FI,,,,no-domain
info@castellaredenoveschi.com,",☆☆☆☆,Via Padre Chiantini",,,,,,,,,,,,no-domain
info@residenceilgiglio.it,Residence Il Giglio,RESIDENCE IL GIGLIO,,3,,VIA E. GASPERI N° 16,,Firenze,FI,,055 5048556,http://www.residenceilgiglio.it/,no-domain
info@hotelilcamminetto.it,Hotel il Caminetto,,,3,,57037 Portoferraio,,,,,0565 915271,http://www.hotelilcaminetto.it/,no-domain
reception@hotelverdina.it,Hotel Verdina,,,3,,Via Pisa 69,,VOLPIANO,TO,Piemonte,011 9884774,http://www.hotelverdina.it,no-domain
info@hotel-lamagnolia.it,Hotel La Magnolia,,,2,,"Strada del Fioccaro 35, 10133 TO",,,,,011 661 2841,http://www.hotel-lamagnolia.it/,no-domain
info@hotelbrasilmilano.it,Hotel Brasil,,,1,,"Via G. Modena, 20",,,,,22.18.00,http://www.hotelbrasilmilano.it,no-domain
info@bbmilanoduomo.it,Milano Duomo,,,,B&B,"via torino 46, 20123",,,,,347 77 96 170,http://www.bbmilanoduomo.it/,no-domain
info@ladolcevite.net,La Dolce Vite,,,,B&B,V. C. DI RIENZO 39,,,,,02 48952808,http://www.bedandbreakfastmilanonavigli.it,no-domain
reservations@tancauvillage.com,",☆☆☆,Via Dei Pini",,,,Tancau,"08040 Lotzorai, (0782) 615033,reservations@tancauvillage.com,http://www.tancauvillage.com,",,,,,,,no-domain
info@hotelolimpicsestola.it,Hotekl Olimpic,,,3,,Sestola,,,,,0536 60719,http://www.hotelolimpicsestola.it/ita/,no-domain
info@loscoiattoloelanoce.it,Lo Scoiattolo e la Noce,,,,B&B,"Via per Gignese 6, 28830 Stresa",,,,,339 2281666,http://www.loscoiattoloelanoce.it,no-domain
info@hotelmontegenevris.it,Hotel Monte Genevris,,,2,,"Via V. Assietta 12, 10050 Sauze D'Oux",,,,,122858086,http://www.hotelmontegenevris.it/index.html,no-domain
info@agriturismoginestra.it,La Ginestra,,,,Agriturismo,,,,,,3343116480,http://www.agriturismoginestra.it,no-domain
info@agriturismogufo.it,Il Gufo,,,,Agriturismo,,,,,,347.0599159,http://www.agriturismogufo.it/,no-domain
info@agriturismofattorialatorre.com,Fattoria La Torre,,,,Agriturismo,,,,,,055869106,http://www.agriturismofattorialatorre.com/,no-domain
info@lecampspa.com,,,,,,,,,,,,,no-domain
info@hotelippopotamo.it,,,,,,,,,,,,,no-domain
info@bedandbreakfastborsari.it,,,,,,,,,,,,,no-domain
info@frlalorenzo.com,,,,,,,,,,,,,no-domain
info@lagarehotelvenezia.it,,,,,,,,,,,,,no-domain
info@hotelvecellio.com,Vecellio,,,,,Sestiere Cannaregio 5039/B,,VENEZIA,VE,Veneto,,,no-domain
info@ilghebo.it,Il Ghebo,,,,,Via Fausta 41,,CAVALLINO - TREPORTI - PUNTA SABBIONI,VE,Veneto,,,no-domain
info@cadeibarcaroli.com,,,,,,,,,,,,,no-domain
info@hotelmichelangelo.net,Hotel Michelangelo,,,,,Via Forte Marghera 69,,VENEZIA - MESTRE,VE,Veneto,,,no-domain
info@hotelexeperusia.com,,,,,,,,,,,,,no-domain
info@albergoilportonaccio.it,,,,,,,,,,,,,no-domain
info@hotelastorperugia.it,,,,,,,,,,,,,no-domain
info@hotelcavaliere.eu,,,,,,,,,,,,,no-domain
info@hotel-villadibosco.com,,,,,,,,,,,,,no-domain
info@hotelreginadolomiti.it,,,,,,,,,,,,,no-domain
info@hotelbellamonte.com,,,,,,,,,,,,,no-domain
info@hotelprimavera-riva.it,,,,,,,,,,,,,no-domain
info@garnirita.com,,,,,,,,,,,,,no-domain
eventi@villaasnigocernobbio.it,,,,,,,,,,,,,no-domain
info@abruzzihotel.it,Hotel Abruzzi,Bertan,Vraps,,,,,Teramo,TE,Abruzzo,,,no-domain
chieti@harrishotels.it,,,,,,,,,,,,,no-domain
info@hoteluniversoenord.com,Universo & Nord,,,,,Sestiere Cannaregio 121-Località Lista di Spagna,,VENEZIA,VE,Veneto,,,no-domain
info@hotelbelleepoque.it,Belle Epoque,,,,,Sestiere Cannaregio 127/128,,VENEZIA,VE,Veneto,,,no-domain
info@locandadelaspada.it,,,,,,,,,,Veneto,,,no-domain
info@locandadelconsole.com,,,,,,,,,,Veneto,,,no-domain
info@capedrocchi.it,,,,,,,,,,Veneto,,,no-domain
info@hotelilmorodivenezia.com,,,,,,,,,,Veneto,,,no-domain
info@minellipalace.com,,,,,,,,,,Veneto,,,no-domain
info@bbdiamante.com,,,,,,,,,,Veneto,,,no-domain
info@alborohotel.it,De l'Alboro,,,,,Sestiere San Marco 3894/B,,VENEZIA,VE,Veneto,,,no-domain
info@cafurlan.it,,,,,,,,,,Veneto,,,no-domain
info@albergo-papa.it,,,,,,,,,,Veneto,,,no-domain
info@palacehotelvasto.it,Palace,,,4,,Contrada Fonte De Nardis,,VASTO - VASTO MARINA,CH,Abruzzo,,http://www.palacehotelvasto.it/,no-domain
hotelristorante@miraverde.it,Miraverde,,,,,Contrada Piano Sant'Angelo 1,,SAN SALVO,CH,Abruzzo,,,no-domain
info@h-vittoria.it,Vittoria,,,,,Contrada San Tommaso 257,,VASTO - VASTO MARINA,CH,Abruzzo,,,no-domain
hm@hotellamasseria.it,La Masseria,,,,,Località Piazzano di Atessa 69,,ATESSA,CH,Abruzzo,,,no-domain
info@europagransasso.it,Europa,,,,,Localita' Prati di Tivo,,PIETRACAMELA - PRATI DI TIVO,TE,Abruzzo,,,no-domain
info@hotel-corallo-abruzzo.com,Corallo,,,,,Lungomare Italia 60,,MARTINSICURO - VILLA ROSA,TE,Abruzzo,,,no-domain
info@clorindahotel.it,Clorinda,,,,,Lungomare Roma 30,,ROSETO DEGLI ABRUZZI,TE,Abruzzo,,,no-domain
info@hotelliberty.net,Liberty,,,,,Lungomare Roma 8,,ROSETO DEGLI ABRUZZI,TE,Abruzzo,,,no-domain
info@giulianovahotelmareblu.it,Mareblu,,,,,Lungomare Zara,,GIULIANOVA,TE,Abruzzo,,,no-domain
info@atlanticgiulianova.com,Atlantic,,,,,Lungomare Zara 117,,GIULIANOVA,TE,Abruzzo,,,no-domain
smeraldo@lorenzihotels.com,Smeraldo,,,,,Lungomare Zara 119,,GIULIANOVA,TE,Abruzzo,,,no-domain
duca@schiratohotels.it,Best Western Hotel Duca d'Aosta,,,,,Piazza Duca d'Aosta 4,,PESCARA,PE,Abruzzo,,,no-domain
plaza@schiratohotels.it,Best Western Hotel Plaza,,,,,Piazza Sacro Cuore 55,,PESCARA,PE,Abruzzo,,,no-domain
info@hotelamarocchi.it,Amorocchi,,,,,Piazzale Amorocchi,,PIETRACAMELA - PRATI DI TIVO,TE,Abruzzo,,,no-domain
info@hotelvettadabruzzo.it,Vetta d'Abruzzo,,,,,Piazzale della Stazione 23,,ROCCARASO,AQ,Abruzzo,,,no-domain
info@sancolombotur.com,Centro Turistico San Colombo,,,,,"Strada Provinciale Km 4,2",,BARISCIANO,AQ,Abruzzo,,,no-domain
info@hotelmontecarlovasto.it,Montecarlo,,,,,Strada Statale 16 256,,VASTO - VASTO MARINA,CH,Abruzzo,,,no-domain
info@ilvignetohotel.it,Il Vigneto,,,,,Strada Statale 649 Direzione Fondovalle Alento,,CHIETI,CH,Abruzzo,,,no-domain
info@hoteldeivestini.com,Hotel dei Vestini,,,,,Via Aldo Caselli 37,,PENNE,PE,Abruzzo,,,no-domain
info@hotelmarebellotortoreto.com,Marebello,,,,,Via Aldo Moro 76,,TORTORETO - TORTORETO LIDO,TE,Abruzzo,,,no-domain
info@hotel-miramare.info,Hotel Miramare,,,,,Via Amerigo Vespucci 1,,SAN VITO CHIETINO - SAN VITO MARINA,CH,Abruzzo,,,no-domain
info@hotellusi.it,Lusi,,,,,Via Aremogna,,ROCCARASO,AQ,Abruzzo,,,no-domain
info@rifugioroccaraso.it,Rifugio Principessa Giovanna,,,,,Via Aremogna snc,,ROCCARASO - AREMOGNA,AQ,Abruzzo,,,no-domain
gaa@albergoabruzzo.com,Grande Albergo Abruzzo,,,,,Via Asinio Herio 20,,CHIETI,CH,Abruzzo,,,no-domain
info@icolorialbergodiffuso.it,I Colori,,,,,Via Belvedere 12,,LANCIANO,CH,Abruzzo,,,no-domain
info@hotelastorsilvi.it,Astor,,,,,Via Benedetto Croce 27,,SILVI - SILVI MARINA,TE,Abruzzo,,,no-domain
info@hotel99cannelle.com,Hotel Novantanove Cannelle,,,,,Via Borgo Riviera 21/23,,L'AQUILA,AQ,Abruzzo,,,no-domain
info@nettunohotel.org,Hotel Nettuno,,,,,Via Cavour 156,,ROSETO DEGLI ABRUZZI,TE,Abruzzo,,,no-domain
info@villaalessandra.it,Villa Alessandra,,,,,Via Circonterranea 51,,ALANNO,PE,Abruzzo,,,no-domain
info@hotelovidius.it,Santacroce Hotel Ovidius,,,,,Via Circonvallazione occidentale 177,,SULMONA,AQ,Abruzzo,,,no-domain
info@loscoiattolohotel.com,Lo Scoiattolo,,,,,Via Collacchi 3,,PESCASSEROLI,AQ,Abruzzo,,,no-domain
info@ecoalbergomodusvivendi.it,Modus Vivendi,,,,,Via Colle della Selva 5,,ABBATEGGIO,PE,Abruzzo,,,no-domain
reception@htlgiada.it,Giada,,,,,Via Cristoforo Colombo 84,,SILVI - SILVI MARINA,TE,Abruzzo,,,no-domain
info@hotelpiccolaselva.com,Piccola Selva,,,,,Via Dante Alighieri 8,,OVINDOLI,AQ,Abruzzo,,,no-domain
info@hotelsporting.teramo.it,Sporting,,,,,Via De Gasperi 41,,TERAMO,TE,Abruzzo,,,no-domain
info@castellochiolahotel.com,Castello Chiola,,,,,Via degli Equino 12,,LORETO APRUTINO,PE,Abruzzo,,,no-domain
info@albergolaposta.net,Osteria della Posta,,,,,Via della Palombaia 1,,POGGIO PICENZE,AQ,Abruzzo,,,no-domain
info@nacalua.com,Villa Nacalua,,,,,Via dell'Autostrada 5,,CITTA' SANT'ANGELO,PE,Abruzzo,,,no-domain
info@hotelristorantelagoverde.it,Lago Verde,,,,,Via delle Terme 13,,SANT'OMERO,TE,Abruzzo,,,no-domain
info@hotel-duomo.it,Duomo,,,,,Via Dragonetti 10,,L'AQUILA,AQ,Abruzzo,,,no-domain
info@hotelsanpaolosilvimarina.it,Hotel San Paolo,,,,,Via Ernesto Romani 14,,SILVI - SILVI MARINA,TE,Abruzzo,,,no-domain
info@albergo-paradiso.it,Paradiso,,,,,Via Fonte Fracassi 4,,PESCASSEROLI,AQ,Abruzzo,,,no-domain
impero@cyberiasnc.com,Impero,,,,,Via Fonticella 40,,RIVISONDOLI,AQ,Abruzzo,,,no-domain
info@hotelesorgenti.it,Hotel Le Sorgenti,,,,,Via G. Galilei snc,,POPOLI,PE,Abruzzo,,,no-domain
info@hotelolimpiasilvi.it,Hotel Olimpia,,,,,Via Giovanni Pascoli 18,,SILVI - SILVI MARINA,TE,Abruzzo,,,no-domain
info@hotelsabrina.net,Sabrina,,,,,Via Grecale - Contrada San Tommaso 229,,VASTO - VASTO MARINA,CH,Abruzzo,,,no-domain
info@caravelpineto.com,Caravel,,,,,Via Jugoslavia 15,,PINETO,TE,Abruzzo,,,no-domain
info@hotelantagos.com,Antagos,,,,,Via Lago Trasimeno 8,,MONTESILVANO,PE,Abruzzo,,,no-domain
info@hotelparisse.com,Hotel Parisse,,,,,Via Liguria 2,,PINETO,TE,Abruzzo,,,no-domain
info@hotelalba.pescara.it,Alba,,,,,Via M. Forti 14,,PESCARA,PE,Abruzzo,,,no-domain
info@hasr.it,Albergo Stella Ristorante,,,,,Via Mazara 18,,SULMONA,AQ,Abruzzo,,,no-domain
info@hotelmontinope.it,Montinope,,,,,Via Montinope 1,,SPOLTORE,PE,Abruzzo,,,no-domain
info@greenvillage.abruzzo.it,Green Village,,,,,Via Montupoli 143,,MIGLIANICO,CH,Abruzzo,,,no-domain
info@villagobbi.it,Villa Gobbi,,,,,Via Nazionale 323,,CASTELLALTO - CASTELNUOVO VOMANO,TE,Abruzzo,,,no-domain
informazioni@millepiniscanno.it,Mille Pini,,,,,Via Pescara 2,,SCANNO,AQ,Abruzzo,,,no-domain
bed_business@organizzazionedangelo.it,Bed & Business,,,,,Via Po,,SAN GIOVANNI TEATINO,CH,Abruzzo,,,no-domain
info@albergoideal.com,Ideal,,,,,Via Rampa Fiume 15,,SILVI - SILVI MARINA,TE,Abruzzo,,,no-domain
informazioni@albergocorradetti.it,Corradetti,,,,,Via Riviera 1,,CASTEL DI SANGRO,AQ,Abruzzo,,,no-domain
lapieja@marsitur.it,La Pieja,,,,,Via Salita la Croce 1,,OPI,AQ,Abruzzo,,,no-domain
info@hotelleuco.it,Leucò,,,,,Via Silone 56,,MARTINSICURO - VILLA ROSA,TE,Abruzzo,,,no-domain
info@hotelcentralelaquila.it,Hotel Centrale,,,,,Via Simonetto 5/A,,L'AQUILA,AQ,Abruzzo,,,no-domain
info@hotelatlante.it,Hotel Atlante,,,,,Via Veneto 39,,ALBA ADRIATICA,TE,Abruzzo,,,no-domain
info@hotelbocconcino.it,Bocconcino,,,,,Via Vittorio Veneto 25,,TAGLIACOZZO,AQ,Abruzzo,,,no-domain
info@hotelclubscanno.it,Garden,,,,,Viale del Lago 79,,SCANNO,AQ,Abruzzo,,,no-domain
info@hoteliacobucci.it,Iacobucci,,,,,Viale della Libertà 7,,CARAMANICO TERME,PE,Abruzzo,,,no-domain
info@hotelpetitefleur.com,Petite Fleur,,,,,Viale dello Sport 5/C,,ROCCARASO,AQ,Abruzzo,,,no-domain
info@albergoristoranteplistia.it,Plistia,,,,,Viale Principe di Napoli 28,,PESCASSEROLI,AQ,Abruzzo,,,no-domain
info@hoteldinas.it,Dina's,,,,,Viale Regina Elena 119,,RIVISONDOLI,AQ,Abruzzo,,,no-domain
info@la-quiete.com,La Quiete,,,,,Contrada Fallacca,,TRECCHINA,PZ,Basilicata,,,no-domain
mail@hotelvilladelledellemeraviglie.it,Villa delle Meraviglie,,,,,Contrada Ogliastro,,MARATEA - FIUMICELLO SANTA VENERE,PZ,Basilicata,,,no-domain
info@hotelveteris.it,Veteris,,,,,Contrada Tusciano 15,,VIETRI DI POTENZA,PZ,Basilicata,,,no-domain
info@albergosangiuliano.it,San Giuliano,,,,,Piazza Cartoscelli 7,,ACCETTURA,MT,Basilicata,,,no-domain
info@hotelcavalieregr.it,Cavaliere Gran Relais,,,,,Strada Statale 92,,PIGNOLA - RIFREDDO,PZ,Basilicata,,,no-domain
info@grandhotelgarden.it,Grand Hotel Garden,,,,,Strada Statale 93 Km 75-Località Giardino,,BARILE,PZ,Basilicata,,,no-domain
info@residenzamanicone.it,Residenza Manicone,,,,,"Strada Statale 99 Km 14,690-Località Rondinelle",,MATERA,MT,Basilicata,,,no-domain
hotelguiscardo@mail.trinut.it,Il Guiscardo,,,,,Via Accademia dei Rinascimenti 106,,VENOSA,PZ,Basilicata,,,no-domain
info@hotelricciardi.it,Ricciardi,,,,,Via Calvario 27,,CHIAROMONTE,PZ,Basilicata,,,no-domain
booking@lalocandadelledonnemonache.it,La Locanda delle Donne Monache,,,,,Via Carlo Mazzei 4,,MARATEA,PZ,Basilicata,,,no-domain
isola@mignon.191.it,Isola di Lauria,,,,,Via Insorti d'Ungheria 6,,LAURIA,PZ,Basilicata,,,no-domain
info@hotelvittoriapz.it,Vittoria,,,,,Via Pertini 11,,POTENZA,PZ,Basilicata,,,no-domain
miceneo@miceneopalace.it,Miceneo Palace,,,,,Via Provinciale,,SCANZANO JONICO,MT,Basilicata,,,no-domain
info@hotel-arcobaleno.com,Arcobaleno,,,,,Via Ruota 9,,BRINDISI MONTAGNA,PZ,Basilicata,,,no-domain
info@alboschettohotel.it,Al Boschetto,,,,,Via San Giovanni 4,,VIGGIANELLO,PZ,Basilicata,,,no-domain
info@lacasadilucio.com,La Casa di Lucio,,,,,Via San Pietro Caveoso 66,,MATERA,MT,Basilicata,,,no-domain
info@pollinopanoramahotel.it,Panorama,,,,,Via San Vincenzo,,SAN SEVERINO LUCANO,PZ,Basilicata,,,no-domain
info@htsangiorgio.it,San Giorgio,,,,,Via Tripoli 2,,SAN GIORGIO LUCANO,MT,Basilicata,,,no-domain
info@hotel-turismo.it,Turismo,,,,,Viale delle Ninfee 5,,BERNALDA - METAPONTO LIDO,MT,Basilicata,,,no-domain
info@hrkennedy.it,Kennedy,,,,,Viale Jonio 1,,BERNALDA - METAPONTO LIDO,MT,Basilicata,,,no-domain
info@sybarismotel.com,Sybaris Hotel,,,,,Contrada Bruscate Piccola S.S. 106,,CASSANO ALLO IONIO - SIBARI,CS,Calabria,,,no-domain
info@ilpartenone.it,Il Partenone Resort Hotel,,,,,Contrada Guardia,,RIACE,RC,Calabria,,,no-domain
info@hotelastj.it,Astj,,,,,Corso Calabria 103,,CASTROVILLARI,CS,Calabria,,,no-domain
info@lalocandadaffina.it,Palazzo Stagno d'Alcontres,,,,,Corso Umberto,,VIBO VALENTIA,VV,Calabria,,,no-domain
info@baiaparaelios.com,Baia Paraelios,,,,,Località Fornaci,,PARGHELIA,VV,Calabria,,,no-domain
hoteldellago@presila.it,Del Lago,,,,,Località Lago Ampollono,,COTRONEI - TREPIDO',KR,Calabria,,,no-domain
info@portopirgos.com,Porto Pirgos,,,,,Località Marina di Bordila,,PARGHELIA,VV,Calabria,,,no-domain
info@hotelashley.it,Ashley Hotel,,,,,Località Marinella,,LAMEZIA TERME,CZ,Calabria,,,no-domain
info@borgodiriaci.com,Borgo di Riaci,,,,,Località Riaci,,RICADI,VV,Calabria,,,no-domain
info@ilborghettosibari.it,Il Borghetto Hotel & Residence,,,,,Località Salicetta snc-Marina di Sibari,,CASSANO ALLO IONIO - SIBARI,CS,Calabria,,,no-domain
info@laprayavillage.com,La Praya Village,,,,,Località San Giorgello,,PIZZO,VV,Calabria,,,no-domain
info@torremarino.net,Villaggio Torre Marino,,,,,Località Torre Marino,,RICADI,VV,Calabria,,,no-domain
info@villacerelis.it,Villa Cerelis,,,,,Località Tredoliche,,DIAMANTE - CIRELLA,CS,Calabria,,,no-domain
info@plazahotelrc.it,Plaza Hotel Comfort,,,,,Piazza Stazione,,VILLA SAN GIOVANNI,RC,Calabria,,,no-domain
info@parkhotelgianfranco.it,Park Hotel Gianfranco,,,,,S.S. Jonica 106-Contrada Lacchi,,ROCCELLA IONICA,RC,Calabria,,,no-domain
info@perlamajestic.it,Perla Majestic,,,,,"Strada Statale 18 Km 278,300",,BELVEDERE MARITTIMO - QUATTROMANI,CS,Calabria,,,no-domain
info@grandhotelaspromonte.it,Aspromonte 2001,,,,,Via Carmelia 5,,DELIANUOVA,RC,Calabria,,,no-domain
info@niagarahotel-cz.it,Hotel Niagara,,,,,Via Crotone 170,,CATANZARO - CATANZARO LIDO,CZ,Calabria,,,no-domain
info@airone-hotel.it,L'Airone,,,,,Via dei Mandorli 77,,DIAMANTE,CS,Calabria,,,no-domain
info@galatroterme.com,Karadros Termae Hotel,,,,,Via delle Terme 1,,GALATRO,RC,Calabria,,,no-domain
info@hotelnettuno-calabria.it,Nettuno,,,,,Via Lungomare Cristoforo Colombo 45,,CARIATI - CARIATI MARINA,CS,Calabria,,,no-domain
info@hotelcasalnuovo.com,Casalnuovo,,,,,Via Merano 103,,CITTANOVA,RC,Calabria,,,no-domain
info@regentkalamorganahotel.it,Regent,,,,,Via Mercato 9,,REGGIO CALABRIA - CATONA,RC,Calabria,,,no-domain
carmengio@jumpy.it,La Campagnola,,,,,Via per Cannella-Località Mazzota,,ISOLA DI CAPO RIZZUTO,KR,Calabria,,,no-domain
info@lidodegliscogli.it,Lido degli Scogli,,,,,Via per Capocolonna 2,,CROTONE,KR,Calabria,,,no-domain
vabbelmonte@vabbelmonte.it,Villaggio Albergo Belmonte,,,,,Via Piane,,BELMONTE CALABRO,CS,Calabria,,,no-domain
cittadelsole@medianet1.it,Città del Sole,,,,,Via Roma 8,,STILO,RC,Calabria,,,no-domain
info@palazzosantanna.it,Palazzo Sant'Anna,,,,,Via Sant'Anna 1,,GERACE,RC,Calabria,,,no-domain
s.orsola@it.2000net.it,Sant'Orsola,,,,,Via Trento e Trieste,,PALMI,RC,Calabria,,,no-domain
info@hotelenotria.it,Enotria,,,,,Viale Calabria 20,,AMENDOLARA,CS,Calabria,,,no-domain
info@grillohotel.com,Grillo Hotel,,,,,Viale Lagaria S.S. 106,,AMENDOLARA,CS,Calabria,,,no-domain
info@costatiziana.it,Costa Tiziana Hotel,,,,,Viale Magna Grecia 40-Costa Tiziana,,CROTONE,KR,Calabria,,,no-domain
info@hotel-virgilio.com,Virgilio,,,,,Viale Tondo 21,,TROPEA,VV,Calabria,,,no-domain
info@hotellungomare.rc.it,Lungomare,,,,,Viale Zerbi 13/B,,REGGIO CALABRIA,RC,Calabria,,,no-domain
thotellamezia@thotelgroup.it,thotel lamezia,,,,,,,Feroleto Antico,CZ,Calabria,,,no-domain
info@parkhoteleuropa.com,Europa,,,,,Contrada Campo Ceraso,,VENTICANO,AV,Campania,,,no-domain
info@abbaziaparkhotel.it,Abbazia,,,,,Contrada Castelluccio,,FRIGENTO,AV,Campania,,,no-domain
info@ilcervillo.it,Il Cervillo,,,,,Contrada Cervillo,,GUARDIA SANFRAMONDI,BN,Campania,,,no-domain
info@valtuscano.it,Valtuscano,,,,,Contrada Gautelle,,LACEDONIA,AV,Campania,,,no-domain
info@hotelfontainebleu.it,Fontaine Bleu,,,,,Contrada Iannassi,,SAN NICOLA MANFREDI,BN,Campania,,,no-domain
info@hotelarcodimagliano.it,Arco di Magliano,,,,,Contrada Magliana 1,,MONTORO SUPERIORE,AV,Campania,,,no-domain
info@hotelvillaranieri.com,Villa Ranieri,,,,,Corso Amedeo di Savoia 29,,NAPOLI,NA,Campania,,,no-domain
info@ilgabbianohotel.it,Il Gabbiano,,,,,Corso Carlo Pisacane 160,,CENTOLA - PALINURO,SA,Campania,,,no-domain
nuovorebecchino@napleshotels.na.it,Nuovo Rebecchino,,,,,Corso Garibaldi 356,,NAPOLI,NA,Campania,,,no-domain
info@hotelcapri-sorrento.it,Capri,,,,,Corso Italia 212,,SORRENTO,NA,Campania,,,no-domain
info@hotel-victoria.it,Victoria Maiorino,,,,,Corso Mazzini 4,,CAVA DE' TIRRENI,SA,Campania,,,no-domain
info@hotelbristolminori.it,Bristol Minori,,,,,Corso Vittorio Emanuele 70,,MINORI,SA,Campania,,,no-domain
info@villasantateresa.com,Albergo Villa Santa Teresa,,,,,Corso Vittorio Emanuele 88,,TORRE DEL GRECO,NA,Campania,,,no-domain
info@hotelcostarama.it,Costa Rama,,,,,Località Costa Rama,,CAUTANO,BN,Campania,,,no-domain
info@relaislemagnolie.it,Relais le Magnolie,,,,,Località Isola,,CASAL VELINO - MARINA DI CASAL VELINO,SA,Campania,,,no-domain
info@hotellacertosa.com,La Certosa,,,,,Località Marina del Cantone,,MASSA LUBRENSE,NA,Campania,,,no-domain
info@sentacruz.it,Residence Park Senta Cruz König Hotel,,,,,Località Pezzagrande,,EBOLI,SA,Campania,,,no-domain
info@abc-travel.it,Conca Azzurra,,,,,Località Villazzano,,MASSA LUBRENSE,NA,Campania,,,no-domain
info@hotel-fontana.it,Fontana,,,,,Piazza Duomo 7,,AMALFI,SA,Campania,,,no-domain
info@grandhotelsantangelo.it,Sant'Angelo,,,,,Piazza Garibaldi 60/63,,NAPOLI,NA,Campania,,,no-domain
info@hotelbristolpompei.com,Bristol,,,,,Piazza Vittorio Veneto 1/3,,POMPEI,NA,Campania,,,no-domain
info@hotelristorantehermanos.it,Hermanos,,,,,"Strada Statale 18 Km 90,300-Località Ponte Barizzo",,CAPACCIO - PAESTUM,SA,Campania,,,no-domain
info@beiparkhotel.it,Bei Park Hotel,,,,,Strada Statale Appia 7 Km 255,,BENEVENTO,BN,Campania,,,no-domain
info@alberghitaliaonline.it.com,Hermitage Capua Hotel,,,,,Strada Statale Appia Km 195,,VITULAZIO,CE,Campania,,,no-domain
kristall.ph@tiscali.net.it,Kristall Palace Hotel,,,,,Svincolo Autostradale,,ATENA LUCANA,SA,Campania,,,no-domain
info@hotelleonessa.it,Albergo Del Pino,,,,,Via Aldo Moro snc,,CERCOLA,NA,Campania,,,no-domain
info@hotelmalaga.it,Malaga,,,,,Via Appia 93,,ATRIPALDA,AV,Campania,,,no-domain
info@stelladelsannio.it,Palace Hotel Stella del Sannio,,,,,Via Appia Km 237,,PAOLISI,BN,Campania,,,no-domain
info@hotelgelbison.it,Gelbison,,,,,Via Barri 2,,NOVI VELIA,SA,Campania,,,no-domain
info@cristinaparkhotel.it,Cristina Park Hotel,,,,,Via Benevento 104,,MONTESARCHIO,BN,Campania,,,no-domain
info@albergobolivar.it,Bolivar,,,,,Via Bolivar 52,,CAMEROTA - MARINA DI CAMEROTA,SA,Campania,,,no-domain
info@hotelguiren2.it,Guiren,,,,,Via Bologna 114,,NAPOLI,NA,Campania,,,no-domain
info@hotel-cavour.com,Cavour,,,,,Via Capo 35,,SORRENTO,NA,Campania,,,no-domain
info@hotelexcelsior.info,Excelsior,,,,,Via Carducci 1,,CAPACCIO - PAESTUM,SA,Campania,,,no-domain
info@hotelcoralba.it,Coralba,,,,,Via Castanito 5,,CASAMICCIOLA TERME,NA,Campania,,,no-domain
info@ischiaresidence.it,Sant'Angelo,,,,,Via Cava Grado,,SERRARA FONTANA - SANT'ANGELO,NA,Campania,,,no-domain
info@hotelpalacenapoli.it,Palace,,,,,Via Cesare Rosaroll 13-15,,NAPOLI,NA,Campania,,,no-domain
info@hotelcapuccino.it,Cappuccino,,,,,Via Cioppolo 74,,CAPRIGLIA IRPINA,AV,Campania,,,no-domain
info@hotelcarltonsorrento.com,Carlton International,,,,,Via Correale 15,,SORRENTO,NA,Campania,,,no-domain
info@glidei.com,Degli Dei,,,,,Via Coste di Agnano 21,,POZZUOLI,NA,Campania,,,no-domain
riviera@cilentohouse.it,Riviera,,,,,Via Cristoforo Colombo 56,,PISCIOTTA - MARINA,SA,Campania,,,no-domain
info@sicahotel.it,Sica Hotel,,,,,Via Cuomo 34,,MONTECORVINO ROVELLA,SA,Campania,,,no-domain
info@hotelparkcristina.com,Park Hotel,,,,,Via dei Ciclamini,,SESSA AURUNCA - BAIA DOMIZIA,CE,Campania,,,no-domain
info@medeahotel.it,Medea,,,,,Via dei Navigatori,,PONTECAGNANO FAIANO - PICCIOLA,SA,Campania,,,no-domain
info@hotelresidencesolone.it,Solone,,,,,Via Dionisio,,ASCEA,SA,Campania,,,no-domain
info@vassalloparkhotel.com,Vassallo Park Hotel,,,,,Via Domitiana Km 34.900,,CASTEL VOLTURNO,CE,Campania,,,no-domain
info@hoteldesartistesnaples.it,Des Artistes,,,,,Via Duomo 61,,NAPOLI,NA,Campania,,,no-domain
info@lidoficocella.com,Lido Ficocella,,,,,Via Ficocella,,CENTOLA - PALINURO,SA,Campania,,,no-domain
info@gardenriviera.it,Garden Riviera Hotel,,,,,Via Fontana Nova 15,,CASTELLABATE - SANTA MARIA,SA,Campania,,,no-domain
info@bristolischia.it,Bristol,,,,,Via Fundera 46,,LACCO AMENO,NA,Campania,,,no-domain
info@solealitur.it,Sole Alitur,,,,,Via Gaetano Capone 7/9,,MAIORI,SA,Campania,,,no-domain
info@tiberiopalacehotel.com,Tiberio Palace Hotel&Conference Hotel,,,,,Via Galileo Ferraris 159,,NAPOLI,NA,Campania,,,no-domain
info@hotelparadiseischia.it,Paradise,,,,,Via Grande Sentinella 32,,CASAMICCIOLA TERME,NA,Campania,,,no-domain
info@ricciparkhotel.it,Ricci Park Hotel,,,,,Via Italia 90,,SAN GIORGIO DEL SANNIO,BN,Campania,,,no-domain
hotelamitrano@kservicenet.com,Amitrano,,,,,Via Lepanto 95,,POMPEI,NA,Campania,,,no-domain
info@hoteltitino.it,Green Park Hotel Titino,,,,,Via Loreto 9-Petruro,,MERCOGLIANO,AV,Campania,,,no-domain
info@domusflegrea.com,Domus Flegrea,,,,,Via Madonna del Pantano 99,,GIUGLIANO IN CAMPANIA,NA,Campania,,,no-domain
info@pamaranhotel.it,Pamaran,,,,,Via Madonna Della Stella 7,,NOLA,NA,Campania,,,no-domain
info@hotelletiziaischia.it,Letizia,,,,,Via Mazzella 89,,ISCHIA,NA,Campania,,,no-domain
info@hotelsanmichelepaestum.it,San Michele,,,,,Via Molino di Mare 29,,CAPACCIO - PAESTUM,SA,Campania,,,no-domain
info@parcoedera.it,Terme Parco Edera,,,,,Via Morgioni 26,,ISCHIA,NA,Campania,,,no-domain
info@hriincontro.it,Incontro,,,,,Via Nazionale - Contrada Foresta,,ARIANO IRPINO,AV,Campania,,,no-domain
info@hotelresidencebellevue.it,Bellevue,,,,,Via Nazionale 163,,AMALFI,SA,Campania,,,no-domain
info@hotelsettebello.com,Settebello,,,,,Via Nazionale 39,,MINORI,SA,Campania,,,no-domain
termecappetta@qsdsrl.it,Terme Cappetta,,,,,Via Nazionale 91 Km 102-Località Bagni,,CONTURSI TERME,SA,Campania,,,no-domain
info@hotelrea.it,Rea,,,,,Via Nazionale delle Puglie 62,,CASALNUOVO DI NAPOLI,NA,Campania,,,no-domain
info@hotelcarloterzo.it,Carlo III,,,,,Via Nuova del Campo 63/A,,NAPOLI,NA,Campania,,,no-domain
info@hotelfiola.it,Fiola,,,,,Via Ombrasco 17,,CASAMICCIOLA TERME,NA,Campania,,,no-domain
info@hdv.av.it,De la Ville,,,,,Via Palatucci 20,,AVELLINO,AV,Campania,,,no-domain
info@miramontemare.it,Miramonte e Mare,,,,,Via Paradisiello 5,,CASAMICCIOLA TERME,NA,Campania,,,no-domain
info@hotelpinetacastello.it,Pineta Castello,,,,,Via Pineta La Serra 45,,CAVA DE' TIRRENI - ANNUNZIATA,SA,Campania,,,no-domain
info@villadepertis.it,Villa De Pertis,,,,,Via Ponti 30-Località San Giorgio,,DRAGONI,CE,Campania,,,no-domain
info@ilgranaiodeicalabella.com,Il Granaio dei Casabella,,,,,Via Porta Marina 86,,CAPACCIO - PAESTUM,SA,Campania,,,no-domain
info@relaisposillipo.it,Relais Posillipo,,,,,Via Posillipo 69/1,,NAPOLI,NA,Campania,,,no-domain
info@hotel-santangelo.biz,Sant'Angelo,,,,,Via Resicco,,PIMONTE,NA,Campania,,,no-domain
info@eurohotelirene.it,Eurohotel Irene,,,,,Via S.S. per Agerola 206,,GRAGNANO,NA,Campania,,,no-domain
info@hotelsantacaterian.it,Santa Caterina,,,,,Via Salvatore Quasimodo 46,,AMALFI,SA,Campania,,,no-domain
info@montespina.it,Montespina Park Hotel,,,,,Via San Gennaro 2,,NAPOLI,NA,Campania,,,no-domain
info@hotellulivo.com,L'Ulivo,,,,,Via Santa Caterina,,MIRABELLA ECLANO,AV,Campania,,,no-domain
info@hotelcapys.it,Hotel Capys,,,,,Via Santa Maria la Fossa 24,,CAPUA,CE,Campania,,,no-domain
info@hotelgrisone.it,Grand Hotel Grisone,,,,,Via Serroncelli,,BAGNOLI IRPINO - LACENO,AV,Campania,,,no-domain
info@hotelsolfatara.it,Solfatara,,,,,Via Solfatara 163,,POZZUOLI,NA,Campania,,,no-domain
hotelserino@nhotelserino.it,Serino,,,,,Via Terminio 119,,SERINO,AV,Campania,,,no-domain
info@hotelzaro.it,Zaro,,,,,Via Tommaso Cigliano 85,,FORIO,NA,Campania,,,no-domain
info@hoteljoyfull.com,Hotel Joyfull,,,,,Via Traccia a Poggioreale 663,,NAPOLI,NA,Campania,,,no-domain
info@hotel-lacollinetta.it,La Collinetta,,,,,Via Triflisco 6,,BELLONA - TRIFLISCO,CE,Campania,,,no-domain
info@hotellaforesta.com,La Foresta,,,,,Via Turci 12,,MONTORO INFERIORE,AV,Campania,,,no-domain
info@labaitadelre.it,La Baita del Re,,,,,Via Valle delle Delizie,,OTTAVIANO,NA,Campania,,,no-domain
depalma@hotelholding.it,Holding,,,,,Via Vignale di Iorio 69,,PESCO SANNITA,BN,Campania,,,no-domain
info@hotelnuovaserenella.it,Serenella,,,,,Viale Carlo III,,SAN NICOLA LA STRADA,CE,Campania,,,no-domain
info@laformicahotel.it,La Formica,,,,,Viale dei Sanniti,,MORCONE,BN,Campania,,,no-domain
info@fontanableu.it,Acacie,,,,,Viale delle Acacie-Località Riviera Fontane Bleu,,CASTEL VOLTURNO,CE,Campania,,,no-domain
info@hoteldomitiana.it,Domitiana,,,,,Viale Kennedy 143,,NAPOLI,NA,Campania,,,no-domain
quadrifoglio@alberghitaliaonline.it,Hotel Quadrifoglio,,,,,Viale Kennedy 8,,CASTELLO DI CISTERNA,NA,Campania,,,no-domain
direzione@lapagliarella.com,La Pagliarella,,,,,Viale Minieri 219,,TELESE TERME,BN,Campania,,,no-domain
commerciale@albergodonofrio.it,D'Onofrio,,,,,Viale Minieri 32,,TELESE TERME,BN,Campania,,,no-domain
info@charminginternational.it,Charming International,,,,,Viale Umberto Maddalena 35/37,,NAPOLI,NA,Campania,,,no-domain
info@dellenazionihotel.com,Delle Nazioni,,,,,Vico Ferrovia 6,,NAPOLI,NA,Campania,,,no-domain
direzione@hoteldellacitta.it,Della Città et de la Ville,,,,,Corso della Repubblica - Angolo Via Fortis 8,,FORLI',FC,Emilia-Romagna,,,no-domain
info@hotelmasini.com,Masini,,,,,Corso Garibaldi 28,,FORLI',FC,Emilia-Romagna,,,no-domain
reception@hotel-sanrocco.it,San Rocco,,,,,Corso Umberto I 39,,SESTOLA,MO,Emilia-Romagna,,,no-domain
info@desnations.it,Hotel Des Nations,,,,,Lungomare della Costituzione 2,,RICCIONE,RN,Emilia-Romagna,,,no-domain
info@hotelstrandgambrinus.it,Gambrinus & Strand,,,,,Lungomare Grazia Deledda 104,,CERVIA,RA,Emilia-Romagna,,,no-domain
info@albergozancarini.it,Zancarini,,,,,Piazza Copelli 2,,SALSOMAGGIORE TERME,PR,Emilia-Romagna,,,no-domain
info@grandhotel.cesenatico.fo.it,Grand Hotel,,,,,Piazza Costa 1,,CESENATICO,FC,Emilia-Romagna,,,no-domain
info@panoramahotel.biz,Panorama,,,,,Piazza della Libertà 11,,BERTINORO,FC,Emilia-Romagna,,,no-domain
sartsrl@sart-srl.191.it,Sole,,,,,Piazza Giacomo Matteotti 10,,BUSSETO,PR,Emilia-Romagna,,,no-domain
info@gigiole.it,Gigiolé,,,,,Piazza Giosuè Carducci 5,,BRISIGHELLA,RA,Emilia-Romagna,,,no-domain
info@hstelladitalia.it,Hotel Stella d'Italia,,,,,Piazza Giovanni Pascoli 34,,RIMINI - VISERBA,RN,Emilia-Romagna,,,no-domain
info@hoteldelavillesalsomaggiore.it,De la Ville,,,,,Piazza Giuseppe Garibaldi 1,,SALSOMAGGIORE TERME,PR,Emilia-Romagna,,,no-domain
info@hotelmisa.it,Misa,,,,,Piazza Martiri Fosse Ardeatine 1,,MARZABOTTO,BO,Emilia-Romagna,,,no-domain
info@hiexpresscesena.it,Express By Holiday Inn Cesena,,,,,Piazza Modigliani 104,,CESENA - PIEVESESTINA,FC,Emilia-Romagna,,,no-domain
informazioni@albergohelvetia.it,Helvetia,,,,,Piazza Vittorio Veneto 11,,PORRETTA TERME,BO,Emilia-Romagna,,,no-domain
info@hoteldelavilleferrara.it,Hotel de la Ville,,,,,Piazzale Stazione 11,,FERRARA,FE,Emilia-Romagna,,,no-domain
info@hotelvillagiarona.it,Villa Giarona,,,,,Strada Ponteriglio 27,,PONTENURE,PC,Emilia-Romagna,,,no-domain
info@sporthotelcervarezza.it,Sport Hotel Cervarezza Terme,,,,,Strada Statale 63 40,,BUSANA - CERVAREZZA,RE,Emilia-Romagna,,,no-domain
hotelmajorca@hotelmajorca.191.it,Majorca,,,,,Strada Statale Romea 69/71,,COMACCHIO - SAN GIUSEPPE,FE,Emilia-Romagna,,,no-domain
info@parkhotelpiacenza.com,Park Hotel,,,,,Strada Val Nure 7,,PIACENZA,PC,Emilia-Romagna,,,no-domain
contatti@scudodifrancia.com,Scudo di Francia,,,,,Stradone del Vescovado 5,,REGGIO EMILIA,RE,Emilia-Romagna,,,no-domain
info@hotelilpescatore.com,Il Pescatore,,,,,Via Agordat 8,,BELLARIA IGEA MARINA,RN,Emilia-Romagna,,,no-domain
info@hoteloberdan.it,Oberdan,,,,,Via Alberello 32,,MISANO ADRIATICO,RN,Emilia-Romagna,,,no-domain
info@piccolo-hotel.net,Piccolo Hotel,,,,,Via Aldo Moro 9/A,,VERGHERETO - ALFERO,FC,Emilia-Romagna,,,no-domain
info@sanfranciscohotel.it,San Francisco,,,,,Via Amendola 14,,LUGO,RA,Emilia-Romagna,,,no-domain
info@h-mondial.it,Mondial,,,,,Via Andronico 3,,BELLARIA IGEA MARINA,RN,Emilia-Romagna,,,no-domain
infosayonara@casadeihotels.it,Sayonara,,,,,Via Anello del Pino 9,,CERVIA - MILANO MARITTIMA,RA,Emilia-Romagna,,,no-domain
info@gobbihotels.itt,Plaza,,,,,Via Antonio Gramsci 19,,GATTEO - GATTEO A MARE,FC,Emilia-Romagna,,,no-domain
info@viennahotel.it,Vienna,,,,,Via Antonio Gramsci 8,,GATTEO - GATTEO A MARE,FC,Emilia-Romagna,,,no-domain
info@hotelmalvina.it,Malvina,,,,,Via Ariosto 9-Località Marina Centro,,RIMINI,RN,Emilia-Romagna,,,no-domain
info@hotelbusignani.it,Busignani,,,,,Via Avisio 15,,RIMINI - RIVABELLA,RN,Emilia-Romagna,,,no-domain
info@hotelgabana.it,Gabana,,,,,Via Bacino del Brasimone 82,,CAMUGNANO - LAGO BRASIMONE,BO,Emilia-Romagna,,,no-domain
info@mocadoro.com,Akross,,,,,Via Baiona 18,,RAVENNA,RA,Emilia-Romagna,,,no-domain
info@hotelkentrimini.it,Kent,,,,,Via Bari 25,,RIMINI - MIRAMARE DI RIMINI,RN,Emilia-Romagna,,,no-domain
info@buenosaireshotel.it,Buenos Aires,,,,,Via Bari 27,,RIMINI - MIRAMARE DI RIMINI,RN,Emilia-Romagna,,,no-domain
info@hotelferrodicavallo.it,Ferro di Cavallo,,,,,Via Bellini 4,,PAVULLO NEL FRIGNANO,MO,Emilia-Romagna,,,no-domain
info@hotelabay.it,Abay,,,,,Via Bertinoro 18,,RIMINI - BELLARIVA,RN,Emilia-Romagna,,,no-domain
barbara@foresteriabismantova.it,Foresteria San Benedetto,,,,,Via Bismantova 36-Località Pietra di Bismantova,,CASTELNOVO NE' MONTI,RE,Emilia-Romagna,,,no-domain
info@hotelgardencristallo.re.it,Garden Cristallo,,,,,Via Borri 5,,BAGNOLO IN PIANO,RE,Emilia-Romagna,,,no-domain
info@santamonicamisano.com,Santamonica,,,,,Via Bramante 5,,MISANO ADRIATICO,RN,Emilia-Romagna,,,no-domain
info@hotelsportrimini.net,Sport,,,,,Via Brescia 3,,RIMINI - MIRAMARE DI RIMINI,RN,Emilia-Romagna,,,no-domain
info@-hotelhalfmoon.com,Half Moon,,,,,Via Brindisi 18-Rivazzurra,,RIMINI,RN,Emilia-Romagna,,,no-domain
info@romeahotel.com,Romea,,,,,Via Brindisi 2-Rivazzurra,,RIMINI,RN,Emilia-Romagna,,,no-domain
info@hotelroma.ra.it,Roma,,,,,Via Candiano 26,,RAVENNA,RA,Emilia-Romagna,,,no-domain
info@hotelambasciatoricastrocaro.com,Ambasciatori,,,,,Via Cantarelli 10,,CASTROCARO TERME E TERRA DEL SOLE,FC,Emilia-Romagna,,,no-domain
info@hsancarlo.it,San Carlo,,,,,Via Capodistria 2-Località Bellaria,,BELLARIA IGEA MARINA,RN,Emilia-Romagna,,,no-domain
info@torrepratesi.it,Torre Pratesi,,,,,Via Cavina 11,,BRISIGHELLA,RA,Emilia-Romagna,,,no-domain
info@hotelaquiladoro.it,Aquila d'Oro,,,,,Via Ceccarini 69,,RICCIONE,RN,Emilia-Romagna,,,no-domain
info@hotelduomocarpi.com,Duomo,,,,,Via Cesare Battisti 25,,CARPI,MO,Emilia-Romagna,,,no-domain
info@concordehotel.net,Concorde,,,,,Via Cherso 6-Località Bellaria,,BELLARIA IGEA MARINA,RN,Emilia-Romagna,,,no-domain
info@hotel-executive.it,Executive Hotel,,,,,Via Circondariale San Francesco 2,,FIORANO MODENESE,MO,Emilia-Romagna,,,no-domain
info@hotelcirene.com,Cirene,,,,,Via Cirene 50-Località Marina Centro,,RIMINI,RN,Emilia-Romagna,,,no-domain
info@hotelanversa.it,Anversa,,,,,Via Coletti 103,,RIMINI - RIVABELLA,RN,Emilia-Romagna,,,no-domain
info@hotelivano.it,Ivano,,,,,Via Coletti 190,,RIMINI - RIVABELLA,RN,Emilia-Romagna,,,no-domain
info@hotelgiorgettipalace.com,Giorgetti Palace,,,,,Via Colombo 39/A-Località Bellaria,,BELLARIA IGEA MARINA,RN,Emilia-Romagna,,,no-domain
info@hotelatrium.it,Atrium,,,,,Via Cormons 50-Località Marina Centro,,RIMINI,RN,Emilia-Romagna,,,no-domain
medesano@ayrihotels.com,Ayri My Hotels,,,,,Via Cornaccina 53/A,,MEDESANO,PR,Emilia-Romagna,,,no-domain
info@hotelariston.org,Ariston,,,,,Via Dante Alighieri 13,,CASTROCARO TERME E TERRA DEL SOLE,FC,Emilia-Romagna,,,no-domain
info@hotelpacesetter.com,Pacesetter,,,,,Via Dati 4,,RIMINI - VISERBA,RN,Emilia-Romagna,,,no-domain
info@hotelsuprem.com,Suprem,,,,,Via Dati 93,,RIMINI - VISERBA,RN,Emilia-Romagna,,,no-domain
info@hotelduetorri.net,Due Torri,,,,,Via degli Usberti 4,,BOLOGNA,BO,Emilia-Romagna,,,no-domain
info@villamaioli.it,Villa Maioli,,,,,Via dei Mille 27,,BELLARIA IGEA MARINA - IGEA MARINA,RN,Emilia-Romagna,,,no-domain
info@hoteltresjolie.it,Tres Jolie,,,,,Via del Prete 51,,CATTOLICA,RN,Emilia-Romagna,,,no-domain
direzione@hotelarlecchino.info,Arlecchino,,,,,Via del Prete 59,,CATTOLICA,RN,Emilia-Romagna,,,no-domain
info@missirini.it,Missirini,,,,,Via Deledda 61,,BERTINORO - FRATTA TERME,FC,Emilia-Romagna,,,no-domain
info@savoiahotel.sh,Savoia,,,,,Via della Repubblica 1,,MISANO ADRIATICO,RN,Emilia-Romagna,,,no-domain
info@sheratonbologna.it,Sheraton Bologna,,,,,Via dell'Aeroporto 34,,BOLOGNA,BO,Emilia-Romagna,,,no-domain
carpi@myhotelsresorts.com,My Hotels Carpi,,,,,Via delle Magliaie 2/4,,CARPI,MO,Emilia-Romagna,,,no-domain
pbassani@hotelbassani.com,Bassani,,,,,Via delle Sorgenti 44,,CASTROCARO TERME E TERRA DEL SOLE,FC,Emilia-Romagna,,,no-domain
info@hotelargentarioravenna.it,Argentario,,,,,Via di Roma 45,,RAVENNA,RA,Emilia-Romagna,,,no-domain
info@hotel-morelli.com,Morelli,,,,,Via Don Minzoni 30,,RUSSI,RA,Emilia-Romagna,,,no-domain
infolem@casadeihotels.com,Lem,,,,,Via Edmondo De Amicis 5,,CERVIA - PINARELLA,RA,Emilia-Romagna,,,no-domain
hpesaresi@paganellihotels.it,Pesaresi,,,,,Via Elios Mauro 13-Località Bellaria,,BELLARIA IGEA MARINA,RN,Emilia-Romagna,,,no-domain
info@hisanlazzaro.it,Holiday Inn Bologna San Lazzaro,,,,,Via Emilia Levante 514,,SAN LAZZARO DI SAVENA - IDICE,BO,Emilia-Romagna,,,no-domain
info@ariston-azzurra.it,Ariston,,,,,Via Enrico Fermi 1,,FIDENZA,PR,Emilia-Romagna,,,no-domain
info@hotelmetropolis.it,Hotel Metropolis,,,,,Via F.lli Cervi 71/b,,REGGIO EMILIA,RE,Emilia-Romagna,,,no-domain
info@majorcahotel.it,Majorca,,,,,Via Facchini 4,,CATTOLICA,RN,Emilia-Romagna,,,no-domain
grandparadais@pasciahotels.com,Grand Paradais,,,,,Via Facchini 5,,CATTOLICA,RN,Emilia-Romagna,,,no-domain
info@hotelappollonia.it,Apollonia,,,,,Via Faenza 12,,RAVENNA - LIDO DI SAVIO,RA,Emilia-Romagna,,,no-domain
info@hotelvillaricheldi.it,Villa Richeldi,,,,,Via Fassi 16,,CARPI,MO,Emilia-Romagna,,,no-domain
info@albergodanubio.it,Danubio,,,,,Via Fedro 12,,BELLARIA IGEA MARINA,RN,Emilia-Romagna,,,no-domain
info@cattolica-hotel-residence.com,Al Dollaro,,,,,Via Fiume 7/A,,CATTOLICA,RN,Emilia-Romagna,,,no-domain
info@kennedy-hotel.it,Kennedy,,,,,Via Fossolo 13,,BOLOGNA,BO,Emilia-Romagna,,,no-domain
info@hotelflamengo.it,Flamengo,,,,,Via Gabriele d'Annunzio 55,,RICCIONE,RN,Emilia-Romagna,,,no-domain
info@sportinghotel.info,Sporting,,,,,Via Gabriele d'Annunzio 98,,RICCIONE,RN,Emilia-Romagna,,,no-domain
info@hotel-edward.com,Edward,,,,,Via Gellio 3,,BELLARIA IGEA MARINA,RN,Emilia-Romagna,,,no-domain
info@dubuto.com,Centrale,,,,,Via Geminiani 16,,SOLAROLO,RA,Emilia-Romagna,,,no-domain
cattolica@hotel-embassy.it,Embassy,,,,,Via Genova 15,,CATTOLICA,RN,Emilia-Romagna,,,no-domain
info@romagna-vacanze.com,Romagna,,,,,Via Genova 19,,CATTOLICA,RN,Emilia-Romagna,,,no-domain
star@soledadhotel.com,Star,,,,,Via Genova 28,,CATTOLICA,RN,Emilia-Romagna,,,no-domain
info@hotelwalter.com,Walter,,,,,Via Giacomo Matteotti 74,,GATTEO - GATTEO A MARE,FC,Emilia-Romagna,,,no-domain
info@lamborghinihotel.it,Tonino Lamborghini Business Hotel,,,,,Via Giardinetto 6,,COLLECCHIO,PR,Emilia-Romagna,,,no-domain
info@hoteldonatello-mo.it,Donatello,,,,,Via Giardini 402,,MODENA,MO,Emilia-Romagna,,,no-domain
info@hotelpineta.info,Pineta,,,,,Via Giardini Nord 33,,PIEVEPELAGO,MO,Emilia-Romagna,,,no-domain
info@motelgreenpark.it,Green Park Motel,,,,,Via Giardini Nord 438,,FORMIGINE - CASINALBO,MO,Emilia-Romagna,,,no-domain
info@hotel-pierre.com,Pierre,,,,,Via Giordano Bruno 19,,RICCIONE,RN,Emilia-Romagna,,,no-domain
info@hotelrosadeldeserto.it,Rosa del Deserto,,,,,Via Giorgini 3,,CASTROCARO TERME E TERRA DEL SOLE,FC,Emilia-Romagna,,,no-domain
london@antonellihotels.it,London,,,,,Via Giosuè Carducci 104,,CATTOLICA,RN,Emilia-Romagna,,,no-domain
info@excelsior-cattolica.com,Excelsior,,,,,Via Giosuè Carducci 50,,CATTOLICA,RN,Emilia-Romagna,,,no-domain
info@napoleonhotel.net,Napoleon,,,,,Via Giosuè Carducci 52,,CATTOLICA,RN,Emilia-Romagna,,,no-domain
info@hotelgardenvigano.it,Garden Viganò,,,,,Via Giuseppe Garibaldi 17,,ALBINEA,RE,Emilia-Romagna,,,no-domain
info@hotelannalisa.com,Annalisa,,,,,Via Goldoni 8,,RICCIONE,RN,Emilia-Romagna,,,no-domain
info@contihotels.it,Corallo,,,,,Via Gramsci 5,,GATTEO - GATTEO A MARE,FC,Emilia-Romagna,,,no-domain
info@tavonehotels.com,Italia,,,,,Via Gramsci 6,,GATTEO - GATTEO A MARE,FC,Emilia-Romagna,,,no-domain
info@hotel-ambasciatori.com,Ambasciatori,,,,,Via Grassi 6-Zona Terme,,CERVIA,RA,Emilia-Romagna,,,no-domain
info@hotel-britannia.it,Britannia,,,,,Via Guglielmo Marconi 84,,CATTOLICA,RN,Emilia-Romagna,,,no-domain
info@hotelsouvenirgeri.com,Souvenir,,,,,Via I Maggio 1,,GATTEO - GATTEO A MARE,FC,Emilia-Romagna,,,no-domain
info@hoteltrionfal.com,Trionfal,,,,,Via III Traversa 29,,CERVIA - MILANO MARITTIMA,RA,Emilia-Romagna,,,no-domain
info@hotelnizza.info,Nizza,,,,,Via Italia 15-Località Bellaria,,BELLARIA IGEA MARINA,RN,Emilia-Romagna,,,no-domain
hotelmiranda@jumpy.it,Miranda,,,,,Via Italia 23-Località Bellaria,,BELLARIA IGEA MARINA,RN,Emilia-Romagna,,,no-domain
info@hotelbuda.it,Buda,,,,,Via Italico 5,,BELLARIA IGEA MARINA,RN,Emilia-Romagna,,,no-domain
info@hoteleuropamilanomarittima.com,Europa,,,,,Via IX Traversa 12,,CERVIA - MILANO MARITTIMA,RA,Emilia-Romagna,,,no-domain
info@continetalsanremo.com,Continental,,,,,Via IX Traversa 26,,CERVIA - MILANO MARITTIMA,RA,Emilia-Romagna,,,no-domain
info@hotelangelirimini.it,Angeli,,,,,Via Kassala 9-Torre Pedrera,,RIMINI,RN,Emilia-Romagna,,,no-domain
info@zodiacohotel.net,Zodiaco,,,,,Via Lago di Garda 10-Località Torre Pedrera,,RIMINI,RN,Emilia-Romagna,,,no-domain
info@hotelpalmieri.com,Palmieri,,,,,Via Lavino 89,,MONTE SAN PIETRO - CALDERINO,BO,Emilia-Romagna,,,no-domain
info@hoteledenbologna.it,Eden,,,,,Via Lenin 25,,BOLOGNA,BO,Emilia-Romagna,,,no-domain
reservations@online.boscolo.com,Tower,,,,,Via Lenin 43,,BOLOGNA,BO,Emilia-Romagna,,,no-domain
info@hotel-villarosa.it,Villa Rosa,,,,,Via Litoranea Sud 4,,MISANO ADRIATICO,RN,Emilia-Romagna,,,no-domain
info@hotelcarolin.it,Carolin,,,,,Via Locatelli 22,,RIMINI - MIRAMARE DI RIMINI,RN,Emilia-Romagna,,,no-domain
info@hotelsidneybellaria.com,Sidney,,,,,Via Lucano 34,,BELLARIA IGEA MARINA - IGEA MARINA,RN,Emilia-Romagna,,,no-domain
info@hotelvenusbellaria.it,Venus,,,,,Via Lucilio 11,,BELLARIA IGEA MARINA,RN,Emilia-Romagna,,,no-domain
info@hotelmutacita.it,Mutacita,,,,,Via Lugano 29,,RIMINI - MIRAMARE DI RIMINI,RN,Emilia-Romagna,,,no-domain
reception@quercino.it,Il Guercino,,,,,Via Luigi Serra 7,,BOLOGNA,BO,Emilia-Romagna,,,no-domain
reservation@lemeridienrimini.it,Le Meridien Rimini,,,,,Via Lungomare Murri 13-Località Marina Centro,,RIMINI,RN,Emilia-Romagna,,,no-domain
info@sangirolamodeigesuati.com,San Girolamo dei Gesuati,,,,,Via Madama 40/A,,FERRARA,FE,Emilia-Romagna,,,no-domain
info@hotelseliceromagna.it,Selice Romagna,,,,,Via Maestri del Lavoro 3,,MASSA LOMBARDA,RA,Emilia-Romagna,,,no-domain
reservation@ipointhotel.it,Ipoint,,,,,Via Maestri del Lavoro 3,,SAN GIOVANNI IN PERSICETO,BO,Emilia-Romagna,,,no-domain
info@hotelelitetivazzurra.com,Elite,,,,,Via Mantova - Angolo Via Sarsina 10-Rivazzurra,,RIMINI,RN,Emilia-Romagna,,,no-domain
augusta@paganellihotels.it,Augusta,,,,,Via Mar Adriatico 57-Località Bellaria,,BELLARIA IGEA MARINA,RN,Emilia-Romagna,,,no-domain
c.congressi@casavecchia.dsnet.it,Ca' Vecchia,,,,,Via Maranina 9,,SASSO MARCONI,BO,Emilia-Romagna,,,no-domain
info@hotelsans-souci.it,Sans Souci,,,,,Via Marebello 10-Marebello,,RIMINI,RN,Emilia-Romagna,,,no-domain
info@hotelpascoli.net,Giovanni Pascoli,,,,,Via Marina 62,,SAN MAURO PASCOLI - SAN MAURO A MARE,FC,Emilia-Romagna,,,no-domain
info@principessaleonora.it,Principessa Leonora,,,,,Via Mascheraio 39,,FERRARA,FE,Emilia-Romagna,,,no-domain
info@nuovoscoiattolo.com,Lo Scoiattolo,,,,,Via Massese 133,,MONCHIO DELLE CORTI - TREFIUMI,PR,Emilia-Romagna,,,no-domain
info@hotelpasqui.com,Pasqui,,,,,Via Mazzini 29,,ROCCA SAN CASCIANO,FC,Emilia-Romagna,,,no-domain
info@hotelwelt.it,Welt,,,,,Via Milano 15,,GATTEO - GATTEO A MARE,FC,Emilia-Romagna,,,no-domain
info@hotelmidi.net,Midi,,,,,Via Milano 26,,GATTEO - GATTEO A MARE,FC,Emilia-Romagna,,,no-domain
reservation@riccione.sixty.com,Sixty,,,,,Via Milano 54,,RICCIONE,RN,Emilia-Romagna,,,no-domain
hotelpiccinelli@jumpy.it,Piccinelli,,,,,Via Misurata 11-Località Marina Centro,,RIMINI,RN,Emilia-Romagna,,,no-domain
international@alberghisorriso.it,International,,,,,Via Modena 19,,CATTOLICA,RN,Emilia-Romagna,,,no-domain
info@myhotelsresorts.com,My Hotel Srl Villa Ducale,,,,,Via Moletolo 53/a,,PARMA,PR,Emilia-Romagna,,,no-domain
locanda-dei-cedri@locanda-dei-cedri.com,Locanda dei Cedri,,,,,Via Mongardino 42,,SASSO MARCONI - MONGARDINO,BO,Emilia-Romagna,,,no-domain
info@ristorantesterlino.it,Sterlino,,,,,Via Murri 71,,BOLOGNA,BO,Emilia-Romagna,,,no-domain
info@primhotel.bo.it,Prim Hotel,,,,,Via Nazionale 33,,MINERBIO - CA' DE' FABBRI,BO,Emilia-Romagna,,,no-domain
hotelmed@medgestionisrl.191.it,Med,,,,,Via Oberdan 1,,MALALBERGO,BO,Emilia-Romagna,,,no-domain
info@ambrahotel.ra.it,Ambra,,,,,Via Ondine 11,,RAVENNA - PUNTA MARINA,RA,Emilia-Romagna,,,no-domain
info@hotelnapoleonsaumauro.com,Napoleon,,,,,Via Orsa Minore 26,,SAN MAURO PASCOLI - SAN MAURO A MARE,FC,Emilia-Romagna,,,no-domain
grandpascia@pasciahotels.com,Gran Pascià,,,,,Via Padova 4,,CATTOLICA,RN,Emilia-Romagna,,,no-domain
info@caravellehotel.it,Caravelle,,,,,Via Padova 6,,CATTOLICA,RN,Emilia-Romagna,,,no-domain
info@orahotelsgroup.it,ora hotels,,,,,Via Paradigna 21/A,,Parma,PR,Emilia-Romagna,,www.orahotelsgroup.it/,no-domain
info@hotelemiliani.ue,Emiliani,,,,,Via Parma 18,,RIMINI - BELLARIVA,RN,Emilia-Romagna,,,no-domain
info@hotelallequerce.it,Le Querce,,,,,Via Parma 85,,SALSOMAGGIORE TERME,PR,Emilia-Romagna,,,no-domain
alexanderspiaggia@hotelalexander.it,Alexander Spiaggia,,,,,Via Pascoli 1,,SAN MAURO PASCOLI - SAN MAURO A MARE,FC,Emilia-Romagna,,,no-domain
prenotazioni@adriahotels.net,Hotel Elisa,,,,,Via Pascoli 127,,RIMINI,RN,Emilia-Romagna,,,no-domain
info@hotelfraipini.com,Fra i Pini,,,,,Via Pedrizzi 13,,RIMINI - VISERBELLA,RN,Emilia-Romagna,,,no-domain
info@hotelnizzarimini.com,Nizza,,,,,Via Pegli 10-Rivazzurra,,RIMINI,RN,Emilia-Romagna,,,no-domain
info@parkhotelzaira.it,Park Hotel Zaira,,,,,Via Pinarella 385,,CERVIA - TAGLIATA,RA,Emilia-Romagna,,,no-domain
info@hotelbelsito.biz,Bel Sito,,,,,Via Pinzon 318,,BELLARIA IGEA MARINA,RN,Emilia-Romagna,,,no-domain
info@casalorenzini.com,Ornella,,,,,Via Plauto 23,,BELLARIA IGEA MARINA,RN,Emilia-Romagna,,,no-domain
info@hotelsimplon.it,Simplon,,,,,Via Po 21-Località Bellaria,,BELLARIA IGEA MARINA,RN,Emilia-Romagna,,,no-domain
info@hotelboom.it,Boom,,,,,Via Podgora 5,,RIMINI - RIVABELLA,RN,Emilia-Romagna,,,no-domain
info@hotelmediterraneomiramare.com,Mediterraneo,,,,,Via Pomezia 8,,RIMINI - MIRAMARE DI RIMINI,RN,Emilia-Romagna,,,no-domain
info@hotel-meridiana.it,La Meridiana,,,,,Via Ponte Albano 142,,SASSO MARCONI,BO,Emilia-Romagna,,,no-domain
info@baffionihotels.com,Brenta,,,,,Via Porto Palos 134,,RIMINI - VISERBELLA,RN,Emilia-Romagna,,,no-domain
info@helvetiahotel.it,Helvetia Parco,,,,,Via Porto Palos 40,,RIMINI - VISERBELLA,RN,Emilia-Romagna,,,no-domain
info@hotelcandida.it,Candida,,,,,Via Principe di Piemonte 43,,RIMINI - MIRAMARE DI RIMINI,RN,Emilia-Romagna,,,no-domain
bertolotti@infomont.it,Sole,,,,,Via Provinciale Sud 24,,TORNOLO - TARSOGNO,PR,Emilia-Romagna,,,no-domain
lerotte@lerotte.191.it,Le Rotte,,,,,Via Provinciale Sud 9,,BAGNOLO IN PIANO,RE,Emilia-Romagna,,,no-domain
info@lorenzihotels.com,Nettuno,,,,,Via Rasi Spinelli 28,,CATTOLICA,RN,Emilia-Romagna,,,no-domain
parkhotel@park-hotel.org,Park Hotel,,,,,Via Ravaglioli 3/7,,CASTROCARO TERME E TERRA DEL SOLE,FC,Emilia-Romagna,,,no-domain
hotel_ancora@jumpy.it,Ancora,,,,,Via Regina Elena 90-Località Marina Centro,,RIMINI,RN,Emilia-Romagna,,,no-domain
info@palazzodiridracoli.it,Il Palazzo,,,,,Via Ridracoli 11,,BAGNO DI ROMAGNA - RIDRACOLI,FC,Emilia-Romagna,,,no-domain
info@hotelfabiana.com,Fabiana,,,,,Via Rinaldi 12-San Giuliano,,RIMINI,RN,Emilia-Romagna,,,no-domain
info@hotelzola.it,Zola,,,,,Via Risorgimento 186,,ZOLA PREDOSA,BO,Emilia-Romagna,,,no-domain
info@hotelanticacorona.com,All'Antica Corona,,,,,Via Roma 38,,CASOLA VALSENIO,RA,Emilia-Romagna,,,no-domain
info@hotelkursaalsalso.it,Kursaal,,,,,Via Romagnosi 1,,SALSOMAGGIORE TERME,PR,Emilia-Romagna,,,no-domain
reception@hotelromea.com,Romea,,,,,Via Romea Sud 1,,RAVENNA,RA,Emilia-Romagna,,,no-domain
info@hoteldelvecchio.it,Del Vecchio,,,,,Via Sabotino 4,,RIMINI - RIVABELLA,RN,Emilia-Romagna,,,no-domain
info@hotel3rose.com,Tre Rose,,,,,Via Salvatore Bartoli 5,,RIMINI - VISERBELLA,RN,Emilia-Romagna,,,no-domain
info@kingrosehotel.it,King Rose Hotel,,,,,Via San Donato 79/2,,GRANAROLO DELL'EMILIA,BO,Emilia-Romagna,,,no-domain
info@hotelmontmatre.it,Montmartre,,,,,Via San Salvador 36-Torre Pedrera,,RIMINI,RN,Emilia-Romagna,,,no-domain
cavalluccio@cavallucciomarino.com,Cavalluccio Marino,,,,,Via San Salvador 79-Torre Pedrera,,RIMINI,RN,Emilia-Romagna,,,no-domain
info@hotelvillalauretta.it,Villa Lauretta,,,,,Via Spalato 8-Località Bellaria,,BELLARIA IGEA MARINA,RN,Emilia-Romagna,,,no-domain
info@hotel-maxim.com,Maxim,,,,,Via Stalingrado 152,,BOLOGNA,BO,Emilia-Romagna,,,no-domain
info@hotelcorsini.com,Corsini,,,,,Via Statale 36,,LIZZANO IN BELVEDERE - ROCCA CORNETA,BO,Emilia-Romagna,,,no-domain
info@hotelricordoduparc.it,Ricordo,,,,,Via Tabiano 39,,SALSOMAGGIORE TERME - TABIANO BAGNI,PR,Emilia-Romagna,,,no-domain
info@hotelmontefumaiolo.it,Monte Fumaiolo,,,,,Via Tevere 26,,VERGHERETO - BALZE,FC,Emilia-Romagna,,,no-domain
v.dina@jumpy.it,Villa Dina,,,,,Via Tonini 49-San Giuliano,,RIMINI,RN,Emilia-Romagna,,,no-domain
granada@contiluciana.191.it,Granada,,,,,Via Torino 6,,CATTOLICA,RN,Emilia-Romagna,,,no-domain
golfhotel@jumpy.it,Golf,,,,,Via Torquato Tasso 175,,RICCIONE,RN,Emilia-Romagna,,,no-domain
mantu@infohotel.it,Costa del Sole,,,,,Via Toscanelli 1/A,,RIMINI - RIVABELLA,RN,Emilia-Romagna,,,no-domain
info@imperialbeach.it,Imperial Beach,,,,,Via Toscanelli 19,,RIMINI - RIVABELLA,RN,Emilia-Romagna,,,no-domain
info@hdiamante.it,Diamante,,,,,Via Trento 47,,CATTOLICA,RN,Emilia-Romagna,,,no-domain
info@hotelariosto.info,Ariosto,,,,,Via Val Sesia 5,,CERVIA - PINARELLA,RA,Emilia-Romagna,,,no-domain
info@hotelprimula.net,Primula,,,,,Via Verghereto 26,,RAVENNA - LIDO DI SAVIO,RA,Emilia-Romagna,,,no-domain
info@hoteldelizia.it,Delizia,,,,,Via VIII Traversa 23,,CERVIA - MILANO MARITTIMA,RA,Emilia-Romagna,,,no-domain
info@hotelericapicnic.it,Erica,,,,,Via VIII Traversa 24,,CERVIA - MILANO MARITTIMA,RA,Emilia-Romagna,,,no-domain
bellavista@bellavistahotels.com,Cenisio,,,,,Via Villani 1-Località Marina Centro,,RIMINI,RN,Emilia-Romagna,,,no-domain
info@hotelcantelli.com,Cantelli,,,,,Via Vincenzi 26,,SAN MAURO PASCOLI - SAN MAURO A MARE,FC,Emilia-Romagna,,,no-domain
info@villaalessi.it,Villa Alessi,,,,,Via Virgilio 80,,BELLARIA IGEA MARINA,RN,Emilia-Romagna,,,no-domain
info@hotelodeon.it,Odeon,,,,,Via Volosca 10-Località Bellaria,,BELLARIA IGEA MARINA,RN,Emilia-Romagna,,,no-domain
info@hotelmontecarlo26.it,Montecarlo,,,,,Via X Traversa 26,,CERVIA - MILANO MARITTIMA,RA,Emilia-Romagna,,,no-domain
info@hotelcaraibi.info,Caraibi,,,,,Via XI Traversa 13,,CERVIA - MILANO MARITTIMA,RA,Emilia-Romagna,,,no-domain
info@hotel-negresco.it,Negresco Beach Spiaggia,,,,,Via XI Traversa 15,,CERVIA - MILANO MARITTIMA,RA,Emilia-Romagna,,,no-domain
info@hliberty.it,Liberty,,,,,Via XIV Traversa 5,,CERVIA - MILANO MARITTIMA,RA,Emilia-Romagna,,,no-domain
info@oasihotel.net,Oasi,,,,,Via XIV Traversa 8,,CERVIA - MILANO MARITTIMA,RA,Emilia-Romagna,,,no-domain
info@albergoapollo.com,Apollo,,,,,Via XVI Traversa 11,,CERVIA - MILANO MARITTIMA,RA,Emilia-Romagna,,,no-domain
infohappy@casadeihotels.com,Happy,,,,,Via XVI Traversa 7,,CERVIA - MILANO MARITTIMA,RA,Emilia-Romagna,,,no-domain
info@olimpichotel.it,Olympic,,,,,Via XVII Traversa 8,,CERVIA - MILANO MARITTIMA,RA,Emilia-Romagna,,,no-domain
info@ristorantecanet.net,Canè,,,,,Via XX Settembre 27,,DOZZA,BO,Emilia-Romagna,,,no-domain
info@hotelgardenclub.com,Garden Club,,,,,Via XXV Aprile 7,,GATTATICO - PRATICELLO,RE,Emilia-Romagna,,,no-domain
palace@selechotels.it,Palace Hotel,,,,,Viale 2 Giugno 60,,CERVIA - MILANO MARITTIMA,RA,Emilia-Romagna,,,no-domain
info@hotelandreucci.com,Andreucci,,,,,Viale Abruzzi 130,,CERVIA - TAGLIATA,RA,Emilia-Romagna,,,no-domain
info@hotelrealcervia.com,Real,,,,,Viale Abruzzi 83,,CERVIA - TAGLIATA,RA,Emilia-Romagna,,,no-domain
info@hotelrigoletto.it,Rigoletto,,,,,Viale alle Terme 15/Bis,,SALSOMAGGIORE TERME - TABIANO BAGNI,PR,Emilia-Romagna,,,no-domain
info@hotelcontinentalrimini.com,Continental e dei Congressi,,,,,Viale Amerigo Vespucci 40-Località Marina Centro,,RIMINI,RN,Emilia-Romagna,,,no-domain
info@crocedelsudsas.191.it,Croce del Sud,,,,,Viale Antonio da Noli 28,,CESENATICO,FC,Emilia-Romagna,,,no-domain
hoteleden@euradria.com,Eden,,,,,Viale Aristotele 27,,CESENATICO - VILLAMARINA,FC,Emilia-Romagna,,,no-domain
info@hotelexcelsiorsalsomaggiore.it,Excelsior,,,,,Viale Berenini 3,,SALSOMAGGIORE TERME,PR,Emilia-Romagna,,,no-domain
info@hpresident.net,President,,,,,Viale Bernini 24,,CESENATICO - VALVERDE,FC,Emilia-Romagna,,,no-domain
info@hotelvillalily.it,Villa Lily,,,,,Viale Bologna 39,,CESENATICO,FC,Emilia-Romagna,,,no-domain
info@hotelparcoverde.it,Parco Verde,,,,,Viale Botteghi 12,,RIMINI - VISERBA,RN,Emilia-Romagna,,,no-domain
info@hedelweiss.it,Edelweiss,,,,,Viale Carducci 323,,CESENATICO - VILLAMARINA,FC,Emilia-Romagna,,,no-domain
direzione@nettunohotelsas.it,Nettuno,,,,,Viale Carducci 338,,CESENATICO - VILLAMARINA,FC,Emilia-Romagna,,,no-domain
info@hotelvillamaria.info,Villa Maria,,,,,Viale Carducci 96,,CESENATICO,FC,Emilia-Romagna,,,no-domain
info@albergohotelaurora.it,Aurora,,,,,Viale Cavour 11,,SALSOMAGGIORE TERME,PR,Emilia-Romagna,,,no-domain
info@royalhotel.fc.it,Royal,,,,,Viale Cesare 7,,GATTEO - GATTEO A MARE,FC,Emilia-Romagna,,,no-domain
tommasini@myhotelsresorts.com,Terme Tommasini,,,,,Viale Corridoni 1,,SALSOMAGGIORE TERME,PR,Emilia-Romagna,,,no-domain
abarth@hotelabarth.com,Abarth,,,,,Viale da Forlì 34,,CESENATICO - VALVERDE,FC,Emilia-Romagna,,,no-domain
info@hotelvilladianamarina.com,Villa Diana Marina,,,,,Viale Dandolo 11-Località Marina Centro,,RIMINI,RN,Emilia-Romagna,,,no-domain
info@lindahotel.it,Linda,,,,,Viale Dante 27,,CATTOLICA,RN,Emilia-Romagna,,,no-domain
info@hotelmaisondesroses.it,Maison des Roses,,,,,Viale de Amicis 69,,CESENATICO,FC,Emilia-Romagna,,,no-domain
info@hotelcapinera.it,Capinera,,,,,Viale de Amicis 93,,CESENATICO,FC,Emilia-Romagna,,,no-domain
info@hotelsilvierose.com,Silvie Rose,,,,,Viale de Amicis 99,,CESENATICO,FC,Emilia-Romagna,,,no-domain
info@crch.it,K2,,,,,Viale dei Mille 114,,CESENATICO,FC,Emilia-Romagna,,,no-domain
info@hotelsogno.com,Sogno,,,,,Viale del Fortino 5,,CESENATICO,FC,Emilia-Romagna,,,no-domain
alexander@hotelalexander.it,Alexander,,,,,Viale della Libertà 5,,SAN MAURO PASCOLI - SAN MAURO A MARE,FC,Emilia-Romagna,,,no-domain
info@albergoardesia.it,Hotel Ardesia,,,,,Viale delle Rimembranze 80,,RIMINI - BELLARIVA,RN,Emilia-Romagna,,,no-domain
info@ph.191.it,Park Hotel,,,,,Viale delle Terme 1010,,CASTEL SAN PIETRO TERME,BO,Emilia-Romagna,,,no-domain
info@hotelconti.org,Conti,,,,,Viale Diana 2,,SAN MAURO PASCOLI - SAN MAURO A MARE,FC,Emilia-Romagna,,,no-domain
info@hotelfiorana.it,Fiorana,,,,,Viale Don Bosco 13-Località Marina Centro,,RIMINI,RN,Emilia-Romagna,,,no-domain
info@hotel-ridente.it,Ridente,,,,,Viale Fidenza 30,,SALSOMAGGIORE TERME - TABIANO BAGNI,PR,Emilia-Romagna,,,no-domain
info@albergomarialuigia.com,Maria Luigia,,,,,Viale Fonti 6,,SALSOMAGGIORE TERME - TABIANO BAGNI,PR,Emilia-Romagna,,,no-domain
info@k2hotel.net,K 2,,,,,Viale Francesco Petrarca 457,,RAVENNA - LIDO ADRIANO,RA,Emilia-Romagna,,,no-domain
info@adlerhot.it,Adler,,,,,Viale Fratelli Vivaldi 96,,RAVENNA - LIDO DI CLASSE,RA,Emilia-Romagna,,,no-domain
info@hotelstrand.net,Strand,,,,,Viale Gabriele d'Annunzio 92,,RICCIONE,RN,Emilia-Romagna,,,no-domain
info@hotelpinocesenatico.it,Pino,,,,,Viale Garibaldi 7,,CESENATICO,FC,Emilia-Romagna,,,no-domain
info@hotelavanamare.com,Avana Mare,,,,,Viale Genghini 3,,RIMINI - VISERBELLA,RN,Emilia-Romagna,,,no-domain
info@desbainshotel.it,Des Bains,,,,,Viale Giacomo Matteotti 138,,CERVIA - MILANO MARITTIMA,RA,Emilia-Romagna,,,no-domain
info@hotel-cristallo.it,Cristallo,,,,,Viale Giacomo Matteotti 5/Bis,,SALSOMAGGIORE TERME,PR,Emilia-Romagna,,,no-domain
info@hotel-esperia.com,Esperia,,,,,Viale Giosué Carducci 152,,CESENATICO,FC,Emilia-Romagna,,,no-domain
marialuisa@picernihotels.it,Maria Luisa,,,,,Viale Giulio Cesare 72,,GATTEO - GATTEO A MARE,FC,Emilia-Romagna,,,no-domain
sandra@lhatlanticsandra.it,Sandra,,,,,Viale Giulio Cesare 73,,GATTEO - GATTEO A MARE,FC,Emilia-Romagna,,,no-domain
info@leconchiglie.com,Le Conchiglie,,,,,Viale Giuseppe d'Annunzio 227,,RICCIONE,RN,Emilia-Romagna,,,no-domain
info@hoteldepaoli.it,De Paoli,,,,,Viale Giusti 31-Località Marina Centro,,RIMINI,RN,Emilia-Romagna,,,no-domain
info@sibonihotels.com,President,,,,,Viale Irpinia 16,,CERVIA - TAGLIATA,RA,Emilia-Romagna,,,no-domain
info@sporthotelclift.com,Clift,,,,,Viale Irpinia 5,,CERVIA - TAGLIATA,RA,Emilia-Romagna,,,no-domain
info@hotelnormabeach.it,Norma Beach,,,,,Viale Italia 284,,CERVIA - PINARELLA,RA,Emilia-Romagna,,,no-domain
info@deltahotellagosanto.com,Delta,,,,,Viale Italia 35/37,,LAGOSANTO,FE,Emilia-Romagna,,,no-domain
info@parkhotelpineta.biz,Park Hotel Pineta,,,,,Viale Italia 360,,CERVIA - TAGLIATA,RA,Emilia-Romagna,,,no-domain
info@madisonhotel.it,Madison,,,,,Viale Italia 98,,CERVIA,RA,Emilia-Romagna,,,no-domain
info@hotelleopardirimini.com,Leopardi,,,,,Viale Leopardi 4-Località Marina Centro,,RIMINI,RN,Emilia-Romagna,,,no-domain
info@hotelabarth.it,Abarth,,,,,Viale Mantegazza 12/14-Località Marina Centro,,RIMINI,RN,Emilia-Romagna,,,no-domain
info@hotelcoccinella.com,La Coccinella,,,,,Viale Mantegazza 5-Località Marina Centro,,RIMINI,RN,Emilia-Romagna,,,no-domain
info@hotel-alex.it,Alex,,,,,Viale Maria Luigia 1,,SALSOMAGGIORE TERME - TABIANO BAGNI,PR,Emilia-Romagna,,,no-domain
info@albergoeuropasalsomaggiore.it,Europa,,,,,Viale Matteotti 45,,SALSOMAGGIORE TERME,PR,Emilia-Romagna,,,no-domain
info@hotelbrunacesenatico.com,Bruna,,,,,Viale Melozzo da Forlì 17,,CESENATICO - VALVERDE,FC,Emilia-Romagna,,,no-domain
info@persianihotel.com,Napoleon,,,,,Viale Melozzo da Forlì 32,,CESENATICO - VALVERDE,FC,Emilia-Romagna,,,no-domain
info@hotelkatia.net,Katia,,,,,Viale Milano 33,,CESENATICO,FC,Emilia-Romagna,,,no-domain
hondinamilazzo@arecaonline.it,Milazzo,,,,,Viale Milazzo 120,,CERVIA,RA,Emilia-Romagna,,,no-domain
info@hotelastorcervia.it,Astor,,,,,Viale Milazzo 78,,CERVIA,RA,Emilia-Romagna,,,no-domain
info@hotelnettuno.info,Nettuno,,,,,Viale Navigatori 7,,RAVENNA - PUNTA MARINA,RA,Emilia-Romagna,,,no-domain
brandi14@brandi1.191.it,Sara,,,,,Viale Pinzon 138,,BELLARIA IGEA MARINA - IGEA MARINA,RN,Emilia-Romagna,,,no-domain
info@villapaola.info,Villa Paola,,,,,Viale Pinzon 334,,BELLARIA IGEA MARINA,RN,Emilia-Romagna,,,no-domain
info@hoteligeaspiaggia.it,Igea Spiaggia,,,,,Viale Pinzon 88,,BELLARIA IGEA MARINA,RN,Emilia-Romagna,,,no-domain
info@hotelsuissesalsomaggiore.it,Suisse,,,,,Viale Porro 5,,SALSOMAGGIORE TERME,PR,Emilia-Romagna,,,no-domain
ruhl@hotelruhl.com,Ruhl,,,,,Viale Principe di Piemonte 33,,RIMINI - MIRAMARE DI RIMINI,RN,Emilia-Romagna,,,no-domain
info@hotelsplendor.rimini.it,Splendor,,,,,Viale Regina Elena 143-Località Marina Centro,,RIMINI,RN,Emilia-Romagna,,,no-domain
info@hotelfantasyrimini.com,Hotel Fantasy,,,,,Viale Regina Elena 93-Località Marina Centro,,RIMINI,RN,Emilia-Romagna,,,no-domain
info@hoteljumborimini.com,Jumbo,,,,,Viale Regina Margherita 107-Marebello,,RIMINI,RN,Emilia-Romagna,,,no-domain
info@hotelglobus.biz,Globus,,,,,Viale Regina Margherita 29,,RIMINI - BELLARIVA,RN,Emilia-Romagna,,,no-domain
info@hotelcristallo.re.it,Cristallo,,,,,Viale Regina Margherita 30,,REGGIO EMILIA,RE,Emilia-Romagna,,,no-domain
info@hotelcarlton-rn.it,Carlton,,,,,Viale Regina Margherita 6-Marebello,,RIMINI,RN,Emilia-Romagna,,,no-domain
mail@albergovillabianca.com,Villa Bianca,,,,,Viale Respighi 10,,SALSOMAGGIORE TERME - TABIANO BAGNI,PR,Emilia-Romagna,,,no-domain
info@hotelamica.it,Amica,,,,,Viale Rimembranze 6/Bis,,SALSOMAGGIORE TERME,PR,Emilia-Romagna,,,no-domain
info@hotelmagriv.it,Magriv,,,,,Viale Rimembranze 83,,RIMINI - BELLARIVA,RN,Emilia-Romagna,,,no-domain
info@costaromagnaclubhotels.it,David,,,,,Viale Romagna 267,,RAVENNA - LIDO DI SAVIO,RA,Emilia-Romagna,,,no-domain
info@costaromagnaclubhotels.com,Ami,,,,,Viale Romagna 4,,RAVENNA - LIDO DI SAVIO,RA,Emilia-Romagna,,,no-domain
info@hotel-internazionale.it,Pensione Internazionale,,,,,Viale Romagnosi 11,,SALSOMAGGIORE TERME,PR,Emilia-Romagna,,,no-domain
info@hotelpatrick.it,Patrick,,,,,Viale San Marino 8,,CERVIA - PINARELLA,RA,Emilia-Romagna,,,no-domain
info@hotelroyaltabiano.it,Royal,,,,,Viale Terme 11,,SALSOMAGGIORE TERME - TABIANO BAGNI,PR,Emilia-Romagna,,,no-domain
hotelterme@hoteltermebrisighella.it,Terme,,,,,Viale Terme 37,,BRISIGHELLA,RA,Emilia-Romagna,,,no-domain
info@hotelenrica.com,Enrica,,,,,Viale Titano 54,,CERVIA - PINARELLA,RA,Emilia-Romagna,,,no-domain
info@hoteltizianocesenatico.com,Tiziano,,,,,Viale Tiziano 23,,CESENATICO - VALVERDE,FC,Emilia-Romagna,,,no-domain
info@hotel-floralba.it,Floralba,,,,,Viale Toscanini 6,,SALSOMAGGIORE TERME,PR,Emilia-Romagna,,,no-domain
direzione@ilcorallohotel.com,Corallo,,,,,Viale Trento 67,,CESENATICO,FC,Emilia-Romagna,,,no-domain
info@grandhotellenazioni.it,Grand Hotel le Nazioni,,,,,Viale Unione Sovietica 1,,COMACCHIO - LIDO DELLE NAZIONI,FE,Emilia-Romagna,,,no-domain
info@hotelfavorita.com,Favorita,,,,,Viale Venezia 22,,CESENATICO,FC,Emilia-Romagna,,,no-domain
hotel-atlas@h-atlas.it,Atlas,,,,,Viale Venezia 42,,CESENATICO,FC,Emilia-Romagna,,,no-domain
info@hotelmilanorimini.com,Milano,,,,,Viale Vespucci 36-Località Marina Centro,,RIMINI,RN,Emilia-Romagna,,,no-domain
info@ramadaencoreforli.com,Executive Forlì,,,,,Viale Vittorio Veneto 3/E,,FORLI',FC,Emilia-Romagna,,,no-domain
info@albahotelcervia.it,Alba,,,,,Viale Volturno 17,,CERVIA,RA,Emilia-Romagna,,,no-domain
info@hotel-cantuccio.it,Il Cantuccio,,,,,Viale XXIV Maggio 1,,SALSOMAGGIORE TERME,PR,Emilia-Romagna,,,no-domain
info@hotelsavinirimini.it,hotel savini,,,,,,,rimini,RN,Emilia-Romagna,,,no-domain
astoria@residencehotelastoria.com,Astoria Suite Hotel,,,,,,,Rimini,RN,Emilia-Romagna,,,no-domain
info@cortearcangeli.it,Corte Arcangeli,,,,BB,Via Pontegradella 503,,Ferrara,FE,Emilia-Romagna,,,no-domain
info@hotelvillapresident.com,President,,,,,Calle Rembrandt 2-Località Riviera,,LIGNANO SABBIADORO,UD,Friuli-Venezia Giulia,,,no-domain
info@hotelposta.ts.it,Posta,,,,,Frazione Sistiana 51,,DUINO AURISINA - SISTIANA,TS,Friuli-Venezia Giulia,,,no-domain
info@hotel-ambra.it,Ambra,,,,,Lungomare Trieste 124/A-Località Sabbiadoro,,LIGNANO SABBIADORO,UD,Friuli-Venezia Giulia,,,no-domain
info@villaditissano.it,Villa Tissano,,,,,Piazza Caimo 4,,SANTA MARIA LA LONGA - TISSANO,UD,Friuli-Venezia Giulia,,,no-domain
info@hotelzuberti.it,Zuberti,,,,,Piazza Carpaccio 29,,GRADO,GO,Friuli-Venezia Giulia,,,no-domain
info@grandhotelentourage.it,Grand Hotel Entourage,,,,,Piazza Sant'Antonio 2,,GORIZIA,GO,Friuli-Venezia Giulia,,,no-domain
hotelcarol@hotelmail.it,Carol,,,,,Riva Ugo Foscolo 13,,GRADO,GO,Friuli-Venezia Giulia,,,no-domain
info@trattoriavaleria.com,Valeria,,,,,Strada per Vienna 52,,TRIESTE - VILLA OPICINA,TS,Friuli-Venezia Giulia,,,no-domain
info@hotelexecutive.net,Executive,,,,,Via Angelo Masieri 4,,UDINE - CUSSIGNACCO,UD,Friuli-Venezia Giulia,,,no-domain
info@ciasadegahja.com,Ciasa de Gahja,,,,,Via Anzolet 13,,BUDOIA,PN,Friuli-Venezia Giulia,,,no-domain
info@albergoallascala.com,Alla Scala,,,,,Via Cesare Battisti 7,,VALVASONE,PN,Friuli-Venezia Giulia,,,no-domain
info@forumjulii.it,Forum Julii,,,,,Via Cisis 31-Località Strassoldo,,CERVIGNANO DEL FRIULI,UD,Friuli-Venezia Giulia,,,no-domain
info@hotelbernt.it,Antica Villa Bernt Meublè,,,,,Via Cristoforo Colombo 5,,GRADO,GO,Friuli-Venezia Giulia,,,no-domain
info@vinnaeria.it,Vinnaeria La Baita,,,,,Via degli Alpini 2,,CAPRIVA DEL FRIULI,GO,Friuli-Venezia Giulia,,,no-domain
info@hotelallatorrefvg.it,Alla Torre,,,,,Via del Lago 1,,SAN DANIELE DEL FRIULI,UD,Friuli-Venezia Giulia,,,no-domain
info@albergoabbazia.com,Abbazia,,,,,Via della Geppa 20,,TRIESTE,TS,Friuli-Venezia Giulia,,,no-domain
info@hotelpresident.tv,President,,,,,Via Duino 8,,UDINE,UD,Friuli-Venezia Giulia,,,no-domain
info@hotelfernetti.com,Fernetti,,,,,Via Fernetti 3,,MONRUPINO,TS,Friuli-Venezia Giulia,,,no-domain
info@hotelramandolo.com,Ramandolo,,,,,Via Forni di Sotto,,UDINE,UD,Friuli-Venezia Giulia,,,no-domain
info@albergopoldo.it,Poldo,,,,,Via Guglielmo Marconi 1,,ARTA TERME,UD,Friuli-Venezia Giulia,,,no-domain
info@hotelaicacciatori.it,Ai Cacciatori,,,,,Via III Armata 20,,FOGLIANO-REDIPUGLIA,GO,Friuli-Venezia Giulia,,,no-domain
info@golfwinehotel.it,Golf Hotel Villa Policreti,,,,,Via IV Novembre 13,,AVIANO - CASTELLO,PN,Friuli-Venezia Giulia,,,no-domain
info@hotelnuovagrazia.it,Nuova Graziosa,,,,,Via Latisana 70-Località Sabbiadoro,,LIGNANO SABBIADORO,UD,Friuli-Venezia Giulia,,,no-domain
info@hotelfurlan.it,Hotel Furlan,,,,,Via Mazzini 44,,RONCHI DEI LEGIONARI,GO,Friuli-Venezia Giulia,,,no-domain
info@hotelpradeplana.it,Pra de Plana,,,,,Via Montecavallo 76-Località Pra de Plana,,AVIANO,PN,Friuli-Venezia Giulia,,,no-domain
info@villamabulton.com,Villa Mabulton,,,,,Via Morsano 81,,MORTEGLIANO - CHIASIELLIS,UD,Friuli-Venezia Giulia,,,no-domain
info@hotelcolmajer.it,Colmajer,,,,,Via Nazionale 5,,AMPEZZO,UD,Friuli-Venezia Giulia,,,no-domain
info@alviale.it,Al Viale,,,,,Via Nordio 5,,TRIESTE,TS,Friuli-Venezia Giulia,,,no-domain
info@hotelnevea.it,Club Nevea,,,,,Via Pesamosca 5,,CHIUSAFORTE - SELLA NEVEA,UD,Friuli-Venezia Giulia,,,no-domain
info@concorde.ud.it,Concorde,,,,,Via Pozzuolo 226,,UDINE,UD,Friuli-Venezia Giulia,,,no-domain
info@hotelkrizman.com,Krizman,,,,,Via Repen 76,,MONRUPINO,TS,Friuli-Venezia Giulia,,,no-domain
info@alpicaron.it,Al Picaron,,,,,Via Sant'Andrat 3/5-Località Picaron,,SAN DANIELE DEL FRIULI,UD,Friuli-Venezia Giulia,,,no-domain
hperla@jumpy.it,La Perla,,,,,Via Santo Spirito 43,,RAVASCLETTO,UD,Friuli-Venezia Giulia,,,no-domain
info@hotelbelvedere.ts.it,Belvedere,,,,,Via Sistiana 50/a-Sistiana,,DUINO AURISINA,TS,Friuli-Venezia Giulia,,,no-domain
info@boschianhotels.com,Royal,,,,,Via Strada di Cortina 9,,AVIANO - GIAIS,PN,Friuli-Venezia Giulia,,,no-domain
info@datommaso.it,Da Tommaso,,,,,Via Trieste 1,,SAVOGNA D'ISONZO,GO,Friuli-Venezia Giulia,,,no-domain
info@albergoristoranteromafagagna.it,Roma,,,,,Via Zoratti 22,,FAGAGNA,UD,Friuli-Venezia Giulia,,,no-domain
info@albergoparkoasi.it,Park Oasi,,,,,Viale delle Terme 15,,ARTA TERME,UD,Friuli-Venezia Giulia,,,no-domain
hoteleuropa@hoteleuropa.ud.it,Europa,,,,,Viale Europa Unita 47,,UDINE,UD,Friuli-Venezia Giulia,,,no-domain
info@hotel-lalampara.it,La Lampara,,,,,Viale Gorizia 1/B-Località Sabbiadoro,,LIGNANO SABBIADORO,UD,Friuli-Venezia Giulia,,,no-domain
info@hotelcristinagrado.com,Cristina,,,,,Viale Martiri della Libertà 11-Località Città Giardino,,GRADO,GO,Friuli-Venezia Giulia,,,no-domain
villadebaguer@valgorizia.it,Villa De Baguer,,,,BB,Piazza Medaglie d'Oro 10,,Gorizia,GO,Friuli-Venezia Giulia,,,no-domain
info@nongruella.com,Casa Nongruella,,,,BB,Via Nongruella 7,,Nimis,UD,Friuli-Venezia Giulia,,,no-domain
orlandi@hotelitalialivata.com,Italia,,,,,Contrada Bandita,,SUBIACO - MONTE LIVATA,RM,Lazio,,,no-domain
info@casaldeilupi.com,Casal dei Lupi,,,,,Località Casal dei Lupi,,MAENZA,LT,Lazio,,,no-domain
info@salariahotel.it,Salaria Hotel,,,,,Località Osteria Nuova,,POGGIO MOIANO - OSTERIA NUOVA,RI,Lazio,,,no-domain
albatros@hotelalbatros.net,Albatros,,,,,Lungomare delle Sirene 455,,POMEZIA - TORVAIANICA,RM,Lazio,,,no-domain
hotelgabriele@hotelgabriele.it,Gabriele,,,,,Lungomare Foceverde - Borgo Sabotino 346,,LATINA - LATINA LIDO,LT,Lazio,,,no-domain
info@hotelpingpong.com,Ping Pong,,,,,Lungomare Paolo Toscanelli 84,,ROMA - LIDO DI OSTIA,RM,Lazio,,,no-domain
hotel-tirrenia@hotel-tirrenia.com,Tirrenia,,,,,Lungomare Toscanelli 74,,ROMA - LIDO DI OSTIA,RM,Lazio,,,no-domain
info@locandacairoli.it,Locanda Cairoli,,,,,Piazza Benedetto Cairoli 2,,ROMA,RM,Lazio,,,no-domain
reservation@exedra.boscolo.com,Exedra,,,,,Piazza della Repubblica 47,,ROMA,RM,Lazio,,,no-domain
info@hotelesquilino.it,Esquilino,,,,,Piazza Esquilino 29,,ROMA,RM,Lazio,,,no-domain
info@hotelfiano.it,Fiano,,,,,Piazza Federico Fellini 9,,FIANO ROMANO,RM,Lazio,,,no-domain
info@hoteltogopalace.it,Togo Palace,,,,,Piazzale Zamboni 10,,RIETI - TERMINILLO,RI,Lazio,,,no-domain
info@hotelblueriver.it,Blue River,,,,,Strada Statale 148 Pontina Km 106,,TERRACINA,LT,Lazio,,,no-domain
info@granhotelfagiano.it,Fagiano Palace,,,,,Strada Statale 7 Appia 80,,FORMIA,LT,Lazio,,,no-domain
info@relaisvilladassio.it,Relais Villa d'Assio,,,,,Strada Statale 79-Località Mazzetelli,,COLLI SUL VELINO,RI,Lazio,,,no-domain
info@hoteledenbolsena.com,Eden,,,,,"Strada Statale Cassia Km 114,200",,BOLSENA,VT,Lazio,,,no-domain
villaclementina@tiscali.ti,Villa Clementina,,,,,Traversa Quarto del Lago,,BRACCIANO,RM,Lazio,,,no-domain
info@hoteldany.it,Dany,,,,,Via Achille Grandi 2,,CIAMPINO,RM,Lazio,,,no-domain
info@luxorhotelrome.com,Luxor,,,,,Via Agostino Depretis 104,,ROMA,RM,Lazio,,,no-domain
hotelvictor@hotelvictor.it,Victor,,,,,Via Annia Regilla 60,,ROMA,RM,Lazio,,,no-domain
info@hotel-lidodeipini.it,Lido dei Pini,,,,,"Via Ardeatina 702 28,600",,ANZIO - LIDO DEI PINI,RM,Lazio,,,no-domain
info@albergovilladellago.com,Villa del lago,,,,,Via Ariccia 13,,ROCCA DI PAPA,RM,Lazio,,,no-domain
info@hotelbroadway.it,Broadway,,,,,Via Armando Diaz 193,,FIUGGI,FR,Lazio,,,no-domain
info@hotelsantasevera.com,Santa Severa,,,,,"Via Aurelia 198 - Km. 53,500",,SANTA MARINELLA - SANTA SEVERA,RM,Lazio,,,no-domain
info@hotelaureliano.com,Aureliano,,,,,Via Aurelia 619,,ROMA,RM,Lazio,,,no-domain
motelcorsi@motelcorsi.it,Motel Corsi,,,,,"Via Aurelia Km 27,700",,FIUMICINO - TORRIMPIETRA,RM,Lazio,,,no-domain
info@sunbayparkhotel.it,Sunbay Park Hotel,,,,,"Via Aurelia Sud Km 68,750",,CIVITAVECCHIA,RM,Lazio,,,no-domain
info@hotelvillatorlonia.it,Villa Torlonia,,,,,Via Bartolomeo Eustachio 5,,ROMA,RM,Lazio,,,no-domain
info@hotelsportingtarquinia.com,Sporting,,,,,Via Benedetto Croce 4,,TARQUINIA,VT,Lazio,,,no-domain
info@scheppershotel.com,Scheppers,,,,,Via Bogliasco 36,,ROMA,RM,Lazio,,,no-domain
info@hotelzeffiro.it,Zeffiro,,,,,Via Caporale Tortini-Località Sant'Andrea,,SABAUDIA,LT,Lazio,,,no-domain
info@hotel-deste.com,D'Este,,,,,Via Carlo Alberto 4/B,,ROMA,RM,Lazio,,,no-domain
info@hotelvillapina.info,Villa Pina,,,,,Via Carlo Lucidi 2,,FRASCATI,RM,Lazio,,,no-domain
info@capitalinn.it,Capital Inn,,,,,Via Carlo Santarelli 96,,ROMA,RM,Lazio,,,no-domain
info@hoteltarangio.it,New Tarangiò,,,,,"Via Casilina Km 59,700",,ANAGNI,FR,Lazio,,,no-domain
info@hotelvillalarocca.it,Villa la Rocca,,,,,Via Castelli Romani 18,,ROCCA PRIORA,RM,Lazio,,,no-domain
info@hotelsunrisecrest.it,Sunrise Crest,,,,,Via Civitavecchia 3,,ARPINO,FR,Lazio,,,no-domain
fabio@fabiohotel.it,Fabio,,,,,Via Colle Ferro 39/A,,GUIDONIA MONTECELIO,RM,Lazio,,,no-domain
info@romemarriotpark.com,rome marriott park,,,,,"Via Colonnello Tommaso Masala, 54",,ROMA,RM,Lazio,,,no-domain
info@centralepomezia.com,Executive Centrale,,,,,Via Copernico 30,,POMEZIA,RM,Lazio,,,no-domain
pompei@etruria2000.net,Velca Mare,,,,,Via degli Argonauti 1,,TARQUINIA - LIDO DI TARQUINIA,VT,Lazio,,,no-domain
info@hotelmiralagorist.it,Miralago,,,,,Via dei Cappuccini 12,,ALBANO LAZIALE,RM,Lazio,,,no-domain
info@villadelcardinale-hotel.it,Villa del Cardinale,,,,,Via dei Colli,,NORMA,LT,Lazio,,,no-domain
direzione@alletamerici.it,Alle Tamerici,,,,,Via dei Delfini 13-Località Marina di Palo,,LADISPOLI,RM,Lazio,,,no-domain
info@stelleeuropa.it,Stelle d'Europa,,,,,Via dei Genieri 11,,ROMA,RM,Lazio,,,no-domain
info@ateneopalace.com,Ateneo Garden Palace,,,,,Via dei Salentini 6,,ROMA,RM,Lazio,,,no-domain
info@rose-hotel.it,Rose,,,,,Via dei Volsini 28,,LATINA,LT,Lazio,,,no-domain
info@hotelmiro.org,Mirò,,,,,Via del Babuino 35,,ROMA,RM,Lazio,,,no-domain
info@hotelbeethoven.it,Beethoven,,,,,Via del Forte Braschi 2,,ROMA,RM,Lazio,,,no-domain
info@laborghesiana.net,La Borghesiana,,,,,Via della Capanna Murata 120,,ROMA,RM,Lazio,,,no-domain
info@hoteldesiderio.it,Desiderio,,,,,Via della Pineta Sacchetti 225,,ROMA,RM,Lazio,,,no-domain
info@hotelcitta2000.com,Città Duemila,,,,,Via della Tenuta di Torrenova 60-Tor Vergata,,ROMA,RM,Lazio,,,no-domain
info@satellitepalacehotel.com,Satellite Palace Hotel,,,,,Via delle Antille 49,,ROMA - LIDO DI OSTIA,RM,Lazio,,,no-domain
info@hotelquintoassiorieti.it,Quinto Assio,,,,,Via delle Scienze 16/A,,CITTADUCALE - SANTA RUFINA,RI,Lazio,,,no-domain
info@hortiflaviani.it,Relais Horti Flaviani,,,,,Via delle Sette Chiese 290,,ROMA,RM,Lazio,,,no-domain
info@hotelvillasciarra.it,Villa Sciarra,,,,,Via di Montecompatri 30/D-Località Palocci,,MONTE PORZIO CATONE,RM,Lazio,,,no-domain
info@hotelcentralefiuggi.it,Centrale,,,,,Via di Piazza Spada 6,,FIUGGI,FR,Lazio,,,no-domain
info@hotelselvacandida.com,Selva Candida,,,,,Via di Selva Candida 200-Località Casalotti,,ROMA,RM,Lazio,,,no-domain
info@hotelcleliapalace.com,Clelia Palace,,,,,Via di Vermicino 133-Località La Borghesiana,,ROMA,RM,Lazio,,,no-domain
info@consolihotel.it,Dei Consoli,,,,,Via Divino Amore 13,,MARINO - FRATTOCCHIE,RM,Lazio,,,no-domain
info@hotelfirenzeroma.it,Firenze,,,,,Via Due Macelli 106,,ROMA,RM,Lazio,,,no-domain
info@hotelgioiagtarden.com,Gioia Garden,,,,,Via Emiliano 23,,FIUGGI,FR,Lazio,,,no-domain
info@fourpointsheratonroma.com,Four Points Hotel Sheraton Roma West,,,,,Via Eroi di Cefalonia 289-Località Spinaceto,,ROMA,RM,Lazio,,,no-domain
prenotazioni@hotellavilletta.com,La Villetta,,,,,Via Ettore Perrone 1,,ROMA,RM,Lazio,,,no-domain
info@hotelcinecitta.com,Cinecittà,,,,,Via Eudo Giulioli 13,,ROMA,RM,Lazio,,,no-domain
info@henryhotel.it,Henry,,,,,Via F. Calvosa 10,,FROSINONE,FR,Lazio,,,no-domain
info@hotelflaminus.it,Flaminius,,,,,Via Frassineto 23-Località Prima Porta,,ROMA,RM,Lazio,,,no-domain
info@hoteldiocleziano.it,Diocleziano,,,,,Via Gaeta 71,,ROMA,RM,Lazio,,,no-domain
info@hotelgoldenbeach.com,Golden Beach,,,,,Via Gioiosa Marea 63,,FIUMICINO - FREGENE,RM,Lazio,,,no-domain
info@welcomeresidences.com,Welcome Piram,,,,,Via Giovanni Amendola 7,,ROMA,RM,Lazio,,,no-domain
info@hotelprimusroma.it,Primus Roma,,,,,Via Giovanni da Empoli 13,,ROMA,RM,Lazio,,,no-domain
info@hoteldegliimperatori.com,Degli Imperatori,,,,,Via Guido Gonella 15-Località Torraccia,,ROMA,RM,Lazio,,,no-domain
info@casinastadio.it,Casina dello Stadio,,,,,Via IV Giugno 19,,FIUGGI,FR,Lazio,,,no-domain
info@parkhotelamaranto.com,Park Hotel Amaranto,,,,,Via Laurentina 5/F,,ROMA,RM,Lazio,,,no-domain
reservation@borromini.boscolo.com,Borromini,,,,,Via Lisbona 7,,ROMA,RM,Lazio,,,no-domain
info@goldentulipbellambrianahotel.it,Golden Tulip Bellambriana,,,,,Via Luca Passi 6,,ROMA,RM,Lazio,,,no-domain
reservations@hotel-eden.it,Eden,,,,,Via Ludovisi 49,,ROMA,RM,Lazio,,,no-domain
info@sebraeli.it,Luce,,,,,Via Magenta 34,,ROMA,RM,Lazio,,,no-domain
info@hotelcorot.it,Corot,,,,,Via Marghera 15/17,,ROMA,RM,Lazio,,,no-domain
info@hotelmarghera.it,Marghera,,,,,Via Marghera 29,,ROMA,RM,Lazio,,,no-domain
prenotazioni@sebraeli.it,Siracusa,,,,,Via Marsala 50,,ROMA,RM,Lazio,,,no-domain
info@hotelpresidentrieti.it,President,,,,,Via Moisè di Gaio 2,,RIETI,RI,Lazio,,,no-domain
info@internationalpalace.it,Eurostars International Palace,,,,,Via Nazionale 46,,ROMA,RM,Lazio,,,no-domain
villa.florence@hotelvillaflorence.it,Villa Florence,,,,,Via Nomentana 28-Porta Pia,,ROMA,RM,Lazio,,,no-domain
info@laforestahotel.it,La Foresta,,,,,Via Nuova Fonte 21,,FIUGGI,FR,Lazio,,,no-domain
info@hoteladventure.it,Adventure,,,,,Via Palestro 88,,ROMA,RM,Lazio,,,no-domain
info@allolivo.it,All'Olivo,,,,,Via Palmiro Togliatti 13/15,,TARQUINIA,VT,Lazio,,,no-domain
info@hotelcirelli.it,Cirelli,,,,,Via Pezzo Grande 798,,SANT'ELIA FIUMERAPIDO,FR,Lazio,,,no-domain
info@hotellagrotte.it,La Grotte,,,,,Via Portella 77,,SAN DONATO VAL DI COMINO,FR,Lazio,,,no-domain
hotelsucci@hotelsucci.it,Succi,,,,,Via Portofino,,ANZIO - LAVINIO-LIDO DI ENEA,RM,Lazio,,,no-domain
info@astoriafiuggi.com,Astoria,,,,,Via Prenestina 105,,FIUGGI,FR,Lazio,,,no-domain
info@uaddanhotelvalentina.com,Uaddan,,,,,Via Prenestina 109,,FIUGGI,FR,Lazio,,,no-domain
info@albergomuseum.it,Museum,,,,,Via Prenestina 135,,FIUGGI,FR,Lazio,,,no-domain
info@eurostarsromacongress.com,Eurostars Roma Congress,,,,,Via Prenestina 944/C,,ROMA,RM,Lazio,,,no-domain
info@bristolhotel.it,Bristol,,,,,Via Rettifilo 21,,FIUGGI,FR,Lazio,,,no-domain
info@villagrancassa.com,Villa Grancassa,,,,,Via Roma 8,,SAN DONATO VAL DI COMINO,FR,Lazio,,,no-domain
info@albergolaura.net,Laura,,,,,Via San Francesco d'Assisi 58,,CIAMPINO,RM,Lazio,,,no-domain
info@hotelalpozzo.it,Al Pozzo,,,,,Via Sant'Apollaria 77,,ZAGAROLO,RM,Lazio,,,no-domain
direzione@hotelbeautyraphael.it,Beauty Raphael,,,,,Via Sebastiani 6,,ANZIO - LAVINIO-LIDO DI ENEA,RM,Lazio,,,no-domain
info@hotelcanestro.com,Canestro,,,,,Via Sorianese 1/3,,VITORCHIANO,VT,Lazio,,,no-domain
hotelroma@hotelcomm.net,Charme & Relax Hotel Roma Airport,,,,,Via Tempio della Fortuna 54-Nuova Fiera di Roma,,FIUMICINO,RM,Lazio,,,no-domain
albergorsi@teverealbergo1.191.it,Tevere,,,,,Via Terni - Casello 33 A1 10,,ORTE,VT,Lazio,,,no-domain
info@hotelcommodoreroma.com,Commodore,,,,,Via Torino 1,,ROMA,RM,Lazio,,,no-domain
reservation@hotelanagnina.biz,Anagnina,,,,,Via Torre di Mezzavia 27,,ROMA,RM,Lazio,,,no-domain
info@eshotel.it,Es. Hotel,,,,,Via Turati 171,,ROMA,RM,Lazio,,,no-domain
info@parkhotelvillasaraceni.com,Park Hotel Villa Saraceni,,,,,"Via Tuscolana Km 35,700",,ARTENA,RM,Lazio,,,no-domain
info@hotelterminillo.com,Terminillo,,,,,Via Vallonina-Località Campoforogna,,MICIGLIANO,RI,Lazio,,,no-domain
info@villadestefiuggi.com,Villa d'Este,,,,,Via Vecchia Fiuggi 199,,FIUGGI,FR,Lazio,,,no-domain
hotel@ibisromatorvergata.it,Ibis Roma Tor Vergata,,,,,Via Vico Viganò 24,,ROMA,RM,Lazio,,,no-domain
reservation@palace.boscolo.com,Grand Hotel Palace,,,,,Via Vittorio Veneto 70,,ROMA,RM,Lazio,,,no-domain
info@domusaureahotel.com,Domus Aurea,,,,,Via Volturno 32,,ROMA,RM,Lazio,,,no-domain
booking@prince-house-hotels.it,Galles,,,,,Viale Castro Pretorio 66,,ROMA,RM,Lazio,,,no-domain
info@albergo5pini.it,Cinque Pini,,,,,Viale Europa 201,,TERRACINA,LT,Lazio,,,no-domain
info@hotel-ariston-fiuggi.it,Ariston,,,,,Viale Macchiadoro 11,,FIUGGI,FR,Lazio,,,no-domain
info@eusepihotels.it,Grand Hotel Helios,,,,,Viale Porto Clementino,,TARQUINIA - LIDO DI TARQUINIA,VT,Lazio,,,no-domain
info@delaville-hotel.com,De la Ville Central,,,,,Viale Scaravelli 12/14,,LATINA,LT,Lazio,,,no-domain
palazzobren@palazzobren.com,Palazzo Brenciaglia,,,,BB,Corso Matteotti 41,,Canino,VT,Lazio,,,no-domain
info@hotel-lepalme.it,Le Palme,,,,,Corso Badarò 28,,LAIGUEGLIA,SV,Liguria,,,no-domain
info@hotelitalianoli.it,Italia,,,,,Corso Italia 23,,NOLI,SV,Liguria,,,no-domain
direzione@savoybordighera.it,Savoy,,,,,Corso Italia 49,,BORDIGHERA,IM,Liguria,,,no-domain
direzione@albergoperla.com,Perla,,,,NO,Corso Italia 83,,PIETRA LIGURE,SV,Liguria,,,no-domain
info@hotelristorantepanorama.com,Panorama,,,,,Corso Marconi 400,,SANREMO,IM,Liguria,,,no-domain
info@napoleonsanremo.it,Napoleon,,,,,Corso Marconi 56,,SANREMO,IM,Liguria,,,no-domain
info@astoriasanremo.it,Astoria West End,,,,,Corso Matuzia 8,,SANREMO,IM,Liguria,,,no-domain
info@aristonmontecarlo.com,Ariston Montecarlo,,,,,Corso Mazzini 507,,SANREMO,IM,Liguria,,,no-domain
info@hoteldelprado.it,Del Prado,,,,,Corso Villaregia 120,,RIVA LIGURE,IM,Liguria,,,no-domain
info@piccoloranch.biz,Piccolo Ranch,,,,,Località Cascinasso 10,,BARDINETO,SV,Liguria,,,no-domain
info@laroccaincatenata.it,La Rocca Incatenata,,,,,Località Punta Punta Rospo 2,,MONEGLIA,GE,Liguria,,,no-domain
info@hotelstellamaris.info,Stella Maris,,,,,Lungomare delle Nazioni 50,,SAN BARTOLOMEO AL MARE,IM,Liguria,,,no-domain
info@francescatohotels.com,Kaly,,,,,Lungomare Trento Trieste 67,,VENTIMIGLIA,IM,Liguria,,,no-domain
info@hotelmarinella-nervi.com,Marinella,,,,,Passeggiata Garibaldi 18,,GENOVA - NERVI,GE,Liguria,,,no-domain
info@milanohotel.info,Milano,,,,,Piazza Airaldi Durante 11,,ALASSIO,SV,Liguria,,,no-domain
info@albergoalconvento.it,Hotel Relais Al Convento,,,,,Piazza Regina Margherita 1,,VEZZANO LIGURE,SP,Liguria,,,no-domain
info@locandadelmar.it,Del Mar,,,,,Strada Lamboglia 12,,IMPERIA,IM,Liguria,,,no-domain
info@hotelmonique.it,Monique,,,,,Via al Collegio 12-Lungomare Noli,,NOLI,SV,Liguria,,,no-domain
info@hotelmarengo.it,Marengo,,,,,Via Amendola 1,,VARAZZE,SV,Liguria,,,no-domain
info@hotelroyalspotorno.com,Royal,,,,,Via Aurelia 125,,SPOTORNO,SV,Liguria,,,no-domain
realpark@realparkhotel.com,Real Park Hotel,,,,,Via Aurelia 2242,,LAVAGNA - CAVI,GE,Liguria,,,no-domain
info@hotelvelamare.it,Vela Mare,,,,,Via Aurelia 35,,BORGIO VEREZZI,SV,Liguria,,,no-domain
info@hoteldellepalme.it,Delle Palme,,,,,Via Aurelia 39,,SPOTORNO,SV,Liguria,,,no-domain
info@miramarespotorno.com,Miramare,,,,,Via Aurelia 70,,SPOTORNO,SV,Liguria,,,no-domain
info@eurotelrapallo.it,Eurotel,,,,,Via Aurelia Ponente 22,,RAPALLO,GE,Liguria,,,no-domain
info@hotelmiramarepietraligure.com,Miramare,,,,,Via Bado 75,,PIETRA LIGURE,SV,Liguria,,,no-domain
info@vittoriaorlandini.com,Vittoria e Orlandini,,,,,Via Balbi 33/45,,GENOVA,GE,Liguria,,,no-domain
info@hotelgallesgenova.com,Galles,,,,,Via Bersaglieri d'Italia 13,,GENOVA,GE,Liguria,,,no-domain
info@hotelsassoresidence.com,Sasso,,,,,Via Biancheri 17,,DIANO MARINA,IM,Liguria,,,no-domain
info@hotelastoriafinale.it,Astoria,,,,,Via Calvisio 92,,FINALE LIGURE,SV,Liguria,,,no-domain
info@villaranci.com,Villa degli Aranci,,,,,Via Capocaccia 8,,DIANO MARINA,IM,Liguria,,,no-domain
info@hotelcadiberta.it,Ca' di Berta,,,,,Via Case di Berta,,ALBENGA,SV,Liguria,,,no-domain
info@marianella.net,Maria Nella,,,,,Via Cave 1,,BARDINETO,SV,Liguria,,,no-domain
info@hotelmirelia.it,Mirelia,,,,,Via Cesare Balbo 7,,BORDIGHERA,IM,Liguria,,,no-domain
info@hotelromana.it,Hotel Romana,,,,,Via Cristoforo Colombo 8,,SAN BARTOLOMEO AL MARE,IM,Liguria,,,no-domain
info@lagiarahotel.it,La Giara,,,,,Via Dante 3,,CELLE LIGURE,SV,Liguria,,,no-domain
salvatore.borda@hotelgargantua.it,Gargantua,,,,,Via dei Devoto 149,,LAVAGNA,GE,Liguria,,,no-domain
info@albergoadmiral.it,Admiral,,,,,Via dei Devoto 89,,LAVAGNA,GE,Liguria,,,no-domain
info@kinghotelambassador.com,Ambassador,,,,,Via dei Pini 5,,LAIGUEGLIA,SV,Liguria,,,no-domain
info@portofinohsg.it,San Giorgio Portofino House,,,,,Via del Fondaco 11,,PORTOFINO MARE,GE,Liguria,,,no-domain
info@sml-mediterraneo.it,Mediterraneo,,,,,Via della Vittoria 18/a,,SANTA MARGHERITA LIGURE,GE,Liguria,,,no-domain
info@hoteldelleminose.com,Delle Mimose,,,,,Via Fabio Filzi 33,,DIANO MARINA,IM,Liguria,,,no-domain
info@hotelvillaaccini.it,Villa Accini,,,,,Via Fegina 90/C-Località Fegina,,MONTEROSSO AL MARE,SP,Liguria,,,no-domain
info@rosadeiventitellaro.com,Rosa dei Venti,,,,,Via Fiascherino 150,,LERICI - TELLARO,SP,Liguria,,,no-domain
info@galleano1955.com,Hotel Galleano,,,,,Via Fontana 12,,ANDORA,SV,Liguria,,,no-domain
info@hotelclio.it,Clio,,,,,Via Fornaci 10,,SPOTORNO,SV,Liguria,,,no-domain
info@hotelpaco.it,Paco,,,,,Via Francesco Crispi 63,,PIETRA LIGURE,SV,Liguria,,,no-domain
info@hotelvillasylva.it,Villa Sylva,,,,,Via Garbarino 2,,SANREMO,IM,Liguria,,,no-domain
info@hoteleuropavarazze.it,Europa,,,,,Via Garibaldi 10,,VARAZZE,SV,Liguria,,,no-domain
info@hotelfloridaalassio.it,Florida,,,,,Via Garibaldi 139,,ALASSIO,SV,Liguria,,,no-domain
info@hotelsilvano.it,Silvano,,,,,Via Generale Ardoino 73-77-79,,DIANO MARINA,IM,Liguria,,,no-domain
info@hotellariana.com,La Riana,,,,,Via Genova 12,,PERINALDO,IM,Liguria,,,no-domain
info@hotelaristonsavona.it,Ariston,,,,,Via Giordano 11/r-Fornaci,,SAVONA,SV,Liguria,,,no-domain
info@hotellaurens.it,Laurens,,,,,Via Giordano Bruno 7,,GENOVA,GE,Liguria,,,no-domain
info@locandadeifiori.com,Locanda dei Fiori,,,,,Via la Quiete 7,,LAIGUEGLIA,SV,Liguria,,,no-domain
info@hotelcortinovis.it,Cortinovis,,,,,Via Leonardo da Vinci 248,,ALASSIO,SV,Liguria,,,no-domain
info@locandadelcignonero.it,Locanda del Cigno Nero,,,,,Via Levi 12,,SANT'OLCESE,GE,Liguria,,,no-domain
info@aureliahotel.net,Aurelia,,,,,Via Lombardia 66,,LAVAGNA - CAVI,GE,Liguria,,,no-domain
info@parkhotelvarazze.it,Park Hotel,,,,,Via Lorenzo Piazza 1,,VARAZZE,SV,Liguria,,,no-domain
info@hminerva.it,Minerva,,,,,Via Maragliano 34/D,,SANTA MARGHERITA LIGURE,GE,Liguria,,,no-domain
info@colombosanremo.com,Colombo e Continental,,,,,Via Marsaglia 15,,SANREMO,IM,Liguria,,,no-domain
info@hoteltigullio.191.it,Tigullio,,,,,Via Matteotti 1,,LAVAGNA,GE,Liguria,,,no-domain
hotelaurora@hotelaurorasl.com,Aurora,,,,,Via Milano 4,,SESTRI LEVANTE,GE,Liguria,,,no-domain
info@hoteltirreniaalassio.it,Tirrenia,,,,,Via Neghelli 51,,ALASSIO,SV,Liguria,,,no-domain
info@albergoelisabetta.it,Elisabetta,,,,,Via Novara 7,,SESTRI LEVANTE,GE,Liguria,,,no-domain
info@kristallhotel.it,Kristall,,,,,Via Oleandri 17,,DIANO MARINA,IM,Liguria,,,no-domain
staff@rivierasuissehotel.it,Riviera Suisse,,,,,Via Paleocapa 24,,SAVONA,SV,Liguria,,,no-domain
info@hotellagallinara.it,La Gallinara,,,,,Via Piave 66,,ALBENGA,SV,Liguria,,,no-domain
info@hotelcanali.com,Canali,,,,,Via Pietrafraccia 15,,RAPALLO,GE,Liguria,,,no-domain
info@villadelleduepalme.it,Villa delle Due Palme,,,,,Via Pietro Parolo Rubens 22,,GENOVA - VOLTRI,GE,Liguria,,,no-domain
info@hotelsudest.it,Sud Est,,,,,Via Previati 200,,LAVAGNA,GE,Liguria,,,no-domain
info@hotelsappia.com,Solidago,,,,,Via Prima Traversa Stazione 24,,TAGGIA - ARMA DI TAGGIA,IM,Liguria,,,no-domain
info@hotelgardenalassio.it,Garden,,,,,Via Privata Ferro Amelia 2,,ALASSIO,SV,Liguria,,,no-domain
reception@albergovillaggiodeigallo.com,Dei Gallo,,,,,Via Privata Gallo 7,,PIGNONE,SP,Liguria,,,no-domain
info@hotelatlanticmare.it,Atlantic,,,,,Via Roma 38,,LAIGUEGLIA,SV,Liguria,,,no-domain
info@hotelatlanticalassio.it,Atlantic,,,,,Via Roma 52,,ALASSIO,SV,Liguria,,,no-domain
info@villahoteligea.com,Villa Igea,,,,,Via Roma 56,,ALASSIO,SV,Liguria,,,no-domain
info@hotelmediterranee.it,Mediterranée Grand Hotel,,,,,Via Roma 63,,ALASSIO,SV,Liguria,,,no-domain
info@hotelmignonchiavari.it,Mignon,,,,,Via Salietti 7,,CHIAVARI,GE,Liguria,,,no-domain
info@hotelsereno.com,Sereno,,,,,Via Val di Canepa 96,,SESTRI LEVANTE,GE,Liguria,,,no-domain
info@mondialhotel.it,Mondial,,,,,Via Venino 16-Località la Secca,,MONEGLIA,GE,Liguria,,,no-domain
info@grandalbergo-sestrilevante.com,Grande Albergo,,,,,Via Vittorio Veneto 2,,SESTRI LEVANTE,GE,Liguria,,,no-domain
info@hmiramarediano.it,Miramare,,,,,Via XX Settembre 12,,DIANO MARINA,IM,Liguria,,,no-domain
info@bristolvarazze.com,Bristol,,,,,Via XXIV Aprile 59,,VARAZZE,SV,Liguria,,,no-domain
info@hotellamilanese.191.it,La Milanese,,,,,Via XXV Aprile 173,,PIETRA LIGURE,SV,Liguria,,,no-domain
info@hotelconteverde.it,Conte Verde,,,,,Via Zara 1,,SANTA MARGHERITA LIGURE,GE,Liguria,,,no-domain
info@nuovohotelgarden.com,Nuovo Hotel Garden,,,,,Via Zara 13,,SANTA MARGHERITA LIGURE,GE,Liguria,,,no-domain
astor@astorhotel.it,Villa Astor,,,,,Viale delle Palme 18,,GENOVA - NERVI,GE,Liguria,,,no-domain
info@hotelristorantegenova.it,Genova,,,,,Viale Mazzini 126,,SESTRI LEVANTE,GE,Liguria,,,no-domain
info@hotelvillario.it,Villa Rio,,,,,Viale Mazzini 7,,SESTRI LEVANTE,GE,Liguria,,,no-domain
info@hotelbrignole.com,Brignole,,,,,Vico del Corallo 13/R,,GENOVA,GE,Liguria,,,no-domain
info@hoteleuropa-genova.com,Europa,,,,,Vico Monachette 8,,GENOVA,GE,Liguria,,,no-domain
info@castellodimonleone.com,Castello di Monteleone,,,,BB,Via Venino 3,,Moneglia,GE,Liguria,,,no-domain
info@hotelbuenosaires-milan.com,Buenos Aires,,,,,Corso Buenos Aires 26,,MILANO,MI,Lombardia,,,no-domain
reservation@grandhotelpuccini.it,Grand Hotel Puccini,,,,,Corso Buenos Aires 33,,MILANO,MI,Lombardia,,,no-domain
pubblicherelazioni@motelazzurra.it,Motel Azzurra,,,,,Corso Como 52,,LIMBIATE,MI,Lombardia,,,no-domain
info@lloydhotelmilano.it,Lloyd,,,,,Corso di Porta Romana 48,,MILANO,MI,Lombardia,,,no-domain
info@hotelbassini.it,Bassini,,,,,Corso Italia 91,,DARFO BOARIO TERME,BS,Lombardia,,,no-domain
info@hoteldelcorso-selvino.it,Del Corso,,,,,Corso Milano 23,,SELVINO,BG,Lombardia,,,no-domain
info@grand-hotel-fasano.it,Villa Principe - Grand Hotel Fasano,,,,,Corso Zanardelli 190,,GARDONE RIVIERA,BS,Lombardia,,,no-domain
hotelilriccio@jumpy.it,Il Riccio,,,,,Corso Zanardelli 284,,GARDONE RIVIERA - FASANO SOPRA,BS,Lombardia,,,no-domain
info@ambasciatorihotel.it,Ambasciatori,,,,,Galleria del Corso 3,,MILANO,MI,Lombardia,,,no-domain
info@trianonhotel.it,Trianon,,,,,Località Trianon,,GRAFFIGNANA,LO,Lombardia,,,no-domain
info@hotelalberi.lecco.it,Alberi,,,,,Lungo Lario Isonzo 4,,LECCO,LC,Lombardia,,,no-domain
info@hotelduca.com,Duca,,,,,Piazza Duca d'Aosta 6,,MILANO,MI,Lombardia,,,no-domain
info@hotelposta.so.it,Della Posta,,,,,Piazza Garibaldi 19,,SONDRIO,SO,Lombardia,,,no-domain
info@villamanzoni.net,Villa Manzoni,,,,,Piazza Garibaldi 2/A,,COLOGNO AL SERIO,BG,Lombardia,,,no-domain
hotelsanlorenzo@hotelsanlorenzobg.it,San Lorenzo,,,,,Piazza Mascheroni 9/A,,BERGAMO,BG,Lombardia,,,no-domain
booking@hotelmercuremilanocentro.it,Mercure Milano Centro Porta Venezia,,,,,Piazza Oberdan,,MILANO,MI,Lombardia,,,no-domain
info@hsmarco.com,San Marco,,,,,Piazza San Marco 5,,TOSCOLANO MADERNO - MADERNO,BS,Lombardia,,,no-domain
info@hotelgritti.com,Gritti,,,,,Piazza Santa Maria Beltrade 4,,MILANO,MI,Lombardia,,,no-domain
reception@hotelmontesole.com,Montesole,,,,,Piazza Spallino 2,,CARIMATE - MONTESOLARO,CO,Lombardia,,,no-domain
hotel@locandamel.it,Locanda del Mel,,,,,Piazza Vittorio Veneto 2-Località Centro,,CALOLZIOCORTE,LC,Lombardia,,,no-domain
info@albergosantantonio.it,Sant'Antonio,,,,,Piazza XIII Martiri 2,,LOVERE,BG,Lombardia,,,no-domain
info@albergomoderno.bg.it,Moderno,,,,,Piazza XIII Martiri 21,,LOVERE,BG,Lombardia,,,no-domain
info@hotelbaradello.com,Mini Hotel Baradello,,,,,Piazzale Camerlata 9/a,,COMO,CO,Lombardia,,,no-domain
info@nikihotel.eu,Niki Hotel,,,,,S.S. Paullese 415 Km. 15,,ZELO BUON PERSICO,LO,Lombardia,,,no-domain
info@hotelgoletta.com,La Goletta,,,,,Strada Statale 35 dei Giovi 37,,BINASCO,MI,Lombardia,,,no-domain
info@bagnimasino.it,Terme Bagni Masino,,,,,Strada Statale 404,,VAL MASINO,SO,Lombardia,,,no-domain
info@hotelgranaio.com,Il Granaio,,,,,Strada Statale Cisa 87,,PORTO MANTOVANO - BANCOLE,MN,Lombardia,,,no-domain
sigmahotel@sigmahotel.it,Sigma,,,,,Via A. Grandi 32,,CANTU',CO,Lombardia,,,no-domain
info@golfhoteleden.com,Golf Hotel Eden,,,,,Via Adamello 34,,APRICA,SO,Lombardia,,,no-domain
info@h-miramonti.it,Miramonti,,,,,Via alle Fonti 6,,ROTA D'IMAGNA,BG,Lombardia,,,no-domain
info@hoteltorremadesimo.com,Torre,,,,,Via Andossi 1,,MADESIMO,SO,Lombardia,,,no-domain
info@desenzanoplaza.it,Plaza,,,,,Via Anelli 24,,DESENZANO DEL GARDA,BS,Lombardia,,,no-domain
info@hotelsolefiori.com,Sole e Fiori,,,,,Via Antonio Gramsci 40,,DESENZANO DEL GARDA,BS,Lombardia,,,no-domain
regency@regency-milano.com,Regency Hotel,,,,,Via Arimondi 12,,MILANO,MI,Lombardia,,,no-domain
info@carmenhotel.it,Carmen,,,,,Via Arturo Toscanini 2,,TREZZANO SUL NAVIGLIO,MI,Lombardia,,,no-domain
info@grottovignazza.it,La Vignazza,,,,,Via Baraggia 17,,CUNARDO,VA,Lombardia,,,no-domain
info@anzibormio.com,Nevada,,,,,Via Battaglione Morbegno 21,,BORMIO,SO,Lombardia,,,no-domain
info@motelsirio.it,Sirio,,,,,Via Battisti 30,,MEDOLAGO,BG,Lombardia,,,no-domain
info@gardavittoria.it,Vittoria,,,,,Via Benamati 118,,TOSCOLANO MADERNO - MADERNO,BS,Lombardia,,,no-domain
hotel@villaeroma.191.it.it,Villa e Roma,,,,,Via Bergamo 33/35,,PALAZZOLO SULL'OGLIO,BS,Lombardia,,,no-domain
info@hotelterrazzo.it,Al Terrazzo di Salò,,,,,Via Bertoni 16,,SALO',BS,Lombardia,,,no-domain
info@albergolabettola.it,La Bettola,,,,,Via Bonaita 1,,URGNANO,BG,Lombardia,,,no-domain
albergolavetti@jumpy.it,Lavetti,,,,,Via Bosco Frati 5,,DALMINE,BG,Lombardia,,,no-domain
info@hotelbagliori.it,Bagliori,,,,,Via Boscovich 43,,MILANO,MI,Lombardia,,,no-domain
info@hotelarizonamilan.com,Arizona,,,,,Via Bressanone 4/A,,MILANO,MI,Lombardia,,,no-domain
info@hotelprincipedisaronno.it,Principe,,,,,Via Caduti della Liberazione 18,,SARONNO,VA,Lombardia,,,no-domain
info@rechigi.com,Rechigi,,,,,Via Calvi 30,,MANTOVA,MN,Lombardia,,,no-domain
info@leseriole.it,Le Seriole,,,,,Via Campagnotti 6-Località le Seriole,,ASOLA,MN,Lombardia,,,no-domain
hotel.larosa@cooraltur.it,La Rosa,,,,,Via Cantoniera 20-Località Bratto,,CASTIONE DELLA PRESOLANA - DORGA,BG,Lombardia,,,no-domain
info@hotellalepre.com,La Lepre,,,,,Via Caravaggio 37,,TREVIGLIO,BG,Lombardia,,,no-domain
colleoni@hotelcolleoni.com,Colleoni,,,,,Via Cardano 2,,AGRATE BRIANZA,MI,Lombardia,,,no-domain
hcc@giemmehotels.com,Cascata et Cristallo,,,,,Via Carducci 2,,MADESIMO,SO,Lombardia,,,no-domain
info@meuble-capriolo.com,Capriolo,,,,,Via Carducci 33,,MADESIMO,SO,Lombardia,,,no-domain
piandineve@yong-italia.it,Piandineve,,,,,Via Case Sparse del Tonale 78-Località Passo del Tonale,,PONTE DI LEGNO,BS,Lombardia,,,no-domain
belvedere@aparthotelbelvedere.com,Belvedere,,,,,Via Case Sparse Serraglie 32,,MANERBA DEL GARDA,BS,Lombardia,,,no-domain
info@dreamotel.it,Dreamotel,,,,,Via Casteggio 37,,MONTEBELLO DELLA BATTAGLIA,PV,Lombardia,,,no-domain
info@hotelvillacastiglioni.it,Villa Castiglioni,,,,,Via Castiglioni 1,,INDUNO OLONA,VA,Lombardia,,,no-domain
info@meridianahotel.net,Meridiana,,,,,Via Catullo 5,,SIRMIONE,BS,Lombardia,,,no-domain
info@stelladoro.org,Stella d'Oro,,,,,Via Cavalieri di Vittorio Veneto 1,,TREMOSINE,BS,Lombardia,,,no-domain
info@lavecchiarotaia.com,La Vecchia Rotaia,,,,,Via Cesare Beccaria 6,,GALLARATE,VA,Lombardia,,,no-domain
info@hotellacollinetta.com,La Collinetta,,,,,Via Cocquio 35,,SESTO CALENDE,VA,Lombardia,,,no-domain
lido@h-lido.com,Lido,,,,,Via Colletta 64-Località Villa,,GARGNANO,BS,Lombardia,,,no-domain
info@hotel-romagna.com,Romagna,,,,,Via Colombini 2,,TRADATE,VA,Lombardia,,,no-domain
info@hotelhabitat.it,Habitat,,,,,Via Como 2,,GIUSSANO,MI,Lombardia,,,no-domain
rossi@rossionline.it,Suisse,,,,,Via Condominio 2,,SIRMIONE,BS,Lombardia,,,no-domain
info@parco-hotel.com,Parco,,,,,Via Confalonieri 133,,VILLASANTA,MI,Lombardia,,,no-domain
booking@clubhotelmilano.com,Club,,,,,Via Copernico 18,,MILANO,MI,Lombardia,,,no-domain
info@albergomax.it,Max,,,,,Via Corna 3,,CASTIONE DELLA PRESOLANA,BG,Lombardia,,,no-domain
info@albergomiranda.it,Miranda,,,,,Via Cornello 8,,RIVA DI SOLTO - ZORZINO,BG,Lombardia,,,no-domain
info@palacehotelcrema.com,Palace,,,,,Via Cresmiero 10,,CREMA,CR,Lombardia,,,no-domain
info@hotelgardenlivigno.com,Garden,,,,,Via Crosal 54,,LIVIGNO,SO,Lombardia,,,no-domain
info@villangela.it,Villa Angela,,,,,Via Dante 13,,TOSCOLANO MADERNO - MADERNO,BS,Lombardia,,,no-domain
info@hotelleonedoro.com,Il Leone d'Oro,,,,,Via Dante Alighieri 17,,TELGATE,BG,Lombardia,,,no-domain
info@ristorantecabianca.it,Ca' Bianca,,,,,Via Dante Alighieri 18,,OGGIONO,LC,Lombardia,,,no-domain
info@bravihotel.it,Bergamhotel,,,,,Via Dante Alighieri 22,,MAPELLO,BG,Lombardia,,,no-domain
info@hotelumbertoprimo.it,Umberto Primo,,,,,Via Dante Alighieri 63,,SEREGNO,MI,Lombardia,,,no-domain
info@la-cupola.it,La Cupola,,,,,Via De Gasperi 18,,LURANO,BG,Lombardia,,,no-domain
prenotazioni@ripamontiresidence.com,Ripamontidue,,,,,Via dei Pini 1,,PIEVE EMANUELE,MI,Lombardia,,,no-domain
aurelio@hotellaconchiglia.com,La Conchiglia,,,,,Via del Commercio 2,,ROMANO DI LOMBARDIA,BG,Lombardia,,,no-domain
info@motelnightandday.eu,Grand Motel Night&Day,,,,,Via del Commercio 4,,SAN MARTINO IN STRADA,LO,Lombardia,,,no-domain
info@ilgalloelastella.it,Il Gallo e la Stella,,,,,Via del Santuario 5,,VARESE,VA,Lombardia,,,no-domain
info@florida-hotel.it,Florida,,,,,Via della Repubblica 115/117,,MANERBA DEL GARDA - PIEVE VECCHIA,BS,Lombardia,,,no-domain
info@residencegolfhotel.biz,Golf Residence,,,,,Via Diaz,,OPERA,MI,Lombardia,,,no-domain
reception@bozziparkhotel.com,Park Hotel Bozzi,,,,,Via Europa 40,,APRICA,SO,Lombardia,,,no-domain
canterino@hotelgardenia-cermenate.it,Gardenia,,,,,Via Europa Unita,,CERMENATE,CO,Lombardia,,,no-domain
info@hotelcoronacologno.it,Corona,,,,,Via Felice Cavallotti 72,,COLOGNO MONZESE,MI,Lombardia,,,no-domain
info@hotelsantacaterina.net,Santa Caterina,,,,,Via Freita 9,,VALFURVA - SANTA CATERINA,SO,Lombardia,,,no-domain
info@yeshotel.it,Yes,,,,,Via Fusinato 35,,VARESE,VA,Lombardia,,,no-domain
info@hotelredaelli.it,Redaelli,,,,,Via Garibaldi 77,,BARZANO',LC,Lombardia,,,no-domain
pina@posta2000.com,La Pina,,,,,Via Garibaldi 98,,REZZATO,BS,Lombardia,,,no-domain
info@albergorizzi.it,Rizzi Aquacharme,,,,,Via Giosuè Carducci 5/11,,DARFO BOARIO TERME,BS,Lombardia,,,no-domain
info@hotelvareselago.com,Varese Lago Motor Hotel,,,,,Via Giovanni Macchi 61,,VARESE,VA,Lombardia,,,no-domain
info@hotelbelvedereonline.com,Belvedere,,,,,Via Guardi 20,,CASTIGLIONE DELLE STIVIERE,MN,Lombardia,,,no-domain
info@mercuriohotel.com,Mercurio,,,,,Via Hermada 2,,SARONNO,VA,Lombardia,,,no-domain
info@agora-hotel-ristorante.it,Agorà,,,,,Via I Maggio 6/8,,GORLAGO,BG,Lombardia,,,no-domain
info@gardenhotelsuzzara.it,Garden,,,,,Via Ippolito Nievo 16/A,,SUZZARA,MN,Lombardia,,,no-domain
info@sullastradadellago.it,Sulla Strada del Lago,,,,,Via Italia 48,,PAITONE,BS,Lombardia,,,no-domain
info@anticatorreviscontea.com,Antica Torre Viscontea,,,,,Via Italia '61 13,,SAN GENESIO ED UNITI,PV,Lombardia,,,no-domain
info@hotelcyrano.it,Cyrano,,,,,Via IV Novembre 11/13,,SARONNO,VA,Lombardia,,,no-domain
info@hotelcaporealmol.it,Capo Reamol,,,,,Via IV Novembre 92,,LIMONE SUL GARDA,BS,Lombardia,,,no-domain
mail@alabardahotel.it,Alabarda,,,,,Via Labirinto 6,,BRESCIA,BS,Lombardia,,,no-domain
info@hotel-sancarlo.com,San Carlo,,,,,Via le Ponti 96,,VALDIDENTRO,SO,Lombardia,,,no-domain
info@hotelroboris.it,Roboris,,,,,Via Lecco 569,,PONTIDA,BG,Lombardia,,,no-domain
info@hoteleurmilano.it,Eur,,,,,Via Leonardo da Vinci 36,,TREZZANO SUL NAVIGLIO,MI,Lombardia,,,no-domain
info@hotelbelvederesirmione.it,Belvedere,,,,,Via Lucchino Porto Galeazzi 2,,SIRMIONE,BS,Lombardia,,,no-domain
milano@piziohotel.it,Milano,,,,,Via Manifattura 21,,DARFO BOARIO TERME,BS,Lombardia,,,no-domain
pubblicherelazioni@hoteldeigiovi.it,Motel dei Giovi,,,,,Via Manzoni 99/Bis,,CESANO MADERNO,MI,Lombardia,,,no-domain
info@baiabluhotel.it,Baia Blu Sirmione Hotel,,,,,Via Marconi 31,,SIRMIONE,BS,Lombardia,,,no-domain
info@maxim-hotel.it,Maxim,,,,,Via Marconi 5,,OSPEDALETTO LODIGIANO,LO,Lombardia,,,no-domain
info@albergodapio.it,Da Pio,,,,,Via Martiri Zampori 6,,CASTELVECCANA,VA,Lombardia,,,no-domain
info@hotelsiredward.it,Sir Edward,,,,,Via Mazzini 4,,MILANO,MI,Lombardia,,,no-domain
info@grandhotelmalpensa.com,Grand Hotel Malpensa,,,,,Via Mazzini 63,,SOMMA LOMBARDO,VA,Lombardia,,,no-domain
info@albergocornelio.com,Cornelio,,,,,Via Milano 1,,BIZZARONE,CO,Lombardia,,,no-domain
info@hotelquattrostrade.it,Quattro Strade,,,,,Via Montenero 124,,GARBAGNATE MILANESE,MI,Lombardia,,,no-domain
informazioni.hotel.mentana@mentanaenapoleon.it,Mentana,,,,,Via Morigi 2,,MILANO,MI,Lombardia,,,no-domain
info@va-parkhotel.it,Park Hotel,,,,,Via Motta 4,,BRUSIMPIANO,VA,Lombardia,,,no-domain
sancarlo@sancarlo-hotel.it,San Carlo,,,,,Via Napo Torriani 28,,MILANO,MI,Lombardia,,,no-domain
info@augustushotel.it,Augustus,,,,,Via Napo Torriani 29,,MILANO,MI,Lombardia,,,no-domain
info@alexanderhotelmilano.com,Alexander,,,,,Via Napo Torriani 9,,MILANO,MI,Lombardia,,,no-domain
info@parkhotelabbadia.com,Park Hotel,,,,,Via Nazionale 142,,ABBADIA LARIANA,LC,Lombardia,,,no-domain
info@hotelsancarloallago.it,San Carlo,,,,,Via Nazionale 26,,SPINONE AL LAGO,BG,Lombardia,,,no-domain
info@continentalhotelva.com,Continental,,,,,Via Nino Bixio 3,,BIANDRONNO,VA,Lombardia,,,no-domain
reception@albergodellarotonda.it,Della Rotonda,,,,,Via Novara 53,,SARONNO,VA,Lombardia,,,no-domain
info@albergoristorantelafenice.it,La Fenice,,,,,Via Oberdan 6,,FINO MORNASCO,CO,Lombardia,,,no-domain
info@paluhotel.it,Palù,,,,,Via Ostaria 313,,LIVIGNO,SO,Lombardia,,,no-domain
info@hotel-lacontea.com,La Contea,,,,,Via P. V. Marone 3/B,,MARCARIA,MN,Lombardia,,,no-domain
info@hotelcastelbarco.it,Hotel Castelbarco,,,,,Via per Concesa,,VAPRIO D'ADDA,MI,Lombardia,,,no-domain
villastupenda@villastupenda.it,Villa Stupenda,,,,,Via per Lecco 3,,BELLANO,LC,Lombardia,,,no-domain
info@parkhotelgiada.it,Park Hotel Giada,,,,,Via Platani 6,,ARESE,MI,Lombardia,,,no-domain
info@hotelalaska.info,Alaska,,,,,Via Pontiglia 173,,LIVIGNO,SO,Lombardia,,,no-domain
info@hotel.prealpi.it,Prealpi,,,,,Via Provinciale 54-Località Bratto,,CASTIONE DELLA PRESOLANA - DORGA,BG,Lombardia,,,no-domain
info@hotelmerloni.it,Merloni,,,,,Via Re Magi 6,,GRANDOLA ED UNITI,CO,Lombardia,,,no-domain
info@albergobellevue.it,Grand Hotel Cadenabbia,,,,,Via Regina 1,,GRIANTE - CADENABBIA,CO,Lombardia,,,no-domain
reservation@hotelvillalindacomo.it,Villa Linda,,,,,Via Regina 87,,GRIANTE - CADENABBIA,CO,Lombardia,,,no-domain
info@hotelplinioaulac.it,Plinio au Lac,,,,,Via Regina Vecchia 101,,LAGLIO,CO,Lombardia,,,no-domain
info@meublesorriso.it,Sorriso,,,,,Via Religione 5,,TOSCOLANO MADERNO,BS,Lombardia,,,no-domain
info@lalucanda.it,La Lucanda,,,,,Via Risorgimento 15/A,,OSIO SOTTO,BG,Lombardia,,,no-domain
info@locandatrere.it,Antica Locanda Tre Re,,,,,Via Roma 112/A,,CASTELLUCCHIO,MN,Lombardia,,,no-domain
info@villamariamimosa.com,Villa Maria,,,,,Via Roma 45-Maderno,,TOSCOLANO MADERNO,BS,Lombardia,,,no-domain
info@newronchi.it,I Ronchi,,,,,Via Roma 86,,BARZANO',LC,Lombardia,,,no-domain
info@hotel-rovello.it,Rovello,,,,,Via Rovello 18,,MILANO,MI,Lombardia,,,no-domain
info@hotelsangerolamo.it,San Gerolamo,,,,,Via San Gerolamo 76,,VERCURAGO - SOMASCA,LC,Lombardia,,,no-domain
info@hotelsanmartino-boario.it,San Martino,,,,,Via San Martino 28,,DARFO BOARIO TERME,BS,Lombardia,,,no-domain
marcello@hotelloft.it,Loft,,,,,Via San Martino del Carso 45,,MANERBIO,BS,Lombardia,,,no-domain
info@grandhotelduomo.com,Grand Hotel Duomo,,,,,Via San Raffaele 1,,MILANO,MI,Lombardia,,,no-domain
info@hotel-trevalli.it,Tre Valli,,,,,Via San Rocco 56,,BAGOLINO,BS,Lombardia,,,no-domain
info@nuovohotelnovarafiera.it,Nuovo Novara Fiera,,,,,Via Santa Maria 6,,BAREGGIO,MI,Lombardia,,,no-domain
info@hotel-santamarta.it,Santa Marta,,,,,Via Santa Marta 4,,MILANO,MI,Lombardia,,,no-domain
lealpi@alpi-hotels.com,Le Alpi,,,,,Via Saroch 366/F,,LIVIGNO,SO,Lombardia,,,no-domain
piccolomondo@livinet.it,Piccolo Mondo,,,,,Via Saroch 757,,LIVIGNO,SO,Lombardia,,,no-domain
locandafranciacorta@katamail.it,La Locanda della Franciacorta,,,,,Via Seradina 13,,CORTE FRANCA - TIMOLINE,BS,Lombardia,,,no-domain
info@parcodellafonte.it,Parco della Fonte,,,,,Via Sopranico 12-Località Castello,,VALLIO TERME,BS,Lombardia,,,no-domain
info@crystal-varese.it,Crystal,,,,,Via Speroni 10,,VARESE,VA,Lombardia,,,no-domain
info@hotelristorantesole.com,Sole,,,,,Via Statale Regina 75,,SAN SIRO,CO,Lombardia,,,no-domain
info@albergopioppeto.com,Motel Pioppeto,,,,,Via Strà Madonna 15,,SARONNO,VA,Lombardia,,,no-domain
reservation@porropirelli.boscolo.com,Porro Pirelli,,,,,Via Tabacchi 20,,INDUNO OLONA,VA,Lombardia,,,no-domain
info@albergoastron.it,Astron,,,,,Via Togni 14,,BRESCIA,BS,Lombardia,,,no-domain
info@hoteledo.it,Edo,,,,,Via Trento 32,,VIMERCATE,MI,Lombardia,,,no-domain
info@hotelsocrate.com,Socrate,,,,,Via Ungeria 1,,LAVENA PONTE TRESA,VA,Lombardia,,,no-domain
info@albergoleterrazze.it,Le Terrazze,,,,,Via Varese 79,,ISPRA,VA,Lombardia,,,no-domain
info@lapistahotel.it,La Pista,,,,,Via Verbano 1,,CASORATE SEMPIONE,VA,Lombardia,,,no-domain
info@hotelsirmionederby.com,Derby,,,,,Via Verona 122,,SIRMIONE,BS,Lombardia,,,no-domain
info@hoteldulacsirmione.com,Du Lac,,,,,Via XXV Aprile 60,,SIRMIONE,BS,Lombardia,,,no-domain
info@lamuragliahotel.it,La Muraglia,,,,,Via Zanardelli 11,,POZZOLENGO,BS,Lombardia,,,no-domain
info@saturniahotel.it,Saturnia,,,,,Via Zanardelli 155,,GARDONE RIVIERA,BS,Lombardia,,,no-domain
info@bossihotel.it,Bossi,,,,,Viale Alessandro Manzoni 22,,DARFO BOARIO TERME,BS,Lombardia,,,no-domain
info@hotelmercurecinisello.it,Mercure Milano Cinisello Balsamo,,,,,Viale Brianza 50,,CINISELLO BALSAMO,MI,Lombardia,,,no-domain
info@hotel-certosa.it,Certosa,,,,,Viale Certosa 26,,MILANO,MI,Lombardia,,,no-domain
info@edenhotelmantova.it,Eden,,,,,Viale della Libertà 1,,CASTEL D'ARIO,MN,Lombardia,,,no-domain
info@htl-europa.it,Europa,,,,,Viale Gusmini 3,,CLUSONE,BG,Lombardia,,,no-domain
info.hc@continental-hotel.net,Continental,,,,,Viale Innocenzo XI 15,,COMO,CO,Lombardia,,,no-domain
info@forumhotel.biz,Forum,,,,,Viale Lombardia 64,,ROZZANO,MI,Lombardia,,,no-domain
info@hotelombardia.com,Lombardia,,,,,Viale Lombardia 74/76,,MILANO,MI,Lombardia,,,no-domain
info@hoteltermediangolo.it,Terme,,,,,Viale Terme 51,,ANGOLO TERME,BS,Lombardia,,,no-domain
info@lido-international.com,Lido International,,,,,Viale Tommaso dal Molin 63,,DESENZANO DEL GARDA,BS,Lombardia,,,no-domain
thotelmilano@thotelgroup.it,thotel milano,,,,,,,Trezzano sul Naviglio,MI,Lombardia,,,no-domain
gcastellini@sopafgroup.it,sopaf spa,,,,,,,milano,MI,Lombardia,,,no-domain
g.piana@hotelsviluppo.com,hotel sviluppo srl,,,,,,,milano,MI,Lombardia,,,no-domain
renato@rockresort.it,Hotel Rock,,,,,,,Toscolano Maderno,BS,Lombardia,,,no-domain
pedrani.cinzia@bedbreakfastalp.it,I Due Noci,,,,BB,Via Amalfi 7,,Cardano Al Campo,VA,Lombardia,,,no-domain
crivellari.lucia@bedandbreakfastalp.it,Rose tra gli Archi,,,,BB,via Alberè,,Cuasso al Monte,VA,Lombardia,,,no-domain
info@bolsonedimora.com,Dimora Bolsone,,,,BB,Via Panoramica 23,,Gardone Riviera,BS,Lombardia,,,no-domain
giovannapaola.crolla@bedbreakfastalp.it,La Pesadita,,,,BB,Via C. Battisti 16,,Golasecca,VA,Lombardia,,,no-domain
bed012000@yahoio.it,Amici Miei,,,,BB,Via Ponchielli 7,,Mozzo,BG,Lombardia,,,no-domain
miraglia.lucia@bedbreakfastalp.it,Villa Grazia,,,,BB,,,Sant'Ambrogio Olana,VA,Lombardia,,,no-domain
info@sforzahotel.it,Degli Sforza,,,,,Corso Italia 8/10,,MONTERUBBIANO,AP,Marche,,,no-domain
info@hotelgrimaldi.it,Grimaldi,,,,,Corso Italia Libera 9,,TREIA,MC,Marche,,,no-domain
info@hotelfarfense.it,Farfense,,,,,Corso Matteotti 41,,SANTA VITTORIA IN MATENANO,AP,Marche,,,no-domain
info@hotelambassador.ps.it,Ambassador,,,,,Lungomare Cristoforo Colombo 127-Località Marotta,,MONDOLFO,PU,Marche,,,no-domain
info@hoteleuropa-an.it,Europa,,,,,Lungomare Dante Alighieri 110,,SENIGALLIA,AN,Marche,,,no-domain
info@hotellidofermo.it,Lido,,,,,Lungomare Fermano 104,,FERMO - LIDO DI FERMO,AP,Marche,,,no-domain
info@hinternational.net,International,,,,,Lungomare G. Mameli 44,,SENIGALLIA,AN,Marche,,,no-domain
info@hotelrex.tv,Rex,,,,,Lungomare Italia 67,,SENIGALLIA - MARZOCCA,AN,Marche,,,no-domain
info@hotelmetropol.net,Metropol,,,,,Lungomare Leonardo Da Vinci 11,,SENIGALLIA,AN,Marche,,,no-domain
info@hotelsporting.biz,Sporting,,,,,Lungomare Nazario Sauro 23,,PESARO,PU,Marche,,,no-domain
info@dolcinihotels.it,President's,,,,,Lungomare Nazario Sauro 33,,PESARO,PU,Marche,,,no-domain
info@hotelussita.com,Ussita,,,,,Piazza Cavallari,,USSITA,MC,Marche,,,no-domain
info@pellegrinoepace.it,Hotel Ristorante Pellegrino e Pace,,,,,Piazza della Madonna 51,,LORETO,AN,Marche,,,no-domain
info@hotelristorantecentrale.it,Centrale,,,,,Piazza Gentili 10/12,,SAN GINESIO,MC,Marche,,,no-domain
info@aubergehotellerie.com,Relais degli Scalzi,,,,,Piazza Mazzini 3,,SASSOFERRATO,AN,Marche,,,no-domain
royal@timropa.com,Royal,,,,,Piazza Piccolomini 3,,FERMO - LIDO DI FERMO,AP,Marche,,,no-domain
palace@timropa.com,Palace,,,,,Piazza Rosselli 6,,CIVITANOVA MARCHE,MC,Marche,,,no-domain
info@hotelmarchigiano.com,Bellevue & Marchigiano,,,,,Piazzale David Squarcia 14,,LORETO,AN,Marche,,,no-domain
info@motelcarnevali.com,Carnevali,,,,,S.S. 77 Km. 44-Bivio Maddalena - Maddalena,,MUCCIA,MC,Marche,,,no-domain
info@internationalcaglihotel.it,International Cagli,,,,,Strada Civita 5,,CAGLI,PU,Marche,,,no-domain
info@villa-serena.it,Villa Serena,,,,,Strada di San Nicola 6/3,,PESARO,PU,Marche,,,no-domain
info@hotelristoranteregina.it,Regina,,,,,Strada Statale 16 Adriatica 12,,PORTO RECANATI,MC,Marche,,,no-domain
info@hoteledensarnano.com,Hotel Eden Centro Benessere Novidra,,,,,Via A. De Gasperi 26,,SARNANO,MC,Marche,,,no-domain
contatta@hotelzioemilio.it,Zio Emilio,,,,,Via Alessandro Volta 24,,SAN BENEDETTO DEL TRONTO,AP,Marche,,,no-domain
info@albergoconcorde.it,Concorde,,,,,Via Aspio Terme 191,,CAMERANO,AN,Marche,,,no-domain
info@hotelphilosophy.it,Philosophy Hotel,,,,,Via Bixio 1-Località Stella,,MONSAMPOLO DEL TRONTO,AP,Marche,,,no-domain
info@garden-hotel.net,Garden,,,,,Via Bruno Buozzi 8,,SAN BENEDETTO DEL TRONTO,AP,Marche,,,no-domain
info@hoteleko.it,Eko,,,,,Via Buonincontri 26,,FANO - LE TORRETTE,PU,Marche,,,no-domain
info@hotelcollegiogentile.com,Collegio Gentile,,,,,Via Cavour 106,,FABRIANO,AN,Marche,,,no-domain
info@tavernaallaselva.it,Antica Taverna della Selva,,,,,Via Cicerone 1,,CINGOLI - SAN VITTORE,MC,Marche,,,no-domain
info@hotelmiramonticingoli.it,Miramonti,,,,,Via dei Cerquatti 31,,CINGOLI,MC,Marche,,,no-domain
info@hoteldellarobbia.com,Della Robbia,,,,,Via dei Gelsi 2,,URBINO - GADANA,PU,Marche,,,no-domain
info@hotelilgiglio.it,Il Giglio,,,,,Via del Corso 8,,CORINALDO,AN,Marche,,,no-domain
info@hotelmoretti.it,Moretti Dante,,,,,Via E. Fermi 4/a,,MONTELUPONE,MC,Marche,,,no-domain
florence@hotel-florence.com,Florence,,,,,Via Faà di Bruno 15,,FANO - MAROTTA,PU,Marche,,,no-domain
info@hotelsanmarco-marotta.it,San Marco,,,,,Via Faà di Bruno 43,,FANO - MAROTTA,PU,Marche,,,no-domain
info@hotelspiaggiadoro.it,Spiaggia d'Oro,,,,,Via Faà di Bruno 54,,FANO - MAROTTA,PU,Marche,,,no-domain
info@sporting-hotel.it,Sporting Hotel,,,,,Via Flaminia 220,,ANCONA,AN,Marche,,,no-domain
info@girasole2000.com,Il Girasole,,,,,Via Foscolo 28,,MONDOLFO,PU,Marche,,,no-domain
info@hotelmaestrale.it,Maestrale,,,,,Via Fosse Ardeatine 12,,SAN BENEDETTO DEL TRONTO,AP,Marche,,,no-domain
info@hotelromaepace.it,Hotel Roma & Pace,,,,,Via G. Leopardi 1,,ANCONA,AN,Marche,,,no-domain
info@pitinum.com,Pitinum,,,,,Via Giacomo Matteotti 16,,MACERATA FELTRIA,PU,Marche,,,no-domain
info@hoteldelcavaliere.it,Del Cavaliere,,,,,Via Gramsci 7,,MONTEPRANDONE - CENTOBUCHI,AP,Marche,,,no-domain
info@hotelmimosa.org,Mimosa,,,,,Via Ischia 115/A,,NUMANA - MARCELLI,AN,Marche,,,no-domain
info@clubsantacristiana.it,Club Santa Cristiana,,,,,Via Loreto 1,,NUMANA,AN,Marche,,,no-domain
info@hotel-laurino.it,Laurino,,,,,Via Macerata 77,,MONTE SAN GIUSTO,MC,Marche,,,no-domain
info@relaisvillaricci.it,Relais Villa Ricci,,,,,Via Marconi 20,,PEDASO,AP,Marche,,,no-domain
info@oviv.it,O'Viv,,,,,Via Marziale 43,,ACQUAVIVA PICENA,AP,Marche,,,no-domain
fancell@hotelmassi.com,Massi,,,,,Via Merloni 8,,MATELICA,MC,Marche,,,no-domain
info@hotelhausecharlotte.it,Haus Charlotte,,,,,Via Milli 10,,SAN BENEDETTO DEL TRONTO,AP,Marche,,,no-domain
info@hoteldeparco.info,Del Parco,,,,,Via Molino 48,,MONTEFIORE DELL'ASO,AP,Marche,,,no-domain
info@hotelresidencecharly.it,Charly,,,,,Via Nazionale 78,,FERMO - LIDO DI FERMO,AP,Marche,,,no-domain
info@anconahotelssrl.191.it,Express by Holiday Inn,,,,,Via Nicola Abbagnano 12,,SENIGALLIA,AN,Marche,,,no-domain
info@hotelrivierasbt.it,Riviera,,,,,Via Orazio 8,,SAN BENEDETTO DEL TRONTO,AP,Marche,,,no-domain
info@harcadia.it,Arcadia,,,,,Via Padre Matteo Ricci 134,,MACERATA,MC,Marche,,,no-domain
info@duecampanili.it,2 Campanili Relais,,,,,Via Panoramica 2/A,,MONTEMAGGIORE AL METAURO,PU,Marche,,,no-domain
athena@gabiccehotelzanni.com,Athena,,,,,Via Panoramica 9,,GABICCE MARE,PU,Marche,,,no-domain
info@lapalazzinahotel.it,La Palazzina,,,,,Via Premuda - Lungomare Trieste 7,,SAN BENEDETTO DEL TRONTO,AP,Marche,,,no-domain
info@hotelvalbruna.it,Valbruna,,,,,Via Redipuglia 1,,GABICCE MARE,PU,Marche,,,no-domain
info@hotelalessandra.it,Alessandra,,,,,Via Risorgimento 11/13,,NUMANA,AN,Marche,,,no-domain
info@royalhotelbt.it,Royal Hotel,,,,,Via Ristori 24,,SAN BENEDETTO DEL TRONTO,AP,Marche,,,no-domain
info@hotelristorantelena.com,Elena,,,,,Via Rosi 20,,VISSO,MC,Marche,,,no-domain
info@klass-hotel.com,Klass Hotel,,,,,Via S.S. 16 - Km 317,,CASTELFIDARDO,AN,Marche,,,no-domain
sbt@hmareblu.com,Mare Blu,,,,,Via San Giacomo 16,,SAN BENEDETTO DEL TRONTO,AP,Marche,,,no-domain
info@panoramicsirolo.it,Panoramic,,,,,Via San Michele 8,,SIROLO,AN,Marche,,,no-domain
hotel@iltuocorbezzolo.com,Il Tuo Corbezzolo,,,,,Via Sant'Egidio 25,,RIPATRANSONE,AP,Marche,,,no-domain
info@serraalta.it,Serra Alta,,,,,Via Serra Alta 28,,FERMIGNANO,PU,Marche,,,no-domain
info@delcacciatore.it,Del Cacciatore,,,,,Via Spinabello 13,,MUCCIA,MC,Marche,,,no-domain
info@hotel-perla.it,Perla,,,,,Via Trento 5,,GABICCE MARE,PU,Marche,,,no-domain
info@fontespinohotel.it,Fontespino,,,,,Via Tufo 51,,URBINO,PU,Marche,,,no-domain
info@loretoitaly.com,Villa Tetlameya,,,,,Via Villa Costantina 187,,LORETO,AN,Marche,,,no-domain
excelsior@gabiccehotelzanni.com,Excelsior,,,,,Via Vittorio Veneto 73,,GABICCE MARE,PU,Marche,,,no-domain
info@hotel-augusta.it,Augusta,,,,,Via Vittorio Veneto 77/A,,GABICCE MARE,PU,Marche,,,no-domain
info@hotelexodus.com,Exodus,,,,,Viale A. De Gasperi 236,,GROTTAMMARE,AP,Marche,,,no-domain
info@hotelelisabeth.it,Elisabeth,,,,,Viale Carducci 12,,FANO,PU,Marche,,,no-domain
royal@innitalia.com,Royal,,,,,Viale Cesare Battisti 144,,PESARO,PU,Marche,,,no-domain
info@dolcinihotels.com,Flying,,,,,Viale Giuseppe Verdi 126,,PESARO,PU,Marche,,,no-domain
info@narcisisrl.it,Tamanaco,,,,,Viale Rinascimento 105,,SAN BENEDETTO DEL TRONTO,AP,Marche,,,no-domain
info@hotelpersico.it,Persico,,,,,Viale Rinascimento 5,,SAN BENEDETTO DEL TRONTO,AP,Marche,,,no-domain
info@hotelcapitol.pu.it,Capitol,,,,,Viale Rovereto 19,,PESARO,PU,Marche,,,no-domain
info@elmarvanze.it,Beaurivage,,,,,Viale Trieste 30,,PESARO,PU,Marche,,,no-domain
hotelgarden@innitalia.com,Garden,,,,,Viale Trieste 351,,PESARO,PU,Marche,,,no-domain
baltic@vacanzamica.com,Baltic,,,,,Viale Trieste 36,,PESARO,PU,Marche,,,no-domain
info@leonardodavincihotelpesaro.it,Leonardo da Vinci,,,,,Viale Trieste 54,,PESARO,PU,Marche,,,no-domain
info@hoteldellenazioni.pu.it,Delle Nazioni,,,,,Viale Trieste 60,,PESARO,PU,Marche,,,no-domain
hotelrexpesaro@hotelrexpeasaro.it,Rex,,,,,Viale Trieste 98,,PESARO,PU,Marche,,,no-domain
info@hr-hotelroma.it,Roma,,,,,Viale Vittorio Veneto 16,,CIVITANOVA MARCHE,MC,Marche,,,no-domain
info@caandreana.com,Cà Andreana,,,,BB,Via Gadana 119,,Urbino,PU,Marche,,,no-domain
info@sweetdreamshotel.com,Sweet Dreams,,,,,Strada Statale 16 Km 551,,CAMPOMARINO,CB,Molise,,,no-domain
lapineta@lapinetahotel.it,La Pineta,,,,,Via Campobasso 1,,FERRAZZANO,CB,Molise,,,no-domain
info@grandhotelaljope.com,Grand Hotel Aljope,,,,,Via Dante Alighieri 4,,GUGLIONESI,CB,Molise,,,no-domain
info@parkhotelcampitelli2.it,Park Hotel Campitelli 2,,,,,Via San Benedetto 1,,LARINO,CB,Molise,,,no-domain
info@locandaalfieri.com,locanda alfieri,,,,,,,termoli,CB,Molise,,,no-domain
info@hoteloberthaler.com,Oberthaler Park Hotel,,,,,Borgata Palù 68,,SAPPADA,BL,Piemonte,,,no-domain
albergo@larenzania.it,Tenuta Larenzania,,,,,Borgata Pian del Troglio 16,,DOGLIANI,CN,Piemonte,,,no-domain
motelalba@motelalba.it,Motel Alba,,,,,Corso Asti 5,,ALBA,CN,Piemonte,,,no-domain
info@hotelloscudiero.it,Lo Scudiero,,,,,Corso Casale 89,,TORINO,TO,Piemonte,,,no-domain
office@agrihotelsulpiano.it,Agrihotel Sulpiano,,,,,Corso De Gasperi 64,,MONTA',CN,Piemonte,,,no-domain
info@hotelvictorianovara.it,Victoria,,,,,Corso della Vittoria 101,,NOVARA,NO,Piemonte,,,no-domain
info@hotelpriore.it,Priore,,,,,Corso Ferraris Galileo 58,,ASTI,AT,Piemonte,,,no-domain
info@hotelcolli.it,Colli,,,,,Corso Italia 4-Località Vallesella,,SAN VITO DI CADORE,BL,Piemonte,,,no-domain
mail@gillyhotel.it,Gilly,,,,,Corso Lombardini 1,,TORRE PELLICE,TO,Piemonte,,,no-domain
info@lacupolahotel.it,La Cupola,,,,,Corso Milano 43,,NOVARA,NO,Piemonte,,,no-domain
principe16@hotelprincipetorino.191.it,Principe di Torino,,,,,Corso Moncalieri 85,,TORINO,TO,Piemonte,,,no-domain
info@cavallinotortona.it,Cavallino San Marziano,,,,,Corso Romita 83,,TORTONA,AL,Piemonte,,,no-domain
info@albergodellacorona.it,Della Corona,,,,,Corso Romualdo Marenco 11,,NOVI LIGURE,AL,Piemonte,,,no-domain
info@hldv.info,La Dolce Vita,,,,,Corso Sempione 110,,BORGOMANERO,NO,Piemonte,,,no-domain
anzivino@anzivino.net,Alkò Anzivino,,,,,Corso Valsesia 162,,GATTINARA,VC,Piemonte,,,no-domain
info@hotelcontebiancamano.it,Conte Biancamano,,,,,Corso Vittorio Emanuele II 73,,TORINO,TO,Piemonte,,,no-domain
info@hotel-quattrovalli.it,Quattro Valli,,,,,Frazione Faè 22,,LONGARONE - FAE',BL,Piemonte,,,no-domain
lachapelle@cherose.it,La Chapelle,,,,,Frazione Jouvenceaux 127,,SAUZE D'OULX - JOUVENCEAUX,TO,Piemonte,,,no-domain
info@hotelboscoverde.it,Bosco Verde,,,,,Frazione Pecol 1,,ZOLDO ALTO - PECOL,BL,Piemonte,,,no-domain
info@hotelmareschipalace.it,Mareschi Palace,,,,,Largo Donegani 6,,NOVARA,NO,Piemonte,,,no-domain
info@roeropark.it,Roero Park,,,,,Località Maunera 45,,SOMMARIVA PERNO,CN,Piemonte,,,no-domain
mario@laforesteriadimassello.com,La Foresteria,,,,,Località Molino 4,,MASSELLO,TO,Piemonte,,,no-domain
info@sporthotelcesana.it,Sport,,,,,Località Sagnalonga 22,,CESANA TORINESE - SOLOMIAC,TO,Piemonte,,,no-domain
info@monasterodelrul.it,Monastero del Rul,,,,BB,Località Vezzolato 57,,Albugnano,AT,Piemonte,,,no-domain
info@hotel-faloria.it,Park Hotel Faloria,,,,,Località Zuel di Sopra 46,,CORTINA D'AMPEZZO,BL,Piemonte,,,no-domain
info@hotelristorantereale.it,Reale,,,,,Piazza Alfieri 6,,ASTI,AT,Piemonte,,,no-domain
info@albergodelgallo.eu,Del Gallo,,,,,Piazza Caduti della Libertà 36,,CORIO,TO,Piemonte,,,no-domain
info@castellodibubbio.it,Castello di Bubbio,,,,,Piazza Castello 3,,BUBBIO,AT,Piemonte,,,no-domain
info@albergo-garden.it,Garden,,,,,Piazza Frola Secondo Senatore 4,,MONTANARO,TO,Piemonte,,,no-domain
info@hotelcavalieri.net,Cavalieri,,,,,Piazza Giovanni Arpino 37,,BRA,CN,Piemonte,,,no-domain
info@hoteldellolmo.it,Dell'Olmo,,,,,Piazza Libertà 7,,ORMEA,CN,Piemonte,,,no-domain
info@hotelnordest.net,Nord Est,,,,,Piazza Martiri 22,,SEDICO,BL,Piemonte,,,no-domain
info@sportinghotel-cadore.com,Sporting,,,,,Piazza Municipio 21,,PIEVE DI CADORE,BL,Piemonte,,,no-domain
info@contiroero.com,Foresteria Conti Roero,,,,,Piazza San Ponzio 3,,MONTICELLO D'ALBA,CN,Piemonte,,,no-domain
info@villaluigia.it,Villa Luigia,,,,,Piazza Secchi 3,,MIAZZINA,VB,Piemonte,,,no-domain
info@albergoclari.it,Clari,,,,,Regione San Gervasio 1,,CLAVIERE,TO,Piemonte,,,no-domain
info@hotel-giglio.it,Giglio,,,,,Strada della Cebrosa 55,,SETTIMO TORINESE,TO,Piemonte,,,no-domain
cafiore@maditurhotels.it,Cà Fiore,,,,,Strada Provinciale Melezet 2,,BARDONECCHIA,TO,Piemonte,,,no-domain
info@albergoigelsi.it,Albergo Ristorante i Gelsi,,,,,Strada Provinciale Mondovì-Villanova 11-Località Beila,,MONDOVI',CN,Piemonte,,,no-domain
info@locandafiordiloto.it,Locanda Fior di Loto,,,,,Strada Santa Margherita 14,,CHIERI,TO,Piemonte,,,no-domain
info@ilcascinalenuovo.it,Il Cascinale Nuovo,,,,,Strada Statale Alba 15,,ISOLA D'ASTI,AT,Piemonte,,,no-domain
info@lafenicehotel.net,Hotel La Fenice,,,,,Strada Statale dei Giovi 56,,CARBONARA SCRIVIA,AL,Piemonte,,,no-domain
info@hotelcicerone.it,Cicerone,,,,,Strada Statale Laghi di Avigliana 171,,MANTA,CN,Piemonte,,,no-domain
info@auroragirrarosto.com,Aurora Girarrosto,,,,,Strada Statale per Genova 13,,TORTONA,AL,Piemonte,,,no-domain
info@relaisbarrage.com,Relais Barrage,,,,,Stradale San Secondo 100,,PINEROLO,TO,Piemonte,,,no-domain
informazioni@hastahotel.com,Hasta Hotel,,,,,Valle Benedetta 25,,ASTI,AT,Piemonte,,,no-domain
info@hotelcastagnola.it,Castagnola,,,,,Via al Collegio 16/18,,VERBANIA - PALLANZA,VB,Piemonte,,,no-domain
info@laparusciola.it,La Parusciola,,,,,Via al Panorama 30,,GIGNESE - VEZZO,VB,Piemonte,,,no-domain
info@hotellincherasco.it,Napoleon,,,,,Via Aldo Moro 1,,CHERASCO,CN,Piemonte,,,no-domain
info@hotelfonssalutis.it,Fons Salutis,,,,,Via alle Fontane 125,,AGLIANO TERME,AT,Piemonte,,,no-domain
info@lacortealbertina.it,La Corte Albertina,,,,,Via Amedeo di Savoia 8,,BRA - POLLENZO,CN,Piemonte,,,no-domain
info@hotelsantafe.it,Santa Fè,,,,,Via Anna Magnani 1,,SAN GIUSTO CANAVESE,TO,Piemonte,,,no-domain
info@granhotelsestriere.it,Grand Hotel Sestriere,,,,,Via Assietta 1,,SESTRIERE,TO,Piemonte,,,no-domain
info@franceschiparkhotel.eu,Franceschi Park Hotel,,,,,Via Battisti 86,,CORTINA D'AMPEZZO,BL,Piemonte,,,no-domain
info@ilborgodicioccaro.com,Relais il Borgo,,,,,Via Biletta 60,,PENANGO - CIOCCARO,AT,Piemonte,,,no-domain
sangiors@energyunited.it,San Giors,,,,,Via Borgo Dora 3,,TORINO,TO,Piemonte,,,no-domain
info@eurhotelto.it,Eurhotel,,,,,Via Brandizzo 115,,VOLPIANO,TO,Piemonte,,,no-domain
info@hotel-quadrifoglio.it,Quadrifoglio,,,,,Via C.L.N. 20,,CARAGLIO,CN,Piemonte,,,no-domain
info@goldentulipianuahotel.com,Golden Tulip Janua,,,,,Via Cà dalla Chiesa,,VALENZA,AL,Piemonte,,,no-domain
info@hotelilsole.it,Il Sole,,,,,Via Carlo Cravero 79,,CASELLE TORINESE,TO,Piemonte,,,no-domain
contatti@hotelanticaposta.it,Antica Posta,,,,,Via Casale Ravera 4,,CHIAVERANO,TO,Piemonte,,,no-domain
info@ritzhotelivrea.it,Ritz,,,,,Via Castellamonte 45,,BANCHETTE,TO,Piemonte,,,no-domain
info@albergocastiglione.com,Castiglione,,,,,Via Cavour 5,,CASTIGLIONE TINELLA,CN,Piemonte,,,no-domain
direzione@pricipehotel.net,Principe,,,,,Via Cavour 55,,CASALE MONFERRATO,AL,Piemonte,,,no-domain
info@albergobuongusto.it,Buon Gusto,,,,,Via Centro 67,,CRODO - MOZZIO,VB,Piemonte,,,no-domain
info@hoteldockmilano.com,Dock Milano,,,,,Via Cernaia 46,,TORINO,TO,Piemonte,,,no-domain
info@miramontisestriere.com,Miramonti,,,,,Via Cesana 3,,SESTRIERE,TO,Piemonte,,,no-domain
info@grandhotelbesson.it,Grand Hotel Besson,,,,,Via del Rio 15,,SAUZE D'OULX,TO,Piemonte,,,no-domain
info@lacappelletta.com,La Cappelletta,,,,,Via della Clementina 16,,VOLPEDO,AL,Piemonte,,,no-domain
info@osterianonnocarlo.it,Antica Osteria di Nonno Carlo,,,,,Via delle Scuole 1,,MONTECHIARO D'ACQUI,AL,Piemonte,,,no-domain
info@albergoanticadogana.it,Antica Dogana,,,,,Via Dogana 5,,ASTI,AT,Piemonte,,,no-domain
info@astoria-damauro.it,Astoria,,,,,Via Don Minzoni 5,,CUORGNE',TO,Piemonte,,,no-domain
info@hotellarosablu.it,La Rosa Blu,,,,,Via Emilia Sud 22,,PONTECURONE,AL,Piemonte,,,no-domain
info@hoteldeiquattrovini.com,Dei Quattro Vini,,,,,Via Fausoni 7,,NEIVE,CN,Piemonte,,,no-domain
augusta@augustabagiennorum.it,Augusta Bagiennorum,,,,,Via Fossano 21,,BENE VAGIENNA,CN,Piemonte,,,no-domain
info@hotel-j.com,J hotel,,,,,Via Frejus 2,,ORBASSANO,TO,Piemonte,,,no-domain
capanna@pratonevosohotel.com,La Capanna,,,,,Via Galassia 41,,FRABOSA SOTTANA - PRATO NEVOSO,CN,Piemonte,,,no-domain
info@marengohotel.com,Marengo,,,,,Via Genova 30,,ALESSANDRIA - SPINETTA MARENGO,AL,Piemonte,,,no-domain
info@fairyqueenhotel.it,Fairy Queen,,,,,Via Giambattista Volpini 79,,ISOLA D'ASTI,AT,Piemonte,,,no-domain
info@hotelliberty-torino.it,Liberty,,,,,Via Gioberti 37,,TORINO,TO,Piemonte,,,no-domain
info@barbabuc.it,Barbabuc,,,,,Via Giordano 35,,NOVELLO,CN,Piemonte,,,no-domain
info@castelmagno.is.it,La Font,,,,,Via Giordano e Marino 7,,CASTELMAGNO - CHIAPPI,CN,Piemonte,,,no-domain
info@hotelcasazza.it,Hotel Ristorante Cascina Casazza,,,,,Via Giuseppe Garibaldi 5,,SANDIGLIANO,BI,Piemonte,,,no-domain
info@oasishotel.it,Oasis,,,,,Via Giuseppe Verdi 3,,CHERASCO,CN,Piemonte,,,no-domain
info@rio-hotel.it,Rio Hotel,,,,,Via Griva 75,,RIVALTA DI TORINO,TO,Piemonte,,,no-domain
info@hotelgranmogol.it,Best Western Hotel Gran Mogol,,,,,Via Guarino Guarini 2,,TORINO,TO,Piemonte,,,no-domain
info@castahotel.com,Castahotel,,,,,Via IV Novembre 83,,CASTAGNITO,CN,Piemonte,,,no-domain
info@hotelcairo.it,Cairo,,,,,Via la Loggia 6,,TORINO,TO,Piemonte,,,no-domain
info@albergoristorantelaspiga.it,La Spiga,,,,,Via la Morra 55,,CHERASCO,CN,Piemonte,,,no-domain
hoteldavide@san-bernardo-sas.191.it,Davide,,,,,Via Legnano 21,,RIVOLI,TO,Piemonte,,,no-domain
info@hr-riviera.com,Riviera,,,,,Via Legro 35,,PETTENASCO,NO,Piemonte,,,no-domain
info@hotelarquata.it,Arquata,,,,,Via Libarna 37,,ARQUATA SCRIVIA,AL,Piemonte,,,no-domain
info@oasihotel.it,Oasi,,,,,Via Luigi Cesaletti 1-Località Donariè,,SAN VITO DI CADORE,BL,Piemonte,,,no-domain
info@castellodicortanze.it,Castello di Cortanze,,,,,Via Marchesi Roero 1,,CORTANZE,AT,Piemonte,,,no-domain
info@hoteldeivini.com,Dei Vini,,,,,Via Massimo D'Azeglio 27,,MONTEGROSSO D'ASTI,AT,Piemonte,,,no-domain
info@villacontericcardi.it,Villa Conte Riccardi,,,,,Via Monte 7,,ROCCA D'ARAZZO,AT,Piemonte,,,no-domain
info@alpinohotel.it,Alpino,,,,,Via Monte Grappa 27/31,,BAVENO,VB,Piemonte,,,no-domain
info@sestriereolimpic.it,Olimpic,,,,,Via Monte Rotta 9,,SESTRIERE,TO,Piemonte,,,no-domain
alcampanile.baveno@bassiemanuela.191.it,Al Campanile,,,,,via MonteGrappa 16,,BAVENO,VB,Piemonte,,,no-domain
info@hotelpiandelsole.it,Pian del Sole,,,,,Via Nazionale 28,,CLAVIERE,TO,Piemonte,,,no-domain
info@francoporceddu.it,Grande Albergo Claviere,,,,,Via Nazionale 43,,CLAVIERE,TO,Piemonte,,,no-domain
info@mercuretorinocrystalpalace.it,Mercure Torino Crystal Palace,,,,,Via Nizza 11,,TORINO,TO,Piemonte,,,no-domain
info@hotelginestre.com,Le Ginestre,,,,,Via Nizza 68,,LIMONE PIEMONTE - SANT'ANNA,CN,Piemonte,,,no-domain
info@hotelvillasangiulio.it,Villa San Giulio,,,,,Via Oltre Tanaro 48-Località Costangaresca,,NARZOLE,CN,Piemonte,,,no-domain
info@antichemurahotel.it,Antiche Mura Hotel,,,,,Via Palazzo di Città 75,,SALUZZO,CN,Piemonte,,,no-domain
info@hoteleuropaal.com,Europa,,,,,Via Palestro 1,,ALESSANDRIA,AL,Piemonte,,,no-domain
info@hotel3amis.it,Tre Amis,,,,,Via Panicale Soprana 95,,LIMONE PIEMONTE,CN,Piemonte,,,no-domain
info@ramadaticinum.it,Ramada Ticinum,,,,,Via per Gallarate 116/A,,OLEGGIO,NO,Piemonte,,,no-domain
info@hotelluxalessandria.it,Lux,,,,,Via Piacenza 72,,ALESSANDRIA,AL,Piemonte,,,no-domain
oasis@oasishotelcuneo.com,Oasis,,,,,Via Po 28,,BORGO SAN DALMAZZO,CN,Piemonte,,,no-domain
info@hotelmariodellavalle.com,Da Mario Della Valle,,,,,Via Principe Amedeo 30,,AGLIANO TERME,AT,Piemonte,,,no-domain
info@albergoitaliafrabosa.it,Italia,,,,,Via Principe Umberto 15,,FRABOSA SOTTANA,CN,Piemonte,,,no-domain
info@hotelimperialtorino.com,Imperial,,,,,Via Principessa Clotilde 81,,TORINO,TO,Piemonte,,,no-domain
albergo@vecchiotrestelle.it,Vecchio Tre Stelle,,,,,Via Rio Sordo 21,,BARBARESCO - TRE STELLE,CN,Piemonte,,,no-domain
info@pragelatoresort.com,Pragelato Village Resort,,,,,Via Rochrbach,,PRAGELATO - PLAN,TO,Piemonte,,,no-domain
info@ristorantevallidilanzo.it,Valli di Lanzo,,,,,Via Roma 11,,CERES,TO,Piemonte,,,no-domain
info@hotelletorri.it,Le Torri,,,,,Via Roma 29,,CASTIGLIONE FALLETTO,CN,Piemonte,,,no-domain
info@hoteltouringlimone.it,Touring,,,,,Via Roma 4,,LIMONE PIEMONTE,CN,Piemonte,,,no-domain
info@villachiarahotel.com,Villa Chiara,,,,,Via Roma 6,,CANELLI,AT,Piemonte,,,no-domain
info@hotelsciatorisestriere.it,Sciatori,,,,,Via San Filippo 5,,SESTRIERE,TO,Piemonte,,,no-domain
info@hotelcoggiola.it,Coggiola,,,,,Via San Giuseppe Cottolengo 65,,BIELLA,BI,Piemonte,,,no-domain
info@hoteltavernadantesca.it,Taverna Dantesca,,,,,Via San Pio V,,TORINO,TO,Piemonte,,,no-domain
info@hotelspendid.com,Splendid,,,,,Via Sempione 12,,BAVENO,VB,Piemonte,,,no-domain
info@hotel-delparco.com,Del Parco,,,,,Via Sestriere 12,,CANDIOLO,TO,Piemonte,,,no-domain
info@arcadiahotel.it,Arcadia,,,,,Via Sestriere 35,,NONE,TO,Piemonte,,,no-domain
info@hoteldomus-al.com,Domus,,,,,Via Teresa Castellani 12,,ALESSANDRIA,AL,Piemonte,,,no-domain
info@albergopassobaranca.it,Passo Baranca,,,,,Via Testone Teresa 6,,BANNIO ANZINO,VB,Piemonte,,,no-domain
info@hotelristorantegaribaldi.com,Garibaldi,,,,,Via Thaon de Revel 87,,VERCELLI,VC,Piemonte,,,no-domain
info@hotelvazzana.it,Vazzana,,,,,Via Torino 34,,VOLPIANO,TO,Piemonte,,,no-domain
info@hotelvillasantateresa.com,Villa Santa Teresa,,,,,Via Torino 54,,DOGLIANI,CN,Piemonte,,,no-domain
info@hotelelitetorino.it,Elite,,,,,Via Trento 35,,SAN MAURO TORINESE,TO,Piemonte,,,no-domain
info@hoteloleggiomalpensa.it,Oleggio Malpensa,,,,,Via Verbano - Strada Statale Ticinese Km. 32 19,,OLEGGIO,NO,Piemonte,,,no-domain
info@elmonvej.it,El Mon Vej,,,,,Via Vernea 11,,MANTA,CN,Piemonte,,,no-domain
info@arthotelolimpyc.it,Art Hotel Olympic,,,,,Via Verolengo 19,,TORINO,TO,Piemonte,,,no-domain
info@cuneo-hotel.it,Cuneo Hotel,,,,,Via Vittorio Amedeo II 2,,CUNEO,CN,Piemonte,,,no-domain
info@hotelfocobon.com,Focobon,,,,,Via Vittorio Veneto 11,,FALCADE,BL,Piemonte,,,no-domain
info@astorverbania.it,Astor,,,,,Via Vittorio Veneto 17/B,,VERBANIA - PALLANZA,VB,Piemonte,,,no-domain
info@valgares.com,Val Gares,,,,,Via Xais 15,,CANALE D'AGORDO,BL,Piemonte,,,no-domain
direzione@allecodole.it,Alle Codole,,,,,Via XX Agosto 27,,CANALE D'AGORDO,BL,Piemonte,,,no-domain
ristoran115@pizzeriabacco.191.it,Bacco,,,,,Via XXIV Maggio 37,,BEINETTE,CN,Piemonte,,,no-domain
info@anticastallera.it,Antica Stallera,,,,,Via Zaccheo 7,,CANNOBIO,VB,Piemonte,,,no-domain
info@albergo-regina.it,Regina,,,,,Viale Donati 2,,ACQUI TERME,AL,Piemonte,,,no-domain
info@complessogianduja.com,Gianduja,,,,,Viale Einaudi 37,,ACQUI TERME,AL,Piemonte,,,no-domain
info@hotel-solaris.it,Club Solaris,,,,,Viale IV Novembre 27,,CESANA TORINESE,TO,Piemonte,,,no-domain
info@hotellidoviverone.it,Lido,,,,,Viale Lido 28,,VIVERONE,BI,Piemonte,,,no-domain
info@hotelvallemaira.com,Valle Maira,,,,,Viale Stazione 20-Località Val Maira,,DRONERO,CN,Piemonte,,,no-domain
info@hotelparcoeuropa.it,Parco Europa,,,,,Viale XXV Aprile 193/C-Località Cavoretto,,TORINO,TO,Piemonte,,,no-domain
alberto@agrimottarone.it,,,,,,,,Gignese,VB,Piemonte,,,no-domain
sormani.lucia@bedbreakfastalp.it,Zumsteg,,,,BB,Località Ponte,,Formazza,VB,Piemonte,,,no-domain
manuela@monferratoturismo.it,Il Monferrato,,,,BB,Via Sottoripa 3,,Montemagno,AT,Piemonte,,,no-domain
info@locandadeitigli.it,Locanda dei Tigli,,,,BB,Via S. Rocco 2,,Settime,AT,Piemonte,,,no-domain
info@parkhotelbocci.it,Park Hotel Bocci,,,,,Circonvallazione Sud,,SAN GIOVANNI ROTONDO,FG,Puglia,,,no-domain
info@hotellaveranda.it,La Veranda,,,,,Contrada Agnuli,,MATTINATA,FG,Puglia,,,no-domain
info@hotellacollina.it,La Collina,,,,,Contrada Braccio Varale,,SAN GIOVANNI ROTONDO,FG,Puglia,,,no-domain
info@tenutacocevola.com,Tenuta Cocevola Resort,,,,,Contrada Cocevola,,ANDRIA,BA,Puglia,,,no-domain
cavafiorita@tele2.it,Cava Fiorita,,,,,Contrada Coppolachiata,,PALAGIANELLO,TA,Puglia,,,no-domain
info@hotelalpozzo.net,Al Pozzo,,,,,Contrada Funni,,MATTINATA,FG,Puglia,,,no-domain
info@messapia.net,Messapia,,,,,Contrada Masseria Li Turchi,,CASTRIGNANO DEL CAPO - MARINA DI LEUCA,LE,Puglia,,,no-domain
info@masseriagropolis.it,Masseria Agropolis,,,,,Contrada Sant'Egidio,,SAN GIOVANNI ROTONDO,FG,Puglia,,,no-domain
info@dicagnoabbrescia.com,Hotel Residence La Nuova Arca,,,,,Corso Alcide de Gasperi 320,,BARI,BA,Puglia,,,no-domain
info@albadelgargano.it,Alba del Gargano,,,,,Corso Matino 102,,MATTINATA,FG,Puglia,,,no-domain
info@ht-majestic.it,Majestic,,,,,Corso Umberto I 137,,BRINDISI,BR,Puglia,,,no-domain
info@hotelprisma.eu,Prisma,,,,,Gran Viale al Mare-Località Baia Verde,,GALLIPOLI,LE,Puglia,,,no-domain
info@palazzobonomi.it,Palazzo Bonomi,,,,,Largo Castello 7,,BISCEGLIE,BA,Puglia,,,no-domain
info@floridagallipoli.com,Florida,,,,,Litoranea per Santa Maria al Bagno - Località Rivabella,,GALLIPOLI,LE,Puglia,,,no-domain
info@hoteldeimandorli.it,Dei Mandorli,,,,,Località Ruggiano,,MANFREDONIA - MONTAGNA,FG,Puglia,,,no-domain
info@hoteldelgolfomanf.it,Del Golfo,,,,,"S.P. 141 Km. 3,500-Sciale delle Rondinelle",,MANFREDONIA,FG,Puglia,,,no-domain
info@acayagolfhotel.com,Acaya Golf,,,,,Strada Commerciale di Acaya Km 2-Località San Pietro,,VERNOLE,LE,Puglia,,,no-domain
info@maglioferro.it,Maglioferro Residence,,,,,Strada Esterna Maglioferro 28,,CORATO,BA,Puglia,,,no-domain
info@casteldelmonteparkhotel.it,Castel del Monte Park Hotel,,,,,Strada Provinciale 234 Km 17,,ANDRIA - CASTEL DEL MONTE,BA,Puglia,,,no-domain
info@cardigliano.it,Borgo Cardigliano,,,,,Strada Provinciale 374 Miggiano - Taurisano-Località Cardigliano,,SPECCHIA,LE,Puglia,,,no-domain
info@grandhoteldaragona.it,Grand Hotel d'Aragona,,,,,"Strada Provinciale per Cozze Km 0,200",,CONVERSANO,BA,Puglia,,,no-domain
info@hotelcecere.it,Cecere,,,,,Strada Statale 100 Km 52+700,,MOTTOLA,TA,Puglia,,,no-domain
booking@novayardiania.it,Arborea All Suite Resort,,,,,Strada Statale 106-Località Principessa,,CASTELLANETA,TA,Puglia,,,no-domain
info@carbrun.it,Carbrun,,,,,Strada Statale 16 Km 892,,CAROVIGNO,BR,Puglia,,,no-domain
info@hotelottagono.it,L'Ottagono,,,,,Strada Statale 170 per Barletta Km 20.100,,ANDRIA,BA,Puglia,,,no-domain
info@hotelal2000.com,Al 2000,,,,,Strada Statale 274 Racale - Felline,,ALLISTE,LE,Puglia,,,no-domain
info@hotelqueenvictoria.com,Queen Victoria,,,,,"Strada Statale 98 Km 16,788",,CANOSA DI PUGLIA,BA,Puglia,,,no-domain
info@hotelbaiadelre.it,Baia del Re,,,,,Strada Statale Fontanelle 379-Località Villanova,,OSTUNI,BR,Puglia,,,no-domain
hotel@lavilladeigourmets.com,La Villa dei Gourmets,,,,,Traversa Viale Virgilio,,FOGGIA,FG,Puglia,,,no-domain
giuseppe.mariano@vestahotel.it,Risorgimento,,,,,Via Augusto Imperatore 19,,LECCE,LE,Puglia,,,no-domain
info@hotelvillaggiodeipinisalento.com,Hotel Villaggio Dei Pini,,,,,Via Benificati,,GALLIPOLI,LE,Puglia,,,no-domain
info@hotelicigni.com,I Cigni,,,,,Via Bovio 258,,BISCEGLIE,BA,Puglia,,,no-domain
info@sheratonicolausbari.com,Sheraton Nicolaus,,,,,Via Cardinale Ciasca 27,,BARI,BA,Puglia,,,no-domain
info@hoteltarantoplaza.com,Plaza,,,,,Via D'Aquino 46,,TARANTO,TA,Puglia,,,no-domain
info@hotelroyaldam.com,Royal,,,,,Via De Robertis 29,,TRANI,BA,Puglia,,,no-domain
info@blueareavillage.it,Blue Area,,,,,Via degli Eucaliptus,,MELENDUGNO - TORRE DELL'ORSO,LE,Puglia,,,no-domain
santaplaia@santaplaia.com,Santa Plaia,,,,,Via dei Pittospori,,MANDURIA - SAN PIETRO IN BEVAGNA,TA,Puglia,,,no-domain
info@hoteletra.it,Etra,,,,,Via del Faro 50,,TARANTO - SAN VITO,TA,Puglia,,,no-domain
info@lapprodohotel.it,L'Approdo,,,,,Via del Mare 50,,BRINDISI,BR,Puglia,,,no-domain
info@hotelqeft.it,Qeft,,,,,Via del Tritone,,CHIEUTI,FG,Puglia,,,no-domain
info@relaisdelcardinale.com,Masseria Relais del Cardinale,,,,,Via delle Croci 68,,FASANO,BR,Puglia,,,no-domain
hotelconchiglie@hotelconchiglie.it,Le Conchiglie,,,,,Via delle Perle 12,,GALLIPOLI - CONCHIGLIE,LE,Puglia,,,no-domain
direzione@ghriviera.it,Riviera Hotel,,,,,Via Emanuele Filiberto 172,,NARDO' - SANTA MARIA AL BAGNO,LE,Puglia,,,no-domain
info@hotellaterra.it,La Terra Rione Antico,,,,,Via Gaspare Petrarolo 20,,OSTUNI,BR,Puglia,,,no-domain
info@hotelpaglialunga.it,Paglialunga,,,,,Via Lamarmora,,NARDO' - SANTA MARIA AL BAGNO,LE,Puglia,,,no-domain
info@hotelmonnalisa.net,Monnalisa,,,,,Via Materdomini 79,,ARNESANO,LE,Puglia,,,no-domain
info@albatrespalacehotel.it,Albatres,,,,,Via Mesagne 147,,SAN VITO DEI NORMANNI,BR,Puglia,,,no-domain
notizie@albergoalmamater.it,Alma Mater,,,,,Via Milano 28,,CASTRIGNANO DEL CAPO,LE,Puglia,,,no-domain
info@villadonnaisabella.it,Villa Donna Isabella,,,,,Via Palmieri-Località Foggione,,SANNICOLA,LE,Puglia,,,no-domain
info@hotellafazenda.com,La Fazenda,,,,,Via per il Mare - Contrada Grisiglio,,OSTUNI,BR,Puglia,,,no-domain
info@hotelminervaotranto.it,Minerva,,,,,Via Pioppi 46,,OTRANTO,LE,Puglia,,,no-domain
info@rotaryhotel.com,Rotary,,,,,Via Pulsano Km 1,,MONTE SANT'ANGELO,FG,Puglia,,,no-domain
info@hoteleuroguida.com,Euroguida,,,,,Via Riccione 59-61,,PORTO CESAREO,LE,Puglia,,,no-domain
info@hotel-colibri.it,Colibrì,,,,,Via Rimembranze,,ALESSANO,LE,Puglia,,,no-domain
info@al-pescatore.it,Al Pescatore,,,,,Via Riviera Cristoforo Colombo 39,,GALLIPOLI,LE,Puglia,,,no-domain
info@costadoro.net,Costa d'Oro,,,,,Via Roma 279,,SALVE,LE,Puglia,,,no-domain
info@villapetruscio.it,Villa Petruscio,,,,,Via Salvator Allende 158,,MOTTOLA,TA,Puglia,,,no-domain
info@savoiaregencyhotel2.com,Savoia Regency Hotel 2,,,,,Via San Salvatore,,SAN GIOVANNI ROTONDO,FG,Puglia,,,no-domain
info@savoiaregencyhotel1.com,Savoia Regency Hotel 1,,,,,Via San Salvatore s.n.,,SAN GIOVANNI ROTONDO,FG,Puglia,,,no-domain
info@hotelmiramonti.cc,Miramonti,,,,,Via Turbacci 1,,SAN GIOVANNI ROTONDO,FG,Puglia,,,no-domain
info@paeseantico.it,Sotto Le Cummerse,,,,,Via Vittorio Veneto 138,,LOCOROTONDO,BA,Puglia,,,no-domain
info@hoteldellepiane.com,Best Western delle Piane,,,,,Viale della Gioventù 15,,SAN GIOVANNI ROTONDO,FG,Puglia,,,no-domain
info@hotelemiliano.it,Emiliano,,,,,Viale Mille Pini 1,,GINOSA - MARINA DI GINOSA,TA,Puglia,,,no-domain
info@hotelsilvana.it,Silvana,,,,,Viale Unità d'Italia 147,,TARANTO,TA,Puglia,,,no-domain
info@hotelcotedestta.it,Hotel Cote D'Est,,,,,Viale Virgilio 178,,TARANTO,TA,Puglia,,,no-domain
info@parkhoteltaranto.it,Mar Grande Park Hotel,,,,,Viale Virgilio 90,,TARANTO,TA,Puglia,,,no-domain
info@hotelcrocenzi.com,Crocenzi,,,,,Via XXVIII Luglio 175,,REPUBBLICA DI SAN MARINO - BORGO MAGGIORE,SM,,,,no-domain
contatti@hotelbiderrosa.it,Biderrosa,,,,,Cala Liberotto-Località Ponte 'e Sa Mela,,OROSEI,NU,Sardegna,,,no-domain
info@cogashotel.it,Cogas,,,,,Corso Europa,,VALLEDORIA,SS,Sardegna,,,no-domain
info@hotelcentraleolbia.it,Centrale,,,,,Corso Umberto 85,,OLBIA,OT,Sardegna,,,no-domain
info@hotellicuncheddi.com,Li Cuncheddi,,,,,Frazione Capo Ceraso,,OLBIA - CAPO CERASO,OT,Sardegna,,,no-domain
info@hotellirosimarini.it,Li Rosi Marini,,,,,Frazione Costa Paradiso,,TRINITA' D'AGULTU - COSTA PARADISO,OT,Sardegna,,,no-domain
info@sobreschida.it,S'Obreschida,,,,,Frazione San Pietro,,CASTIADAS - SAN PIETRO,CA,Sardegna,,,no-domain
info@gennaemasoni.com,Genna 'e Masoni,,,,,Genna 'e Masoni,,CARDEDU,OG,Sardegna,,,no-domain
info@hotelpetrabianca.com,Petra Bianca,,,,,Località Cala di Volpe,,ARZACHENA - COSTA SMERALDA,OT,Sardegna,,,no-domain
sardegna@hotelcapocaccia.it,Capo Caccia,,,,,Località Capo Caccia,,ALGHERO - TRAMARIGLIO,SS,Sardegna,,,no-domain
info@limbarahotel.it,Limbara Hotel,,,,,Località Curadoreddu,,TEMPIO PAUSANIA,OT,Sardegna,,,no-domain
capoboi.direzione@ventaglio.com,Capo Boi,,,,,Località Is Piscadeddus,,VILLASIMIUS,CA,Sardegna,,,no-domain
csp@consorziotirso.it,Mezzaluna,,,,,Località Mezzaluna,,CARLOFORTE,CI,Sardegna,,,no-domain
roccesarde@roccesarde.it,Rocce Sarde,,,,,Località Milmeggiu,,OLBIA - SAN PANTALEO,OT,Sardegna,,,no-domain
info@hotelaltura.it,Altura,,,,,Località Monte Altura,,PALAU,OT,Sardegna,,,no-domain
info@hotelisortixeddus.com,Is Ortixeddus,,,,,Località Ortixeddus,,CASTIADAS,CA,Sardegna,,,no-domain
solia@hotelsolia.it,S'Olia,,,,,Località Perdu Pili,,CARDEDU,OG,Sardegna,,,no-domain
amministrazione@albatrospc.com,Yacht Club,,,,,Località Porto Cervo Marina,,ARZACHENA - PORTO CERVO,OT,Sardegna,,,no-domain
info@hotelligraniti.it,Li Graniti,,,,,Località Pulicinu,,ARZACHENA,OT,Sardegna,,,no-domain
info@baiaranzos.com,Baia Aranzos,,,,,Località Sos Aranzos,,GOLFO ARANCI,OT,Sardegna,,,no-domain
info@hotel-silixi.com,S'Ilixi,,,,,Località Taccu Sui,,SEULO,CA,Sardegna,,,no-domain
info@bagabaga.it,Baga Baga,,,,,Località Terra Bianca,,CASTELSARDO,SS,Sardegna,,,no-domain
info@vdror.net,Villa delle Rose,,,,,Piazza Italia 5,,ORISTANO,OR,Sardegna,,,no-domain
adm@albergoleden.com,L'Eden,,,,,Piazza Parrocchia 15/16/17,,SANT'ANTIOCO,CI,Sardegna,,,no-domain
info@hotelmurru.it,Murru,,,,,Piazza Roma 1,,ARZANA,OG,Sardegna,,,no-domain
info@tupeiresort.it,Tupei Resort,,,,,S.S. 126 - Km 8300-Località Tupei,,CALASETTA,CI,Sardegna,,,no-domain
info@rosyhotel.it,Rosy hotel,,,,,Strada Statale 131,,SANLURI,VS,Sardegna,,,no-domain
info@villaselene.net,Villa Selene,,,,,Strada Statale 198 Km 90+550-Loc. Corrodis,,LANUSEI,OG,Sardegna,,,no-domain
direzione@hotellacorteonline.it,La Corte,,,,,Via Aldo Moro,,OLBIA,OT,Sardegna,,,no-domain
info@letourhotel.it,Le Tour Hotel,,,,,Via Carlo Alberto dalla Chiesa 20,,IGLESIAS,CI,Sardegna,,,no-domain
info@hotelmarieclaire.it,Marie Claire,,,,,Via Dei Ciclamini 15-Loc. Coroddis,,LANUSEI,OG,Sardegna,,,no-domain
info@villapiras.it,Villa Piras,,,,,Via della Resistenza 10,,ALGHERO,SS,Sardegna,,,no-domain
gallura@consandalia.it,Terra di Gallura,,,,,Via Emilio Lussu 1,,BUDONI,OT,Sardegna,,,no-domain
info@hotelcontinentalalghero.it,Continental,,,,,Via Fratelli Kennedy 66,,ALGHERO,SS,Sardegna,,,no-domain
info@funtanarena.it,Funtanarena,,,,,Via Istradoneddu-Località S'Arenalzu,,CODRONGIANOS,SS,Sardegna,,,no-domain
info@hotelepalme.net,Corte Le Palme,,,,,Via Italia 46,,SANT'ANNA ARRESI,CI,Sardegna,,,no-domain
info@tolucahotel.it,Toluca,,,,,Via Lido,,SASSARI - PLATAMONA,SS,Sardegna,,,no-domain
prenotazioni@hotel-victoria.it,Victoria,,,,,Via Monsignor Virgilio 72,,TORTOLI',OG,Sardegna,,,no-domain
info@hotelsastore.it,S'Astore Hotel,,,,,Via Monte Ladu 96,,OLBIA - PORTO ROTONDO,OT,Sardegna,,,no-domain
info@oteldelleisole.it,Delle Isole,,,,,Via Principe Amedeo 19,,LA MADDALENA,OT,Sardegna,,,no-domain
info@libertyhotelpattada.it,Liberty,,,,,Via San Martino,,PATTADA,SS,Sardegna,,,no-domain
info@silvestrino.it,Silvestrino,,,,,Via Sassari 14,,STINTINO,SS,Sardegna,,,no-domain
info@rosahotel.it,Rosa Hotel,,,,,Via Venezia 47,,CAPOTERRA,CA,Sardegna,,,no-domain
giagoni@giagonigroup.com,Sant'Andrea,,,,,Via Zara 1,,OLBIA - SAN PANTALEO,OT,Sardegna,,,no-domain
hotelbajazzurra@hotebajazzurra.com,Baja Azzurra,,,,,Viale la Torre,,BARI SARDO - TORRE DI BARI,OG,Sardegna,,,no-domain
info@hotelvallecorvo.it,Valle Corvo,,,,,Contrada Corvo - Discesa Mirio,,CASTELDACCIA,PA,Sicilia,,,no-domain
info@hotel-sigonellainn.it,Sigonella Inn,,,,,Contrada Fontanazza - Strada Statale 192,,MOTTA S. ANASTASIA,CT,Sicilia,,,no-domain
baitadelfaggio@baitadelfaggio.it,Baita del Faggio,,,,,Contrada Fontanone del Faggio-Località Acque del Faggio,,ISNELLO,PA,Sicilia,,,no-domain
direzione@torremacaudavillaggio.com,Torre Macauda,,,,,Contrada Macauda,,SCIACCA,AG,Sicilia,,,no-domain
info@albergomilocca.it,Milocca,,,,,Contrada Piano Castagna,,CASTELBUONO,PA,Sicilia,,,no-domain
info@villagussio.it,Villa Gussio Nicoletti,,,,,Contrada Rossi - Mistri,,LEONFORTE,EN,Sicilia,,,no-domain
info@hotelarcipelago.it,Arcipelago,,,,,Contrada Vulcanello,,LIPARI - VULCANO,ME,Sicilia,,,no-domain
info@hotelsenatore.it,Senatore,,,,,Largo Senatore Italia 1,,PALAZZOLO ACREIDE,SR,Sicilia,,,no-domain
kafara@kafarahotel.it,Kafara Hotel,,,,,Litoranea Mongerbino,,SANTA FLAVIA - SANT'ELIA,PA,Sicilia,,,no-domain
hotelcaporossello@classicahotels.com,Capo Rossello,,,,,Località Baia di Capo Rossello,,REALMONTE,AG,Sicilia,,,no-domain
giovanna@hotelvilladeicesari.it,Villa dei Cesari,,,,,Località Monte Tauro,,AUGUSTA,SR,Sicilia,,,no-domain
info@hotelbristolenna.it,Bristol,,,,,Piazza Ghisleri 13,,ENNA,EN,Sicilia,,,no-domain
prenotazioni@ilvalentino.net,Valentino,,,,,Piazza Spirito Santo 39,,CATANIA,CT,Sicilia,,,no-domain
info@borgoalto.com,Borgo Alto,,,,,Strada Provinciale Cassibile - Canicattini,,NOTO - NOTO MARINA,SR,Sicilia,,,no-domain
direzione@tonnaratrabia.it,Tonnara Trabia,,,,,Strada Statale 113 - Largo Tonnara 113,,TRABIA,PA,Sicilia,,,no-domain
hotel@stelladelmediterraneo.it,Stella del Mediterraneo,,,,,Strada Statale 115 - Contrada Faino,,BUTERA - FALCONARA SICULA,CL,Sicilia,,,no-domain
info@hotelconcorde.net,Concorde,,,,,Strada Statale 115 - Contrada Strasatti 708,,MARSALA,TP,Sicilia,,,no-domain
info@hotelnewriver.it,New River,,,,,Strada Statale 186 - Circonvallazione Km 24,,BORGETTO,PA,Sicilia,,,no-domain
hotelamici@hotelamici.com,Amici,,,,,Via Acrone 5,,AGRIGENTO,AG,Sicilia,,,no-domain
info@hoteldelleterme.net,Delle Terme,,,,,Via Alcide De Gasperi 29,,ACIREALE,CT,Sicilia,,,no-domain
info@apeironhotel.it,Apeiron Hotel,,,,,Via Antonello da Messina 2,,ACI CASTELLO,CT,Sicilia,,,no-domain
info@lapalmahotel.it,La Palma,,,,,Via Bartolomeo 25,,RAGUSA,RG,Sicilia,,,no-domain
info@hoteldellepalme.net,Delle Palme,,,,,Via Calatafimi,,FALCONE,ME,Sicilia,,,no-domain
reservations@hotelarathena.com,Arathena Rocks,,,,,Via Calcide Eubea 55,,GIARDINI NAXOS,ME,Sicilia,,,no-domain
info@hotelanticaconceria.net,Antica Conceria,,,,,Via Capomulini 32,,ACIREALE - CAPO MULINI,CT,Sicilia,,,no-domain
hotelazzolini@azzolinihotels.it,Azzolini,,,,,Via Carbulangi 3,,CARINI - VILLAGRAZIA,PA,Sicilia,,,no-domain
emmaus@albergoemmaus.it,Del Bosco Emmaus,,,,,Via Cassone 75,,ZAFFERANA ETNEA - AIRONE,CT,Sicilia,,,no-domain
info@hotel-mocambo.it,Mocambo,,,,,Via Cesare Battisti 192,,LIPARI - CANNETO,ME,Sicilia,,,no-domain
info@azzolinihotels.it,Azzolini Palm Beach Hotel,,,,,Via Ciucca - Contrada Magaggiari 1,,CINISI,PA,Sicilia,,,no-domain
info@santaluciahotel.net,Santa Lucia,,,,,Via Consolare Antica 161,,CAPO D'ORLANDO,ME,Sicilia,,,no-domain
giardinodellepalme@giardinodellepalme.com,Grand Hotel Lido,,,,,Via Consolare Pompea,,MESSINA - LIDO MORTELLE,ME,Sicilia,,,no-domain
info@caiammari.sr.it,Caiammari,,,,,Via Daniele Impellizzeri - Contrada Isola Fanusa,,SIRACUSA,SR,Sicilia,,,no-domain
info@giardinodeigreci.com,Giardino dei Greci,,,,,Via dei Mulini,,GIARDINI NAXOS,ME,Sicilia,,,no-domain
info@saracenvillage.it,Saracen Sands,,,,,Via dei Saraceni 1,,ISOLA DELLE FEMMINE,PA,Sicilia,,,no-domain
info@hoteldelsantuario.it,Del Santuario,,,,,Via del Santuario 1,,SIRACUSA,SR,Sicilia,,,no-domain
info@parkhotelcapomulini.it,Park Hotel Capomulini,,,,,Via della Fiera Franca 33,,ACIREALE - CAPO MULINI,CT,Sicilia,,,no-domain
info@hotelapprodotrapani.it,L'Approdo,,,,,Via Enea 3,,ERICE - PIZZOLUNGO,TP,Sicilia,,,no-domain
hotel@hotel.biancaneve.com,Biancaneve,,,,,Via Etnea 160,,NICOLOSI,CT,Sicilia,,,no-domain
info@hoteldelduomo.it,Del Duomo,,,,,Via Etnea 28,,CATANIA,CT,Sicilia,,,no-domain
sandemetrio@jumpy.it,San Demetrio,,,,,Via Etnea 55,,CATANIA,CT,Sicilia,,,no-domain
info@lavecchiapalma.com,La Vecchia Palma,,,,,Via Etnea 668,,CATANIA,CT,Sicilia,,,no-domain
agathae@agathaehotel.it,Agathae Hôtel,,,,,Via Eugenio Montale 33,,VITTORIA - SCOGLITTI,RG,Sicilia,,,no-domain
cundariinnhotel@holidaysrl.com,Cundari Inn Hotel,,,,,Via Francavilla 6,,TAORMINA - TRAPPITELLO,ME,Sicilia,,,no-domain
mail@hotelponte.it,Ponte,,,,,Via Francesco Crispi 99,,PALERMO,PA,Sicilia,,,no-domain
info@rasulaalta.com,Sport Rasula Alta,,,,,Via Fratelli Bandiera 81,,GRAVINA DI CATANIA,CT,Sicilia,,,no-domain
info@hotelplazacaltanissetta.it,Plaza,Giuseppe,Impaglione,,,Via Gaetani Berengario - Angolo Corso Vittorio Emanuele 5,,CALTANISSETTA,CL,Sicilia,,,no-domain
info@hotelgangi.it,Gangi,,,,,Via Generale Ciancio 68/70,,PIAZZA ARMERINA,EN,Sicilia,,,no-domain
info@hotel-selene.it,Selene,,,,,Via Generale Gaeta 30/32,,PIAZZA ARMERINA,EN,Sicilia,,,no-domain
vulloang@hpsrl.191.it,Pirandello Mare,,,,,Via Giorgio de Chirico 17,,AGRIGENTO - SAN LEONE BAGNI,AG,Sicilia,,,no-domain
info@hoppshotel.it,Hopps Hotel,,,,,Via Hopps 29,,MAZARA DEL VALLO,TP,Sicilia,,,no-domain
info@galateaseapalace.it,Galatea Sea Palace,,,,,Via Livorno 146/A,,ACI CASTELLO - ACI TREZZA,CT,Sicilia,,,no-domain
hotelbonaccorsi@classicahotels.com,Bonaccorsi,,,,,Via Luigi Pirandello 2,,PEDARA,CT,Sicilia,,,no-domain
info@villafabbiano.com,Villa Fabbiano,,,,,Via Luigi Pirandello 81,,TAORMINA,ME,Sicilia,,,no-domain
info@gardenhotel.ct.it,Garden Hotel,,,,,Via Madonna delle Lacrime 12/B,,SAN GIOVANNI LA PUNTA,CT,Sicilia,,,no-domain
hotel@excelsiorpalermo.com,Excelsior Palace,,,,,Via Marchese Ugo 3,,PALERMO,PA,Sicilia,,,no-domain
info@amarcordhotel.it,Amarcord Hotel,,,,,Via Mariano Stabile 139,,PALERMO,PA,Sicilia,,,no-domain
info@lasirenettahotel.it,La Sirenetta Park Hotel,,,,,Via Marina 33,,LIPARI - STROMBOLI,ME,Sicilia,,,no-domain
hotelgattopardo@duessegestioni.it,Gattopardo Sea Palace Hotel,,,,,Via Marina 69,,BROLO,ME,Sicilia,,,no-domain
info@hotelroma.sr.it,Roma,,,,,Via Minerva 10,,SIRACUSA,SR,Sicilia,,,no-domain
info@hotelnovecentocatania.it,Novecento,,,,,Via Monsignor Ventimiglia 37,,CATANIA,CT,Sicilia,,,no-domain
info@hotelgardenenna.it,Garden,,,,,Via Nazionale,,ENNA - PERGUSA,EN,Sicilia,,,no-domain
info@parkhotellagiara.it,Park Hotel la Giara,,,,,Via Nazionale 125,,ENNA - PERGUSA,EN,Sicilia,,,no-domain
info@eo.net.mt,Baia Azzurra,,,,,Via Nazionale 240,,TAORMINA - MAZZARO',ME,Sicilia,,,no-domain
poggioducale@poggioducale.it,Hotel Poggio Ducale,,,,,Via Paolo Gaifami 5/7,,CATANIA,CT,Sicilia,,,no-domain
info@grandealbergodelletna.com,Dell'Etna,,,,,Via Piano Vetore - Contrada Serra la Nave 1,,RAGALNA,CT,Sicilia,,,no-domain
info@ermionehotel.com,Ermione,,,,,Via Pineta Comunale 43,,ERICE,TP,Sicilia,,,no-domain
grandhotelfedericoii@classicahotels.com,Grand Hotel Federico II,,,,,Via Principe Granatelli 60,,PALERMO,PA,Sicilia,,,no-domain
hotelvecchioborgo@classicahotels.com,Vecchio Borgo,,,,,Via Quintino Sella 1/7,,PALERMO,PA,Sicilia,,,no-domain
hotelmontreal@spritnet.it,Montreal,,,,,Via San Giuseppe - Angolo Corso Italia 8,,RAGUSA,RG,Sicilia,,,no-domain
info@atlantispalacehotel.it,Atlantis Palace Hotel,,,,,Via Spiaggia 257,,MASCALI,CT,Sicilia,,,no-domain
info@cityhotelcatania.com,City Hotel,,,,,Via Tomaselli,,CATANIA,CT,Sicilia,,,no-domain
carrubellapark@sicily-hotels.net.it,Carrubbella Park Hotel,,,,,Via Umberto I 233,,MONREALE,PA,Sicilia,,,no-domain
info@albergoledune.it,Le Dune,,,,,Viale Kennedy 10/b-Lungomare Plaja,,CATANIA,CT,Sicilia,,,no-domain
villaggio@villaggiolaplajaclub.it,Villaggio Turistico Internazionale la Plaja,,,,,Viale Kennedy 47,,CATANIA,CT,Sicilia,,,no-domain
info@grandhoteldeitempli.com,Grand Hotel dei Templi,,,,,Viale Leonardo Sciascia - Contrada Angeli,,AGRIGENTO - VILLAGGIO MOSE',AG,Sicilia,,,no-domain
fontane.direzione@ventaglio.com,Fontane Bianche,,,,,Viale Mazzarò 1,,SIRACUSA - CASSIBILE FONTANE BIANCHE,SR,Sicilia,,,no-domain
info@lapinetadierice.it,La Pineta,,,,,Viale Nunzio Nasi,,ERICE,TP,Sicilia,,,no-domain
info@ilcantonedelfaro.it,Ora Resort il Cantone del Faro,,,,,,,Taormina,ME,Sicilia,,www.orahotelsgroup.it/,no-domain
info@locandasenio.it,Locanda Senio,,,,,Borgo dell'Ore 1,,PALAZZUOLO SUL SENIO,FI,Toscana,,,no-domain
info@hotelcardinalofflorence.com,Cardinal of Florence,,,,,Borgo Pinti 5,,FIRENZE,FI,Toscana,,,no-domain
foresteria@foresteriaauxilium.191.it,Foresteria Auxilium Vitae,,,,,Borgo San Lazzaro 5-Località San Girolamo,,VOLTERRA,PI,Toscana,,,no-domain
info@hotel-moderno.it,Moderno,,,,,Corso Italia 44,,PIOMBINO,LI,Toscana,,,no-domain
info@hotelpresidentmontecatini.it,President,,,,,Corso Matteotti 119,,MONTECATINI TERME,PT,Toscana,,,no-domain
info@albergouniverso.it,Universo,,,,,Corso Matteotti 51,,MONTECATINI TERME,PT,Toscana,,,no-domain
info@hotelgoya.pt.it,Goya,,,,,Corso Matteotti 70,,MONTECATINI TERME,PT,Toscana,,,no-domain
info@albergoniccoli.it,Niccoli,,,,,Corso Roma 95,,MONTECATINI TERME,PT,Toscana,,,no-domain
info@hoteldelmare-lorenza.it,Lorenza,,,,,Frazione Cavoli,,CAMPO NELL'ELBA - CAVOLI,LI,Toscana,,,no-domain
info@domenicohotel.it,Domenico,,,,,Frazione Vertighe,,MONTE SAN SAVINO - VERTIGHE,AR,Toscana,,,no-domain
info@lucesorgente.it,Brigitta - Park Hotel Luce Sorgente,,,,,Località Aiuole,,ARCIDOSSO,GR,Toscana,,,no-domain
aquaviva@hotel-aquaviva.it,Relax Aquaviva,,,,,Località Aquaviva,,CASOLE D'ELSA,SI,Toscana,,,no-domain
info@ilchiantidimontefienali.it,Relais Villa Albizi,,,,,Località Montefienali 5,,GAIOLE IN CHIANTI,SI,Toscana,,,no-domain
ortano.direzione@ventaglio.com,Ventaclub Ortano Mare,,,4,,Località Ortano 15,54038,RIO MARINA,LI,Toscana,,http://www.ventaglio.com,no-domain
info@hotelorcia.it,Osteria dell'Orcia,,,,,Località Podere Osteria 15-Osteria,,CASTIGLIONE D'ORCIA,SI,Toscana,,,no-domain
info@borgodistigliano.it,Relais Borgo di Stigliano,,,,,Località Poggiarello,,SOVICILLE - STIGLIANO,SI,Toscana,,,no-domain
mail@relaisvillarceno.com,Relais Villa Arceno,,,,,Località Villa Arceno,,CASTELNUOVO BERARDENGA - SAN GUSME',SI,Toscana,,,no-domain
info@hotelnuovolondra.it,Londra,,,,,Parco della Rimembranza 1,,MONTECATINI TERME,PT,Toscana,,,no-domain
info@albergo-europa.it,Europa,,,,,Piazza Amendola 272,,REGGELLO - CILIEGI,FI,Toscana,,,no-domain
fortezza@fortezzahotel.it,Della Fortezza,,,,,Piazza Cairoli 5,,SORANO,GR,Toscana,,,no-domain
info@hotelpellegrini.it,Terme Pellegrini,,,3,,Piazza del Popolo 34,51016,MONTECATINI TERME,PT,Toscana,,http://www.hotelpellegrini.it,no-domain
info@trattoriatoto.it,Totò Albergo Osteria,,,,,Piazza del Tribunale 6,,LUCIGNANO,AR,Toscana,,,no-domain
info@ilcamarlengo.it,Il Camarlengo,,,,,Piazza della Pieve 3,,TREQUANDA - CASTELMUZIO,SI,Toscana,,,no-domain
info@hotelminerva.pisa.it,Minerva,,,,,Piazza Giuseppe Toniolo 20,,PISA,PI,Toscana,,,no-domain
info@hotelcastri.it,Castri,,,,,Piazza Indipendenza 7,,FIRENZE,FI,Toscana,,,no-domain
info@albergoverazzano.it,Giovanni da Verrazzano,,,,,Piazza Matteotti 28,,GREVE IN CHIANTI,FI,Toscana,,,no-domain
h.aurora@fi.flashnet.it,Hotel Villa Aurora,,,,,Piazza Mino 39,,FIESOLE,FI,Toscana,,,no-domain
info@hoteluniverso-firenze.com,Universo,,,,,Piazza Santa Maria Novella 20,,FIRENZE,FI,Toscana,,,no-domain
info@latoscaninadicanapone.com,La Toscanina di Canapone Locanda,,,,,Piazzale Garibaldi 1,,FOIANO DELLA CHIANA,AR,Toscana,,,no-domain
california@tuscanhotels.it,Park Hotel California,,,,,S.S. 1 Aurelia 2 Km. 338-Madonna dell'Acqua,,SAN GIULIANO TERME,PI,Toscana,,,no-domain
info@relaisborgoscopeto.it,Relais Borgo Scopeto,,,,,Strada Comunale 14 Siena - Vagliagli-Località Borgo Scopeto Vagliagli,,CASTELNUOVO BERARDENGA,SI,Toscana,,,no-domain
info@lapinetahotel.com,La Pineta,,,,,Strada delle Collacchie 67,,FOLLONICA,GR,Toscana,,,no-domain
info@hotelalpicchetto.com,Al Picchetto,,,,,Strada Statale 223 - Località Ponte a Macereto,,MONTICIANO - SAN LORENZO A MERSE,SI,Toscana,,,no-domain
reception@lasteccaia.it,Park Hotel Steccaia,,,,,Strada Statale 223 Km 20,,CIVITELLA PAGANICO - PAGANICO,GR,Toscana,,,no-domain
molino@sirt.pisa.it,Molino d'Era,,,,,Strada Statale 439-Località Molino d'Era,,VOLTERRA,PI,Toscana,,,no-domain
info@lagravenna.it,La Gravenna,,,,,Strada Statale Casantinese,,SUBBIANO - GRAVENNA,AR,Toscana,,,no-domain
info@leruote.com,Le Ruote,,,,,Via Amendola 50,,PIEVE A NIEVOLE - COLONNA,PT,Toscana,,,no-domain
informazione@locandaunopiu.net,Locanda Uno Più,,,,,Via Amendola 58,,PIEVE A NIEVOLE - COLONNA,PT,Toscana,,,no-domain
info@lacampareccia.it,La Campareccia,,,,,Via Arni - Antona 19,,MASSA - CAMPARECCIA,MS,Toscana,,,no-domain
albergo@lapievedipucci.it,La Pieve,,,,,Via Bacci 2,,CASTELFIORENTINO,FI,Toscana,,,no-domain
info@hoteltouringscandicci.com,Touring,,,,,Via Baccio da Montelupo 16,,SCANDICCI - CASELLINA,FI,Toscana,,,no-domain
info@hotelalexfirenze.it,Alex,,,,,Via Baccio da Montelupo 20,,FIRENZE,FI,Toscana,,,no-domain
info@albergocalifornia.com,California,,,,,Via Bagno 1,,VILLA COLLEMANDINA - CORFINO,LU,Toscana,,,no-domain
info@hermitagemontecatini.it,Hermitage,,,,,Via Baragiola 31,,MONTECATINI TERME,PT,Toscana,,,no-domain
info@hotelrigoletto.com,Rigoletto,,,,,Via Baragiola 5,,MONTECATINI TERME,PT,Toscana,,,no-domain
info@hotelgranduca.info,Granduca,,,,,Via Brennero 279,,ABETONE,PT,Toscana,,,no-domain
info@mormohotels.it,Alexander Palme,,,,,Via Bruno Buozzi 76,,CHIANCIANO TERME,SI,Toscana,,,no-domain
info@hotel-larondine.com,La Rondine,,,,,Via Cateratte 138,,MONTIGNOSO - CINQUALE,MS,Toscana,,,no-domain
info@hotelsoleorbetello.com,Sole,,,,,Via Colombo 2,,ORBETELLO,GR,Toscana,,,no-domain
info@hotellatavernetta.com,La Tavernetta dei Ronchi,,,,,Via Como 9,,MASSA - RONCHI,MS,Toscana,,,no-domain
info@ilpalasaccio.it,Gli Orzali,,,,,Via Contessalina 991,,FIRENZUOLA,FI,Toscana,,,no-domain
info@hotelcurtatone.it,Curtatone,,,,,Via Curtatone 12,,FIRENZE,FI,Toscana,,,no-domain
info@albergoambra.it,Ambra,,,,,Via Dante Alighieri 48,,BUCINE - AMBRA,AR,Toscana,,,no-domain
info@hotel-lasiesta.it,La Siesta,,,,,Via dei Fiori - Strada Statale 146 19,,MONTEPULCIANO - SANT'ALBINO,SI,Toscana,,,no-domain
info@hoteldiprocchio.it,Di Procchio,,,,,Via dei Lecci 1,,MARCIANA - PROCCHIO,LI,Toscana,,,no-domain
info@hermitage-hotel.it,Hermitage,,,,,Via dei Melograni 13,,BIBBONA - MARINA DI BIBBONA,LI,Toscana,,,no-domain
info@hoteldellearti.it,Delle Arti,,,,,Via dei Servi 38/A,,FIRENZE,FI,Toscana,,,no-domain
info@albergolido.it,Lido,,,,,Via del Ghirlandaio 1,,FIRENZE,FI,Toscana,,,no-domain
info@hotelvittoria-chianciano.it,Vittoria,,,,,Via del Giglio 32,,CHIANCIANO TERME,SI,Toscana,,,no-domain
info@hotelburchianti.com,Burchianti,,,,,Via del Giglio 8,,FIRENZE,FI,Toscana,,,no-domain
manager@astoria.boscolo.com,Boscolo Hotel Astoria,,,,,Via del Giglio 9,,FIRENZE,FI,Toscana,,,no-domain
vecchiomulino@sirt.pisa.it,Il Vecchio Mulino,,,,,Via del Molino 21,,VOLTERRA - SALINE,PI,Toscana,,,no-domain
v.rioddi@sirt.pisa.it,Villa Rioddi,,,,,Via del Monte Volterrano-Località Rioddi,,VOLTERRA,PI,Toscana,,,no-domain
benedettataddei@inteerfree.it,Tazza d'Oro,,,,,Via del Papa 46,,EMPOLI,FI,Toscana,,,no-domain
info@albergohotelgrifone.it,Grifone,,,,,Via del Pesce Persico 2,,GROSSETO - PRINCIPINA A MARE,GR,Toscana,,,no-domain
info@hotelvillalibano.com,Villa Libano,,,,,Via del Sasso 6,,BARGA,LU,Toscana,,,no-domain
info@montiotel.it,Monti,,,,,Via della Chiesa 2,,LAMPORECCHIO - SAN BARONTO,PT,Toscana,,,no-domain
info@parkhotelcavalieri.com,Cavalieri Park,,,,,Via della Galeotta 10,,ALTOPASCIO,LU,Toscana,,,no-domain
posta@lamandola.it,Relais Club La Mandola,,,,,Via della Mandola 1,,CAPRAIA ISOLA,LI,Toscana,,,no-domain
info@laporcinaia.it,La Porcinaia,,,,,Via della Resistenza 3,,REGGELLO - TOSI,FI,Toscana,,,no-domain
info@grandealbergofortuna.com,Grande Albergo Fortuna,,,,,Via della Valle 76,,CHIANCIANO TERME,SI,Toscana,,,no-domain
info@hotellesaline.com,Le Saline,,,,,Via delle Saline 28,,MONTECATINI TERME,PT,Toscana,,,no-domain
info@hotelvillalaura.it,Tirrenia Villa Laura,,,,,Via delle Salvie 54,,PISA - TIRRENIA,PI,Toscana,,,no-domain
info@famigliafacondini.it,Principe,,,,,Via dello Squalo 100,,GROSSETO - PRINCIPINA A MARE,GR,Toscana,,,no-domain
info@daverrazzano.biz,Da Verrazzano,,,,,Via di Bellariva 18,,FIRENZE,FI,Toscana,,,no-domain
info@nocetorta.com,Al Parco,,,,,Via di Chianciano 96,,SARTEANO,SI,Toscana,,,no-domain
info@cavalierehotels.com,J and J,,,,,Via di Mezzo 20,,FIRENZE,FI,Toscana,,,no-domain
info@villagliastri.it,Villa gli Astri,,,,,Via di Nocchi 35,,CAMAIORE - NOCCHI,LU,Toscana,,,no-domain
booking@hotelalbastrosfirenze.it,Albatros,,,,,Via di Prato 62,,CALENZANO,FI,Toscana,,,no-domain
manager@granducato.boscolo.com,Granducato First Class,,,,,Via di Tomerello 1,,CAMPI BISENZIO,FI,Toscana,,,no-domain
info@albergoanna.info,Anna,,,,,Via Emilia 1,,CHIANCIANO TERME,SI,Toscana,,,no-domain
info@hotelrosamugello.it,La Rosa,,,,,Via Faentina 105,,BORGO SAN LORENZO - RONTA,FI,Toscana,,,no-domain
info@hotelmiacara.it,Mia Cara,,,,,Via Faenza 90/R,,FIRENZE,FI,Toscana,,,no-domain
info@patriahotel.it,Patria,,,,,Via Francesco Crispi 6/8,,PISTOIA,PT,Toscana,,,no-domain
i.mattioli@jumpy.it,Fox's Inn,,,,,Via Girolamo dal Borro 2,,LORO CIUFFENNA - SAN GIUSTINO VALDARNO,AR,Toscana,,,no-domain
infovilla@hotelvillacarobbis.it,Villa Rosy,,,,,Via Goraiolo 64,,MARLIANA,PT,Toscana,,,no-domain
alcide@hotelalcide.it,Hotel Alcide,,,3,,Via Guglielmo Marconi 67/A,53036,POGGIBONSI,SI,Toscana,0577937501,http://www.hotelalcide.com/it/,no-domain
info@hotelgina.it,Gina,,,,,Via Lamporecchiana 27/29,,VINCI,FI,Toscana,,,no-domain
info@gemmadelmare.it,Gemma del Mare,,,,,Via Leonardo da Vinci 158-Località Tonfano,,PIETRASANTA - MARINA DI PIETRASANTA,LU,Toscana,,,no-domain
info@hoteltilly.com,Tilly,,,,,Via Lungofrigido di Levante 1,,MASSA - MARINA DI MASSA,MS,Toscana,,,no-domain
booking@hotelvienna-ronchi.it,Vienna,,,,,Via Magliano 35,,MASSA - RONCHI,MS,Toscana,,,no-domain
info@lavecchiaccia.it,La Vecchiaccia,,,,,Via Mammianese 2-Località Fornaci,,ALTOPASCIO - MARGINONE,LU,Toscana,,,no-domain
info@hotel-giotto.it,Giotto,,,,,Via Manzoni 5,,CHIANCIANO TERME,SI,Toscana,,,no-domain
info@hotelognissanti.com,Palazzo Ognissanti,,,,,Via Maso Finiguerra 12/R,,FIRENZE,FI,Toscana,,,no-domain
albergosonia@jumpy.it,Sonia,,,,,Via Matteotti 42,,FORTE DEI MARMI,LU,Toscana,,,no-domain
nautilus130176@nautilussrl.191.it,Nautilus,,,,,Via Mazzini 45,,FORTE DEI MARMI,LU,Toscana,,,no-domain
info@hotelgolftoscana.it,Golf,,,,,Via Mazzini 81,,FORTE DEI MARMI,LU,Toscana,,,no-domain
info@hotelpagnini.it,Pagnini,,,,,Via Montebello 40,,FIRENZE,FI,Toscana,,,no-domain
info@floriotrinacria.it,Florio,,,,,Via Montebello 41,,MONTECATINI TERME,PT,Toscana,,,no-domain
info@rastrellihotels.it,Hotel Medici,,,,,Via Montebello 70,,MONTECATINI TERME,PT,Toscana,,,no-domain
montefreddi@jumpy.it,Montefreddi,,,,,Via Montefreddi 2801,,FIRENZUOLA - PIETRAMALA,FI,Toscana,,,no-domain
management@hotelsempione.com,Sempione,,,,,Via Nazionale 15,,FIRENZE,FI,Toscana,,,no-domain
info@hotelprincipessa.com,Villa la Principessa,,,,,Via Nuova per Pisa 1616/4,,LUCCA,LU,Toscana,,,no-domain
info@albergoparadiso.org,Paradiso,,,,,Via Palestro 59,,MONTECATINI TERME,PT,Toscana,,,no-domain
info@reginalbergo.it,Regina,,,,,Via Papini 30,,CAMAIORE - LIDO DI CAMAIORE,LU,Toscana,,,no-domain
info@hotelgiorni.it,Giorni,,,,,Via Pascoli 32,,CHIANCIANO TERME,SI,Toscana,,,no-domain
info@ilgranduca.com,Il Granduca,,,,,Via Pier Capponi 13,,FIRENZE,FI,Toscana,,,no-domain
info@eurohotel.191.it,Eurhotel,,,,,Via Pistoiese 30,,FIRENZE,FI,Toscana,,,no-domain
info@hotelportarossa.it,Porta Rossa,,,3,,Via Porta Rossa 19,50123,FIRENZE,FI,Toscana,055287551,http://www.hotelportarossa.it,no-domain
hotelredi@hotelredi.it,Redi,,,,,Via Puglie 7,,MONTECATINI TERME,PT,Toscana,,,no-domain
info@hoteljone.com,Jone,,,,,Via Roma 147,,CAMAIORE - LIDO DI CAMAIORE,LU,Toscana,,,no-domain
info@cortonastorica.it,Sabrina,,,,,Via Roma 37,,CORTONA,AR,Toscana,,,no-domain
info@albergoilbersagliere.it,Il Bersagliere,,,,,Via Roma 41,,ASCIANO,SI,Toscana,,,no-domain
info@villapoggioaigrilli.it,Villa Poggio ai Grilli,,,,,Via San Piero di Sotto 10,,SAN CASCIANO IN VAL DI PESA,FI,Toscana,,,no-domain
patrizia@simonihotels.it,Patrizia,,,,,Via Sardegna 12,,MONTECATINI TERME,PT,Toscana,,,no-domain
info@lequattropietre.com,Le Quattro Pietre,,,,,Via Sette Ponti 8-Località Case Nuove,,CASTIGLION FIBOCCHI,AR,Toscana,,,no-domain
info@hotelnanda.it,Nanda,,,,,Via Tagliamento 9,,CHIANCIANO TERME,SI,Toscana,,,no-domain
pensione22@edenhotel1.191.it,Eden,,,,,Via Ticino 2,,CHIANCIANO TERME,SI,Toscana,,,no-domain
info@hotelrubens.it,Hotel Rubens,,,,,Via Torino 10,,MONTECATINI TERME,PT,Toscana,,,no-domain
info@hotelatlantico.net,Atlantico,,,,,Via Torino 2,,FORTE DEI MARMI,LU,Toscana,,,no-domain
info@agrihotel-elisabetta.com,Agrihotel Elisabetta,,,,,Via Tronto 10,,CECINA - COLLEMEZZANO ALTO,LI,Toscana,,,no-domain
info@ipionieri.info,I Pionieri,,,,,Via Val di Luce 54,,ABETONE,PT,Toscana,,,no-domain
info@hotellealpi.it,Le Alpi,,,,,Via Vandelli 8,,VAGLI SOTTO,LU,Toscana,,,no-domain
info@locandalapietra.it,La Pietra,,,,,Via XXIV Maggio 69/B,,ROCCALBEGNA,GR,Toscana,,,no-domain
direzione@hotel-ariston.it,Ariston,,,,,Viale Baccelli 168,,CHIANCIANO TERME,SI,Toscana,,,no-domain
info@tt-tour.it,Arno,,,,,Viale Baccelli 216,,CHIANCIANO TERME,SI,Toscana,,,no-domain
info@nuovohotelfelsinea.it,Nuovo Hotel Felsinea,,,,,Viale Bicchierai 67,,MONTECATINI TERME,PT,Toscana,,,no-domain
info@hotel-millennium.it,Millennium,,,,,Viale Bicchierai 82,,MONTECATINI TERME,PT,Toscana,,,no-domain
info@hotelimpero.net,Impero,,,,,Viale Bicchierai 83,,MONTECATINI TERME,PT,Toscana,,,no-domain
info@hotellazzerini.it,Lazzerini,,,,,Viale Cavallotti 80,,MONTECATINI TERME,PT,Toscana,,,no-domain
lacona@tuscanhotels.it,Lacona,,,,,Viale Dei Golfi 544,,CAPOLIVERI,LI,Toscana,,,no-domain
info@hotelflorida.tv,Florida,,,,,Viale del Tirreno 227,,PISA - TIRRENIA,PI,Toscana,,,no-domain
info@hotelromachianciano.it,Roma,,,,,Viale della Libertà 459,,CHIANCIANO TERME,SI,Toscana,,,no-domain
info@grandealbergolefonti.com,Grande Albergo Le Fonti,,,,,Viale della Libertà 523,,CHIANCIANO TERME,SI,Toscana,,,no-domain
gabbiano@i5fratellisangiorgi.it,Il Gabbiano,,,,,Viale della Vittoria 109,,CECINA - CECINA MARINA,LI,Toscana,,,no-domain
info@hotelgalleria.net,Galleria,,,,,Viale Enrico Chiesa - Galleria Michelangelo,,MASSA,MS,Toscana,,,no-domain
info@eurohotel.pisa.it,Euro Hotel,,,,,Viale Europa 4/6,,CASCINA,PI,Toscana,,,no-domain
info@eurotels.it,Casa Rossa,,,,,Viale Fedeli 68,,MONTECATINI TERME,PT,Toscana,,,no-domain
villaazalee@fi.flashnet.it,Villa Azalee,,,,,Viale Fratelli Rosselli 44,,FIRENZE,FI,Toscana,,,no-domain
info@hotelparrini.com,Parrini,,,,,Viale Italia 103,,FOLLONICA,GR,Toscana,,,no-domain
info@concorde-hotel.it,Concorde,,,,,Viale L. Gori 10,,FIRENZE,FI,Toscana,,,no-domain
info@hotelvillaliberty.com,Villa Liberty,,,,,Viale Michelangelo 40,,FIRENZE,FI,Toscana,,,no-domain
info@brasiliahotel.it,Brasilia,,,,,Viale Roma 333-Località Montrone,,PIETRASANTA - MARINA DI PIETRASANTA,LU,Toscana,,,no-domain
info@hotelvillasplendor.it,Villa Splendor,,,,,Viale San Francesco d'Assisi 15,,MONTECATINI TERME,PT,Toscana,,,no-domain
info@hoteldelaville.biz,De la Ville,,,,,Viale San Francesco d'Assisi 5,,MONTECATINI TERME,PT,Toscana,,,no-domain
alfredo@hotelresidenceeplanade.it,Residence Esplanade,,,,,,,viareggio,LU,Toscana,,,no-domain
info@hotelabacusassisi.com,Ora Domus Abacus,,,,,,,Assisi,PG,Toscana,,www.orahotelsgroup.it/,no-domain
info@locandella.com,La Locandella del Poggio,,,,BB,Via Poggio Vittorio 29,,Lastra a Signa,FI,Toscana,,,no-domain
lacappella@lacappellalucca.it,La Cappella,,,,BB,Via per Camaiore - Loc. La Cappella,,Lucca,LU,Toscana,,,no-domain
montorio@island.pi.it,Montorio,,,,BB,Strada Statale per Pienza 2,,Montepulciano,SI,Toscana,,,no-domain
info@casamarzocchi.com,Casa Marzocchi,,,,BB,Piazza Umberto I 18,,Monterchi,AR,Toscana,,,no-domain
info@ilgugliarello.it,Il Gugliarello,,,,BB,Via Castiglioni 18,,Montespertoli,FI,Toscana,,,no-domain
info@caffeletto.it,Casa Teano,,,,BB,Via Stracchino 25,,Pontassieve,FI,Toscana,,,no-domain
info@hotelcaprice.net,Hotel Caprice,,,,,"Via delle Pinete, 3",,Marina di Massa,MS,Toscana,,,no-domain
info@ceraunavoltabb.it,Ceraunavolta,,,,BB,Via Cervara 73,,Massa,MS,Toscana,,,no-domain
info@ilplatanodigiulio.it,Il Platano di Giulio,,,,BB,"Via Prov. Carrara - Avenza, 58",,Carrara,MS,Toscana,,,no-domain
infotrentino@cr-surfing.net,Torretta,,,,NO,Frazione Bellamonte,,PREDAZZO - BELLAMONTE,TN,Trentino-Alto Adige,,,no-domain
hotel.caminetto@cr-surfing.net,Caminetto,,,,3,Frazione Bertoldi 60,,LAVARONE - BERTOLDI,TN,Trentino-Alto Adige,,,no-domain
info@garni-tiffany.it,Tiffany,,,,,Frazione Burgusio 128,,MALLES VENOSTA - BURGUSIO,BZ,Trentino-Alto Adige,,,no-domain
info@garni-brigitte.com,Cafè Brigitte,,,,,Frazione Burgusio 171,,MALLES VENOSTA - BURGUSIO,BZ,Trentino-Alto Adige,,,no-domain
info@hotelmontemaggio.com,Monte Maggio,,,,NO,Frazione Fondo Grande 34,,FOLGARIA - FONDO GRANDE,TN,Trentino-Alto Adige,,,no-domain
info@goldenes.kreuz.com,Goldenes Kreuz - Croce d'Oro,,,,,Frazione Madonna 27,,SENALES - MADONNA,BZ,Trentino-Alto Adige,,,no-domain
hotel@sonnenheim.net,Sonnenheim,,,,,Frazione Maranza 90,,RIO DI PUSTERIA - MARANZA,BZ,Trentino-Alto Adige,,,no-domain
solaria.gestione@vacanzevacanzeitaliane.com,Solaria,,,,NO,Frazione Marilleva,,MEZZANA - MARILLEVA,TN,Trentino-Alto Adige,,,no-domain
info@hotelerika.it,Erika,,,,,Frazione Meranza 113,,RIO DI PUSTERIA - MARANZA,BZ,Trentino-Alto Adige,,,no-domain
info@hotelrauth.it,Rauth,,,,,Frazione Novale di Val d'Ega 19,,NOVA PONENTE - NOVALE DI VAL D'EGA,BZ,Trentino-Alto Adige,,,no-domain
scoiattolo@cr-surfing.net,Scoiattolo,,,3,3,Frazione Pampeago 1,,TESERO - PAMPEAGO,TN,Trentino-Alto Adige,,http://www.scoiattolo.it/,no-domain
info@andreas-hofer.it,Andreas Hofer,,,,,Frazione Rasun di Sopra 73,,RASUN ANTERSELVA - RASUN DI SOPRA,BZ,Trentino-Alto Adige,,,no-domain
info@friedmann.it,Friedemann,,,,,Frazione Rasun di Sotto 140,,RASUN ANTERSELVA - RASUN DI SOTTO,BZ,Trentino-Alto Adige,,,no-domain
info@hotel-kapellenhof.com,Kapellenhof,,,,,Frazione San Giacomo 86,,VALLE AURINA - SAN GIACOMO VALLE AURINA,BZ,Trentino-Alto Adige,,,no-domain
info@wirtanderahr.com,Ahrner Wirt,,,,,Frazione San Giovanni 248,,VALLE AURINA - SAN GIOVANNI,BZ,Trentino-Alto Adige,,,no-domain
info@sporthotelstmartin.com,Sporthotel St. Martin,,,,,Frazione San Martino 41,,VALLE DI CASIES - SAN MARTINO,BZ,Trentino-Alto Adige,,,no-domain
info@tianes.it,Tianes,,,,,Frazione San Michele 3/2,,CASTELROTTO - SAN MICHELE,BZ,Trentino-Alto Adige,,,no-domain
villadibosco@hotel-villadibosco.com,Villa di Bosco,,,3,3,Frazione Stava 2,,TESERO - STAVA,TN,Trentino-Alto Adige,,http://www.hotel-villadibosco.com,no-domain
info@hotel-moarhof.it,Moarhof,,,,,Frazione Valles 21,,RIO DI PUSTERIA - VALLES,BZ,Trentino-Alto Adige,,,no-domain
info@hotel-tannhof.com,Tannhof,,,,,Frazione Valles 95,,RIO DI PUSTERIA - VALLES,BZ,Trentino-Alto Adige,,,no-domain
termeinformazioni@cr-surfing.net,Rabbi,,,,NO,Località Acidule 153,,RABBI - RABBI BAGNI,TN,Trentino-Alto Adige,,,no-domain
info@gasthof-gerstl.it,Gerstlhof,,,,,Località Am Berg 4,,MALLES VENOSTA - BURGUSIO,BZ,Trentino-Alto Adige,,,no-domain
info@steinhauser-hotels.com,Untersteinerhof,,,,,Località Bühel 36,,VALLE AURINA - SAN GIACOMO VALLE AURINA,BZ,Trentino-Alto Adige,,,no-domain
info@atlanticclubhotel.it,Atlantic Club,,,,NO,Località Coe 1,,NAGO-TORBOLE,TN,Trentino-Alto Adige,,,no-domain
info@hotelalponte.net,Al Ponte,,,,NO,Località Maso Grillo 4,,PERGINE VALSUGANA,TN,Trentino-Alto Adige,,,no-domain
info@friedeck.it,Friedeck,,,,,Località Paese 33,,NOVA PONENTE - MONTE SAN PIETRO,BZ,Trentino-Alto Adige,,,no-domain
info@seppamair.it,Seppmair,,,,,Località Plars di Sopra 45,,LAGUNDO,BZ,Trentino-Alto Adige,,,no-domain
info@bruggmuellerhof.com,Bruggmüllerhof,,,,,Località San Pietro 41,,FUNES,BZ,Trentino-Alto Adige,,,no-domain
info@tyrol-villnoess.com,Tyrol,,,,,Località Santa Maddalena 105,,FUNES,BZ,Trentino-Alto Adige,,,no-domain
piramidihotel@cr-surfing.net,Alle Piramidi,,,,NO,Località Scancio 24,,SEGONZANO,TN,Trentino-Alto Adige,,,no-domain
info@hotelbircher.it,Bircher,,,,,Località Trens 70,,CAMPO DI TRENS,BZ,Trentino-Alto Adige,,,no-domain
info@hotelresidencenevada.com,Nevada,,,,NO,Località Vason 17,,TRENTO,TN,Trentino-Alto Adige,,,no-domain
info@weiberhimml.it,Weiberhimml,,,,,Località Waldschenke 565,,ULTIMO - SANTA VALBURGA,BZ,Trentino-Alto Adige,,,no-domain
info@aldeinerhof.it,Aldeinerhof,,,,,Località Wildeich 52,,ALDINO,BZ,Trentino-Alto Adige,,,no-domain
info@hotelsavoy.biz,Savoy,,,,NO,Passo Costalunga,,VIGO DI FASSA,TN,Trentino-Alto Adige,,,no-domain
albergobertoldi@cr-surfing.net,Bertoldi,,,,NO,Piazza Italia 9,,LAVARONE - CHIESA,TN,Trentino-Alto Adige,,,no-domain
info@hotelasterix.it,Asterix,,,,,Piazza Mazzini 35,,BOLZANO,BZ,Trentino-Alto Adige,,,no-domain
info@sonne.st,Sonne,,,,,Piazza Mitterhofer 8,,PARCINES,BZ,Trentino-Alto Adige,,,no-domain
info@hotel-etschequelle.com,Etschquelle,,,,,Piazza Principale 42,,CURON VENOSTA - RESIA,BZ,Trentino-Alto Adige,,,no-domain
info@majesticcampiglio.it,Majestic,,,4,1,Piazza Righi 38,,PINZOLO - MADONNA DI CAMPIGLIO,TN,Trentino-Alto Adige,,http://www.majesticmchotel.com,no-domain
info@villaluti.it,Villa Luti,,,,,Piazza Risorgimento 40,,LOMASO - CAMPO LOMASO,TN,Trentino-Alto Adige,,,no-domain
info@garni-schwarzer-adler.it,Schwarzer Adler,,,,,Piazza San Paolo 1,,APPIANO SULLA STRADA DEL VINO - SAN PAOLO,BZ,Trentino-Alto Adige,,,no-domain
enzian@cenida.it,Genziana - Enzian,,,4,2,Piazza Wolkenstein 2,,CASTELROTTO - SIUSI,BZ,Trentino-Alto Adige,,http://www.enzianhotel.com,no-domain
info@braeuhaus.it,Birreria - Bräuhaus,,,,,San Pietro 17,,LAION,BZ,Trentino-Alto Adige,,,no-domain
info@sporthotel-teresa.com,Sporthotel Teresa,,,,,Strada Damez 64,,BADIA - PEDRACES,BZ,Trentino-Alto Adige,,,no-domain
info@garni-giardin.com,Giardin,,,,,Strada Frëina 3,,SELVA DI VAL GARDENA,BZ,Trentino-Alto Adige,,,no-domain
info@christof-appiano.com,Christof,,,,,Strada Gravosa 21,,APPIANO SULLA STRADA DEL VINO - SAN MICHELE,BZ,Trentino-Alto Adige,,,no-domain
info@albergoroya.it,Royal,,,,,Strada la Sïëïa 10,,CORVARA IN BADIA,BZ,Trentino-Alto Adige,,,no-domain
info@hoteltofana.com,Tofana,,,,,Strada Micurà de Rü 63,,BADIA - SAN CASSIANO,BZ,Trentino-Alto Adige,,,no-domain
info@albergoladinia.it,Ladinia,,,,,Strada Pedecorvara 10,,CORVARA IN BADIA,BZ,Trentino-Alto Adige,,,no-domain
info@garnidelta.it,Delta,,,,,Strada Rönn 11,,CORVARA IN BADIA - COLFOSCO,BZ,Trentino-Alto Adige,,,no-domain
info@garni-garden.it,Garden,,,,,Strada Val 12,,CORVARA IN BADIA - COLFOSCO,BZ,Trentino-Alto Adige,,,no-domain
info@sporthotel-des-alpes.com,Sport Hotel des Alpes,,,,,Strada Vecchia 12,,LAGUNDO,BZ,Trentino-Alto Adige,,,no-domain
info@schwefelbad.com,Schwefelbad,,,,,Strada Vecchia 14,,SCENA,BZ,Trentino-Alto Adige,,,no-domain
info@rovereto-hotelflora.it,Flora,,,,NO,Via Abetone 94,,ROVERETO,TN,Trentino-Alto Adige,,,no-domain
info@hotelmughi.com,Ai Mughi,,,,NO,Via ai Mughi 26,,PINZOLO,TN,Trentino-Alto Adige,,,no-domain
info@feldmuellerhof.com,Feldmüllerhof,,,,,Via al Castello 9,,CAMPO TURES,BZ,Trentino-Alto Adige,,,no-domain
info@hotelido-ledro.it,Lido,,,,NO,Via al Lago 1,,PIEVE DI LEDRO,TN,Trentino-Alto Adige,,,no-domain
reservation@trento.boscolo.com,Boscolo Grand Hotel,,,,NO,Via Alfieri 1-3,,TRENTO,TN,Trentino-Alto Adige,,,no-domain
info@allatorrehotel.it,Alla Torre,,,,NO,Via alla Torre 7,,SMARANO,TN,Trentino-Alto Adige,,,no-domain
info@hotelsteidlerhof.it,Steidlerhof,,,,,Via Amalfi 10,,BOLZANO,BZ,Trentino-Alto Adige,,,no-domain
info@pension-elisabeth.com,Elisabeth,,,,,Via An der Kaiserwarthe 30,,BRUNICO - RISCONE,BZ,Trentino-Alto Adige,,,no-domain
info@hotel-vierjahreszeiten.it,Hotel Vier Jahreszeiten,,,,,Via Andreas Hofer 8,,SILANDRO,BZ,Trentino-Alto Adige,,,no-domain
info@cattonihotelplaza.com,Cattoni Plaza,,,,NO,Via Battisti 19-Località Ponte Arche,,LOMASO,TN,Trentino-Alto Adige,,,no-domain
info@miramonti-hotel.it,Miramonti,,,,NO,Via Battisti 36/A,,SARNONICO,TN,Trentino-Alto Adige,,,no-domain
erika@campigliohotelerika.it,Erika,,,,NO,Via Belvedere 20,,PINZOLO - MADONNA DI CAMPIGLIO,TN,Trentino-Alto Adige,,,no-domain
info@hotelbadwaldbrunn.com,Bad Waldbrunn,,,,,Via Bersaglio 7,,MONGUELFO,BZ,Trentino-Alto Adige,,,no-domain
hotelcollinipinzolo@jumpy.it,Collini,,,,NO,Via Bolognini 11,,PINZOLO,TN,Trentino-Alto Adige,,,no-domain
casteluce@castelucehotel.com,Casteluce,,,,NO,Via Bolognini 65,,PINZOLO,TN,Trentino-Alto Adige,,,no-domain
hotelpangrazzi@cr-surfing.net,Pangrazzi,,,3,3,Via Bortolomeo Bezzi 1,,OSSANA - FUCINE,TN,Trentino-Alto Adige,,http://www.hotelpangrazzi.com/,no-domain
info@goldenerroessl.it,Goldenes Rössl - Cavallino d'Oro,,,,,Via Brennero 3,,BRESSANONE,BZ,Trentino-Alto Adige,,,no-domain
info@steinmannwald.com,Steinmannwald,,,,,Via Brennero 51,,LAIVES - PINETA,BZ,Trentino-Alto Adige,,,no-domain
htlinfo@clantyhotels.com,Villa Enrica,,,,NO,Via Brione 1/a,,RIVA DEL GARDA,TN,Trentino-Alto Adige,,,no-domain
info@4p-sheraton-bolzano.it,Four Points by Sheraton Bolzano,,,,,Via Bruno Buozzi 35,,BOLZANO,BZ,Trentino-Alto Adige,,,no-domain
info@holidayinndimaro.com,Holiday Inn Garden Court,,,,NO,Via Campiglio 4,,DIMARO,TN,Trentino-Alto Adige,,,no-domain
info@schoenblick-hotel.it,Schönblick,,,,,Via Castello 11,,NATURNO,BZ,Trentino-Alto Adige,,,no-domain
info@hotel-tyrol.net,Tyrol,,,,,Via Catinaccio 4,,NOVA LEVANTE,BZ,Trentino-Alto Adige,,,no-domain
dolomitihotel@cr-surfing.net,Dolomiti Hotel Cozzio,,,,3,Via Cima Tosa 31,,PINZOLO - MADONNA DI CAMPIGLIO,TN,Trentino-Alto Adige,,http://www.cozzio.it/,no-domain
info@famiglia-angeli.com,Europa,,,,NO,Via Cima Tosa 81,,PINZOLO - MADONNA DI CAMPIGLIO,TN,Trentino-Alto Adige,,,no-domain
info@albergovillaprimavera.it,Villa Primavera,,,,NO,Via Claudia Augusta 3,,LEVICO TERME,TN,Trentino-Alto Adige,,,no-domain
info@parkhotelmiramonti.it,Park Hotel Miramonti,,,,NO,Via Dante Alighieri 12,,FOLGARIA,TN,Trentino-Alto Adige,,,no-domain
info@garni-hotel-rosengarten.com,Rosengarten,,,,,Via Dantercëpies 68,,SELVA DI VAL GARDENA,BZ,Trentino-Alto Adige,,,no-domain
villaflora@holidaysystem.191.it,Villa Flora,,,,NO,Via De Giovanni 5,,RONCEGNO TERME,TN,Trentino-Alto Adige,,,no-domain
info@albergoclaudia.it,Claudia,,,,NO,Via De Vettorazzi 1,,LEVICO TERME,TN,Trentino-Alto Adige,,,no-domain
info@hotelrenzi.com,Renzi,,,,NO,Via dei Margeni 20,,DIMARO - FOLGARIDA,TN,Trentino-Alto Adige,,,no-domain
info@hoteladler-morter.it,Adler Morter,,,,,Via dei Nibelungi 43,,LACES - MORTER,BZ,Trentino-Alto Adige,,,no-domain
info@gasthof-haller.com,Haller,,,,,Via dei Vigneti 68,,BRESSANONE,BZ,Trentino-Alto Adige,,,no-domain
hallo@zumunterwirt.com,Weisses Kreuz,,,,,Via del Villaggio 35,,SAN MARTINO IN PASSIRIA,BZ,Trentino-Alto Adige,,,no-domain
info@garnihellweger.com,Hellweger,,,,,Via della Frana 6,,GAIS,BZ,Trentino-Alto Adige,,,no-domain
hotelvaldifassa@jumpy.it,Val di Fassa,,,,NO,Via di Palua 6,,SORAGA,TN,Trentino-Alto Adige,,,no-domain
info@hotelcervoriva.it,Cervo,,,,NO,Via Diaz 15,,RIVA DEL GARDA,TN,Trentino-Alto Adige,,,no-domain
info@hotelrodes.com,Rodes,,,,,Via Digon 10,,ORTISEI,BZ,Trentino-Alto Adige,,,no-domain
net02377@cr-surfing.net,Gries,,,,NO,Via do Ruf de Soracrepa 24,,CANAZEI,TN,Trentino-Alto Adige,,,no-domain
info@hotelgohmann.com,Grohmann,,,,NO,Via Dolomiti 100,,CAMPITELLO DI FASSA,TN,Trentino-Alto Adige,,,no-domain
salvan@hotelsalvan.com,Salvan,,,3,3,Via Dolomiti 20,,CAMPITELLO DI FASSA,TN,Trentino-Alto Adige,,http://www.hotelsalvan.com,no-domain
info@hotelrodendro.com,Rododendro,,,,NO,Via Dolomiti 31,,CAMPITELLO DI FASSA,TN,Trentino-Alto Adige,,,no-domain
info@hotelvillakofler.com,Villa Kofler,,,4,1,Via Dolomiti 51,,CAMPITELLO DI FASSA,TN,Trentino-Alto Adige,,http://www.villakofler.it/,no-domain
info@alpostahotel.com,Al Posta,,,3,3,Via Domenica Targa 1,,BASELGA DI PINE' - MONTAGNAGA,TN,Trentino-Alto Adige,,http://www.alpostahotel.com,no-domain
albergoasson@cr-surfing.net,Asson,,,3,3,Via Endrici 60,,DON,TN,Trentino-Alto Adige,,http://www.albergoasson.it/albergo.html,no-domain
info@residence-meran2000.com,Meran 2000,,,,,Via Falzeben 255,,AVELENGO,BZ,Trentino-Alto Adige,,,no-domain
info@badcortina.it,Aqua Bad Cortina Oasis Hotel,,,,,Via Fanes 40,,MAREBBE - SAN VIGILIO DI MAREBBE,BZ,Trentino-Alto Adige,,,no-domain
info@grandpalace.it,Grand Palace Gossensass,,,,,Via Färber 1,,BRENNERO - COLLE ISARCO,BZ,Trentino-Alto Adige,,,no-domain
marchi@cittiarco.com,Marchi,,,,NO,Via Ferrera 22,,ARCO,TN,Trentino-Alto Adige,,,no-domain
info@hotelpedrotti.it,Pedrotti,,,,NO,Via Garibaldi 103,,LEVICO TERME,TN,Trentino-Alto Adige,,,no-domain
alb.rosa@cr-surfing.net,Alla Rosa,,,3,3,Via Garibaldi 30,,PREDAZZO,TN,Trentino-Alto Adige,,http://www.hotelallarosa.it/,no-domain
info@garnellenhof.com,Garnellenhof,,,,,Via Garnellen 18,,CALDARO SULLA STRADA DEL VINO - PIANIZZA DI SOPRA,BZ,Trentino-Alto Adige,,,no-domain
info@hotel-poeder.com,Pöder,,,,,Via Gilmann 1,,LANA,BZ,Trentino-Alto Adige,,,no-domain
info@hotelbagni.it,Hbm Bagni Miramonti,,,,NO,Via Giovanelli 67/A,,CARANO,TN,Trentino-Alto Adige,,,no-domain
info@hotelconny.com,Conny,,,,,Via Giovo 104,,VIPITENO - TUNES,BZ,Trentino-Alto Adige,,,no-domain
info@hotel-gasteigerhof.com,Gasteigerhof,,,,,Via Giovo 24,,RACINES,BZ,Trentino-Alto Adige,,,no-domain
info@hotel-kreuz.com,Kreuz,,,,,Via Giovo 25,,RIFIANO,BZ,Trentino-Alto Adige,,,no-domain
info@parchotel-florian.com,Parc Hotel Florian,,,,,Via Ibsen 17,,CASTELROTTO - SIUSI,BZ,Trentino-Alto Adige,,,no-domain
info@grafenau.it,Grafenau,,,,,Via Ifinger 3,,SCENA,BZ,Trentino-Alto Adige,,,no-domain
info@hotalpino.it,Alpino,,,,NO,Via III Novembre 50,,STENICO - VILLA BANALE,TN,Trentino-Alto Adige,,,no-domain
info@gartenheim.suedtirol.net,Gartenheim,,,,,Via Katnau 5,,SCENA,BZ,Trentino-Alto Adige,,,no-domain
info@gasthofzumstern.it,Zum Stern,,,,,Via Kirchdorf 11,,RACINES - MARETA,BZ,Trentino-Alto Adige,,,no-domain
info@hotel-steiner.it,Steiner,,,,,Via Laurin 58/64,,MERANO,BZ,Trentino-Alto Adige,,,no-domain
info@garni-burgund.com,Burgund,,,,,Via Lodner 3,,PARCINES,BZ,Trentino-Alto Adige,,,no-domain
info@treoche.it,Locanda le Tre Oche,,,,NO,Via Maffei 37,,MOLINA DI LEDRO,TN,Trentino-Alto Adige,,,no-domain
miravalle@mbnclubvacanze.com,Miravalle,,,3,3,Via Marconi 12,,COREDO,TN,Trentino-Alto Adige,,http://www.infotrentino.net,no-domain
info@coronelle.it,Coronelle,,,,NO,Via Matteotti 18/A,,CAVALESE,TN,Trentino-Alto Adige,,,no-domain
albergovinella@cr-surfing.net,Vinella,,,,NO,Via Mazzini 76,,PREDAZZO,TN,Trentino-Alto Adige,,,no-domain
info@h-belsoggiorno.it,Bel Soggiorno,,,,NO,Via Miravalle 7,,MALOSCO,TN,Trentino-Alto Adige,,,no-domain
info@schoefflmair.com,Schöfflmair,,,,,Via Molini 23,,CAMPO TURES - MOLINI DI TURES,BZ,Trentino-Alto Adige,,,no-domain
info@maldelhof.com,Mandelhof,,,,,Via Molino 8,,APPIANO SULLA STRADA DEL VINO - CORNAIANO,BZ,Trentino-Alto Adige,,,no-domain
info@hotel-lahrer.com,Lahner,,,,,Via Montassilone 25,,GAIS,BZ,Trentino-Alto Adige,,,no-domain
info@passeierhof.com,Passeirerhof,,,,,Via Moso 24,,SAN LEONARDO IN PASSIRIA,BZ,Trentino-Alto Adige,,,no-domain
info@hotelnegritella.com,Negritella,,,,NO,Via Nazionale 13,,MOLVENO,TN,Trentino-Alto Adige,,,no-domain
albergomezzosoldo@cr-surfing.net,Mezzo Soldo,,,,3,Via Nazionale 196-Località Mortaso,,SPIAZZO,TN,Trentino-Alto Adige,,http://www.mezzosoldo.it/,no-domain
info@hotelstark.it,Starkl,,,,,Via Pacher 24,,FALZES,BZ,Trentino-Alto Adige,,,no-domain
info@schwarzestein.com,Schwarzenstein,,,,,Via Paese 11,,VALLE AURINA - LUTAGO,BZ,Trentino-Alto Adige,,,no-domain
info@zur-post.it,Zur Post,,,,,Via Paese 39/41,,SAN PANCRAZIO,BZ,Trentino-Alto Adige,,,no-domain
info@bluehlerhof.info,Buehlerhof,,,,,Via Palade 19/A,,LANA,BZ,Trentino-Alto Adige,,,no-domain
sesto@altoadigehotels.info,Da Sesto,,,,,Via Palade 40,,CERMES,BZ,Trentino-Alto Adige,,,no-domain
info@mondschein.it,Mondschein,,,,,Via Palade 6,,LANA,BZ,Trentino-Alto Adige,,,no-domain
info@hotelmartina.it,Martina,,,,,Via Panider 19,,CASTELROTTO,BZ,Trentino-Alto Adige,,,no-domain
info@hotelkoronplatz.com,Kronplatz,,,,,Via Parrocchia 4-Località Valdaora di Sotto,,VALDAORA,BZ,Trentino-Alto Adige,,,no-domain
penegal@serafinohotels.com,Serafino Hotel Penegal,,,,NO,Via Passo della Mendola-Località Monte Penegal,,SARNONICO,TN,Trentino-Alto Adige,,,no-domain
hotelmadonna@hotelmadonna.it,Madonna,,,,NO,Via Passo Rolle 10,,SIROR - SAN MARTINO DI CASTROZZA,TN,Trentino-Alto Adige,,,no-domain
info@hotelsemiramis.it,Semiramis,,,,NO,Via Pola 9,,RONCEGNO TERME,TN,Trentino-Alto Adige,,,no-domain
net02309@cr-surfing.net,Bellamonte,,,,,Via Prai de Mont 52,,PREDAZZO - BELLAMONTE,TN,Trentino-Alto Adige,,,no-domain
info@hotel-schlossgarten.com,Schlossgarten,,,,,Via Pretura 8,,SILANDRO,BZ,Trentino-Alto Adige,,,no-domain
info@panorama-plank.com,Panorama,,,,,Via Pretzenberg 13,,NOVA LEVANTE,BZ,Trentino-Alto Adige,,,no-domain
info@hotel-schnalserhof.com,Schnalserhof,,,,,Via Principale 121,,NATURNO,BZ,Trentino-Alto Adige,,,no-domain
info@hotel-tirolerhof.it,Tirolerhof,,,,,Via Principale 16,,TIROLO,BZ,Trentino-Alto Adige,,,no-domain
info@giemmehotels.com,Grand Hotel Sulden,,,,,Via Principale 50,,STELVIO - SOLDA,BZ,Trentino-Alto Adige,,,no-domain
info@sporthotel-paradies.com,Paradiso - Paradies,,,,,Via Principale 87,,STELVIO - SOLDA,BZ,Trentino-Alto Adige,,,no-domain
info@garni-arnika.it,Arnika,,,,,Via Principale 94,,STELVIO - SOLDA,BZ,Trentino-Alto Adige,,,no-domain
info@hotel-paulus.com,Paulus,,,,,Via Raffein 18,,CERMES,BZ,Trentino-Alto Adige,,,no-domain
info@dolomitiws.it,Dolomiti - Garber,,,,NO,Via Riccardo Loewy 24,,MOENA,TN,Trentino-Alto Adige,,,no-domain
info@hotelrondinella.com,La Rondinella al Pont de Mur,,,,NO,Via Riccardo Loewy 86,,MOENA,TN,Trentino-Alto Adige,,,no-domain
info@alpenhof.bz,Alpenhof,,,,,Via Riva di Sotto 22,,MONGUELFO - TESIDO,BZ,Trentino-Alto Adige,,,no-domain
hotelregina@tvigest.com,Regina e Fassa,,,,NO,Via Rotig 1,,MAZZIN - CAMPESTRIN,TN,Trentino-Alto Adige,,,no-domain
info@hubertus-unterweger.com,Hubertus,,,,,Via San Cassiano 10,,LAGUNDO,BZ,Trentino-Alto Adige,,,no-domain
info@gandbauer.it,Gandbauerhof,,,,,Via San Pietro,,TIROLO,BZ,Trentino-Alto Adige,,,no-domain
info@hoteltodlerhof.it,Tolderhof,,,,,Via San Silvestro 26,,SAN CANDIDO,BZ,Trentino-Alto Adige,,,no-domain
info@hoteltiefenbrun.com,Tiefenbrunn,,,,,Via Sant'Agata 14,,LANA,BZ,Trentino-Alto Adige,,,no-domain
info@hoteldersinne.com,Christoph's Hotel der Sinne,,,,,Via Scena 2,,SCENA,BZ,Trentino-Alto Adige,,,no-domain
info@weinmesserhof.com,Weinmesserhof,,,,,Via Scena 41,,SCENA,BZ,Trentino-Alto Adige,,,no-domain
info@hoteltappeiner.com,Tappeiner,,,,,Via Schanzen 5,,LACES - COLDRANO,BZ,Trentino-Alto Adige,,,no-domain
info@schoenblickhotel.com,Schönblick,,,,,Via Sciliar 19,,RENON - COLLALBO,BZ,Trentino-Alto Adige,,,no-domain
info@hotel-waldrast.it,Waldrast,,,,,Via Silvestro 3,,SAN CANDIDO - PRATO ALLA DRAVA,BZ,Trentino-Alto Adige,,,no-domain
info@hotelregina.cc,Regina,,,,,Via Stufan 5,,ORTISEI,BZ,Trentino-Alto Adige,,,no-domain
hotel.romanda@cr-surfing.net,Romanda,,,,NO,Via Trieste 27,,LAVARONE - CHIESA,TN,Trentino-Alto Adige,,,no-domain
nidoverde@cr-surfing.net,Nido Verde,,,,NO,Via Trieste 33,,LAVARONE - CHIESA,TN,Trentino-Alto Adige,,,no-domain
info@hotelnevada.info,Nevada,,,,NO,Via Val di Roda 47,,SIROR - SAN MARTINO DI CASTROZZA,TN,Trentino-Alto Adige,,,no-domain
info@garnideifiori.it,Dei Fiori,,,,NO,Via Vallesinella 18,,PINZOLO - MADONNA DI CAMPIGLIO,TN,Trentino-Alto Adige,,,no-domain
info@suedtirolerhof.it,Südtirolerhof - Ausserknappen,,,,,Via Verdines 7/A,,SCENA,BZ,Trentino-Alto Adige,,,no-domain
info@waldeim.it,Waldheim,,,,NO,Via Waldheim 1,,SESTO,BZ,Trentino-Alto Adige,,,no-domain
info@albergocentralepeio.com,Centrale,,,3,3,Via XXIV Maggio 8-Località Peio Paese,,PEIO,TN,Trentino-Alto Adige,,http://www.albergocentralepeio.com/,no-domain
info@meran-flora.it,Flora,,,,,Via XXX Aprile 2,,MERANO,BZ,Trentino-Alto Adige,,,no-domain
info@hotelvalgenova.it,Valgenova,,,,NO,Viale Dolomiti 67,,GIUSTINO,TN,Trentino-Alto Adige,,,no-domain
info@hotellidoseehof.it,Lido Seehof,,,,NO,Viale Europa 97,,PERGINE VALSUGANA - SAN CRISTOFORO,TN,Trentino-Alto Adige,,,no-domain
info@hotelastoriafiera.it,Astoria,,,,NO,Viale Italia 2,,PRIMIERO - FIERA DI PRIMIERO,TN,Trentino-Alto Adige,,,no-domain
info@villaangiolina.it,Villa Angiolina,,,,NO,Viale Roma 5,,RONCEGNO TERME,TN,Trentino-Alto Adige,,,no-domain
info@albergorocca.it,Rocca,,,,NO,Viale Roma 5,,LEVICO TERME,TN,Trentino-Alto Adige,,,no-domain
miralago@antoniollihotels.com,Alietti - Miralago,,,,NO,Viale Trento 22,,LEVICO TERME,TN,Trentino-Alto Adige,,,no-domain
info@himmelereich.it,Himmelreich - Panorama,,,,,Vicolo del Convento 15,,CASTELBELLO CIARDES - CIARDES,BZ,Trentino-Alto Adige,,,no-domain
info@post.tolderhof.com,Post,,,,,Vicolo della Chiesa 6-Località Valdaora di Sopra,,VALDAORA,BZ,Trentino-Alto Adige,,,no-domain
praronch@val-gardenia.com,Villa Prà Ronch,,,,BB,,,Selva di Val Gardena,BZ,Trentino-Alto Adige,,,no-domain
infospoleto@cavalierehotels.com,Cavaliere Palace Hotel,,,,,Corso Garibaldi 49,,SPOLETO,PG,Umbria,,,no-domain
hotel@torrecalzolari.com,Torre dei Calzolari Palace,,,,,Frazione Torre dei Calzolari,,GUBBIO - TORRE DEI CALZOLARI,PG,Umbria,,,no-domain
info@relaisanticoborgodicelle.it,Relais Antico Borgo di Celle,,,,,Località Celle 7,,CITTA' DI CASTELLO - LERCHI,PG,Umbria,,,no-domain
info@lefossate.it,Le Fossate,,,,,Località Fossate 121,,GIOVE,TR,Umbria,,,no-domain
fontegaia@mrcnet.it,Fontegaia,,,,,Località Racognano,,MONTEFRANCO,TR,Umbria,,,no-domain
info@holidayhill.it,Holiday Hill,Fabrizio,Checcoli,,,Località Selvarelle Alte,,ACQUASPARTA,TR,Umbria,,,no-domain
info@albergolapenisola.it,La Penisola - Villa Bellago,,,,,Pian delle Monache 138,,BASCHI,TR,Umbria,,,no-domain
info@timeshotel.it,Time's Hotel,,,,,Piazza Gramsci 12/13,,SPELLO,PG,Umbria,,,no-domain
locanda@colledelloro.it,Locanda di Colle dell'Oro,,,,,Strada di Palmetta 31,,TERNI,TR,Umbria,,,no-domain
info@hotelilperugino.it,Il Perugino,,,,,Strada Statale 75 Bis-Località Ellera Umbra,,CORCIANO,PG,Umbria,,,no-domain
info@hostariacris.it,Cris,,,,,Strada Statale Flaminia Km 196+700,,FOSSATO DI VICO,PG,Umbria,,,no-domain
info@volumni.it,Volumni,,,,,Strada Tiberina Sud - Località 5/A,,PERUGIA,PG,Umbria,,,no-domain
infohotel@hotelhortensis.it,Hortensis,,,,,Via Berlinguer,,CANNARA,PG,Umbria,,,no-domain
info@villadepazzi.it,Villa de Pazzi,,,,,Via dei Pini 25,,SPOLETO,PG,Umbria,,,no-domain
holidayinnperugia@akus.it,Holiday Inn Perugia,,,,,Via del Discobolo 42,,PERUGIA,PG,Umbria,,,no-domain
info@hote-torretta.it,La Torretta,,,,,Via del Ponte 1,,ASSISI - PETRIGNANO,PG,Umbria,,,no-domain
info@hotelreginadicuori.it,Regina di Cuori,,,,,Via della Stazione 5/A,,CASTIGLIONE DEL LAGO,PG,Umbria,,,no-domain
direzione@alpoggiodeipapi.com,Al Poggio dei Papi,,,,,Via di San Litardo 8,,CITTA' DELLA PIEVE,PG,Umbria,,,no-domain
info@trevihotelumbria.it,Trevi Hotel,,,,,Via Fantosati 2,,TREVI,PG,Umbria,,,no-domain
info@hotels-hermitage.it,Jfi Hermitage,,,,,Via Giuseppe degli Armatari 1,,ASSISI,PG,Umbria,,,no-domain
info@deipini.it,Dei Pini,,,,,Via Gramsci 9,,GUALDO CATTANEO - SAN TERENZIANO,PG,Umbria,,,no-domain
direzione@hotelmaitani.com,Hotel Maitani,,,,,Via Lorenzo Maitani 5,,ORVIETO,TR,Umbria,,,no-domain
info@hotelfoligno.191.it,Express by Holiday Inn Foligno,,,,,Via M. Arcamone 16,,FOLIGNO,PG,Umbria,,,no-domain
info@hotelaltavilla.com,Altavilla,,,,,Via Mancinelli 2,,SPELLO,PG,Umbria,,,no-domain
info@transithotel.it,Transit Hotel Fabro,,,,,Via Monte Amiata 8,,FABRO - FABRO SCALO,TR,Umbria,,,no-domain
info@rosatihotels.com,Beniamino Ubaldi,,,,,Via Perugina 74,,GUBBIO,PG,Umbria,,,no-domain
info@hotelpinolo.it,Pinolo,,,,,Via Porta Romana 102,,GUBBIO,PG,Umbria,,,no-domain
info@hotelsanfrancescoassisi.it,San Francesco,,,,,Via San Francesco 48,,ASSISI,PG,Umbria,,,no-domain
piccoloeden@cdpieve.com,Piccolo Eden,,,,,Via Santa Lucia 53,,CITTA' DELLA PIEVE,PG,Umbria,,,no-domain
info@sangeminihotels.com,Locanda di Carsulae,,,,,Via Tiberina 2,,SANGEMINI,TR,Umbria,,,no-domain
info@marcmessegue.it,Il Maniero di Melezzole,,,,,Via Torre Errighi 7,,MONTECCHIO - MELEZZOLE,TR,Umbria,,,no-domain
info@villadelmarchese.com,Villa del Marchese,,,,,Via Villa del Marchese 3/2,,GUALDO CATTANEO,PG,Umbria,,,no-domain
info@loggedelperugino.it,Logge del Perugino,,,,,Viale Cappuccini 7,,CITTA' DELLA PIEVE,PG,Umbria,,,no-domain
info@hotelcursula.191.it,Cursula,,,,,Viale Cavour 3,,CASCIA,PG,Umbria,,,no-domain
info@hotelmencuccio.it,Mencuccio,,,,,Viale Parini 60,,CITTA' DI CASTELLO - TRESTINA,PG,Umbria,,,no-domain
info@centromatergratiae.it,albergo centro mater gratiae,,,,,,,,PG,Umbria,,,no-domain
svenson.margaretha@bedbreakfastalp.it,La Fiaba,,,,BB,località Croux 11,,Saint Christophe,AO,Valle d'Aosta,,,no-domain
info@hotelalp.com,Hotelalp,,,,NO,Localita' Aeroporto 8,,SAINT-CHRISTOPHE,AO,Valle d'Aosta,,,no-domain
sporting@hotelsgressoney.com,Gressoney Sporting,,,,NO,Localita' Bielciuken 26,,GRESSONEY - SAINT-JEAN,AO,Valle d'Aosta,,,no-domain
gabriele@hotelparconazionale.com,Parco Nazionale,,,,NO,Località Degioz,,VALSAVARENCHE,AO,Valle d'Aosta,,,no-domain
info@genzianella.aosta.it,Genzianella,,,,NO,Localita' Donzel,,VALSAVARENCHE - PONT,AO,Valle d'Aosta,,,no-domain
info@bourricotfleuri.it,Village,,,,,Localita' Torrent De Maillod,,QUART,AO,Valle d'Aosta,,,no-domain
info@brussonhoteldufoyer.com,Du Foyer,,,,NO,Localita' Vollon 12,,BRUSSON - VOLLON,AO,Valle d'Aosta,,,no-domain
info@hotelpetiteprince.com,Petit Prince,,,,NO,Route Tchavagod 1,,AYAS - ANTAGNOD,AO,Valle d'Aosta,,,no-domain
info@maisonlocampagnar.com,Lo Campagnar,,,3,3,Rue des Granges 14,,COURMAYEUR,AO,Valle d'Aosta,,http://www.maisonlocampagnar.com/,no-domain
info@meubleayas.com,Ayas,,,,NO,Rue des Guides 19/Bis,,AYAS - CHAMPOLUC,AO,Valle d'Aosta,,,no-domain
bellevue@relaischataux.com,Hotel Bellevue,,,,1,Rue Grand Paradis 22,,Cogne,AO,Valle d'Aosta,,http://www.hotelbellevue.it/hotel_bellevue_it.html,no-domain
info@imaquis.com,I Maquis,,,3,3,Strada della Brenva 10,,COURMAYEUR - ENTREVES,AO,Valle d'Aosta,,,no-domain
hoteldacompagnoni@t.it,Da Compagnoni,,,3,NO,Via Carrel 15,,VALTOURNENCHE - BREUIL,AO,Valle d'Aosta,,,no-domain
info@hoteldelator.info,De la Tor,,,,NO,Via Dottor Grappein 76,,COGNE,AO,Valle d'Aosta,,,no-domain
info@hotel-lachance.com,La Chance,,,,NO,Via Duca D'Aosta 14,,SAINT-VINCENT,AO,Valle d'Aosta,,,no-domain
info@hotelsgressoney.com,Gressoney,,,,NO,Via Lys 3,,GRESSONEY - SAINT-JEAN,AO,Valle d'Aosta,,,no-domain
info@hotelbus.it,Bus,,,,NO,Via Malherbes 18/A,,AOSTA,AO,Valle d'Aosta,,,no-domain
info@hotelscentrale.it,Centrale,,,,NO,Via Mario Puchoz 7,,COURMAYEUR,AO,Valle d'Aosta,,,no-domain
info@monterosahotel.com,Monte Rosa,,,,NO,Via Periasc Laval 7,,AYAS - PERIASC,AO,Valle d'Aosta,,,no-domain
info@hotelmontfleury.it,Montfleury,,,,NO,Via Piccolo San Bernardo 26,,AOSTA,AO,Valle d'Aosta,,,no-domain
info@hoteldora.net,Dora,,,4,2,Via Piccolo San Bernardo 3,,LA THUILE,AO,Valle d'Aosta,,http://www.hoteldora.net,no-domain
info@suissestvincent.com,Suisse,,,,NO,Via Ponte Romano 72,,SAINT-VINCENT,AO,Valle d'Aosta,,,no-domain
hotelroyalgolf@ventaglio.com,Royal & Golf,,,,NO,Via Roma 87,,COURMAYEUR,AO,Valle d'Aosta,,,no-domain
landoni.ada@bedbreakfastalp.it,La Lierre,,,,BB,Via Tour de Grange 64,,Chatillon,AO,Valle d'Aosta,,www.bedbreakfastalp.it,no-domain
info@italia-hotel.com,Italia,,,,NO,Via Valley 2,,BRUSSON,AO,Valle d'Aosta,,,no-domain
info@hotelaucoinvert.com,Au Coin Vert,,,,NO,Via Viseran 1,,AOSTA,AO,Valle d'Aosta,,,no-domain
hotel@rayondesoleil.it,Rayon de Soleil,,,,NO,Viale Gran San Bernardo Km 2,,AOSTA,AO,Valle d'Aosta,,,no-domain
seris.paola@bedbreakfastalp.it,La Grisse,,,,BB,Village de Grun 18,,Saint Vincente,AO,Valle d'Aosta,,,no-domain
info@stadel.it,STADEL,,,2,,,,GRESSONEY-SAINT-JEAN,AO,Valle d'Aosta,,,no-domain
info@albergosaintours.it,SAINT'OURS,,,2,,,,Donnas,AO,Valle d'Aosta,,,no-domain
info@albergovalledaosta.com,PICCOLO SAN BERNARDO,,,2,,,,LA THUILE,AO,Valle d'Aosta,,,no-domain
info@hotelpetitfoyer.com,PETIT FOYER,,,2,,,,QUART,AO,Valle d'Aosta,,,no-domain
info@hotelpession.com,Pession,,,2,,,,ANTEY-SAINT-ANDRÉ,AO,Valle d'Aosta,,,no-domain
richieste@hoteldora.net,Ora Resort Dora,,,,,,,La Thuille,AO,Valle d'Aosta,,www.orahotelsgroup.it/,no-domain
info@hotelondezana.net,ONDEZANA,,,2,,,,Cogne,AO,Valle d'Aosta,,,no-domain
info@hotelmillefiori.it,MILLEFIORI,,,2,,,,VALTOURNENCHE,AO,Valle d'Aosta,,,no-domain
info@hotelmignon.info,Mignon,,,2,,,,Aosta,AO,Valle d'Aosta,,,no-domain
info@liskammhotel.com,LYSKAMM,,,2,,,,GRESSONEY-SAINT-JEAN,AO,Valle d'Aosta,,,no-domain
info@larmanac.com,L'ARMANAC DE TOUBЇE,,,2,,,,Arnad,AO,Valle d'Aosta,,,no-domain
info@hotellastella.com,LA STELLA,,,2,,,,GRESSONEY-SAINT-JEAN,AO,Valle d'Aosta,,,no-domain
info@albergo-la-grolla.it,La Grolla,,,2,,,,ANTEY-SAINT-ANDRÉ,AO,Valle d'Aosta,,,no-domain
info@grandesassiere.com,GRANDE SASSIERE,,,2,,,,VALGRISENCHE,AO,Valle d'Aosta,,,no-domain
info@hotel-chardoney.com,CHARDONEY,,,2,,,,CHAMPORCHER,AO,Valle d'Aosta,,,no-domain
info@beausejourhotel.eu,BEAU SEJOUR,,,2,,,,CHAMPORCHER,AO,Valle d'Aosta,,,no-domain
info@hotelvillaigea.it,Villa Igea,,,,,Castello 4684,,VENEZIA,VE,Veneto,,,no-domain
info@hotelcastello.vicenza.com,Castello,,,,,Contra' Piazza del Castello 24,,VICENZA,VI,Veneto,,,no-domain
info@hotelrex-bibione.it,Rex,,,,,Corso Europa 33,,SAN MICHELE AL TAGLIAMENTO - BIBIONE,VE,Veneto,,,no-domain
info@hotelpresident.be,President,,,,,Corso Europa 88,,SAN MICHELE AL TAGLIAMENTO - BIBIONE,VE,Veneto,,,no-domain
manager@deidogi.boscolo.com,Boscolo Grand Hotel dei Dogi,,,,,Fondamenta Madonna dell'Orto 3500,,VENEZIA,VE,Veneto,,,no-domain
info@hotelsansebastiano.com,San Sebastiano Garden,,,,,Fondamenta San Sebastiano - Dorsoduro 2541/2542/2543,,VENEZIA,VE,Veneto,,,no-domain
info@villariettirota.it,Villa Rietti Rota,,,,,Frazione Villanova 2,,MOTTA DI LIVENZA - VILLANOVA,TV,Veneto,,,no-domain
info@terminusgarda.it,Terminus & Garda,,,,,Lungolago Europa 1,,GARDA,VR,Veneto,,,no-domain
info@ambasciatorivenezia.com,Ambasciatori,,,,,Lungomare Adriatico 30,,CHIOGGIA - SOTTOMARINA,VE,Veneto,,,no-domain
reservation@airone.boscolo.com,Airone,,,,,Lungomare Adriatico 50,,CHIOGGIA - SOTTOMARINA,VE,Veneto,,,no-domain
riviera@mvhotelscaorle.com,Riviera,,,,,Lungomare Trieste 27,,CAORLE,VE,Veneto,,,no-domain
continental@mvhotelscaorle.com,Continental,,,,,Lungomare Trieste 49,,CAORLE,VE,Veneto,,,no-domain
info@hotelgiuliettaeromeo.it,Giulietta e Romeo,,,,,Lungomare Trieste 55,,CAORLE,VE,Veneto,,,no-domain
info@hotel-colonna.com,Colonna,,,,,Piazza Aurora 27,,JESOLO - LIDO DI JESOLO,VE,Veneto,,,no-domain
info@hoteldeidogi.it,Dei Dogi,,,,,Piazza Brescia 15,,JESOLO - LIDO DI JESOLO,VE,Veneto,,,no-domain
hlt@hotelatorre.it,La Torre,,,,,Piazza Capitello 27,,TORREGLIA,PD,Veneto,,,no-domain
scandola@jumpy.it,Scandola,,,,,Piazza Cinque Corti 37,,BOSCO CHIESANUOVA - CORBIOLO,VR,Veneto,,,no-domain
royal@mvhotelscaorle.com,Royal,,,,,Piazza Marco Polo 3,,CAORLE,VE,Veneto,,,no-domain
info@hotelcentralerovere.com,Centrale,,,,,Piazza Vittorio Emanuele 24,,ROVERE' VERONESE,VR,Veneto,,,no-domain
centrale@3starshotel.it,Centrale,,,,,Piazzale Donatori di Sangue 14,,VENEZIA - MESTRE,VE,Veneto,,,no-domain
info@hotelmonacopadova.it,Monaco,,,,,Piazzale Stazione 3,,PADOVA,PD,Veneto,,,no-domain
info@hotel-michelangelo-caorle.com,Michelangelo,,,,,Riviera Guglielmo Marconi 53,,CAORLE,VE,Veneto,,,no-domain
info@hotelbuonpesce.com,Buon Pesce,,,,,Riviera San Nicolo' 50,,VENEZIA - LIDO,VE,Veneto,,,no-domain
reservation@bellini.boscolo.com,Bellini,,,,,Sestiere Cannaregio 116,,VENEZIA,VE,Veneto,,,no-domain
info@hoteltrearchi.it,Tre Archi,,,,,Sestiere Cannaregio 923,,VENEZIA,VE,Veneto,,,no-domain
info@hotelanticoguerriero.it,All'Antico Guerriero,,,,,Strada statale del Santo 75/76,,CADONEGHE,PD,Veneto,,,no-domain
info@hotelmancin.com,Mancin,,,,,Strada Statale Romea 46/A - 48,,TAGLIO DI PO,RO,Veneto,,,no-domain
info@termemonaco.com,Terme Monaco,,,,,Via Abano 15,,MONTEGROTTO TERME,PD,Veneto,,,no-domain
info@hoteldanmark.it,Jesolo Palace Hotel,,,,,Via Airone 1/3,,JESOLO - LIDO DI JESOLO,VE,Veneto,,,no-domain
info@atlantahotel.it,Atlanta,,,,,Via Altinate 138,,JESOLO - LIDO DI JESOLO,VE,Veneto,,,no-domain
info@hoteljesulum.com,Jesulum,,,,,Via Andrea Bafile 325,,JESOLO - LIDO DI JESOLO,VE,Veneto,,,no-domain
info@cstjesolo.com,Eden,,,,,Via Andrea Bafile 604,,JESOLO - LIDO DI JESOLO,VE,Veneto,,,no-domain
info@villa-serena.info,Villa Serena,,,,,Via Andrea Bafile 81,,JESOLO - LIDO DI JESOLO,VE,Veneto,,,no-domain
info@delavillejesolo.com,De la Ville,,,,,Via Andrea Bafile XXVII a.m. 10,,JESOLO - LIDO DI JESOLO,VE,Veneto,,,no-domain
info@castagnahotel.com,Castagna Hotel,,,,,Via Archimede 2,,MONTECCHIO MAGGIORE - ALTE CECCATO,VI,Veneto,,,no-domain
allacampagna@venere.com,Alla Campagna,,,,,Via Bellette 28,,SAN GIOVANNI LUPATOTO - POZZO,VR,Veneto,,,no-domain
hcarletto@hotelcarletto.com,Carletto,,,,,Via Bibano 42,,TREVISO,TV,Veneto,,,no-domain
vista@palacecittadella.it,Palace Hotel,,,,,Via Borgo Vicenza 122,,CITTADELLA,PD,Veneto,,,no-domain
info@hotelantenore.com,Antenore,,,,,Via Bravi 14/B,,PADOVA - PONTE DI BRENTA,PD,Veneto,,,no-domain
info@finottihotels.it,Diana,,,,,Via Cà Montagna 54,,SAN ZENO DI MONTAGNA,VR,Veneto,,,no-domain
river@riverhtl.it,Clarion Hotel River,,,,,Via Callalta 83,,SILEA - LANZAGO,TV,Veneto,,,no-domain
info@dueplatani.it,Due Platani,,,,,Via Campagnola 16,,CORNEDO VICENTINO,VI,Veneto,,,no-domain
info@hotelcarla.it,Carla,,,,,Via Campogrosso 25,,RECOARO TERME,VI,Veneto,,,no-domain
info@aicapitani.com,Ai Capitani,,,,,Via Castelletto 2/4,,PESCHIERA DEL GARDA,VR,Veneto,,,no-domain
info@hotelvecellicavriani.it,Vecelli Cavriani,,,,,Via Caterina Bon Brenzoni 1,,MOZZECANE,VR,Veneto,,,no-domain
info@eurohotelvenice.com,Eurhotel,,,,,Via Cavin di Sala 282,,MIRANO - CAVIN DI SALA,VE,Veneto,,,no-domain
info@villamista.com,Villa Amistà - Torrione Est,,,,,Via Cedrare 78,,SAN PIETRO IN CARIANO,VR,Veneto,,,no-domain
info@hotelromavenezia.it,Roma,,,,,Via Cesare Beccaria 11,,VENEZIA - MARGHERA,VE,Veneto,,,no-domain
info@hotel-sirio.it,Sirio,,,,,Via Circonvallazione 109,,VENEZIA - MESTRE,VE,Veneto,,,no-domain
piave@3starshotel.it,Piave,,,,,Via Col Moschin 6-10,,VENEZIA - MESTRE,VE,Veneto,,,no-domain
info@hotelcapoest.com,Capo Est,,,,,Via Cristoforo Colombo 170,,CHIOGGIA - SOTTOMARINA,VE,Veneto,,,no-domain
info@parkhotel-affi.com,Park Hotel Affi,,,,,Via Crivellin 1/A,,AFFI,VR,Veneto,,,no-domain
info@marcopolocaorle.it,Marco Polo,,,,,Via Dal Moro 49,,CAORLE,VE,Veneto,,,no-domain
info@hotelcentrale.ve.it,Centrale Orange Cafè,,,,,Via Dante Alighieri 5,,JESOLO - LIDO DI JESOLO,VE,Veneto,,,no-domain
info@hoteladlon.info,Adlon,,,,,Via Dante Alighieri II a.m. 11,,JESOLO - LIDO DI JESOLO,VE,Veneto,,,no-domain
info@malgarossaweb.it,Malga Rossa,,,,,Via degli Alpini 6,,MUSSOLENTE,VI,Veneto,,,no-domain
info@accademiahotelpadova.it,Accademia Palace Hotel,,,,,Via del Pescarotto 39,,PADOVA,PD,Veneto,,,no-domain
info@latorrehotel.net,La Torre,,,,,Via Del Terziario 15,,THIENE,VI,Veneto,,,no-domain
info@villado.it,Villa d'O,,,,,Via dell'Artigianato 1,,PONTE DI PIAVE - LEVADA,TV,Veneto,,,no-domain
info@hotelterme.tv,Terme,,,,,Via delle Terme 4,,VITTORIO VENETO,TV,Veneto,,,no-domain
info@hoteloasi.pd.it,Oasi,,,,,Via Deserto 166,,ESTE,PD,Veneto,,,no-domain
info@kennedyhotel.info,Kennedy,,,,,Via Duca d'Aosta 32,,ARZIGNANO,VI,Veneto,,,no-domain
info@hoteljaneiro.it,Janeiro,,,,,Via Emilia 5,,CAORLE,VE,Veneto,,,no-domain
info@hotelsudpoint.com,Hotel Sudpoint,,,,,Via Enrico Fermi 13/B,,VERONA,VR,Veneto,,,no-domain
info@hppresident.com,President,,,,,Via Forte Marghera 99/A,,VENEZIA - MESTRE,VE,Veneto,,,no-domain
info@hotelalparco.it,Al Parco,,,,,Via Fosse 20,,BARDOLINO,VR,Veneto,,,no-domain
ariston@3starshotel.it,Ariston,,,,,Via G. Bergamo 12,,VENEZIA - MESTRE,VE,Veneto,,,no-domain
reservation.treviso@sogliahotels.it,Soglia Treviso,,,,,Via Gasparotto Vecellio 56/A,,SPRESIANO - LOVADINA,TV,Veneto,,,no-domain
info@hotelcasier.it,Casier,,,,,Via Generale dalla Chiesa 2,,CASIER,TV,Veneto,,,no-domain
hotel@continentalgarda.it,Continental,,,,,Via Giorgione 14,,GARDA,VR,Veneto,,,no-domain
info@hotelflora.net,Flora,,,,,Via Giorgione 27,,GARDA,VR,Veneto,,,no-domain
info.express@promohotels.it,Express by Holiday Inn,,,,,Via Giovanni Pascoli 1,,QUARTO D'ALTINO,VE,Veneto,,,no-domain
info@nember-garden.com,Garden,,,,,Via Giuseppe Verdi 125,,JESOLO - LIDO DI JESOLO,VE,Veneto,,,no-domain
info@roccapendice.com,Rocca Pendice,,,,,Via Guglielmo Marconi 32,,TEOLO,PD,Veneto,,,no-domain
info@hotelgallimberti.it,Gallimberti,,,,,Via Malcanton 33,,MIRA - MALCONTENTA,VE,Veneto,,,no-domain
info@albergo-romagna.it,Romagna,,,,,Via Marco Minghetti 35,,LEGNAGO,VR,Veneto,,,no-domain
info@phvmg.com,Park Hotel Villa Marcello Giustinian,,,,,Via Marignana 45/A,,MOGLIANO VENETO - MAROCCO,TV,Veneto,,,no-domain
info@hotelcentraleresana.it,Centrale,,,,,Via Martiri della Libertà 54/A,,RESANA,TV,Veneto,,,no-domain
info@hotellserenissima.it,La Serenissima Terme,,,,,Via Marzia 47,,ABANO TERME,PD,Veneto,,,no-domain
info@terme-excelsior.it,Excelsior,,,,,Via Marzia 73,,ABANO TERME,PD,Veneto,,,no-domain
info@hmagnolia.com,Magnolia,,,,,Via Mazzini 1,,GRISIGNANO DI ZOCCO,VI,Veneto,,,no-domain
reception@hotelvillaserena.ve.it,Villa Serena,,,,,Via Mezzacapo 2/B,,VENEZIA - MARGHERA,VE,Veneto,,,no-domain
info@albergorosetta.it,Rosetta,,,,,Via Milano 42,,PESCHIERA DEL GARDA,VR,Veneto,,,no-domain
bristol@mvhotelscaorle.com,Bristol,,,,,Via Milano 7,,CAORLE,VE,Veneto,,,no-domain
info@canovahotel.it,Ca' Nova,,,,,Via Minotto 2,,VENEZIA - MARGHERA,VE,Veneto,,,no-domain
reception@hotelcittadella.com,Cittadella,,,,,Via Monte Pertica 3,,CITTADELLA,PD,Veneto,,,no-domain
info@mammamargherita.it,Terme Mamma Margherita,,,,,Via Monteortone 63-Località Monteortone,,TEOLO,PD,Veneto,,,no-domain
info@allarescossa.com,La Rescossa,,,,,Via Nazionale 415,,MIRA,VE,Veneto,,,no-domain
info@hoteljadran.it,Jadran,,,,,Via Olanda 172,,JESOLO - LIDO DI JESOLO,VE,Veneto,,,no-domain
info@jesolohotelbettina.com,Bettina,,,,,Via Padova 80,,JESOLO - LIDO DI JESOLO,VE,Veneto,,,no-domain
info@hpigalle.it,Pigalle,,,,,Via Padova 82,,JESOLO - LIDO DI JESOLO,VE,Veneto,,,no-domain
infohotel@villafoscarini.com,Villa Foscarini Cornaro,,,,,Via Palazzi 10,,GORGO AL MONTICANO,TV,Veneto,,,no-domain
lemuse@albergolemuse.com,Le Muse,,,,,Via Perarolo 33,,SAN BONIFACIO - LOCARA,VR,Veneto,,,no-domain
info@lasvegasjesolohotel.com,Las Vegas,,,,,Via Pietro Mascagni 2,,JESOLO - LIDO DI JESOLO,VE,Veneto,,,no-domain
info@hotelalgambero.com,Al Gambero,,,,,Via Pigafetta 10,,JESOLO - LIDO DI JESOLO,VE,Veneto,,,no-domain
hipd@promohotels.it,Crowne Plaza,,,,,Via Po 197,,PADOVA,PD,Veneto,,,no-domain
p.liviera@pontediliviera.com,Ponte di Liviera,,,,,Via Ponte Liviera 4-Località Liviera,,SCHIO,VI,Veneto,,,no-domain
info@hotelissimi.it,Hotelissimi Verona,,,,,Via Portogallo 1/P,,VILLAFRANCA DI VERONA,VR,Veneto,,,no-domain
info@hotelvillacondulmer.com,Villa Condulmer,,,,,Via Preganziol 1,,MOGLIANO VENETO,TV,Veneto,,,no-domain
info@hotel-lloyd.net,Lloyd,,,,,Via Rizzardi 32,,VENEZIA - MARGHERA,VE,Veneto,,,no-domain
info@villasoranzo.it,Villa Conestabile,,,,,Via Roma 1,,SCORZE',VE,Veneto,,,no-domain
info@villaodino.it,Villa Odino,,,,,Via Roma 146,,QUARTO D'ALTINO,VE,Veneto,,,no-domain
info@hotelspessotto.com,Antico Spessotto,,,,,Via Roma 2,,PORTOGRUARO,VE,Veneto,,,no-domain
info@marcopolohotel.it,Marco Polo,,,,,Via Roma 20,,CALDOGNO,VI,Veneto,,,no-domain
info@allaposta.com,Alla Posta,,,,,Via Roma 22,,TEOLO,PD,Veneto,,,no-domain
info@hotelmolinodeisassi.it,Molino dei Sassi,,,,,Via Ronchesana 2,,ZEVIO - SANTA MARIA,VR,Veneto,,,no-domain
info@hotelelrustego.com,El Rustego,,,,,Via Rossi 16,,RUBANO,PD,Veneto,,,no-domain
hoteloasi@hoteloasi.com,Oasi,,,,,Via Rossini 2,,CONSELVE,PD,Veneto,,,no-domain
info@piccolohotelpeschiera.com,Piccolo Hotel,,,,,Via Salvi 14,,PESCHIERA DEL GARDA,VR,Veneto,,,no-domain
info@hotelsilvestro.com,Silvestro,,,,,Via San Giovanni 23,,GARDA,VR,Veneto,,,no-domain
info@primaverahotel.it,Primavera,,,,,Via San Giuseppe 4,,CAORLE,VE,Veneto,,,no-domain
info@villalaguna.it,Villa Laguna,,,,,Via Sandro Gallo 6,,VENEZIA - LIDO,VE,Veneto,,,no-domain
info@hotel-reve.com,Nuovo Reve Monteortone,,,,,Via Santuario 118,,ABANO TERME - MONTEORTONE,PD,Veneto,,,no-domain
info@hoteltrentojesolo.it,Trento,,,,,Via Silvio Trentin 50,,JESOLO - LIDO DI JESOLO,VE,Veneto,,,no-domain
info@madison-hotel.it,Madison,,,,,Via Silvio Trentin 62,,JESOLO - LIDO DI JESOLO,VE,Veneto,,,no-domain
info@hotelvenezia-lavilletta.com,Venezia,,,,,Via Silvio Trentin 63,,JESOLO - LIDO DI JESOLO,VE,Veneto,,,no-domain
info@hotelanticotermine.it,Antico Termine,,,,,Via Stazione 44,,SONA - LUGAGNANO,VR,Veneto,,,no-domain
reservation@maggiorconsiglio.boscolo.com,Maggior Consiglio,,,,,Via Terraglio 140,,TREVISO,TV,Veneto,,,no-domain
info@meridianavenicehotel.it,Hotel La Meridiana,,,,,Via Terraglio 23,,MOGLIANO VENETO,TV,Veneto,,,no-domain
info@albergoristorantelatorre.it,La Torre,,,,,Via Torcolo 8/10,,COLOGNA VENETA,VR,Veneto,,,no-domain
info@iltinello.net,Tinello,,,,,Via Torre 1,,SOLAGNA,VI,Veneto,,,no-domain
info@hotel-universo.it,Universo,,,,,Via Treviso 9/11,,JESOLO - LIDO DI JESOLO,VE,Veneto,,,no-domain
info@hotelbarchessagritti.it,Barchessa Gritti,,,,,Via Trieste 3,,FIESSO D'ARTICO,VE,Veneto,,,no-domain
info@hotelcoronaferrea.com,Corona Ferrea,,,,,Via Umberto I - Viale Trieste 3 21/3,,ROVIGO,RO,Veneto,,,no-domain
info@termeeden.it,Eden,,,,,Via Valerio Flacco 70,,ABANO TERME,PD,Veneto,,,no-domain
info@albergoverona.com,Verona,,,,,Via Valerio Flacco 75,,ABANO TERME,PD,Veneto,,,no-domain
booking@granvenerebeach.it,Gran Venere Beach,,,,,Via Venere 4,,SAN MICHELE AL TAGLIAMENTO - BIBIONE,VE,Veneto,,,no-domain
veronello@veronello.it,Veronello,,,,,Via Veronello 2,,BARDOLINO - CALMASINO,VR,Veneto,,,no-domain
info@villamastai.it,Villa Mastai Ferretti,,,,,Via Villa 54,,MOLVENA - VILLA,VI,Veneto,,,no-domain
info@albergoromagnolo.191.it,Romagnolo,,,,,Via Vittorio Veneto 105,,CEREA,VR,Veneto,,,no-domain
info@hotelcima.it,Cima,,,,,Via XXIV Maggio 61/A,,CONEGLIANO,TV,Veneto,,,no-domain
info@lavilla-hotel.it,La Villa,,,,,Via XXV Aprile 1,,FOSSO',VE,Veneto,,,no-domain
info@dellerose.net,Delle Rose,,,,,Via Zara 1,,JESOLO - LIDO DI JESOLO,VE,Veneto,,,no-domain
mail@petithotel-caorle.it,Petit,,,,,Viale Buonarroti 40,,CAORLE,VE,Veneto,,,no-domain
info@hotelalfogher.com,Al Fogher,,,,,Viale della Repubblica 10,,TREVISO,TV,Veneto,,,no-domain
info.venice@promohotels.it,Holiday Inn Venice East,,,,,Viale della Resistenza 18/20,,QUARTO D'ALTINO,VE,Veneto,,,no-domain
info@hotelrosapadova.it,Hotel Rosa,,,,,Viale Delle Terme 23,,ABANO TERME,PD,Veneto,,,no-domain
villapiave@villapiave.it,Terme Villa Piave,,,,,Viale delle Terme 60,,ABANO TERME,PD,Veneto,,,no-domain
info@hoteledenschio.com,Eden,,,,,Viale Industria 33,,SCHIO,VI,Veneto,,,no-domain
adriatico@termeadriatico.it,Terme Adriatico,,,,,Viale Mazzini 11,,ABANO TERME,PD,Veneto,,,no-domain
info@httritone.com,Tritone,,,,,Viale Stazione 16,,VENEZIA - MESTRE,VE,Veneto,,,no-domain
info@bagnoromano.it,Bagno Romano,,,,,Viale Stazione 8,,MONTEGROTTO TERME,PD,Veneto,,,no-domain
reservation@delaville.boscolo.com,De La Ville,,,,,Viale Verona 12,,VICENZA,VI,Veneto,,,no-domain
mauro@feniciacharme.com,fenicia charme,,,,,,,venezia,VE,Veneto,,,no-domain
elit@bandb-veneto.it,Euganean Life International,,,,BB,,,,RO,Veneto,,,no-domain
biancoeblu1@bbdolomiti.net,Bianco e Blu,,,,BB,via San Lorenzo 22,,Belluno,,Veneto,,,no-domain
kokonor@bandb-veneto.it,Alle Piazze,,,,BB,,,Padova,PD,Veneto,,,no-domain
daflavia@bbdolomiti.net,Da Flavia,,,,BB,Viale dei Tigli 1/a,,Santa Giustina,BL,Veneto,,,no-domain
montipallidi@bbdolomiti.net,Monti Pallidi,,,,BB,Via Dante 23/b,,Valle di Cadore,BL,Veneto,,,no-domain
mbd192@emalifast.com,Venezia B&B,,,,BB,San Marco 3558,,Venezia,VE,Veneto,,,no-domain
fdino@fredomland.it,Brenta,,,,BB,Via Pisa 18,,Vigonza,PD,Veneto,,,no-domain
e2203-1-780x540@2x.jpg,Cavour,,,4,,Via del Proconsolo 3,50122,Firenze,FI,,055 266 271,http://www.albergocavour.it/?utm_source=GoogleMyBusiness&utm_medium=referral&utm_campaign=GoogleMyBu,no-domain
ig-badge-view-sprite-24@2x.png,GRAND HOTEL,,,4,,"Piazza Italia, 80",53042,Chianciano Terme,SI,,0578 63255,http://www.grand-hotel-terme-chianciano.com/,no-domain
booking@tuscanhotels.it,HOTEL LACONA,Robi,Veltroni,4,,Viale dei Golfi 544b ‚Äì Isola d‚ÄôElba,57031,Capoliveri,LI,,0565964050,http://www.hotellacona.com,no-domain
chpelagone@cordial.at,Cordial Golf Residence Il Pelagone,,,4,,Localit√† Il Pelagone 28 - Via Aurelia km 219,58023,Gavorrano,GR,,,http://www.cordial.at/en/Hotel_und_Golf_Resort_Il_Pelagone_Toskana/,no-domain
direzione@elbainternational.it,BEST WESTERN GRAND HOTEL ELBA INTERNATIONAL,,,4,,"Baia Della Fontanella, 1",57031,Capoliveri,LI,,,http://www.elbainternational.it,no-domain
info@margherita-hotel.it,VILLA MARGHERITA,,,3,,"Via Marconi, 20",56034,Casciana Terme,PI,,0587646113,http://www.margherita-hotel.it,no-domain
info@lecerbaie.it,Le Cerbaie,,,3,,Localit√† Cerbaia 44 int.1,55011,Altopascio,LU,,0583 264400,https://www.lecerbaie.it/,no-domain
info@parkhotelsiena.it,PARK HOTEL SIENA,,,4,,"Via Di Marciano, 18",53100,Siena,SI,,,http://www.parkhotelsiena.it,no-domain
mg_0817-780x540@2x.jpg,Granduca,,,4,,Via Senese 170,58100,Grosseto,GR,,,http://www.hotelgranduca.com/,no-domain
info@lefontigrandhotel.com,GRANDE ALBERGO LE FONTI,,,4,,"Via V. Della Liberta', 523",53042,Chianciano Terme,SI,,,http://www.lefontigrandhotel.com/,no-domain
bandiera_it-150x150@2x.jpg,President,,,4,,Via Simintendi 20,59100,Prato,PO,,0574 30251,http://www.hotelpresidentprato.com/,no-domain
info@versiliaholidays.it,Versilia Holidays,VERSILIA HOLIDAYS,,4,,Via Giambattista Vico,55042,Forte dei Marmi,LU,,0584 787100,http://versiliaholidays.it/,no-domain
golfhotel@golfhotel.it,GOLF HOTEL,,,3,,"Via Della Pineta, 32",54027,Pontremoli,MS,,,http://www.golfhotel.it/,no-domain
info@fonteverdeterme.com,HOTEL TERME DE' MEDICI,,,4,,"Via Terme, 1",53040,San Casciano Dei Bagni,SI,,,http://www.fonteverdeterme.com,no-domain
icon@2x.png,Pitti Palace al Ponte Vecchio,,,3,,Borgo San Jacopo 3/R,50125,Firenze,FI,,055 2398711,https://www.florencehotelpittipalacealpontevecchio.com/it,no-domain
fo.manager@astoria.boscolo.com,ASTORIA,,,4,,"Via Del Giglio, 9",50100,Firenze,FI,,0552398095,http://www.b4astoriafirenze.com/,no-domain
hotelbrunelleschi-logo@2x.png,Brunelleschi,,,4,,Piazza Santa Elisabetta 3,50122,Firenze,FI,,055 27370,https://www.hotelbrunelleschi.it/,no-domain
demidoff@withinn.it,DEMIDOFF,,,4,,"Via S. Jacopo, 51 A",50036,Vaglia,FI,,,https://demidoffcountryresort.it/,no-domain
info@maryhotel.net,MARY HOTEL,MARY HOTEL,,,,,,s.Casciano VP,FI,,,,no-domain
info@hoteiciliegi.com,HOTEL I CILIEGI,HOTEL I CILIEGI,,,,,,Reggello,FI,,,,no-domain
g.putaggio@bh-hotels.com,HOTEL CLUB,HOTEL CLUB,,,,,,Firenze,FI,,,,no-domain
booking@hotelalbatrosfirenze.it,HOTEL ALBATROS,HOTEL ALBATROS,,,,,,Calenzano,FI,,,,no-domain
info@villaguarnaschelli.com,VILLA GUARNASCHELLI,VILLA GUARNASCHELLI,,,,,,Scanidicci,FI,,,,no-domain
info@lizutiresort.com,LI ZUTI,LI ZUTI,,,,,,San Donato in Collina/Bagno a Ripoli,FI,,,,no-domain
info@lavallombrosina.it,VILLA AMBROSINA,VILLA AMBROSINA,,,,,,Impruneta,FI,,,,no-domain
info@pratale.it,FATTORIA PRATALE,FATTORIA PRATALE,,,,,,Tavarnelle Vp,FI,,,,no-domain
info@chianti-voyager.it,LE TRE API COUNTRY RESORT,LE TRE API COUNTRY RESORT,,,,,,Barberino Val D'Elsa,FI,,,,no-domain
info@villanovatoscana.com,B&B VILLANOVA,B&B VILLANOVA,,,,,,Barberino Val D'Elsa,FI,,,,no-domain
info@hoteilcavallo.it,HOTEL IL CAVALLO,HOTEL IL CAVALLO,,,,,,Barberino Mugello,FI,,,,no-domain
info@abitaliahotels.it,ABITALIA TOWER PLAZA,ABITALIA TOWER PLAZA,,,,,,Pisa,PI,,,,no-domain
info@goldentulipgalilei.com,GOLDEN TULIP GALILEI,GOLDEN TULIP GALILEI,,,,,,Pisa,PI,,,,no-domain
info@resortreginadelmare.com,RESORT REGINA DEL MARE,RESORT REGINA DEL MARE,,,,,,Calambrone,PI,,,,no-domain
info@ehc.it,CASTELLO DI VELONA,CASTELLO DI VELONA,,,,,,Montalcino,SI,,,,no-domain
info@ilmagnificodeluxeresort.com,IL MAGNIFICO DE LUXE RESORT,IL MAGNIFICO DE LUXE RESORT,,,,,,Marciana Marina/ Isola d'Elba,LI,,,,no-domain
booking@golfodelcole.it,Hotel Golfo del Sole,Marzia,Grandi,,,,,Follonica,GR,Toscana,,,no-domain
commerciale@hotelbelvedereostia.com,Hotel Belvedere,Nicola,Della Puca,,,,,,,Lazio,,,no-domain
commerciale@hotelfierarn.com,Hotel Fiera Rimini,Davide,Bernardi,,,,,Rimini,RN,Emilia-Romagna,,,no-domain
direzione@costabradaresort.it,Resort Costa Brada,Eugenio,Maccagnano,,,,,Gallipoli,LE,Puglia,,,no-domain
direzione@gerreg.com,Gerreg Great Goals srl,Jorge Antonio,Persili,,,,,Roma,RM,Lazio,,,no-domain
direzione@hotelfederciano.it,Hotel Federciano,Angelo,Semeraro,,,,,Valenzano,BA,Puglia,,,no-domain
info@69maninstreet.com,Area 147 srl,Pasquale,Rosato,,,,,Roma,RM,Lazio,,,no-domain
info@albergolatrota.it,Hotel La Trota,Sergio,Piraino,,,,,Lorica,CS,Calabria,,,no-domain
info@esperiacapri.eu,Hotel Esperia,Valentina,Pagano,,,,,Capri,NA,Campania,,,no-domain
info@galateabedabdbreakfast.com,Galatea B&B,Francesco,Pistarà,,,,,Acireale,CT,Sicilia,,,no-domain
info@hotel.souvenir.com,Hotel Souvenir,Fabio,Masini,,,,,Bellaria - Igea Marina,RN,Emilia-Romagna,,,no-domain
info@hotelaperla.net,Hotel La Perla,Carla,Ulissi,,,,,Cupra Marittima,AP,Marche,,,no-domain
info@hotelavanamare.it,Hotel Avana Mare Rimini,Klement,Hasaj,,,,,Rimini,RN,Emilia-Romagna,,,no-domain
info@hotelhermitageassisi.eu,Hotel JFI Hermitage,Gabriella,Sbardella,,,,,Assisi,PG,Umbria,,,no-domain
info@hotelmodenatermoli.it,Hotel Modena,Antonella,Ribuoli,,,,,Termoli,CB,Molise,,,no-domain
info@hoteltrevicesenatico.com,Hotel Trevi Cesenatico,Daniele,Lanzotti,,,,,,,Emilia-Romagna,,,no-domain
info@locandasanpancrazio.it,Locanda San Pancrazio,Lorenzo,Vincentini,,,,,Roma,RM,Lazio,,,no-domain
info@lochaletpratiditivo.it,Hotel Lo Chalet,Alessio,Iapadre,,,,,Pietracamela,TE,Abruzzo,,,no-domain
info@masseriacarparelli.it,Masseria Carparelli,Valentina,Centrone,,,,,Ostuni,BR,Puglia,,,no-domain
info@navonaluxurysuites.com,Navona Luxury Suites,Irene,Costa,,,,,Roma,RM,Lazio,,,no-domain
info@relaisangelico.it,B&B Relais L'Angelico,Filippo,Mammone,,,,,Roma,RM,Lazio,,,no-domain
info@residence-oldwell.it,Residence Oldwell,Andrea,Principe,,,,,Tropea,VV,Calabria,,,no-domain
info@villacavadini.it,Villa Cavadini Relais,Elisabetta,Filotto,,,,,,,Lombardia,,,no-domain
m.mallia@rivazzurraclub.it,Rivazzurra Club,Manuela,Mallia,,,,,Torre dell'Orso - Melendugno,LE,Puglia,,,no-domain
patrizia.cavallaro@masseriemediterranee.it,Masserie Mediterranee,Rita Patrizia,Cavallaro,,,,,Mortara,PV,Lombardia,,,no-domain
prenotazioni@gragorypark.net,Ars Hotel srl - Gregory Park,Villiam,Vicinanza,,,,,Rimini,RN,Emilia-Romagna,,,no-domain
prenotazioni@hotelmajesticmolise.com,Hotel Majestic Molise,Leo,Rocco,,,,,Termoli,CB,Molise,,,no-domain
roberta@montepertihotel.com,Si Hotel Montaperti,Roberta,Faneschi,,,,,Asciano,SI,Toscana,,,no-domain
info@hotelstmoritsrimini.com,St. Moritz Hotel,Matija,Klodian,,,,,Bellaria - Igea Marina,RN,Emilia-Romagna,,,no-domain
info@aeffeark.191.it,,,,,,,,,,,,,no-domain
g.cesari@hcthotels.com,hotel new york,,,,,,,,,,,,no-domain
mattia@stradedelmondo.com,residence terra felice,,,,,,,,,,,,no-domain
info@robertapenso.it,hotel perla verde,,,,,,,,,,,,no-domain
info@romatoscana.it,Contry & City apartments,,,,,,,,,,,,no-domain
andrea@mooreagroup.it,moorea group,,,,,,,,,,,,no-domain
info@romadreaming.it,clarimm srl,,,,,,,,,,,,no-domain
segreteria@hoteltrionfal.com,hotel trionfal / hotel perla verde,,,,,,,,,,,,no-domain
m.aro@platinhome.it,platinhome,,,,,,,,,,,,no-domain
info@web-hotel.info,città del mare,,,,,,,,,,,,no-domain
giuliana.franco@hotelmilanocentrale.it,hotel milano centrale,,,,,,,,,,,,no-domain
amministrazione@yoyohotels.it,hotel oasi,,,,,,,,,,,,no-domain
delgi@sitiorsrl.191.it,delgi srl,,,,,,,,,,,,no-domain
amministrazione@casalipapareschi.it,consorzio iclean,,,,,,,,,,,,no-domain
f.badolato@hotelartisroma.it,hotel artis,,,,,,,,,,,,no-domain
info@bbcuorematto.it,cuore matto,,,,,,,,,,,,no-domain
info@marinapalaceorosei.it,Room & Resort International LTD,,,,,,,,,,,,no-domain
admin@marinapalaceorosei.it,Room & Resort International LTD,,,,,,,,,,,,no-domain
stefano.possenti@viralmanagement.it,viral management.it,,,,,,,,,,,,no-domain
m.bello@nexhos.it,NexHos s.r.l.,,,,,,,,,,,,no-domain
c.lantieri@nexhos.it,NexHos s.r.l.,,,,,,,,,,,,no-domain
info@suditaliahotels.com,Suditalia Hotels,,,,,,,,,,,,no-domain
a.mingarelli@comunika.org,,,,,,,,,,,,,no-domain
info@comunika.org,,,,,,,,,,,,,no-domain
reservations@hotelborromini.it,Hotel Borromini,,,,,,,,,,,,no-domain
web@sanpietroallorto6.it,,,,,,,,,,,,,no-domain
info@hotelvilladelparco.it,Hotel Villa del Parco,,,,,,,,,,,,no-domain
info@marsiliholtels.com,,,,,,,,,,,,,no-domain
info@marsilihotels.com,,,,,,,,,,,,,no-domain
hotel@boutiquehotelisa.com,,,,,,,,,,,,,no-domain
info@residenceprati.it,,,,,,,,,,,,,no-domain
info@solisinvictus.com,,,,,,,,,,,,,no-domain
info@hotel-mayfair-rome.com,,,,,,,,,,,,,no-domain
reservation@hotelvillaflorence.it,,,,,,,,,,,,,no-domain
info@europehotelink.net,,,,,,,,,,,,,no-domain
anna@phh.it,,,,,,,,,,,,,no-domain
serena@phh.it,,,,,,,,,,,,,no-domain
marco.dinnocenti@prince-house-hotels.it,,,,,,,,,,,,,no-domain
info@hotelelyse.it,,,,,,,,,,,,,no-domain
doria@amalfidoria.it,,,,,,,,,,,,,no-domain
reception@palace.boscolo.com,,,,,,,,,,,,,no-domain
reservation@aleph.boscolo.com,,,,,,,,,,,,,no-domain
info@hotel-luxor.it,,,,,,,,,,,,,no-domain
amalfi@amalfidoria.it,,,,,,,,,,,,,no-domain
info@hotelzara.net,,,,,,,,,,,,,no-domain
info@hotelirico.it,,,,,,,,,,,,,no-domain
info@parkhotelcostanza.it,,,,,,,,,,,,,no-domain
reception@arishotel.it,,,,,,,,,,,,,no-domain
info@hoteldomusaventina.it,,,,,,,,,,,,,no-domain
prenotazioni@hotelvillapamphili.com,,,,,,,,,,,,,no-domain
dover@hoteldover.it,,,,,,,,,,,,,no-domain
info@cardinalhotel.it,,,,,,,,,,,,,no-domain
bramante@excalhq.it,,,,,,,,,,,,,no-domain
info@innspagnaroom.it,,,,,,,,,,,,,no-domain
info@trinitadeimonti.com,,,,,,,,,,,,,no-domain
plaza@hotelplazarome.com,,,,,,,,,,,,,no-domain
mail@hoteldonatelloroma.com,,,,,,,,,,,,,no-domain
info@hotelemonaquaeductus.it,,,,,,,,,,,,,no-domain
maria.wilkes@hotelemonaquaeductus.it,,,,,,,,,,,,,no-domain
hotelducale@hotelducale.net,,,,,,,,,,,,,no-domain
ricci@bb-leterrazze.com,,,,,,,,,,,,,no-domain
gaetano.lauro@morganahotelsrome.com,,,,,,,,,,,,,no-domain
info@casadellapalma.it,,,,,,,,,,,,,no-domain
jacaranda@itettidiroma.it,,,,,,,,,,,,,no-domain
info@domusgordiani.it,,,,,,,,,,,,,no-domain
direzione@hortiflaviani.it,,,,,,,,,,,,,no-domain
reception@hortiflaviani.it,,,,,,,,,,,,,no-domain
info@caracalla-falls.com,,,,,,,,,,,,,no-domain
info@residencefleming.it,,,,,,,,,,,,,no-domain
info@artistshotels.com,,,,,,,,,,,,,no-domain
info@hotelromebailey.com,,,,,,,,,,,,,no-domain
residenzadeiquiriti@residenzadeiquiriti.com,,,,,,,,,,,,,no-domain
franklin@franklinhotel.it,,,,,,,,,,,,,no-domain
info@franklinhotel.it,,,,,,,,,,,,,no-domain
parkhotel@arangroup.it,,,,,,,,,,,,,no-domain
mnarducci@ambrapalacehotel.it,,,,,,,,,,,,,no-domain
info@hotelmontrealroma.com,,,,,,,,,,,,,no-domain
info@hotelpanoramaitaly.com,,,,,,,,,,,,,no-domain
info@parkhotelimperatore.com,,,,,,,,,,,,,no-domain
info@eurostarsdomusaurea.com,,,,,,,,,,,,,no-domain
info@sunshineroma.com,,,,,,,,,,,,,no-domain
info@ripanibeb.it,,,,,,,,,,,,,no-domain
booking@lecappellettehotel.com,,,,,,,,,,,,,no-domain
info@hotelmach2.it,,,,,,,,,,,,,no-domain
prenotazioni@paliobianco.com,,,,,,,,,,,,,no-domain
amministrazione@paliobianco.com,,,,,,,,,,,,,no-domain
fiorbellina@spinolaonline.com,,,,,,,,,,,,,no-domain
info@residenzacanali.com,,,,,,,,,,,,,no-domain
reservation@eshotel.it,,,,,,,,,,,,,no-domain
info@aurelia-expo.com,,,,,,,,,,,,,no-domain
front@residenceaureliaantica.com,,,,,,,,,,,,,no-domain
canto@residenceaureliaantica.com,,,,,,,,,,,,,no-domain
fo.manager@exedra.boscolo.com,,,,,,,,,,,,,no-domain
silvie.hoskova@exedra.boscolo.com,,,,,,,,,,,,,no-domain
reception@aleph.boscolo.com,,,,,,,,,,,,,no-domain
congress@aleph.boscolo.com,,,,,,,,,,,,,no-domain
gestione@aleph.boscolo.com,,,,,,,,,,,,,no-domain
simona.paesani@palace.boscolo.com,,,,,,,,,,,,,no-domain
info@2behappyinroma.com,,,,,,,,,,,,,no-domain
info@hotelaquarium.it,,,,,,,,,,,,,no-domain
acropoli@seiro.191.it,,,,,,,,,,,,,no-domain
info@adashotel.com,,,,,,,,,,,,,no-domain
info@hoteladler-roma.com,,,,,,,,,,,,,no-domain
arcoditravertino@unicanet.net,,,,,,,,,,,,,no-domain
hotelbaltic@hotelbalticroma.com,,,,,,,,,,,,,no-domain
prenotazione@cisternahotel.it,,,,,,,,,,,,,no-domain
info@torresebastiani.com,,,,,,,,,,,,,no-domain
info@hotelanticoborgo.it,,,,,,,,,,,,,no-domain
info@domustiberina.com,,,,,,,,,,,,,no-domain
reservations@domustiberina.com,,,,,,,,,,,,,no-domain
info@hotel-miro.com,,,,,,,,,,,,,no-domain
info@anakinhotel.com,,,,,,,,,,,,,no-domain
reservations@eurostarsinternationalpalace.com,,,,,,,,,,,,,no-domain
prenotazione@valeevale.com,,,,,,,,,,,,,no-domain
adriano@caesarvideo.com,,,,,,,,,,,,,no-domain
info@hotelcoronet.com,,,,,,,,,,,,,no-domain
info@inparione.com,,,,,,,,,,,,,no-domain
hotelmarcopolo@tele2.it,,,,,,,,,,,,,no-domain
info@hotelsileo.com,,,,,,,,,,,,,no-domain
hotelnewyork@fimbes.it,,,,,,,,,,,,,no-domain
valerie.peltier@appartis.it,,,,,,,,,,,,,no-domain
info@appartis.it,,,,,,,,,,,,,no-domain
info@michelangeloaccomodations.com,,,,,,,,,,,,,no-domain
info@bbepiscopolipinsky.it,,,,,,,,,,,,,no-domain
vivian_mike3@tim.eu.blackberry.com,,,,,,,,,,,,,no-domain
dandale@jumpy.it,,,,,,,,,,,,,no-domain
info@romasanpietro.it,,,,,,,,,,,,,no-domain
info@alloggiaroma.com,,,,,,,,,,,,,no-domain
webmaster@residenza-anticaroma.com,,,,,,,,,,,,,no-domain
info@boncompagnisuite.com,,,,,,,,,,,,,no-domain
postmaster@boncompagnisuite.191.it,,,,,,,,,,,,,no-domain
anna@prince-house-hotels.it,,,,,,,,,,,,,no-domain
m.ristea@prince-house-hotels.it,,,,,,,,,,,,,no-domain
info@fellinibnb.it,,,,,,,,,,,,,no-domain
info@budgetbedandbreakfast.it,,,,,,,,,,,,,no-domain
info@montiresidence.com,,,,,,,,,,,,,no-domain
villaml@tele2.it,,,,,,,,,,,,,no-domain
info@annette-roma.com,,,,,,,,,,,,,no-domain
info@annette-rome.com,,,,,,,,,,,,,no-domain
info@voceluna.it,,,,,,,,,,,,,no-domain
info@astoria-palace.com,,,,,,,,,,,,,no-domain
info@augustusrome.com,,,,,,,,,,,,,no-domain
travel@augustusrome.com,,,,,,,,,,,,,no-domain
contact@aventinohouse.it,,,,,,,,,,,,,no-domain
info@sognandoroma.it,,,,,,,,,,,,,no-domain
info@aromabb.it,,,,,,,,,,,,,no-domain
info@hotelsaintpaul.net,,,,,,,,,,,,,no-domain
corradi@phil.uniroma3.it,,,,,,,,,,,,,no-domain
informazioni@borgopio2000.it,,,,,,,,,,,,,no-domain
prenotazioni@borgopio2000.it,,,,,,,,,,,,,no-domain
borgopio@borgopio2000c.191.it,,,,,,,,,,,,,no-domain
info@villadeglioleandri.it,,,,,,,,,,,,,no-domain
info@hotelgaleno.it,,,,,,,,,,,,,no-domain
info@residenzarisorgimento.it,,,,,,,,,,,,,no-domain
info@il-castelletto.com,,,,,,,,,,,,,no-domain
info@nazionalrooms.com,,,,,,,,,,,,,no-domain
bookings@relaisgrouphotel.com,,,,,,,,,,,,,no-domain
info@hotelbelliroma.com,,,,,,,,,,,,,no-domain
info@rentroof.it,,,,,,,,,,,,,no-domain
info@residencelibetta.it,,,,,,,,,,,,,no-domain
zeus@apartments-rome.it,,,,,,,,,,,,,no-domain
info@hotelprimusroma.com,,,,,,,,,,,,,no-domain
info@borgoalvaticano.com,,,,,,,,,,,,,no-domain
info@hotelromepinewood.com,,,,,,,,,,,,,no-domain
alimandi@hotelalimandie.191.it,,,,,,,,,,,,,no-domain
info@residenzacamilla.it,,,,,,,,,,,,,no-domain
info@residencestandrews.it,,,,,,,,,,,,,no-domain
marco@aromabb.it,,,,,,,,,,,,,no-domain
info@absoluteinrome.com,,,,,,,,,,,,,no-domain
info@cristinahotels.com,,,,,,,,,,,,,no-domain
info@chicca2bandb.it,,,,,,,,,,,,,no-domain
info@lesuitediviaottaviano.com,,,,,,,,,,,,,no-domain
info@s-guesthouse.com,,,,,,,,,,,,,no-domain
info@bbbellearti.it,,,,,,,,,,,,,no-domain
info@bedbreakfast-roma.com,,,,,,,,,,,,,no-domain
info@hotelmontecitorio.com,,,,,,,,,,,,,no-domain
info@theeasybed.com,,,,,,,,,,,,,no-domain
reception@relaisvaticano.it,,,,,,,,,,,,,no-domain
mascherino@fatwebnet.it,,,,,,,,,,,,,no-domain
info@holidayhouseroma.com,,,,,,,,,,,,,no-domain
info@lahabana-bb.com,,,,,,,,,,,,,no-domain
giordano@domusanna.net,,,,,,,,,,,,,no-domain
info@arena-house.com,,,,,,,,,,,,,no-domain
iceblue@relaisgroup-apartments.it,,,,,,,,,,,,,no-domain
info@rome-bed-breakfast-pantheon-house.com,,,,,,,,,,,,,no-domain
info@antoniettahouse.com,,,,,,,,,,,,,no-domain
info@domuspantheon.com,,,,,,,,,,,,,no-domain
info@bestcomfort.org,,,,,,,,,,,,,no-domain
info@romacicerone28.com,,,,,,,,,,,,,no-domain
info@romabedandbreakfast.biz,,,,,,,,,,,,,no-domain
info@casabonaguro.it,,,,,,,,,,,,,no-domain
info@houserome.net,,,,,,,,,,,,,no-domain
info@diocleziano.com,,,,,,,,,,,,,no-domain
alex_75@myway.com,,,,,,,,,,,,,no-domain
info@romabedandbreakfast.info,,,,,,,,,,,,,no-domain
booking@obelus.it,,,,,,,,,,,,,no-domain
info@obelus.it,,,,,,,,,,,,,no-domain
info@letresuites.com,,,,,,,,,,,,,no-domain
booking@welcomeresidences.com,,,,,,,,,,,,,no-domain
bookings@welcomeresidences.com,,,,,,,,,,,,,no-domain
info@giardinodellarte.it,,,,,,,,,,,,,no-domain
info@aptinrome.com,,,,,,,,,,,,,no-domain
a.tretene@alicaposta.it,,,,,,,,,,,,,no-domain
info@stpeterapartments.com,,,,,,,,,,,,,no-domain
info@traveldiners.com,,,,,,,,,,,,,no-domain
info@bb-happyholiday.com,,,,,,,,,,,,,no-domain
info@funhousebed.it,,,,,,,,,,,,,no-domain
barbara@funhousebed.it,,,,,,,,,,,,,no-domain
info@cernaiasuite.com,,,,,,,,,,,,,no-domain
info@agv2001.it,,,,,,,,,,,,,no-domain
sales@agv2001.it,,,,,,,,,,,,,no-domain
info@gregorovius.com,,,,,,,,,,,,,no-domain
info@bedandbreakfastuniversity.com,,,,,,,,,,,,,no-domain
reservations@countryrome.it,,,,,,,,,,,,,no-domain
info@thecaesarsrooms.com,,,,,,,,,,,,,no-domain
info@residenzamaxima.eu,,,,,,,,,,,,,no-domain
pino@incantesimo-bed-and-breakfast.com,,,,,,,,,,,,,no-domain
dory@incantesimo-bed-and-breakfast.com,,,,,,,,,,,,,no-domain
momi@bedandbreakfastrome-momi.it,,,,,,,,,,,,,no-domain
reservations@eurostarsromacongress.com,,,,,,,,,,,,,no-domain
sales@eurostarsromacongress.com,,,,,,,,,,,,,no-domain
info@aliceinwonderlandbandb.com,,,,,,,,,,,,,no-domain
info@bedandbreakfastprati.it,,,,,,,,,,,,,no-domain
info@sanjouan.it,,,,,,,,,,,,,no-domain
san@webmaild.fe1.aruba.it,,,,,,,,,,,,,no-domain
info@chezliviana.it,,,,,,,,,,,,,no-domain
info@davidsflat.com,,,,,,,,,,,,,no-domain
agv2003@agv2001.it,,,,,,,,,,,,,no-domain
info@ristorantemascalzone.com,,,,,,,,,,,,,no-domain
info@whereinrome.it,,,,,,,,,,,,,no-domain
katarina@verbaweb.com,,,,,,,,,,,,,no-domain
bb@casagiovy.org,,,,,,,,,,,,,no-domain
info@intownroma.it,,,,,,,,,,,,,no-domain
info@evergreenrome.com,,,,,,,,,,,,,no-domain
info@oldroma.it,,,,,,,,,,,,,no-domain
info@casaledesantis.it,,,,,,,,,,,,,no-domain
info@angetode.com,,,,,,,,,,,,,no-domain
admin@kimama.it,,,,,,,,,,,,,no-domain
info@innromesweethome.it,,,,,,,,,,,,,no-domain
info@lalunanelsole.com,,,,,,,,,,,,,no-domain
reservations@rome103.com,,,,,,,,,,,,,no-domain
info@cittaeternabb.com,,,,,,,,,,,,,no-domain
comments@residenzacamilla.it,,,,,,,,,,,,,no-domain
info@otjbb.it,,,,,,,,,,,,,no-domain
info@almondonuovo.com,,,,,,,,,,,,,no-domain
info@bbleda.it,,,,,,,,,,,,,no-domain
info@amendolahouse.it,,,,,,,,,,,,,no-domain
lacampanella@lacampanella.info,,,,,,,,,,,,,no-domain
bedbreakfastroma@chezpanzi.it,,,,,,,,,,,,,no-domain
info@abbrome.com,,,,,,,,,,,,,no-domain
info@ecoitaliabb.com,,,,,,,,,,,,,no-domain
info@greenplanet2000.it,,,,,,,,,,,,,no-domain
info@itettidiroma.it,,,,,,,,,,,,,no-domain
info@malubb.it,,,,,,,,,,,,,no-domain
reservation@hoteldogeroma.it,,,,,,,,,,,,,no-domain
info@hoteldogeroma.it,,,,,,,,,,,,,no-domain
direzione@hoteldiocleziano.it,,,,,,,,,,,,,no-domain
info@tamarasuites.it,,,,,,,,,,,,,no-domain
infi@tamarasuites.it,,,,,,,,,,,,,no-domain
info@historichousebernini.com,,,,,,,,,,,,,no-domain
admin@villaplauzi.it,,,,,,,,,,,,,no-domain
info@ilmaniero.org,,,,,,,,,,,,,no-domain
info@hoteltermetivoli.it,,,,,,,,,,,,,no-domain
info@domuscaesari.it,,,,,,,,,,,,,no-domain
info@vignedelsole.it,,,,,,,,,,,,,no-domain
louis@hotel-louis.it,,,,,,,,,,,,,no-domain
info.frascati@fast-hotel.it,,,,,,,,,,,,,no-domain
info@rome-cheap-accommodation.com,,,,,,,,,,,,,no-domain
info@santamariatrastevere.it,,,,,,,,,,,,,no-domain
info@igiardinidelquirinale.com,,,,,,,,,,,,,no-domain
info@vignasantelena.it,,,,,,,,,,,,,no-domain
info@ilgiardinodigiupi.it,,,,,,,,,,,,,no-domain
info@hotelhilary.it,,,,,,,,,,,,,no-domain
info@dimorastoricaurbana.com,,,,,,,,,,,,,no-domain
info@chipandchic.org,,,,,,,,,,,,,no-domain
prenotazioni@111bb.it,,,,,,,,,,,,,no-domain
info@111bb.it,,,,,,,,,,,,,no-domain
info@leterrazzebeautyfarm.com,,,,,,,,,,,,,no-domain
info@residenceroma.com,,,,,,,,,,,,,no-domain
amministrazione@condottihotels.com,,,,,,,,,,,,,no-domain
info@bbcentrodiroma.com,,,,,,,,,,,,,no-domain
info@bbcampodefiori.com,,,,,,,,,,,,,no-domain
info@hotelsandanielebundi.it,,,,,,,,,,,,,no-domain
info@ilpaperodoro.it,,,,,,,,,,,,,no-domain
info@coccinellashouse.com,,,,,,,,,,,,,no-domain
info@vaticanrent.com,,,,,,,,,,,,,no-domain
info@yournestinrome.com,,,,,,,,,,,,,no-domain
info@ilsognoditrastevere.com,,,,,,,,,,,,,no-domain
info@pantheonhouse.com,,,,,,,,,,,,,no-domain
info@romeholiday.net,,,,,,,,,,,,,no-domain
info@bandbhotel.it,,,,,,,,,,,,,no-domain
c.ellmer@155viaveneto.com,,,,,,,,,,,,,no-domain
direzione@155viaveneto.com,,,,,,,,,,,,,no-domain
info@residencelangelo.it,,,,,,,,,,,,,no-domain
info@romalighthouse.it,,,,,,,,,,,,,no-domain
alex@bedintrastevere.com,,,,,,,,,,,,,no-domain
info@lalocandadeicastelli.it,,,,,,,,,,,,,no-domain
info@oakleyromeroom.it,,,,,,,,,,,,,no-domain
info@venetoinnroma.it,,,,,,,,,,,,,no-domain
info@bbfiammetta.it,,,,,,,,,,,,,no-domain
info@intrastevere.eu,,,,,,,,,,,,,no-domain
info@cinziahouse.com,,,,,,,,,,,,,no-domain
info@stargatehotels.net,,,,,,,,,,,,,no-domain
info@cialdini-inn.com,,,,,,,,,,,,,no-domain
gg-bedandbreakfast@ggbedandbreakfast.com,,,,,,,,,,,,,no-domain
info@bb-crazyholiday.com,,,,,,,,,,,,,no-domain
info@90bdu.it,,,,,,,,,,,,,no-domain
info@casavacanzavaticano.it,,,,,,,,,,,,,no-domain
booking@residenzasantamaria.com,,,,,,,,,,,,,no-domain
info@residenzasantamaria.com,,,,,,,,,,,,,no-domain
info@hotelalexroma.com,,,,,,,,,,,,,no-domain
info@gladiator-rooms.com,,,,,,,,,,,,,no-domain
info@everestinnrome.com,,,,,,,,,,,,,no-domain
info@samrooms.com,,,,,,,,,,,,,no-domain
info@inromebb.com,,,,,,,,,,,,,no-domain
booking@inromebb.com,,,,,,,,,,,,,no-domain
info@cadornaholidaybb.com,,,,,,,,,,,,,no-domain
info@trasteverestationbb.com,,,,,,,,,,,,,no-domain
info@holidayparadiseroma.com,,,,,,,,,,,,,no-domain
info@wrh-termini.com,,,,,,,,,,,,,no-domain
info@innromesweethome.com,,,,,,,,,,,,,no-domain
info@bbromatermini.it,,,,,,,,,,,,,no-domain
marta@romeniceroom.com,,,,,,,,,,,,,no-domain
info@fleurdelisrome.com,,,,,,,,,,,,,no-domain
info@bb300.it,,,,,,,,,,,,,no-domain
info@sunflowerhouse.it,,,,,,,,,,,,,no-domain
info@girasoleweekend.com,,,,,,,,,,,,,no-domain
info@hotelcaputmundi.com,,,,,,,,,,,,,no-domain
tenutacolfiorito@agricolacolfiorito.it,,,,,,,,,,,,,no-domain
info@bestsuitestrevi.com,,,,,,,,,,,,,no-domain
info@aromadiroma.net,,,,,,,,,,,,,no-domain
info@94rooms.com,,,,,,,,,,,,,no-domain
info@alcentrostoricodiroma.it,,,,,,,,,,,,,no-domain
info@villaemidia.it,,,,,,,,,,,,,no-domain
info@eurexecutiveinn.com,,,,,,,,,,,,,no-domain
info@aurumhouse.it,,,,,,,,,,,,,no-domain
info@comfortrome.com,,,,,,,,,,,,,no-domain
info@bbalex.it,,,,,,,,,,,,,no-domain
info@bbrome4u.com,,,,,,,,,,,,,no-domain
info@camerearoma.com,,,,,,,,,,,,,no-domain
info@maryelenhouse.com,,,,,,,,,,,,,no-domain
info@bbvaticanstpeter.com,,,,,,,,,,,,,no-domain
info@leonsplace.it,,,,,,,,,,,,,no-domain
casagirasole@self-catering-apartments.net,,,,,,,,,,,,,no-domain
info@locandadelvaticano.com,,,,,,,,,,,,,no-domain
info@holidayhouserome.com,,,,,,,,,,,,,no-domain
info@hotelmarcantonioroma.com,,,,,,,,,,,,,no-domain
sbellucci@logicanova.eu,,,,,,,,,,,,,no-domain
info@almesromabb.com,,,,,,,,,,,,,no-domain
lesuite@casavacanzavaticano.it,,,,,,,,,,,,,no-domain
info@residencetiburtina.com,,,,,,,,,,,,,no-domain
info@fourpointsroma.com,,,,,,,,,,,,,no-domain
info@romanbnb.com,,,,,,,,,,,,,no-domain
info@domuscoppede.it,,,,,,,,,,,,,no-domain
info@bbjuliuscaesar183.it,,,,,,,,,,,,,no-domain
barberini@barberinisuites.it,,,,,,,,,,,,,no-domain
info@arrivederciroma.org,,,,,,,,,,,,,no-domain
info@thatsamoreholiday.com,,,,,,,,,,,,,no-domain
hfaenza@pn.itnet.it,,,,,,,,,,,,,no-domain
reservation.firenze@bh-hotels.com,,,,,,,,,,,,,no-domain
reservations@hotelsempione.com,,,,,,,,,,,,,no-domain
info_torrebellosguardocom@relay.conmet.it,,,,,,,,,,,,,no-domain
elgasrl@hotelriver.191.it,,,,,,,,,,,,,no-domain
jandj@cavalierehotels.com,,,,,,,,,,,,,no-domain
info@villa-azalee.it,,,,,,,,,,,,,no-domain
direzione@leonardodavincihotel.net,,,,,,,,,,,,,no-domain
carlo@carlomagnos.com,,,,,,,,,,,,,no-domain
info@hotelpresidentfirenze.com,,,,,,,,,,,,,no-domain
marketing@daverrazzano.biz,,,,,,,,,,,,,no-domain
info@hotellecascine.it,,,,,,,,,,,,,no-domain
stefano@hotellecascine.it,,,,,,,,,,,,,no-domain
info@hotellecascine.com,,,,,,,,,,,,,no-domain
info@villinolamagnolia.com,,,,,,,,,,,,,no-domain
info@hotelvarsavia.it,,,,,,,,,,,,,no-domain
welcome@yaif.it,,,,,,,,,,,,,no-domain
melograno@businesscenter-net.com,,,,,,,,,,,,,no-domain
giuliob@businesscenter-net.com,,,,,,,,,,,,,no-domain
info@albergoconcordia.it,,,,,,,,,,,,,no-domain
info@hotelginori.com,,,,,,,,,,,,,no-domain
info@residenzapostoli.it,,,,,,,,,,,,,no-domain
info@hotelboboli.com,,,,,,,,,,,,,no-domain
maisondecharme@imageflorence.com,,,,,,,,,,,,,no-domain
hoteladam@hoteladam.it,,,,,,,,,,,,,no-domain
info@icolli.it,,,,,,,,,,,,,no-domain
mannaioni@florenceresidence.it,,,,,,,,,,,,,no-domain
prenota@florenceresidence.it,,,,,,,,,,,,,no-domain
altriresidence@florenceresidence.it,,,,,,,,,,,,,no-domain
reservations@villinoilmagnifico.com,,,,,,,,,,,,,no-domain
info@florencebed.com,,,,,,,,,,,,,no-domain
info@montartino.com,,,,,,,,,,,,,no-domain
reservation@astoria.boscolo.com,,,,,,,,,,,,,no-domain
congress@astoria.boscolo.com,,,,,,,,,,,,,no-domain
info@abatjour-florence.it,,,,,,,,,,,,,no-domain
info@voltaire.fi.it,,,,,,,,,,,,,no-domain
info@agliuffizi.it,,,,,,,,,,,,,no-domain
info@associazioneacquario.it,,,,,,,,,,,,,no-domain
lestanze@viapinzochere6.it,,,,,,,,,,,,,no-domain
info@relaisperla.com,,,,,,,,,,,,,no-domain
info@abacusreservations.com,,,,,,,,,,,,,no-domain
info@il-palagio.it,,,,,,,,,,,,,no-domain
info@savonarolahotel.com,,,,,,,,,,,,,no-domain
info@leduestanze.it,,,,,,,,,,,,,no-domain
buongiorno@riodiluco.it,,,,,,,,,,,,,no-domain
info@florencehomecoming.com,,,,,,,,,,,,,no-domain
booking@sangallopalace.it,,,,,,,,,,,,,no-domain
info@sangallopace.it,,,,,,,,,,,,,no-domain
info@hoteldeco.it,,,,,,,,,,,,,no-domain
info@florencevillas.net,,,,,,,,,,,,,no-domain
info@residenzamanzoni.it,,,,,,,,,,,,,no-domain
albergoromasrl@albergoroma.191.it,,,,,,,,,,,,,no-domain
info@mail.desireehotel.com,,,,,,,,,,,,,no-domain
info@acasadijohnny.it,,,,,,,,,,,,,no-domain
info@deghibellini.it,,,,,,,,,,,,,no-domain
info@torredibuiano.com,,,,,,,,,,,,,no-domain
info@ninnanannabeb.it,,,,,,,,,,,,,no-domain
info@hotelderbyfirenze.com,,,,,,,,,,,,,no-domain
info@hotelaristonfirenze.it,,,,,,,,,,,,,no-domain
info@berkleyshotel.com,,,,,,,,,,,,,no-domain
info@3enne.com,,,,,,,,,,,,,no-domain
booking@incantodifiesole.it,,,,,,,,,,,,,no-domain
icf-booking@mail.incantodifiesole.it,,,,,,,,,,,,,no-domain
info@sweetysuites.com,,,,,,,,,,,,,no-domain
firenze@contirent.it,,,,,,,,,,,,,no-domain
mmarkus@tele2.it,,,,,,,,,,,,,no-domain
info@florencesuite.com,,,,,,,,,,,,,no-domain
info@lebaronessefirenze.it,,,,,,,,,,,,,no-domain
info@florencebb.com,,,,,,,,,,,,,no-domain
info@villaleanatre.it,,,,,,,,,,,,,no-domain
bnb@bbargello.com,,,,,,,,,,,,,no-domain
info@viadellachiesa17.it,,,,,,,,,,,,,no-domain
info@hotelognissanti.it,,,,,,,,,,,,,no-domain
info@tuscanygo.it,,,,,,,,,,,,,no-domain
info@acasadialino.com,,,,,,,,,,,,,no-domain
info@hotelcardinalofflorence.it,,,,,,,,,,,,,no-domain
info@2piazzasignoria.com,,,,,,,,,,,,,no-domain
info@borgolanoce.it,,,,,,,,,,,,,no-domain
infotiscali@borgolanoce.it,,,,,,,,,,,,,no-domain
info@cimarosaresidence.com,,,,,,,,,,,,,no-domain
info@villascalette.it,,,,,,,,,,,,,no-domain
info@ingridaffittacamere.it,,,,,,,,,,,,,no-domain
firenze@hotelsampaoli.191.it,,,,,,,,,,,,,no-domain
soggiornocampos@florenceitalyhotels.it,,,,,,,,,,,,,no-domain
camere@castellomontauto.it,,,,,,,,,,,,,no-domain
info@pensioneferretti.it,,,,,,,,,,,,,no-domain
info@tradueponti.it,,,,,,,,,,,,,no-domain
info@residenza-lerondini.com,,,,,,,,,,,,,no-domain
info@giottobb.it,,,,,,,,,,,,,no-domain
info@anticadimorasanjacopo.it,,,,,,,,,,,,,no-domain
direzione@soggiornomadridfirenze.it,,,,,,,,,,,,,no-domain
info@cinquesensibedandbed.it,,,,,,,,,,,,,no-domain
welcome@david-inn.com,,,,,,,,,,,,,no-domain
info@traleduetorri.it,,,,,,,,,,,,,no-domain
info@suryahouses.it,,,,,,,,,,,,,no-domain
info@firenzebed.com,,,,,,,,,,,,,no-domain
info@cardinaleopoldo.it,,,,,,,,,,,,,no-domain
novella@novellainn.net,,,,,,,,,,,,,no-domain
info@rentingflorence.com,,,,,,,,,,,,,no-domain
info@settemerli.it,,,,,,,,,,,,,no-domain
settemerli@settemerli.it,,,,,,,,,,,,,no-domain
vivian@sestante.net,,,,,,,,,,,,,no-domain
tommaso@florenceweek.com,,,,,,,,,,,,,no-domain
angela@florenceweek.com,,,,,,,,,,,,,no-domain
info@residenzadecerretani.com,,,,,,,,,,,,,no-domain
info@casacimabue.it,,,,,,,,,,,,,no-domain
info@rentahouseinflorence.com,,,,,,,,,,,,,no-domain
info@relaistorrigiani.com,,,,,,,,,,,,,no-domain
info@debencisuite.com,,,,,,,,,,,,,no-domain
info@riccardomisesti.com,,,,,,,,,,,,,no-domain
info@villalucreziafirenze.it,,,,,,,,,,,,,no-domain
info@alteatrosuites.com,,,,,,,,,,,,,no-domain
info@filipeperooms.com,,,,,,,,,,,,,no-domain
info@bisarno.com,,,,,,,,,,,,,no-domain
info@oldtowerflorence.com,,,,,,,,,,,,,no-domain
info@relaislorenzo.com,,,,,,,,,,,,,no-domain
info@ilsalottodifirenze.it,,,,,,,,,,,,,no-domain
info@soggiornolaura.com,,,,,,,,,,,,,no-domain
booking@andyhouse.it,,,,,,,,,,,,,no-domain
andyhouse@andyhouse.it,,,,,,,,,,,,,no-domain
reservation@yaif.it,,,,,,,,,,,,,no-domain
help-desk@yaif.it,,,,,,,,,,,,,no-domain
info@soggiornogloria.eu,,,,,,,,,,,,,no-domain
info@pensionematilde.eu,,,,,,,,,,,,,no-domain
info@residenzagiotto.com,,,,,,,,,,,,,no-domain
info@la-signoria.it,,,,,,,,,,,,,no-domain
info@lecontessefirenze.it,,,,,,,,,,,,,no-domain
info@ishflorence.com,,,,,,,,,,,,,no-domain
info@hotellavenere.com,,,,,,,,,,,,,no-domain
info@hotelilduca.it,,,,,,,,,,,,,no-domain
info@soggiornodeirondinelli.it,,,,,,,,,,,,,no-domain
info@leseggiole.com,,,,,,,,,,,,,no-domain
info@villamiralunga.it,,,,,,,,,,,,,no-domain
msrsales@ariadifirenze.eu,,,,,,,,,,,,,no-domain
info@casaasciolo.it,,,,,,,,,,,,,no-domain
info@lasorgentedifrancesca.it,,,,,,,,,,,,,no-domain
guelfa13@gmail.comgrand,,,,,,,,,,,,,no-domain
info@villabranca.it,,,,,,,,,,,,,no-domain
inof@villagiotto.it,,,,,,,,,,,,,no-domain
favilli@villagiotto.it,,,,,,,,,,,,,no-domain
info@relais-borgosanluigi.it,,,,,,,,,,,,,no-domain
marketing@borgosanluigi.com,,,,,,,,,,,,,no-domain
info@borgosanluigi.com,,,,,,,,,,,,,no-domain
info@villaarceno.it,,,,,,,,,,,,,no-domain
info@fattorialeginestre.it,,,,,,,,,,,,,no-domain
info@santacristina.fi.it,,,,,,,,,,,,,no-domain
info@valborgina.com,,,,,,,,,,,,,no-domain
mail@perlatoscana.com,,,,,,,,,,,,,no-domain
info@agrikarma.it,,,,,,,,,,,,,no-domain
info@relaisgellomattaccino.it,,,,,,,,,,,,,no-domain
montalla@krenet.it,,,,,,,,,,,,,no-domain
welcome@villailtesoro.com,,,,,,,,,,,,,no-domain
ristorante@villailtesoro.com,,,,,,,,,,,,,no-domain
la_vigna@publigraphic.it,,,,,,,,,,,,,no-domain
vallebuia@vallebuia.com,,,,,,,,,,,,,no-domain
info@montautovacanze.com,,,,,,,,,,,,,no-domain
info@agribetulla.it,,,,,,,,,,,,,no-domain
info@agriturismovallecchia.com,,,,,,,,,,,,,no-domain
info@fattoriamichi.it,,,,,,,,,,,,,no-domain
info@myhre.it,,,,,,,,,,,,,no-domain
gaia@stagionidelchianti.com,,,,,,,,,,,,,no-domain
info@poderedelleone.com,,,,,,,,,,,,,no-domain
info@laferraiola.com,,,,,,,,,,,,,no-domain
info@laginepraia.com,,,,,,,,,,,,,no-domain
cerreto@sirt.pisa.it,,,,,,,,,,,,,no-domain
info@poggioalsorbo.it,,,,,,,,,,,,,no-domain
info@fattoriasolaio.it,,,,,,,,,,,,,no-domain
vicoalto.sm@bemmepro.it,,,,,,,,,,,,,no-domain
info@hotelsansano.it,,,,,,,,,,,,,no-domain
info@agriturismoilecci.com,,,,,,,,,,,,,no-domain
mugnano@sweetuscany.it,,,,,,,,,,,,,no-domain
info@vacationmugnanoridingclub.com,,,,,,,,,,,,,no-domain
info@barigianino.it,,,,,,,,,,,,,no-domain
reservations@poggiotrelune.it,,,,,,,,,,,,,no-domain
francesca@poggiotrelune.it,,,,,,,,,,,,,no-domain
vega@poggiotrelune.com,,,,,,,,,,,,,no-domain
info@palmierina.it,,,,,,,,,,,,,no-domain
info@ristorantevillapitiana.com,,,,,,,,,,,,,no-domain
info@alleripucce.it,,,,,,,,,,,,,no-domain
fiere@lecorti.com,,,,,,,,,,,,,no-domain
info@lecorti.com,,,,,,,,,,,,,no-domain
info@poggiocaiano.it,,,,,,,,,,,,,no-domain
info@fattoriaprimaveramariobianchi.com,,,,,,,,,,,,,no-domain
info@residencemontalcino.it,,,,,,,,,,,,,no-domain
info@pornelleto.it,,,,,,,,,,,,,no-domain
g.lapaglia@lineelauro.it,,,,,,,,,,,,,no-domain
info@ristorantechiusarelli.com,,,,,,,,,,,,,no-domain
info@lequerciole.it,,,,,,,,,,,,,no-domain
piccione@sorano.to,,,,,,,,,,,,,no-domain
tenutaquarrata@tenutaquarrata.com,,,,,,,,,,,,,no-domain
grandhotelriviera@telcen.caen.it,,,,,,,,,,,,,no-domain
cala.puntaala@bcedit.it,,,,,,,,,,,,,no-domain
info@poggietruschi.com,,,,,,,,,,,,,no-domain
info@excelsiorviareggio.it,,,,,,,,,,,,,no-domain
caselle@tuscanytravel.net,,,,,,,,,,,,,no-domain
info@relaisilfienile.it,,,,,,,,,,,,,no-domain
villadicorliano@villadicorliano.com,,,,,,,,,,,,,no-domain
info@hoteloasi.org,,,,,,,,,,,,,no-domain
venturis10@lostellino.191.it,,,,,,,,,,,,,no-domain
info@castellodilamole.it,,,,,,,,,,,,,no-domain
info@ilchiostrodipienza.com,,,,,,,,,,,,,no-domain
ilchiostro@jumpy.it,,,,,,,,,,,,,no-domain
info@podererenaccio.it,,,,,,,,,,,,,no-domain
info@fontebertusi.nu,,,,,,,,,,,,,no-domain
info@villatramonti.com,,,,,,,,,,,,,no-domain
info@podereilcasello.com,,,,,,,,,,,,,no-domain
info@podereilcasello.net,,,,,,,,,,,,,no-domain
info@ilcasolarediluggiano.it,,,,,,,,,,,,,no-domain
anticacasa01@web.lognet.it,,,,,,,,,,,,,no-domain
catrino@sirt.pisa.it,,,,,,,,,,,,,no-domain
info@sanvittoria.it,,,,,,,,,,,,,no-domain
staff@lerote.it,,,,,,,,,,,,,no-domain
rinaldi.g@jumpy.it,,,,,,,,,,,,,no-domain
parbe@biemmepro.it,,,,,,,,,,,,,no-domain
francesca@lafontacciacamere.com,,,,,,,,,,,,,no-domain
info@lafontacciacamere.com,,,,,,,,,,,,,no-domain
info@poggioalchiuso.it,,,,,,,,,,,,,no-domain
robertabottari@jumpy.it,,,,,,,,,,,,,no-domain
info@villacollegalle.it,,,,,,,,,,,,,no-domain
karlelser@villadelpino.com,,,,,,,,,,,,,no-domain
info@villadelpino.com,,,,,,,,,,,,,no-domain
gm@hotelvillalagrotta.it,,,,,,,,,,,,,no-domain
info@sandetole.it,,,,,,,,,,,,,no-domain
agriturismo@poderemotefiesole.it,,,,,,,,,,,,,no-domain
info@poggioallapieve.it,,,,,,,,,,,,,no-domain
info@infochianti.com,,,,,,,,,,,,,no-domain
booking@monsignore.biz,,,,,,,,,,,,,no-domain
sales@monsignore.biz,,,,,,,,,,,,,no-domain
info@agriturismodadomenico.com,,,,,,,,,,,,,no-domain
info@patriziafalciani.it,,,,,,,,,,,,,no-domain
info@villeinmaremma.com,,,,,,,,,,,,,no-domain
info@bed-breakfast-bianchi.it,,,,,,,,,,,,,no-domain
info@toscanasparesort.com,,,,,,,,,,,,,no-domain
prolocsg@mbox.vol.it,,,,,,,,,,,,,no-domain
tenutamoriano@vacanze-toscana.com,,,,,,,,,,,,,no-domain
info@poggiarelli.it,,,,,,,,,,,,,no-domain
montaneta@manifattura-roli.com,,,,,,,,,,,,,no-domain
info@latenutina.it,,,,,,,,,,,,,no-domain
sem@sem-italy.com,,,,,,,,,,,,,no-domain
info@residencelaferriera.it,,,,,,,,,,,,,no-domain
info@collefertile.com,,,,,,,,,,,,,no-domain
alessia@collefertile.com,,,,,,,,,,,,,no-domain
villafontelunga@tim.eu.blackberry.com,,,,,,,,,,,,,no-domain
postmaster@ilsodo.it,,,,,,,,,,,,,no-domain
info@ilsodo.it,,,,,,,,,,,,,no-domain
reception@i-melograni.it,,,,,,,,,,,,,no-domain
info@agriturismoilmulino.com,,,,,,,,,,,,,no-domain
francesco@tenutadisangiusto.com,,,,,,,,,,,,,no-domain
info@poggioleo.it,,,,,,,,,,,,,no-domain
terigi@tenutaalbereta.it,,,,,,,,,,,,,no-domain
margherita@bravoholidayresidences.com,,,,,,,,,,,,,no-domain
info@bravoholidayresidences.com,,,,,,,,,,,,,no-domain
saffo@bravoholidayresidences.com,,,,,,,,,,,,,no-domain
info@poggiarello.net,,,,,,,,,,,,,no-domain
anticatorre@digiba-nk.it,,,,,,,,,,,,,no-domain
info@ghiacciobosco.net,,,,,,,,,,,,,no-domain
info@spietro.com,,,,,,,,,,,,,no-domain
info@fattoriadicorsignano.com,,,,,,,,,,,,,no-domain
info@casanovavinci.it,,,,,,,,,,,,,no-domain
villalamorina@lamorina.net,,,,,,,,,,,,,no-domain
toscana@toscanaitaly.it,,,,,,,,,,,,,no-domain
info@casavacanzetoscana.com,,,,,,,,,,,,,no-domain
info@gualchiere.it,,,,,,,,,,,,,no-domain
albergo@ristorantecasalta.it,,,,,,,,,,,,,no-domain
info@villalacostaglia.it,,,,,,,,,,,,,no-domain
info@giugnano.it,,,,,,,,,,,,,no-domain
monica@daitarn4.register.it,,,,,,,,,,,,,no-domain
info@chiantiandrelax.com,,,,,,,,,,,,,no-domain
villa@villabelvederecampoli.it,,,,,,,,,,,,,no-domain
info@relaisilcastagno.it,,,,,,,,,,,,,no-domain
info@borgodellemore.it,,,,,,,,,,,,,no-domain
info@s-maria.it,,,,,,,,,,,,,no-domain
info@hotellavedetta.com,,,,,,,,,,,,,no-domain
info@borgosantinovo.eu,,,,,,,,,,,,,no-domain
borgosantinovo@mailbox.atitlan.it,,,,,,,,,,,,,no-domain
mail@romanospa.it,,,,,,,,,,,,,no-domain
info@san-domenico.net,,,,,,,,,,,,,no-domain
info@agriturismo-isolaverde.it,,,,,,,,,,,,,no-domain
callaiol@agriturismo-isolaverde.it,,,,,,,,,,,,,no-domain
info@agriturismocasanova.com,,,,,,,,,,,,,no-domain
info@aiolina.it,,,,,,,,,,,,,no-domain
info@mulinoabate.com,,,,,,,,,,,,,no-domain
info@agriturismopratini.it,,,,,,,,,,,,,no-domain
info@lepisanelle.it,,,,,,,,,,,,,no-domain
villafarneta@amicaorganizza.it,,,,,,,,,,,,,no-domain
info@agriturismotoscano.it,,,,,,,,,,,,,no-domain
booking@lerociane.it,,,,,,,,,,,,,no-domain
info@lerociane.it,,,,,,,,,,,,,no-domain
giunta@lerociane.it,,,,,,,,,,,,,no-domain
info@agritur-iltorrione.it,,,,,,,,,,,,,no-domain
info@agrimassi.com,,,,,,,,,,,,,no-domain
info@poggiocucco.it,,,,,,,,,,,,,no-domain
info@ramoli.it,,,,,,,,,,,,,no-domain
info@agriturismosanrocco.com,,,,,,,,,,,,,no-domain
info@villagiulia.net,,,,,,,,,,,,,no-domain
info@lerocchine.it,,,,,,,,,,,,,no-domain
fattorialamuraglia@fattorialamuraglia.it,,,,,,,,,,,,,no-domain
info@borgotozzetto.it,,,,,,,,,,,,,no-domain
info@agriturismo-monteoriolo.it,,,,,,,,,,,,,no-domain
podere-etrusco@ilmecchio.it,,,,,,,,,,,,,no-domain
lelogge@toscanaadhoc.com,,,,,,,,,,,,,no-domain
info@toscanaadhoc.com,,,,,,,,,,,,,no-domain
info@luccavacanze.it,,,,,,,,,,,,,no-domain
castellare@mbox.fol.it,,,,,,,,,,,,,no-domain
info@toscotour.com,,,,,,,,,,,,,no-domain
toscana@toscanadolcetoscana.com,,,,,,,,,,,,,no-domain
info@sangiapartments.com,,,,,,,,,,,,,no-domain
info@lacollinadeifalchi.it,,,,,,,,,,,,,no-domain
info@lagioiosabeb.it,,,,,,,,,,,,,no-domain
servizi@lagioiosabeb.it,,,,,,,,,,,,,no-domain
info@lelame.net,,,,,,,,,,,,,no-domain
info@le-torri.it,,,,,,,,,,,,,no-domain
farm@poggioasciutto.it,,,,,,,,,,,,,no-domain
info@pasciolica.it,,,,,,,,,,,,,no-domain
info@sienaintoscana.it,,,,,,,,,,,,,no-domain
fattorialeginestre@tetinet.com,,,,,,,,,,,,,no-domain
info@farnetino.com,,,,,,,,,,,,,no-domain
info@residencelaquiete.it,,,,,,,,,,,,,no-domain
morniano@jumpy.it,,,,,,,,,,,,,no-domain
info@costadeigabbiani.it,,,,,,,,,,,,,no-domain
info@sangirooms.com,,,,,,,,,,,,,no-domain
info@tenutalivia.it,,,,,,,,,,,,,no-domain
info@tesoridisiena.com,,,,,,,,,,,,,no-domain
postmaster@sancilia.it,,,,,,,,,,,,,no-domain
info@villalibertysanvincenzo.it,,,,,,,,,,,,,no-domain
doccio@italypolis.it,,,,,,,,,,,,,no-domain
info@casaottavia.it,,,,,,,,,,,,,no-domain
info@borgodericci.com,,,,,,,,,,,,,no-domain
info@lamezzanarossa.it,,,,,,,,,,,,,no-domain
info@aivecchitempi.com,,,,,,,,,,,,,no-domain
info@ilpoderecasanova.it,,,,,,,,,,,,,no-domain
info@vecchio-mulino.com,,,,,,,,,,,,,no-domain
info@molindigabrino.it,,,,,,,,,,,,,no-domain
info@villagelsi.it,,,,,,,,,,,,,no-domain
customerservice@villagelsi.it,,,,,,,,,,,,,no-domain
info@casaguasti.it,,,,,,,,,,,,,no-domain
federica.damiani@stbspa.com,,,,,,,,,,,,,no-domain
info@lucignano.to,,,,,,,,,,,,,no-domain
info@agriturismocuordilupo.it,,,,,,,,,,,,,no-domain
info@ilmolino.it,,,,,,,,,,,,,no-domain
info@residencelecoloniche.it,,,,,,,,,,,,,no-domain
info@bebvilladimari.it,,,,,,,,,,,,,no-domain
info@tuscanyandvillas.com,,,,,,,,,,,,,no-domain
ilpalazzo@ilpalazzo.toscana.it,,,,,,,,,,,,,no-domain
info@villaibarronci.com,,,,,,,,,,,,,no-domain
winetourism@enricopierazzuoli.com,,,,,,,,,,,,,no-domain
info@enricopierazzuoli.com,,,,,,,,,,,,,no-domain
info@lecastellacce.com,,,,,,,,,,,,,no-domain
info@il-poggiolo.it,,,,,,,,,,,,,no-domain
garden@tuscanhotels.it,,,,,,,,,,,,,no-domain
info@madrebadessa.it,,,,,,,,,,,,,no-domain
albergo@madrebadessa.it,,,,,,,,,,,,,no-domain
luisa@villanottola.com,,,,,,,,,,,,,no-domain
info@agardeninlucca.com,,,,,,,,,,,,,no-domain
booking@elbainternational.it,,,,,,,,,,,,,no-domain
amministrazione@elbainternational.it,,,,,,,,,,,,,no-domain
prenotazioni@elbainternational.it,,,,,,,,,,,,,no-domain
info@hotelgabbianoazzurrodue.it,,,,,,,,,,,,,no-domain
info@poderegrania.it,,,,,,,,,,,,,no-domain
info@villalapalazzina.com,,,,,,,,,,,,,no-domain
info@chianti-holidays.it,,,,,,,,,,,,,no-domain
info@villaportuso.it,,,,,,,,,,,,,no-domain
info@villa-medicea.it,,,,,,,,,,,,,no-domain
valentina@kuxo.it,,,,,,,,,,,,,no-domain
maddalena@kuxo.it,,,,,,,,,,,,,no-domain
info@borgolavillaalta.com,,,,,,,,,,,,,no-domain
info@camberini.com,,,,,,,,,,,,,no-domain
info@baldovinodimonte.com,,,,,,,,,,,,,no-domain
info@torredeglielci.it,,,,,,,,,,,,,no-domain
info@lafavilletta.it,,,,,,,,,,,,,no-domain
info@agriturismolavigna.it,,,,,,,,,,,,,no-domain
info@meuble-evoe.it,,,,,,,,,,,,,no-domain
podereosteria@cretidisiena.com,,,,,,,,,,,,,no-domain
rasina@casedicortona.it,,,,,,,,,,,,,no-domain
cadargella@casedicortona.it,,,,,,,,,,,,,no-domain
hotelatlantico@cretedisiana.com,,,,,,,,,,,,,no-domain
info@mail.fattoriadimagliano.it,,,,,,,,,,,,,no-domain
info@cortedeloca.it,,,,,,,,,,,,,no-domain
info@bbsognidoro.com,,,,,,,,,,,,,no-domain
info@theagricultourist.com,,,,,,,,,,,,,no-domain
info@borgheretto.com,,,,,,,,,,,,,no-domain
informazioni@poderelamaccia.it,,,,,,,,,,,,,no-domain
info@agriturismotorrenieri.it,,,,,,,,,,,,,no-domain
info@villamontaperto.it,,,,,,,,,,,,,no-domain
info@casa-ilvento.it,,,,,,,,,,,,,no-domain
info@leforeste.it,,,,,,,,,,,,,no-domain
info@agriturismocalzalunga.com,,,,,,,,,,,,,no-domain
info@agriturismo-diavolino.com,,,,,,,,,,,,,no-domain
aia2@valdelsapromotion.it,,,,,,,,,,,,,no-domain
info@portalbagnano.com,,,,,,,,,,,,,no-domain
info@castellodicapraia.it,,,,,,,,,,,,,no-domain
info@toscanacasevacanza.com,,,,,,,,,,,,,no-domain
info@hotel-sanmarco.com,,,,,,,,,,,,,no-domain
podere.castellare@daitarn7.register.it,,,,,,,,,,,,,no-domain
info@laforesteriadelacademia.it,,,,,,,,,,,,,no-domain
info@agriturismosangiorgiotoscana.it,,,,,,,,,,,,,no-domain
info@corteniccolai.com,,,,,,,,,,,,,no-domain
info@jacopobanti.it,,,,,,,,,,,,,no-domain
info@agriturismolefraine.it,,,,,,,,,,,,,no-domain
info@catelloromitorio.com,,,,,,,,,,,,,no-domain
holidays@tizzonaia.com,,,,,,,,,,,,,no-domain
mailing@tizzonaia.com,,,,,,,,,,,,,no-domain
info@ilbagnese.com,,,,,,,,,,,,,no-domain
info@teatrocarosello.it,,,,,,,,,,,,,no-domain
info@acasadianelia.com,,,,,,,,,,,,,no-domain
info@agrimontalto.it,,,,,,,,,,,,,no-domain
info@casavacanzelariveduta.com,,,,,,,,,,,,,no-domain
info@villalamontagnola.com,,,,,,,,,,,,,no-domain
bonguerrieri@jumpy.it,,,,,,,,,,,,,no-domain
casavignoli@casavignoli.com,,,,,,,,,,,,,no-domain
info@bb-sanfrancesco.com,,,,,,,,,,,,,no-domain
info@cornianovacanze.it,,,,,,,,,,,,,no-domain
contact@ilfornione.it,,,,,,,,,,,,,no-domain
lisa@lacortedeibutteri.com,,,,,,,,,,,,,no-domain
info@agriturismotorrecapita.com,,,,,,,,,,,,,no-domain
atavanti@dt.deloitte.it,,,,,,,,,,,,,no-domain
info@podereilriccio.it,,,,,,,,,,,,,no-domain
silvio@balsamo.tv,,,,,,,,,,,,,no-domain
info@leisolemugello.com,,,,,,,,,,,,,no-domain
info@agrilago.it,,,,,,,,,,,,,no-domain
info@agriturismolacampagnola.com,,,,,,,,,,,,,no-domain
info@agriturismoiltendaio.com,,,,,,,,,,,,,no-domain
info@agriturismolavilladelpoggio.com,,,,,,,,,,,,,no-domain
info@poderelecapannelle.com,,,,,,,,,,,,,no-domain
info@poderesanbiagio.com,,,,,,,,,,,,,no-domain
vferrante@menadini.it,,,,,,,,,,,,,no-domain
info@ichiari.it,,,,,,,,,,,,,no-domain
portone@sirt.pisa.it,,,,,,,,,,,,,no-domain
info@lacasellina.it,,,,,,,,,,,,,no-domain
info@casaledicapita.com,,,,,,,,,,,,,no-domain
info@poggioamorelli.it,,,,,,,,,,,,,no-domain
info@lallabedandbreakfast.it,,,,,,,,,,,,,no-domain
info@villafaule.it,,,,,,,,,,,,,no-domain
info@tenutaalbereta.it,,,,,,,,,,,,,no-domain
info@casanovinavacanze.it,,,,,,,,,,,,,no-domain
info@ilmoccolino.it,,,,,,,,,,,,,no-domain
roberta@immilborgo.it,,,,,,,,,,,,,no-domain
info@villaborbone.it,,,,,,,,,,,,,no-domain
info@farmcamporotondo.com,,,,,,,,,,,,,no-domain
info@illazzeretto.it,,,,,,,,,,,,,no-domain
info@agriturismosanmaurizio.it,,,,,,,,,,,,,no-domain
info@ilvecchioforno.biz,,,,,,,,,,,,,no-domain
info@muricce.it,,,,,,,,,,,,,no-domain
ilmattone@fredomland.it,,,,,,,,,,,,,no-domain
info@sangiustino.tuscany.it,,,,,,,,,,,,,no-domain
info@villaghiaia.it,,,,,,,,,,,,,no-domain
welcome@poderepalazzolo.it,,,,,,,,,,,,,no-domain
info@poderecorniuzza.com,,,,,,,,,,,,,no-domain
info@villamasini.com,,,,,,,,,,,,,no-domain
info@borgovallesanta.it,,,,,,,,,,,,,no-domain
info@monteborgo.com,,,,,,,,,,,,,no-domain
info@bedandbreakfastilcolle.com,,,,,,,,,,,,,no-domain
info@casavecchiacelle.it,,,,,,,,,,,,,no-domain
info@ilrappodoro.it,,,,,,,,,,,,,no-domain
andrea@ilrappodoro.it,,,,,,,,,,,,,no-domain
lolmo@valdelsapromotion.it,,,,,,,,,,,,,no-domain
info@mediterranea-tuscany.com,,,,,,,,,,,,,no-domain
info@casagavignano.com,,,,,,,,,,,,,no-domain
c6284@sirnetway.it,,,,,,,,,,,,,no-domain
info@iquadrifogli.it,,,,,,,,,,,,,no-domain
david@castellaredenoveschi.com,,,,,,,,,,,,,no-domain
cardosi@castellaredenoveschi.com,,,,,,,,,,,,,no-domain
info@ilfienilevacanze.com,,,,,,,,,,,,,no-domain
info@ilboschettoweb.com,,,,,,,,,,,,,no-domain
info@borgoariano.it,,,,,,,,,,,,,no-domain
elma@villalefornaci.it,,,,,,,,,,,,,no-domain
info@percenna.com,,,,,,,,,,,,,no-domain
info@casavacanzelecostiere.it,,,,,,,,,,,,,no-domain
info@vecchiomulinofarmhouse.com,,,,,,,,,,,,,no-domain
info@crete-senesi.it,,,,,,,,,,,,,no-domain
c.leonina.direzione@medeahotels.com,,,,,,,,,,,,,no-domain
info-castellodileonina@medeahotels.com,,,,,,,,,,,,,no-domain
info@santamariadellapace.it,,,,,,,,,,,,,no-domain
info@etnoclassic.it,,,,,,,,,,,,,no-domain
info@loggiaefienile.it,,,,,,,,,,,,,no-domain
info@poderemarciano.it,,,,,,,,,,,,,no-domain
info@bonzalone.com,,,,,,,,,,,,,no-domain
casasulborgo@villalapalazzina.com,,,,,,,,,,,,,no-domain
postmaster@ilprunello.net,,,,,,,,,,,,,no-domain
info@klassiktour.com,,,,,,,,,,,,,no-domain
info@borgosanmichele.net,,,,,,,,,,,,,no-domain
info@frantoiodicannoreto.it,,,,,,,,,,,,,no-domain
info@lasolaia.it,,,,,,,,,,,,,no-domain
booking@lasolaia.it,,,,,,,,,,,,,no-domain
info@fattoriailfarneto.com,,,,,,,,,,,,,no-domain
info@castellofelice.it,,,,,,,,,,,,,no-domain
info@idealpienza.it,,,,,,,,,,,,,no-domain
info@laloggiahotel.it,,,,,,,,,,,,,no-domain
info@fattoriadipozzolo.com,,,,,,,,,,,,,no-domain
info@casanardi.it,,,,,,,,,,,,,no-domain
informazioni@podere-giogliano.it,,,,,,,,,,,,,no-domain
reception@hotelterminusplaza.it,,,,,,,,,,,,,no-domain
info@palazzodeltesta.com,,,,,,,,,,,,,no-domain
urtins@tele2.it,,,,,,,,,,,,,no-domain
maria@sanfilippo-chianti.it,,,,,,,,,,,,,no-domain
hb@hotel-belvedere.191.it,,,,,,,,,,,,,no-domain
info@casalastrucci.com,,,,,,,,,,,,,no-domain
info@casaenima.it,,,,,,,,,,,,,no-domain
info@miniresidencevillafiorita.it,,,,,,,,,,,,,no-domain
info@villacorazzesi.it,,,,,,,,,,,,,no-domain
info@casalacolombaia.it,,,,,,,,,,,,,no-domain
gianna@casalacolombaia.it,,,,,,,,,,,,,no-domain
info@donchisciottelucca.it,,,,,,,,,,,,,no-domain
info@residenzeniccolai.it,,,,,,,,,,,,,no-domain
info@lecameredibacco.com,,,,,,,,,,,,,no-domain
info@ultimoeremo.com,,,,,,,,,,,,,no-domain
leagavi@poggioalsorbo.it,,,,,,,,,,,,,no-domain
info@melazzano.it,,,,,,,,,,,,,no-domain
info@castlecornelli.com,,,,,,,,,,,,,no-domain
info@aziendaagricolaconio.it,,,,,,,,,,,,,no-domain
info@fattorialaserra.it,,,,,,,,,,,,,no-domain
anna.tomei@famigliatomei.it,,,,,,,,,,,,,no-domain
silvia@mangiacane.it,,,,,,,,,,,,,no-domain
tanja@mangiacane.it,,,,,,,,,,,,,no-domain
info@mangiacane.it,,,,,,,,,,,,,no-domain
staff@bellavistaappartamenti.com,,,,,,,,,,,,,no-domain
info@agriturismo-casavecchia.com,,,,,,,,,,,,,no-domain
infosalicotto@vs1078.areaserver.it,,,,,,,,,,,,,no-domain
sergio@sergiobagni.it,,,,,,,,,,,,,no-domain
info@fotosergio.net,,,,,,,,,,,,,no-domain
alessandra@xxlcomunication.com,,,,,,,,,,,,,no-domain
ilchicchero@tele2.it,,,,,,,,,,,,,no-domain
ilchichero@tele2.it,,,,,,,,,,,,,no-domain
info@fontevetriana.it,,,,,,,,,,,,,no-domain
info@borgodeilunardi.it,,,,,,,,,,,,,no-domain
info@podereriparossa.it,,,,,,,,,,,,,no-domain
info@ilmolinodelponte.it,,,,,,,,,,,,,no-domain
ilmolino@hotelresidenceilmolino.it,,,,,,,,,,,,,no-domain
a.santini@pentar-investments.com,,,,,,,,,,,,,no-domain
info@affittacamerestella.it,,,,,,,,,,,,,no-domain
info@affittacamerestella.com,,,,,,,,,,,,,no-domain
info@immobiliareilgiglio.it,,,,,,,,,,,,,no-domain
info@agrariapomponi.it,,,,,,,,,,,,,no-domain
contracts@villaaurea.it,,,,,,,,,,,,,no-domain
info@silerchie.com,,,,,,,,,,,,,no-domain
info@ponteallospino.com,,,,,,,,,,,,,no-domain
info@panoramatuscany.it,,,,,,,,,,,,,no-domain
gabriella@montagnano.it,,,,,,,,,,,,,no-domain
andrea.soldani@leones-palaia.it,,,,,,,,,,,,,no-domain
info@leones-palaia.it,,,,,,,,,,,,,no-domain
amministrazione@leones-palaia.it,,,,,,,,,,,,,no-domain
marketing@borgodifiletta.com,,,,,,,,,,,,,no-domain
info@agriturismolacanonica.it,,,,,,,,,,,,,no-domain
info@casaleruffignano.com,,,,,,,,,,,,,no-domain
info@poggioallodole.com,,,,,,,,,,,,,no-domain
info@residencelapiaggia.it,,,,,,,,,,,,,no-domain
info@borgocontessa.it,,,,,,,,,,,,,no-domain
info@agriturismobellavistatoscana.com,,,,,,,,,,,,,no-domain
info@fkstonetower.it,,,,,,,,,,,,,no-domain
info@tuscanymylove.com,,,,,,,,,,,,,no-domain
info@lacortetrusca.com,,,,,,,,,,,,,no-domain
info@castellaccia.it,,,,,,,,,,,,,no-domain
info@ilgirasolebedandbreakfast.com,,,,,,,,,,,,,no-domain
info@villamurray.it,,,,,,,,,,,,,no-domain
info@agriturismoillucherino.it,,,,,,,,,,,,,no-domain
info@ilvecchioleccio.com,,,,,,,,,,,,,no-domain
info@agriturismosantagostino.it,,,,,,,,,,,,,no-domain
info@arianna.siena.it,,,,,,,,,,,,,no-domain
caterina@arianna.siena.it,,,,,,,,,,,,,no-domain
booking@arianna.siena.it,,,,,,,,,,,,,no-domain
info@il-caggio.com,,,,,,,,,,,,,no-domain
toscana@il-caggio.com,,,,,,,,,,,,,no-domain
info@prugnanello.it,,,,,,,,,,,,,no-domain
info@collewanda.it,,,,,,,,,,,,,no-domain
info@tuscanyweek.it,,,,,,,,,,,,,no-domain
info@borgolozzi.com,,,,,,,,,,,,,no-domain
noi@borgodeisensi.com,,,,,,,,,,,,,no-domain
info@ilgattomatto.net,,,,,,,,,,,,,no-domain
info@mulinabate.com,,,,,,,,,,,,,no-domain
info@residencelavenecca.it,,,,,,,,,,,,,no-domain
info@ilcolletto.com,,,,,,,,,,,,,no-domain
info@sognaia.it,,,,,,,,,,,,,no-domain
info@bedandbreakfastlespugne.it,,,,,,,,,,,,,no-domain
info@poggiolo.info,,,,,,,,,,,,,no-domain
francescap@rossosoave.com,,,,,,,,,,,,,no-domain
info@rossosoave.com,,,,,,,,,,,,,no-domain
info@residenceanticavilla.it,,,,,,,,,,,,,no-domain
info@vacationstuscany.net,,,,,,,,,,,,,no-domain
info@lalocandadifonteallavena.it,,,,,,,,,,,,,no-domain
info@poderevillaoliveto.com,,,,,,,,,,,,,no-domain
info@borgomatero.it,,,,,,,,,,,,,no-domain
info@pietradeldiavolo.com,,,,,,,,,,,,,no-domain
info@fontedelcastagno.com,,,,,,,,,,,,,no-domain
info@ambassador-lucca.it,,,,,,,,,,,,,no-domain
info@agriturismogreppabovi.com,,,,,,,,,,,,,no-domain
info@abbeveratoio.it,,,,,,,,,,,,,no-domain
info@casaletoscano.org,,,,,,,,,,,,,no-domain
b.ilenia@tele2.it,,,,,,,,,,,,,no-domain
info@casavacanzecertina.it,,,,,,,,,,,,,no-domain
info@fontemontalbano.com,,,,,,,,,,,,,no-domain
info@siena-accommodations.it,,,,,,,,,,,,,no-domain
agenzie@residenza-ancillotti.it,,,,,,,,,,,,,no-domain
info@ilrifugiomontalcino.it,,,,,,,,,,,,,no-domain
bb@bbvillaperagnola.com,,,,,,,,,,,,,no-domain
info@lecosteagriturismo.com,,,,,,,,,,,,,no-domain
info@rocciadicerbaia.com,,,,,,,,,,,,,no-domain
reservations@the-place.it,,,,,,,,,,,,,no-domain
info@lamandolata.it,,,,,,,,,,,,,no-domain
info@nonnastella.net,,,,,,,,,,,,,no-domain
info@villapetrea.coml,,,,,,,,,,,,,no-domain
nazionale@hotel.191.it,,,,,,,,,,,,,no-domain
info@hvc.ve.it,,,,,,,,,,,,,no-domain
coppola@hvc.ve.it,,,,,,,,,,,,,no-domain
maschietto@hvc.ve.it,,,,,,,,,,,,,no-domain
front01@hvc.ve.it,,,,,,,,,,,,,no-domain
malvezzi@hvc.ve.it,,,,,,,,,,,,,no-domain
e.faralli@hotelcristoforocolombo.com,,,,,,,,,,,,,no-domain
michele@hotelcristoforocolombo.com,,,,,,,,,,,,,no-domain
humbra@mail.caribusiness.it,,,,,,,,,,,,,no-domain
mariateresa@vesuvioexpress.com,,,,,,,,,,,,,no-domain
info@continentalsorrento.it,,,,,,,,,,,,,no-domain
info@hotel-alpha.it,,,,,,,,,,,,,no-domain
andtra@alpha.local,,,,,,,,,,,,,no-domain
luigi@lejeunetravel.com,,,,,,,,,,,,,no-domain
hermitage@fabahtl.it,,,,,,,,,,,,,no-domain
regina@fabahtl.it,,,,,,,,,,,,,no-domain
hotel@lavillarosa.it,,,,,,,,,,,,,no-domain
info@casacaprile.com,,,,,,,,,,,,,no-domain
info@manziterme.it,,,,,,,,,,,,,no-domain
info@hotelstleonard.it,,,,,,,,,,,,,no-domain
idealhotel@infoidealhotel.com,,,,,,,,,,,,,no-domain
luna@ns.argosid.it,,,,,,,,,,,,,no-domain
centralp@sorrento.argosid.it,,,,,,,,,,,,,no-domain
ilcasolare@sibilla.net,,,,,,,,,,,,,no-domain
info@albergolequercie.it,,,,,,,,,,,,,no-domain
info@lapergola-hotel.com,,,,,,,,,,,,,no-domain
info@pensione-pellegrino.it,,,,,,,,,,,,,no-domain
info@hotelvillaletizia.it,,,,,,,,,,,,,no-domain
info@sorrentoweddings.net,,,,,,,,,,,,,no-domain
aurora@genesi.shiny.it,,,,,,,,,,,,,no-domain
admin@hb-dianomarina.it,,,,,,,,,,,,,no-domain
info@londrahotelsanremo.com,,,,,,,,,,,,,no-domain
direzione@londrahotelsanremo.com,,,,,,,,,,,,,no-domain
info@hoteledenportofino.191.it,,,,,,,,,,,,,no-domain
info@hoteltigullioetdemilan.it,,,,,,,,,,,,,no-domain
hotelfasce@hotelfasce.it,,,,,,,,,,,,,no-domain
cverde@zeus.omninet.it,,,,,,,,,,,,,no-domain
hotelmoderno@newnetworks.it,,,,,,,,,,,,,no-domain
europa@rapallo.omninet.it,,,,,,,,,,,,,no-domain
hotelclelia@5terre.come,,,,,,,,,,,,,no-domain
info@manilahotel.it,,,,,,,,,,,,,no-domain
bookings@grandhotelduomo.com,,,,,,,,,,,,,no-domain
info@villasirina.com,,,,,,,,,,,,,no-domain
lamola@lamola-it.com,,,,,,,,,,,,,no-domain
marina@hotelmarinacinqueterre.it,,,,,,,,,,,,,no-domain
hotelsanluca@mail.caribusiness.it,,,,,,,,,,,,,no-domain
reception@ilcastellodigiomici.it,,,,,,,,,,,,,no-domain
gattapone@mail.caribusinness.it,,,,,,,,,,,,,no-domain
info@locandarosati.orvieto.tr.it,,,,,,,,,,,,,no-domain
info@argentinaportofino.com,,,,,,,,,,,,,no-domain
castellodipetroia@castellodipetroia.com,,,,,,,,,,,,,no-domain
agririvoli@krenet.it,,,,,,,,,,,,,no-domain
info@villaducci.net,,,,,,,,,,,,,no-domain
info@locandadellaroccabuitoni.it,,,,,,,,,,,,,no-domain
gitasrl@krenet.it,,,,,,,,,,,,,no-domain
info@villadony.com,,,,,,,,,,,,,no-domain
sfranc@krenet.it,,,,,,,,,,,,,no-domain
fontegaia@hotelfontegaia.it,,,,,,,,,,,,,no-domain
info@villamontesolare.it,,,,,,,,,,,,,no-domain
info@poggioparadiso.it,,,,,,,,,,,,,no-domain
info@letorridiporsenna.it,,,,,,,,,,,,,no-domain
info@lemoreeigelsomini.com,,,,,,,,,,,,,no-domain
direzione@hotel-approdo.com,,,,,,,,,,,,,no-domain
info@agrimarosa.com,,,,,,,,,,,,,no-domain
info@agghielli.it,,,,,,,,,,,,,no-domain
lefelcete@lefelcete.it,,,,,,,,,,,,,no-domain
caumbra@caumbra.com,,,,,,,,,,,,,no-domain
info@tassinaie.com,,,,,,,,,,,,,no-domain
info@uvaelestelle.com,,,,,,,,,,,,,no-domain
info@caicocci.it,,,,,,,,,,,,,no-domain
info@residence-caprice.com,,,,,,,,,,,,,no-domain
information@furoreinn.it,,,,,,,,,,,,,no-domain
reservation@furoreinn.it,,,,,,,,,,,,,no-domain
info@lapaterna.it,,,,,,,,,,,,,no-domain
info@villaaccini.it,,,,,,,,,,,,,no-domain
desk@hotelvillafieschi.it,,,,,,,,,,,,,no-domain
hotelcorgna@trasinet.com,,,,,,,,,,,,,no-domain
reservation@leondoro.boscolo.com,,,,,,,,,,,,,no-domain
info@residenceveronahouse.com,,,,,,,,,,,,,no-domain
frattavecchia@interlagos.it,,,,,,,,,,,,,no-domain
info@villabogoni.it,,,,,,,,,,,,,no-domain
info@hotel-torretta.it,,,,,,,,,,,,,no-domain
info@residenceariosto.it,,,,,,,,,,,,,no-domain
info@villaducalehotel.com,,,,,,,,,,,,,no-domain
info@grand.hotelastoria.it,,,,,,,,,,,,,no-domain
sogno@gsnet.it,,,,,,,,,,,,,no-domain
info@mistralresidence.com,,,,,,,,,,,,,no-domain
vifa0001@vifasrl.191.it,,,,,,,,,,,,,no-domain
info@palazzodellascala.it,,,,,,,,,,,,,no-domain
info@doganaristorante.it,,,,,,,,,,,,,no-domain
info@aquariusresidence.it,,,,,,,,,,,,,no-domain
info@hotelexcelsiorleterrazze.com,,,,,,,,,,,,,no-domain
info@hotel-executive.net,,,,,,,,,,,,,no-domain
informazioni@maridiana.it,,,,,,,,,,,,,no-domain
info@villa-giulia.it,,,,,,,,,,,,,no-domain
info@hotelginestrre.it,,,,,,,,,,,,,no-domain
info@castello-smaria.com,,,,,,,,,,,,,no-domain
info@enotecaonofri.it,,,,,,,,,,,,,no-domain
reservation@milanolocanda.it,,,,,,,,,,,,,no-domain
info@milanolocanda.it,,,,,,,,,,,,,no-domain
booking@capitolmillennium.com,,,,,,,,,,,,,no-domain
info@dalcorsohotellerie.com,,,,,,,,,,,,,no-domain
sales@sheratonbologna.it,,,,,,,,,,,,,no-domain
info@feliceto.it,,,,,,,,,,,,,no-domain
info@aiporticidibologna.it,,,,,,,,,,,,,no-domain
iportici@impreseinlinea.it,,,,,,,,,,,,,no-domain
reservation@tower.boscolo.com,,,,,,,,,,,,,no-domain
amministrazione@tower.boscolo.com,,,,,,,,,,,,,no-domain
sales@viewsofitaly.com,,,,,,,,,,,,,no-domain
info@hotellareginella.it,,,,,,,,,,,,,no-domain
info@lacappellalucca.it,,,,,,,,,,,,,no-domain
book@regency-milano.com,,,,,,,,,,,,,no-domain
manager@regency-milano.com,,,,,,,,,,,,,no-domain
info@miltonmilano.com,,,,,,,,,,,,,no-domain
agriturismo@valcampotto.it,,,,,,,,,,,,,no-domain
info@querceverdi.com,,,,,,,,,,,,,no-domain
info@nellavecchiafattoria.com,,,,,,,,,,,,,no-domain
info@accoglientebologna.it,,,,,,,,,,,,,no-domain
perciata@prciata.it,,,,,,,,,,,,,no-domain
info@gippyhouse.com,,,,,,,,,,,,,no-domain
info@agriturismo-cigliano.com,,,,,,,,,,,,,no-domain
info@piandellaselva.it,,,,,,,,,,,,,no-domain
info@palazzetto.com,,,,,,,,,,,,,no-domain
.ginostrabb@ginostrabb.com,,,,,,,,,,,,,no-domain
info@amarcordbologna.it,,,,,,,,,,,,,no-domain
lessablesnoirs@stelledelsudhotels.com,,,,,,,,,,,,,no-domain
penny@circolosibilla.com,,,,,,,,,,,,,no-domain
roberto@crismagest.com,,,,,,,,,,,,,no-domain
max@crismagest.com,,,,,,,,,,,,,no-domain
info@rosadeiventihotel.it,,,,,,,,,,,,,no-domain
info@parkhotelalcione.it,,,,,,,,,,,,,no-domain
info@poderecaserelle.it,,,,,,,,,,,,,no-domain
info@ilpensierostupendo.it,,,,,,,,,,,,,no-domain
info@agriturismoparlesca.com,,,,,,,,,,,,,no-domain
info@umbriacountry.it,,,,,,,,,,,,,no-domain
info@orvietodaponente.it,,,,,,,,,,,,,no-domain
info@ghisleria.it,,,,,,,,,,,,,no-domain
info@tenutavolpignano.it,,,,,,,,,,,,,no-domain
info@villamustafa.com,,,,,,,,,,,,,no-domain
info@suiteliberty.it,,,,,,,,,,,,,no-domain
sabrina@suiteliberty.it,,,,,,,,,,,,,no-domain
info@trullilerose.com,,,,,,,,,,,,,no-domain
info@ilbalconesulgolfo.it,,,,,,,,,,,,,no-domain
info@ilcamelicchio.it,,,,,,,,,,,,,no-domain
info@olivi.info,,,,,,,,,,,,,no-domain
info@hotelmoretto.com,,,,,,,,,,,,,no-domain
info@dallacompagnia.com,,,,,,,,,,,,,no-domain
sabrina.ceprini@laroccaorvieto.com,,,,,,,,,,,,,no-domain
info@alletorricelle.it,,,,,,,,,,,,,no-domain
info@dimorasanteligio.it,,,,,,,,,,,,,no-domain
info@hoteldelcorso.biz,,,,,,,,,,,,,no-domain
info@ilborgonellequerce.it,,,,,,,,,,,,,no-domain
info@hotelantichemura.net,,,,,,,,,,,,,no-domain
info@residenceforesta.com,,,,,,,,,,,,,no-domain
giacomo@camoglihotel.com,,,,,,,,,,,,,no-domain
info@hotelrock.de,,,,,,,,,,,,,no-domain
info@bedandbreakfast-casadeiciliegi.it,,,,,,,,,,,,,no-domain
prenotazione@bedandbreakfast-casadeiciliegi.it,,,,,,,,,,,,,no-domain
indicazioni@bedandbreackfast-casadeiciliegi.it,,,,,,,,,,,,,no-domain
info@aiporticialba.it,,,,,,,,,,,,,no-domain
info@laparuzza.it,,,,,,,,,,,,,no-domain
info@hotel7bello.com,,,,,,,,,,,,,no-domain
camilla@milano-bedandbreakfast.it,,,,,,,,,,,,,no-domain
info@bandbportofino.com,,,,,,,,,,,,,no-domain
info@continental-positano.it,,,,,,,,,,,,,no-domain
e.pezzoni@hotelristoranteleonardodavinci.191.it,,,,,,,,,,,,,no-domain
ftagliasacchi@albergobellevue.it,,,,,,,,,,,,,no-domain
booking@albergobellevue.it,,,,,,,,,,,,,no-domain
info@santannaguesthouse.com,,,,,,,,,,,,,no-domain
info@relaisposillipo.com,,,,,,,,,,,,,no-domain
info@sanmarcohotelnapoli.it,,,,,,,,,,,,,no-domain
info@ilmirtobianco.it,,,,,,,,,,,,,no-domain
francis@mec314.cominfo,,,,,,,,,,,,,no-domain
info@acayagolfhotel.it,,,,,,,,,,,,,no-domain
hotel@villaranieri.it,,,,,,,,,,,,,no-domain
info@villahibiscus.it,,,,,,,,,,,,,no-domain
commerciale@hotel-executive.com,,,,,,,,,,,,,no-domain
direzione@grandhotelfieramilano.com,,,,,,,,,,,,,no-domain
reservations@neweuropehotel.it,,,,,,,,,,,,,no-domain
r.arciprete@neweuropehotel.it,,,,,,,,,,,,,no-domain
info@neweuropehotel.it,,,,,,,,,,,,,no-domain
prenotazioni@grandhotelpuccini.it,,,,,,,,,,,,,no-domain
accounting@grandhotelpuccini.it,,,,,,,,,,,,,no-domain
reservation@holidayinn-milano.it,,,,,,,,,,,,,no-domain
info@clubhotelmilano.com,,,,,,,,,,,,,no-domain
info@hoteledolo.com,,,,,,,,,,,,,no-domain
info@stelleseiano.com,,,,,,,,,,,,,no-domain
info@bbnavigli.it,,,,,,,,,,,,,no-domain
booking@bbnavigli.it,,,,,,,,,,,,,no-domain
info@buonsoggiorno.it,,,,,,,,,,,,,no-domain
gattona@tele2.it,,,,,,,,,,,,,no-domain
info@villabrocchi.it,,,,,,,,,,,,,no-domain
villacap@hotelcapodimonte.191.it,,,,,,,,,,,,,no-domain
info@hotelpiccolavela.it,,,,,,,,,,,,,no-domain
info@hotesirmionederby.com,,,,,,,,,,,,,no-domain
toledo@hclink.it,,,,,,,,,,,,,no-domain
enzo@emmevilabs.it,,,,,,,,,,,,,no-domain
prenotazioni@thebigresidence.com,,,,,,,,,,,,,no-domain
info@casachiarodiluna.it,,,,,,,,,,,,,no-domain
info@gymnasiumhotel.it,,,,,,,,,,,,,no-domain
booking@grandhotelsantangelo.it,,,,,,,,,,,,,no-domain
info@penisolainn.com,,,,,,,,,,,,,no-domain
info@hotel20settembre.it,,,,,,,,,,,,,no-domain
info@villaleclementine.it,,,,,,,,,,,,,no-domain
info@hotel-olimpo.it,,,,,,,,,,,,,no-domain
info@villacarlasorrento.com,,,,,,,,,,,,,no-domain
info@domusnovaverona.it,,,,,,,,,,,,,no-domain
info@hotelcarina.net,,,,,,,,,,,,,no-domain
reservation@portofinohsg.it,,,,,,,,,,,,,no-domain
info@sicilianbreak.com,,,,,,,,,,,,,no-domain
info@apartments-cefalu.com,,,,,,,,,,,,,no-domain
info@cistour.it,,,,,,,,,,,,,no-domain
direzione@messapia.net,,,,,,,,,,,,,no-domain
info@iduecastagni.com,,,,,,,,,,,,,no-domain
info@sea-fr.it,,,,,,,,,,,,,no-domain
info@villaagreste.it,,,,,,,,,,,,,no-domain
direzione@hoteltritonegiardininaxos.it,,,,,,,,,,,,,no-domain
reservation@hotelarathena.com,,,,,,,,,,,,,no-domain
info@andromaco.it,,,,,,,,,,,,,no-domain
info@macchiadipele.it,,,,,,,,,,,,,no-domain
info@laperlaionica.com,,,,,,,,,,,,,no-domain
calimera@calinnitta.com,,,,,,,,,,,,,no-domain
info@lanuitsorrento.it,,,,,,,,,,,,,no-domain
prenotazione@stanzulelle.it,,,,,,,,,,,,,no-domain
info@casamaresca.com,,,,,,,,,,,,,no-domain
info@villapersico.com,,,,,,,,,,,,,no-domain
info@ilcrottobellagio.com,,,,,,,,,,,,,no-domain
info@acqua-rossa.com,,,,,,,,,,,,,no-domain
info@lamaisondetitty.it,,,,,,,,,,,,,no-domain
info@deinormanni.com,,,,,,,,,,,,,no-domain
info@vignaledipirro.com,,,,,,,,,,,,,no-domain
info@licampi.com,,,,,,,,,,,,,no-domain
info@lacapannadeiborgia.com,,,,,,,,,,,,,no-domain
info@ilmonachicchio.it,,,,,,,,,,,,,no-domain
biagio@grandhoteldaragona.it,,,,,,,,,,,,,no-domain
info@lestanzedelmonsignore.it,,,,,,,,,,,,,no-domain
marco@glamourapartments.it,,,,,,,,,,,,,no-domain
marinaviapiano@suitehomes-milan.com,,,,,,,,,,,,,no-domain
marcoviapiano@suitehomes-milan.com,,,,,,,,,,,,,no-domain
info@britanniahotel.191.it,,,,,,,,,,,,,no-domain
info@tassohouse.com,,,,,,,,,,,,,no-domain
info@bbodyssea.com,,,,,,,,,,,,,no-domain
info@zaccherahotels.it,,,,,,,,,,,,,no-domain
info@lawrencetaormina.com,,,,,,,,,,,,,no-domain
info@hotelmacmahon.it,,,,,,,,,,,,,no-domain
reception@astorverbania.it,,,,,,,,,,,,,no-domain
info@villacarlotta-belgirate.com,,,,,,,,,,,,,no-domain
info@hotelsplendidtao.com,,,,,,,,,,,,,no-domain
sorgente@la-sorgente.net,,,,,,,,,,,,,no-domain
bb@laluna-nelpozzo.net,,,,,,,,,,,,,no-domain
info@villaschiticchiu.it,,,,,,,,,,,,,no-domain
info@baypalacehotel.it,,,,,,,,,,,,,no-domain
info@terrazzaalcala.it,,,,,,,,,,,,,no-domain
villagesi@villagesi.it,,,,,,,,,,,,,no-domain
info@ilmelogranohotel.it,,,,,,,,,,,,,no-domain
info@parkhotelsm.it,,,,,,,,,,,,,no-domain
info@hoteledentorrecanne.it,,,,,,,,,,,,,no-domain
info@casapacio.it,,,,,,,,,,,,,no-domain
info@masseriaserradellisola.it,,,,,,,,,,,,,no-domain
ritaguastamacchia@masseriaserradellisola.it,,,,,,,,,,,,,no-domain
info@masseriauliveto.it,,,,,,,,,,,,,no-domain
dariarta@residencedaria.com,,,,,,,,,,,,,no-domain
info@parcolafenice.it,,,,,,,,,,,,,no-domain
info@hotelarenal.it,,,,,,,,,,,,,no-domain
san.desiderio@tele2.it,,,,,,,,,,,,,no-domain
info@hoteldoriachiavari.it,,,,,,,,,,,,,no-domain
info@hotelazagli.it,,,,,,,,,,,,,no-domain
info@holidayinaples.it,,,,,,,,,,,,,no-domain
reservations@holidayinaples.it,,,,,,,,,,,,,no-domain
info@pensionedellerose.it,,,,,,,,,,,,,no-domain
massimo@sicilianbreak.com,,,,,,,,,,,,,no-domain
info@dimoraceleste.it,,,,,,,,,,,,,no-domain
info@hotelnapoliborgoantico.com,,,,,,,,,,,,,no-domain
info@saurushotel.it,,,,,,,,,,,,,no-domain
info@residence3m.it,,,,,,,,,,,,,no-domain
info@bbvillasurya.com,,,,,,,,,,,,,no-domain
info@artsuitebbnapoli.it,,,,,,,,,,,,,no-domain
info@palazzodellamarra.com,,,,,,,,,,,,,no-domain
info@casadicampagnabb.com,,,,,,,,,,,,,no-domain
info@residenzamaresca.com,,,,,,,,,,,,,no-domain
info@albergobristol.it,,,,,,,,,,,,,no-domain
sabrinacamillini@grandaconvegni.com,,,,,,,,,,,,,no-domain
info@ladogliola.it,,,,,,,,,,,,,no-domain
info@portasole.com,,,,,,,,,,,,,no-domain
info@ramadagenova.com,,,,,,,,,,,,,no-domain
prenotazioni@hotelcaporossello.it,,,,,,,,,,,,,no-domain
info@hotelcaporossello.it,,,,,,,,,,,,,no-domain
info@holidaysficodindia.it,,,,,,,,,,,,,no-domain
info@hotelprincipe.mo.it,,,,,,,,,,,,,no-domain
info@hotelderosa.it,,,,,,,,,,,,,no-domain
e.casadei@myhotelsresorts.com,,,,,,,,,,,,,no-domain
info@flora-hotel.it,,,,,,,,,,,,,no-domain
info@hotelclubalexander.com,,,,,,,,,,,,,no-domain
booking@valfin.it,,,,,,,,,,,,,no-domain
giacomo@valfin.it,,,,,,,,,,,,,no-domain
info@alpiresidence.com,,,,,,,,,,,,,no-domain
info@relaisfrancesca.com,,,,,,,,,,,,,no-domain
info@residencelavetreria.com,,,,,,,,,,,,,no-domain
booking@residencelavetreria.com,,,,,,,,,,,,,no-domain
info@agrigento-sicily.it,,,,,,,,,,,,,no-domain
info@castellanivittorio.com,,,,,,,,,,,,,no-domain
info@hoteldiablo.it,,,,,,,,,,,,,no-domain
reservation@torredicesare.net,,,,,,,,,,,,,no-domain
eurolido@myhotelsresorts.com,,,,,,,,,,,,,no-domain
info@ramadaticinumhotel.it,,,,,,,,,,,,,no-domain
info@hotelvillalindacomo.it,,,,,,,,,,,,,no-domain
info@franciacortagolfhotel.it,,,,,,,,,,,,,no-domain
info@giardinolago.com,,,,,,,,,,,,,no-domain
info@milanohotelamerica.com,,,,,,,,,,,,,no-domain
info@hotelbuenosaires-milano.com,,,,,,,,,,,,,no-domain
hcs@hotecittastudi.it,,,,,,,,,,,,,no-domain
hotelduca@hotelduca.com,,,,,,,,,,,,,no-domain
info@hotel-medusa.it,,,,,,,,,,,,,no-domain
hotelnuovometro@esaplanet.it,,,,,,,,,,,,,no-domain
info@hotelromamilan.com,,,,,,,,,,,,,no-domain
info@hotel-alexander-giardini-naxos.it,,,,,,,,,,,,,no-domain
info@bbvicobusco.it,,,,,,,,,,,,,no-domain
info@pensioneadele.it,,,,,,,,,,,,,no-domain
info@cableway.it,,,,,,,,,,,,,no-domain
info@tenutamandredelre.it,,,,,,,,,,,,,no-domain
info@termetommasini.it,,,,,,,,,,,,,no-domain
masseria@familiarizzo.it,,,,,,,,,,,,,no-domain
info@ilgabbianobianco.com,,,,,,,,,,,,,no-domain
info@baiaditrentova.it,,,,,,,,,,,,,no-domain
info@villacannizzo.it,,,,,,,,,,,,,no-domain
info@pensionedda.com,,,,,,,,,,,,,no-domain
info@decurtisbb.it,,,,,,,,,,,,,no-domain
direzione@decurtisbb.it,,,,,,,,,,,,,no-domain
info@villaemmahotel.it,,,,,,,,,,,,,no-domain
info@resindencehotel.it,,,,,,,,,,,,,no-domain
info@antahotel.it,,,,,,,,,,,,,no-domain
ginetta.leo@aglaquila.com,,,,,,,,,,,,,no-domain
info@agriturismoparadiso.net,,,,,,,,,,,,,no-domain
info@hotelquadrifogliio.net,,,,,,,,,,,,,no-domain
info@karel-bedandbreakfast.it,,,,,,,,,,,,,no-domain
info@pontedichiaia.com,,,,,,,,,,,,,no-domain
info@thatsamorebedandbreakfast.it,,,,,,,,,,,,,no-domain
info@maioriantica.it,,,,,,,,,,,,,no-domain
info@hotelgraziaeplaza.it,,,,,,,,,,,,,no-domain
prenotazioni@relaisreginateodolinda.it,,,,,,,,,,,,,no-domain
online@relaisreginateodolinda.it,,,,,,,,,,,,,no-domain
info@relaisreginateodolinda.it,,,,,,,,,,,,,no-domain
dir@hotel-faloria.it,,,,,,,,,,,,,no-domain
sales@hotel-faloria.it,,,,,,,,,,,,,no-domain
info@hotelvillaeos.it,,,,,,,,,,,,,no-domain
info@masseriacasanostra.it,,,,,,,,,,,,,no-domain
info@lapostapragelato.it,,,,,,,,,,,,,no-domain
info@hotelresidencedirimini.com,,,,,,,,,,,,,no-domain
sales@schiratohotels.it,,,,,,,,,,,,,no-domain
amministrazione@schiratohotels.it,,,,,,,,,,,,,no-domain
info@hoteleuropavasto.it,,,,,,,,,,,,,no-domain
info@ilcerchioelabotte.it,,,,,,,,,,,,,no-domain
sales@mercuretorinocrystalpalace.it,,,,,,,,,,,,,no-domain
gmdirezione@castellochiolahotel.com,,,,,,,,,,,,,no-domain
info@hotelmajesticmolise.com,,,,,,,,,,,,,no-domain
info@agriturismoceres.it,,,,,,,,,,,,,no-domain
booking@gestivillage.it,,,,,,,,,,,,,no-domain
l.celotto@gestivillage.it,,,,,,,,,,,,,no-domain
info@traifrutti.it,,,,,,,,,,,,,no-domain
info@hotelnegro.it,,,,,,,,,,,,,no-domain
infoaltabia@poela.net,,,,,,,,,,,,,no-domain
info@bbcanaledagordo.it,,,,,,,,,,,,,no-domain
bebpianadinebbiu@tele2.it,,,,,,,,,,,,,no-domain
biancoeblu2@bbdolomiti.net,,,,,,,,,,,,,no-domain
ilpoderesr@whei.it,,,,,,,,,,,,,no-domain
info@lacartolinaresidence.it,,,,,,,,,,,,,no-domain
info@hotel-peschiera.com,,,,,,,,,,,,,no-domain
info@relaisdiana.com,,,,,,,,,,,,,no-domain
info@anticanauna.it,,,,,,,,,,,,,no-domain
info@agriturismodellaguardia.com,,,,,,,,,,,,,no-domain
info@sanpaolo-to.net,,,,,,,,,,,,,no-domain
info@progettoentropia.it,,,,,,,,,,,,,no-domain
info@ischiavillaelena.it,,,,,,,,,,,,,no-domain
info@villacivita.com,,,,,,,,,,,,,no-domain
info@bebnapolicampagnari.com,,,,,,,,,,,,,no-domain
info@hotelchiatamone.it,,,,,,,,,,,,,no-domain
info@lupalaudeantoni.com,,,,,,,,,,,,,no-domain
info@mansardacarolina.it,,,,,,,,,,,,,no-domain
info@bellaviabb.com,,,,,,,,,,,,,no-domain
info@palazzogiaraca.it,,,,,,,,,,,,,no-domain
info@bbginestra.it,,,,,,,,,,,,,no-domain
amministrazione@palacecittadella.it,,,,,,,,,,,,,no-domain
franco@albergoristorantelaspiga.it,,,,,,,,,,,,,no-domain
info@umbriaholidays.net,,,,,,,,,,,,,no-domain
info@hotelsantamariavignola.it,,,,,,,,,,,,,no-domain
info@lamhospitality.it,,,,,,,,,,,,,no-domain
info@hotelclubbridge.it,,,,,,,,,,,,,no-domain
cinzia@geohotels.it,,,,,,,,,,,,,no-domain
info@poggio-del-sole.it,,,,,,,,,,,,,no-domain
zanetti1954@tele2.it,,,,,,,,,,,,,no-domain
info@lapinetadierice.com,,,,,,,,,,,,,no-domain
info@bbcadicarobina.it,,,,,,,,,,,,,no-domain
info@dimoradellesirene.it,,,,,,,,,,,,,no-domain
fcosentino@albergoemmaus.it,,,,,,,,,,,,,no-domain
info@seandskyvacations.com,,,,,,,,,,,,,no-domain
info@le-coccinelle.it,,,,,,,,,,,,,no-domain
info@villadolcetti.com,,,,,,,,,,,,,no-domain
info@lepalmediconturrana.it,,,,,,,,,,,,,no-domain
info@leplejadi.it,,,,,,,,,,,,,no-domain
info@abbadiadipiazza.com,,,,,,,,,,,,,no-domain
info@garibaldirelais.ithotel,,,,,,,,,,,,,no-domain
reception@aidomori.com,,,,,,,,,,,,,no-domain
info@hotelgallini.it,,,,,,,,,,,,,no-domain
info@hotelsanmoise.it,,,,,,,,,,,,,no-domain
info@hotelgorizia.191.it,,,,,,,,,,,,,no-domain
admin@hotelgorizia.191.it,,,,,,,,,,,,,no-domain
info@hotelallacampana.com,,,,,,,,,,,,,no-domain
centauro1@hotelcentauro.191.it,,,,,,,,,,,,,no-domain
info@hoteleonardo.com,,,,,,,,,,,,,no-domain
info@venice-accommodations.com,,,,,,,,,,,,,no-domain
hotelvillaedera@libero.ithotelvillaedera,,,,,,,,,,,,,no-domain
reception@hotel-mercurio.it,,,,,,,,,,,,,no-domain
commerciale@bellini.boscolo.com,,,,,,,,,,,,,no-domain
gestione@bellini.boscolo.com,,,,,,,,,,,,,no-domain
info@hoteldolomiti-ve.it,,,,,,,,,,,,,no-domain
info@carltongrancanal.com,,,,,,,,,,,,,no-domain
info@htleden.com,,,,,,,,,,,,,no-domain
info@hotel-stellaalpina.com,,,,,,,,,,,,,no-domain
reception@deidogi.boscolo.com,,,,,,,,,,,,,no-domain
gestione@deidogi.boscolo.com,,,,,,,,,,,,,no-domain
congress@deidogi.boscolo.com,,,,,,,,,,,,,no-domain
reservation@deidogi.boscolo.com,,,,,,,,,,,,,no-domain
info@locandadelleacque.com,,,,,,,,,,,,,no-domain
info@campaniel.com,,,,,,,,,,,,,no-domain
info@locandanovo.it,,,,,,,,,,,,,no-domain
info@hotelrivanare.com,,,,,,,,,,,,,no-domain
info@villa-de-arte.de,,,,,,,,,,,,,no-domain
info@alpalazzolionmorosini.com,,,,,,,,,,,,,no-domain
info@apartments-venice.it,,,,,,,,,,,,,no-domain
info@casaarte.info,,,,,,,,,,,,,no-domain
info@locandaarte.it,,,,,,,,,,,,,no-domain
info@dimora-veneziana.com,,,,,,,,,,,,,no-domain
info@hotelsalieri.com,,,,,,,,,,,,,no-domain
gestioni26@gestionialberghierevenezia.191.it,,,,,,,,,,,,,no-domain
info@hotelcasasanmarco.it,,,,,,,,,,,,,no-domain
info@locandaherion.com,,,,,,,,,,,,,no-domain
arcoanti@arcoantico.191.it,,,,,,,,,,,,,no-domain
info@camoroni.it,,,,,,,,,,,,,no-domain
info@bbcadeidogi.it,,,,,,,,,,,,,no-domain
scarpagi2@immobiliarecadelconsole.191.it,,,,,,,,,,,,,no-domain
info@locandacorrer.com,,,,,,,,,,,,,no-domain
info@residenzacannaregio.it,,,,,,,,,,,,,no-domain
info@aparthotelcannaregio.it,,,,,,,,,,,,,no-domain
front@residenzacannaregio.it,,,,,,,,,,,,,no-domain
info@palazzolaresidenza.com,,,,,,,,,,,,,no-domain
catchall@palazzolaresidenza.com,,,,,,,,,,,,,no-domain
info@venice-bedandbreakfast.com,,,,,,,,,,,,,no-domain
info@locandaformosa.com,,,,,,,,,,,,,no-domain
info@flatsinvenice.it,,,,,,,,,,,,,no-domain
palazzoducaleve@hortiflaviani.it,,,,,,,,,,,,,no-domain
caangeli@venicehotelonline.com,,,,,,,,,,,,,no-domain
info@casarezzonico.it,,,,,,,,,,,,,no-domain
info@accomodationvenice.it,,,,,,,,,,,,,no-domain
info@aimendicoli.it,,,,,,,,,,,,,no-domain
info@algallion.com,,,,,,,,,,,,,no-domain
info@bbsnowwhite.com,,,,,,,,,,,,,no-domain
cordellina@venice-accommodation.it,,,,,,,,,,,,,no-domain
info@bbdezorzi.com,,,,,,,,,,,,,no-domain
lamadonetta@venetianrooms.com,,,,,,,,,,,,,no-domain
bandbsandra@venetianrooms.com,,,,,,,,,,,,,no-domain
info@casagerottocalderan.com,,,,,,,,,,,,,no-domain
info@casagottardi.it,,,,,,,,,,,,,no-domain
info@palazzodalcarlo.com,,,,,,,,,,,,,no-domain
info@casa-petit.com,,,,,,,,,,,,,no-domain
info@cortecontarini.it,,,,,,,,,,,,,no-domain
info@ilpallinodiarianna.com,,,,,,,,,,,,,no-domain
info@roomserena.com,,,,,,,,,,,,,no-domain
info@venetianholidays.it,,,,,,,,,,,,,no-domain
colleli@appartamentivenezia.net,,,,,,,,,,,,,no-domain
info@locandadelmelograno.it,,,,,,,,,,,,,no-domain
bbalteatro@bedandbreakfastalteatro.it,,,,,,,,,,,,,no-domain
info@venezia-lido.net,,,,,,,,,,,,,no-domain
oasis@venezia-lido.net,,,,,,,,,,,,,no-domain
barbinicristina@abitarerialto.it,,,,,,,,,,,,,no-domain
info@caopera.it,,,,,,,,,,,,,no-domain
florida@venicehotelsitaly.com,,,,,,,,,,,,,no-domain
info@casadellacorte.it,,,,,,,,,,,,,no-domain
info@alloggialmercante.com,,,,,,,,,,,,,no-domain
info@cadevezia.com,,,,,,,,,,,,,no-domain
cadeimori@appartamentivenezia.net,,,,,,,,,,,,,no-domain
info@cafurlan.com,,,,,,,,,,,,,no-domain
info@tiepoletto.com,,,,,,,,,,,,,no-domain
info@residenzaallezattere.com,,,,,,,,,,,,,no-domain
info@almavivahouse.com,,,,,,,,,,,,,no-domain
almaviva@palazzopompeo.com,,,,,,,,,,,,,no-domain
info@villalulli.com,,,,,,,,,,,,,no-domain
bookings@castello5280.it,,,,,,,,,,,,,no-domain
info@altiepolo.it,,,,,,,,,,,,,no-domain
info@inveniceapartments.com,,,,,,,,,,,,,no-domain
locand2c@locandamartini.191.it,,,,,,,,,,,,,no-domain
info@residenzeveneziane.com,,,,,,,,,,,,,no-domain
info@alloggihenry.com,,,,,,,,,,,,,no-domain
info@carubino.it,,,,,,,,,,,,,no-domain
info@carubino.com,,,,,,,,,,,,,no-domain
mail@archirent.it,,,,,,,,,,,,,no-domain
info@residenzacadario.it,,,,,,,,,,,,,no-domain
info@locandamatir.it,,,,,,,,,,,,,no-domain
info@residenzadeluxe.com,,,,,,,,,,,,,no-domain
info@atributetomusic.com,,,,,,,,,,,,,no-domain
info@casanovaaitolentini.com,,,,,,,,,,,,,no-domain
info@hotelholidayvenice.it,,,,,,,,,,,,,no-domain
info@almavivaresidence.com,,,,,,,,,,,,,no-domain
info@relaisgrandcanal.com,,,,,,,,,,,,,no-domain
info@villelido.it,,,,,,,,,,,,,no-domain
info@aitreponti.com,,,,,,,,,,,,,no-domain
flavio.colantuoni@palazzinagrassi.it,,,,,,,,,,,,,no-domain
info@residenzagiardini.com,,,,,,,,,,,,,no-domain
info@aiveterani.com,,,,,,,,,,,,,no-domain
centrale@3starshotel.com,,,,,,,,,,,,,no-domain
info@hotelguidi.net,,,,,,,,,,,,,no-domain
info@villapodgora.it,,,,,,,,,,,,,no-domain
alloggi@villacadoro.it,,,,,,,,,,,,,no-domain
info@sunnyvenice.com,,,,,,,,,,,,,no-domain
info@casatanzi.it,,,,,,,,,,,,,no-domain
info@5295allacasasulcanale.it,,,,,,,,,,,,,no-domain
info@residenzalgiardino.com,,,,,,,,,,,,,no-domain
info@venicetostay.com,,,,,,,,,,,,,no-domain
info@aicarmini.it,,,,,,,,,,,,,no-domain
info@hotelsansebastianogarden.com,,,,,,,,,,,,,no-domain
crystal@sunnyvenice.com,,,,,,,,,,,,,no-domain
info@apartmentsmichelangelo.com,,,,,,,,,,,,,no-domain
info@tavernasanlio.com,,,,,,,,,,,,,no-domain
info@artblue.it,,,,,,,,,,,,,no-domain
fabio.barison@tin.itvilla,,,,,,,,,,,,,no-domain
