info@villagoetzen.it,,,,,
info@villasoranzo.it,,,,,
vsoranzo@tin.it,,,,,
hotel@nazionale.it,,,,,
nazionale@hotel.191.it,,,,,
info@hotelvillacondulmer.com,,,,,
info@hvc.ve.it,,,,,
coppola@hvc.ve.it,,,,,
maschietto@hvc.ve.it,,,,,
front01@hvc.ve.it,,,,,
malvezzi@hvc.ve.it,,,,,
info@villabraida.it,,,,,
hvillam@tin.it,,,,,
info@villa-margherita.com,,,,,
info@villaodino.it,,,,,
villa_odino@iol.it,,,,,
info@milanosuites.it,,,,,
info@mediterraneosorrento.com,,,,,
info@mediterraneohotel.it,,,,,
francesca@mediterraneohotel.it,,,,,
reservation@mediterraneohotel.it,,,,,
marketing@mediterraneohotel.it,,,,,
reservation@mediterraneosorrento.com,,,,,
info@hotelcristoforocolombo.com,,,,,"€ 4.000.000,00"
e.faralli@hotelcristoforocolombo.com,,,,"€ 200.000,00",
michele@hotelcristoforocolombo.com,,,,,
info@magioca.it,,,,,"€ 4.500.000,00"
villaclementina@tiscali.it,,,,"€ 225.000,00",
info@kursaalhotel.net,,,,224000,"€ 1.120.000,00"
humbra@mail.caribusiness.it,,,,,
poderebello@libero.it,,,,,
info@podernovo.com,,,,,
info@sorrentohotelmignon.com,,,,,
palazzostarace@tiscalinet.it,,,,,
info@palazzostarace.com,,,,,
reception@grandhotelparkers.it,,,,,
msarno@grandhotelparkers.it,,,,,
info@grandhotelparkers.it,,,,,
paradiso.na@bestwestern.it,,,,,
reservation@santalucia.it,,,,,
hotelrex@hotel-rex.it,,,,,
reception@hotel-rex.it,,,,,
ambasciatori@manniellohotels.it,,,,,
ambasciatori@manniellohotels.com,,,,,
amministrazione@manniellohotels.it,,,,,
info@hotelcarltonsorrento.com,,,,,
barbara@belmare-travel.com,,,,,
info@belmare-travel.com,,,,,
vesuvio@acampora.it,,,,,
mario@acampora.it,,,,,
tiziana@acampora.it,,,,,
info@hoteldania.com,,,,,
info@hotelrivage.com,,,,,
info@hotelgirasole.com,,,,,
booking@concapark.com,,,,,
emanuelecinque@concapark.com,,,,,
info@concapark.com,,,,,
desk@lasolara.com,,,,,
info@lasolara.com,,,,,
hotel.cavour@tiscali.net,,,,,
info@hotel-cavour.com,,,,,
info@gigliohotels.it,,,,,
daniela@gigliohotels.com,,,,,
teresa@gigliohotels.com,,,,,
mariateresa@vesuvioexpress.com,,,,,
info@alimuri.com,,,,,
booking@alimuri.com,,,,,
info@hotelcaravel.com,,,,,
bristol@acampora.it,,,,,
hoteleden@hotelmanagement.biz,,,,,
info@hoteltramontano.it,,,,,
info@grandhotelflora.com,,,,,
prenotazioni@grandhotelflora.com,,,,,
info@villadisorrento.it,,,,,
info@hotelilfaro.com,,,,,
info@ilnido.it,,,,,
h.florida@capri.it,,,,,
info@hotellapazziella.com,,,,,
bbtirreniaroberts@iol.it,,,,,
villahelios@capri.it,,,,,
villabrunella@capri.net,,,,,
info@lafloridiana-capri.com,,,,,
lafloridiana@capri.it,,,,,
lavega@caprinews.it,,,,,
info@reginacristina.it,,,,,
regina@caprinews.it,,,,,
cristina@caprinews.it,,,,,
syrene@capri.it,,,,,
loreley@caprinet.it,,,,,
smichele@capri.it,,,,,
info@caesar-augustus.com,,,,,
carmencita@capri.it,,,,,
zanini.palace@capri.it,,,,,
reservations@capri-palace.com,,,,,
info@capri-palace.com,,,,,
bougainville.srl@flashnet.it,,,,,
laminerva@capri.net,,,,,
info@quisi.com,,,,,
cassa@quisi.com,,,,,
prenotazioni@quisi.com,,,,,
informazioni@quisi.com,,,,,
certosella@infinito.it,,,,,
info@hotelpalatium.it,,,,,
casamorgano@capri.net,,,,,
info@hotelbelsito.com,,,,,
canasta@capri.it,,,,,
hlp@capri.it,,,,,
info@lapalma-capri.com,,,,,
info@villasarah.it,,,,,
reserve@villasarah.it,,,,,
luna@capri.it,,,,,
info@lunahotel.com,,,,,
info@hotellaresidenza.com,,,,,
info@hoteltragara.it,,,,,
info@gattobianco-capri.com,,,,,
h.gattobianco@capri.it,,,,,
h.gattobianco@libero.it,,,,,
sanfelice@capri.it,,,,,
info@belvedere-tre-re.com,,,,,
info@hotelmamela.com,,,,,
info@hotelweber.com,,,,,
hotelweber@capri.it,,,,,
h.capri@capri.it,,,,,
info@hotelforum.it,,,,,
amministrazione@hotelforum.it,,,,,
forum@uniserv.uniplan.it,,,,,
hotel-forum@libero.it,,,,,
hotelforum@starnet.it,,,,,
exvitt@exvitt.it,,,,,
info@hotelriviera.com,,,,,
riviera@syrene.it,,,,,
info@hoteltirrenia.com,,,,,
delaville@manniellohotels.it,,,,,
sales@manniellohotels.it,,,,,
hotelcity@libero.it,,,,,
info@sorrentocity.com,,,,,
info@majesticpalace.it,,,,,
giulia.rossano@tiscalinet.it,,,,,
majesticpalacehotel@virgilio.it,,,,,
info@hotelcorallosorrento.com,,,,,
micma75@libero.it,,,,,
ghroyal@manniellohotels.it,,,,,
central@colonnahotels.com,,,,,
info@colonnahotels.com,,,,,
cristina@colonnahotels.com,,,,,
colonnahotels@katamail.com,,,,,
info@michelangelohotel.it,,,,,
info@aminta.it,,,,,
reception@aminta.it,,,,,
reservation@europapalace.com,,,,,
marketing@europapalace.com,,,,,
info@europapalace.com,,,,,
minerva@acampora.it,,,,,
info@latonnarella.it,,,,,
info@latonnarella.com,,,,,
info@continentalsorrento.it,,,,,
info@hotelreginasorrento.it,,,,,
info@hotelgranparadiso.com,,,,,
hcocum@tin.it,,,,,
info@cocumella.com,,,,,
info@hotelparcoprincipi.com,,,,,
salesoffice@hotelparcoprincipi.com,,,,,
l.apuzzo@hotelparcoprincipi.com,,,,,
v.maresca@hotelparcoprincipi.com,,,,,
m.maselli@hotelparcoprincipi.com,,,,,
sales@sorrentopalace.it,,,,,
info@bellevue.it,,,,,
simona.guida@bellevue.it,,,,,
nello.pane@bellevue.it,,,,,
info@villagardenhotel.com,,,,,
paolavillagarden@libero.it,,,,,
villagarden@syrene.it,,,,,
president@acampora.it,,,,,
info@hotel-alpha.it,,,,,
hotalpha@libero.it,,,,,
rfirth9351@aol.com,,,,,
andtra@alpha.local,,,,,
hotelpanoramapalace@tin.it,,,,,
info@kleinwien.it,,,,,
nelloeltigre@kleinwien.it,,,,,
info@mediturhotels.it,,,,,
procida@tin.it,,,,,
hoteldelsole@uniplan.it,,,,,
sanmontano@ischiagrandialberghi.it,,,,,
floridiana@pointel.it,,,,,
hflo@metis.it,,,,,
aurora@dicohotels.it,,,,,
royal@dicohotels.it,,,,,
sgiovanni@dicohotels.it,,,,,
montib@metis.it,,,,,
contiterme@leohotels.it,,,,,
info@hotelmareblu.it,,,,,
luigi@lejeunetravel.com,,,,,
hermitage@fabahtl.it,,,,,
regina@fabahtl.it,,,,,
excelsior@leohotels.it,,,,,
info@hoteleuropa-rapallo.com,,,,,
reservation@hoteleuropa-rapallo.com,,,,,
hoteleuroparapallo@virgilio.it,,,,,
cartiro@libero.it,,,,,
info@reginaisabella.it,,,,,
info@hotelsolemar.it,,,,,
hotelpuntadelsole@ischiaweb.it,,,,,
info@albergoambasciatori.com,,,,,
hoteldonpedro@flashnet.it,,,,,
florenzo@pointel.it,,,,,
reservations@puntamolino.it,,,,,
info@giardinodelleninfe-lafenice.it,,,,,
info@giardinodelleninfe.it,,,,,
moresco@leohotels.it,,,,,
pointel@leohotels.it,,,,,
hotel@lavillarosa.it,,,,,
contimare@leohotels.it,,,,,
info@parcoverde.it,,,,,
bristol@pointel.it,,,,,
verde@ischiaweb.it,,,,,
aragona@ischiaweb.it,,,,,
hotelcorona@virgilio.it,,,,,
villa-dorina@mailyahoo.com,,,,,
newhap@tiscalinet.it,,,,,
???,,,,,
hmarina@pestum.it,,,,,
info@hotelariston.com,,,,,
sales@hotelariston.com,,,,,
hotel@bougainville.it,,,,,
info@bougainville.it,,,,,
montemare@starnet.it,,,,,
info@hotelmontemare.it,,,,,
info@palazzomurat.it,,,,,
hpm@starnet.it,,,,,
vito@ilsanpietro.it,,,,,
info@ilsanpietro.it,,,,,
royal@domina.it,,,,,
doroyal@tin.it,,,,,
pupetto@starnet.it,,,,,
info@casalbertina.it,,,,,
lorenzocinque@casalbertina.it,,,,,
booking@casalbertina.it,,,,,
info@htlancora.it,,,,,
info@sirenuse.it,,,,,
asersale@sirenuse.it,,,,,
savoia@starnet.it,,,,,
info@villarosapositano.it,,,,,
tritone@tritone.it,,,,,
giuseppetritone@tiscalinet.it,,,,,
info@tritone.it,,,,,
excelsior@excelsior-hotel.it,,,,,
info@hoteldeicavalieri.it,,,,,
info@saraceno.it,,,,,
hotelsaraceno@saraceno.it,,,,,
info@marmorata.it,,,,,
natascia@marmorata.it,,,,,
annarella@marmorata.it,,,,,
isabella@marmorata.it,,,,,
loredana@marmorata.it,,,,,
paola@marmorata.it,,,,,
info@casaraffaeleconforti.it,,,,,
cimini@amalfinet.it,,,,,
casaconforti@amalfinet.it,,,,,
villamaria@villamaria.it,,,,,
info@hotelbonadies.it,,,,,
info@hotelgraal.it,,,,,
info@villacimbrone.it,,,,,
info@hotelparsifal.com,,,,,
micheleferrigno@zintonio.com,,,,,
zintonio@amalficoast.it,,,,,
mvuilleumier@hotelpalumbo.it,,,,,
reception@hotelpalumbo.it,,,,,
info@palazzosasso.com,,,,,
antonio_ferrara@palazzosasso.com,,,,,
info@hotelsantacaterina.it,,,,,
info@miramalfi.it,,,,,
miramalfi@amalficoast.it,,,,,
gdp@hotelsantacaterina.it,,,,,
reception@labussolahotel.it,,,,,
info@lidomare.it,,,,,
cappuccini@amalfinet.it,,,,,
smichele@starnet.it,,,,,
hamalfi@starnet.it,,,,,
info@aurora-hotel.it,,,,,
hotelaurora@amalfinet.it,,,,,
info@albergoconcadoro.it,,,,,
info@hotelpasitea.it,,,,,
pasitea.sa@bestwestern.it,,,,,
agargiulo@hotelpasitea.it,,,,,
hotelpasitea@starnet.it,,,,,
barjona@excite.it,,,,,
miramare@starnet.it,,,,,
info@edenroc.it,,,,,
bacco@starnet.it,,,,,
info@bucadibacco.it,,,,,
info@marincanto.it,,,,,
info@hotelposeidonpositano.it,,,,,
poseidon@starnet.it,,,,,
info@covodeisaraceni.it,,,,,
agavi@agavi.it,,,,,
info@leagavi.it,,,,,
info@hoteldonpepe.it,,,,,
capodimonte@manniellohotels.it,,,,,
filipet@tiscalinet.it,,,,,
info@bellavistacapri.com,,,,,
direzione@bellavistacapri.com,,,,,
nautilus@capri.it,,,,,
semiramis@capri.it,,,,,
info@concaazzurra.it,,,,,
info@ilgirasole.com,,,,,
ilgirasole@capri.net,,,,,
info@hotelpuntadelsole.it,,,,,
latartana@starnet.it,,,,,
info@villalatartana.it,,,,,
info@villagabrisa.com,,,,,
postmaster@villagabrisa.com,,,,,
sarteano@libero.it,,,,,
pierobat@tiscalinet.it,,,,,
prenotazioni@hotelserius.it,,,,,
info@vesuvio.it,,,,,
info@hotelcarlomagno.it,,,,,
info@casacaprile.com,,,,,
casacaprile@innapleshotels.com,,,,,
sanmich@metis.it,,,,,
michelan@metis.it,,,,,
casateresa@hotmail.it,,,,,
casateresa@sirene.it,,,,,
bus.hermes@libero.it,,,,,
info@hotelondaverde.com,,,,,
reservations@ondaverde.it,,,,,
ondaverde@starnet.it,,,,,
info@mezzatorre.it,,,,,
info@hotelparcosmeraldo.com,,,,,
ilnespolo@metis.it,,,,,
info@hotelsangiorgio.com,,,,,
info@hotelantares.it,,,,,
larosa@ischiaonline.it,,,,,
hsangelo@metis.it,,,,,
hsangelo@ischiaonline.it,,,,,
st.raphael@flashnet.it,,,,,
info@dimhotels.it,,,,,
info@hotelcristalloischia.it,,,,,
htlhelma@pointel.it,,,,,
info@manziterme.it,,,,,
midime@tiscalinet.it,,,,,
info@hotelstleonard.it,,,,,
info@hoteltermegalidon.it,,,,,
zicarmela@zicarmela.com,,,,,
idealhotel@infoidealhotel.com,,,,,
info@ilgattopardo.com,,,,,
laginestra@ischiaweb.it,,,,,
hotel.lecanne@libero.it,,,,,
info@hotellordbyron.it,,,,,
trador@libero.it,,,,,
info@hotelvillasorriso.it,,,,,
info@villateresa.it,,,,,
luna@ns.argosid.it,,,,,
centralp@sorrento.argosid.it,,,,,
info@perlahotel.it,,,,,
info@alfonsoamare.it,,,,,
alfonsoamare@meginet.it,,,,,
info@villabellavista.it,,,,,
bellavista@syrene.it,,,,,
villaprato@hotmail.com,,,,,
casamia@connect.it,,,,,
info@casalevillarena.com,,,,,
info@casalevillarena.it,,,,,
judithamato@villamaria.it,,,,,
giordano@giordanohotel.it,,,,,
villa.patrizia@tiscalinet.it,,,,,
info@hotelcertosa.com,,,,,
certosa@syrene.it,,,,,
hotellacertosa@tiscalinet.it,,,,,
alfonso.caputo@libero.it,,,,,
info@goccedicapri.it,,,,,
info@hotelsantagata.com,,,,,
magrigin@tin.it,,,,,
eugemele@tin.it,,,,,
posimare@tiscali.it,,,,,
posimare@tiscalinet.it,,,,,
info@hotelvillaromana.it,,,,,
info@baccofurore.it,,,,,
info@hotelleterrazze.it,,,,,
info@tramontodoro.it,,,,,
tramontodoro@starnet.it,,,,,
tramontodoro@logis.it,,,,,
larosa@ischiaonline.it,,,,,
info@residencelepleiadi.it,,,,,
bellavista@metis.it,,,,,
hmargherita@metis.it,,,,,
antonia.bandb@tiscalinet.it,,,,,
info@villafrancahotel.it,,,,,
vignadelmare@starnet.it,,,,,
bb.sivori@tin.it,,,,,
marcopolo.sa@iol.it,,,,,
letore@iol.it,,,,,
castanito@terranostra.campania.it,,,,,
griturismogalatea@agriturismogalatea.com,,,,,
lacasadelghiro@terranostra.campania.it,,,,,
ghiro1@uniserv.uniplan.it,,,,,
alefigini@libero.it,,,,,
rspa@katamail.com,,,,,
ilcasolare@sibilla.net,,,,,
m.vicinanza@iol.it,,,,,
signorin@connect.it,,,,,
iscairia@alentum.it,,,,,
scarano.ag@xcom.it,,,,,
iltorchio@tin.it,,,,,
puntachiarito@pointel.it,,,,,
maurizio.terrazze@tiscalinet.it,,,,,
info@albergolequercie.it,,,,,
claudia@rosenet.it,,,,,
darsena@cilento.it,,,,,
info@lapergola-hotel.com,,,,,
direzione@villaggiolimpia.com,,,,,
info@hoteldelfino.com,,,,,
info@acampora.it,,,,,
seliano@agriturismoseliano.it,,,,,
info@hotelgrilloverde.it,,,,,
info@hotelfelix.it,,,,,
infovittorio@pointel.it,,,,,
president@pointel.it,,,,,
villapalomba@capri.it,,,,,
villa.eva@capri.it,,,,,
villaevacapri@hotmail.com,,,,,
info@relaismaresca.it,,,,,
amalfihotelcentrale@msn.com,,,,,
vittoria@starnet.it,,,,,
info@holidayamalficoast.it,,,,,
info@hotelilpino.it,,,,,
info@romantica.net,,,,,
booking@romantica.net,,,,,
info@lalocandadelfiordo.it,,,,,
info@hotel-sanfrancesco.it,,,,,
info@hsfmaiori.it,,,,,
info@nastroazzurroresort.com,,,,,
nellooli@tin.it,,,,,
positano@positano.org,,,,,
reservation@lamedusahotel.com,,,,,
info@lamedusahotel.com,,,,,
giulianoirollo@lamedusahotel.com,,,,,
reception@lamedusahotel.com,,,,,
info@villadepertis.it,,,,,
garden@starnet.it,,,,,
info@hotelcetus.com,,,,,
villasoglia@abitarelastoria.it,,,,,
info@nubedargento.com,,,,,
info@agriturismosantalfonso.it,,,,,
info@hotelamleto.it,,,,,
info@pensione-pellegrino.it,,,,,
info@francischiello.it,,,,,
info@lefioriere.it,,,,,
info@hotelsmeraldo.it,,,,,
info@hotelopengate.it,,,,,
info@hotelvillaletizia.it,,,,,
info@villaflaviogioia.it,,,,,
info@belair.it,,,,,
info@lavuedor.com,,,,,
belvedere@belvederehotel.it,,,,,
info@casacosenza.it,,,,,
info@hoteldelcorso.com,,,,,
info@lunahotel.it,,,,,
anticarepubblica@starnet.it,,,,,
giulioya@syrene.it,,,,,
info@palazzomarziale.com,,,,,
info@sorrentoweddings.net,,,,,
miletto@na.infn.it,,,,,
aurora@genesi.shiny.it,,,,,
villacadiz@hotmail.com,,,,,
info@hotelagnellodoro.it,,,,,
info@villapagoda.it,,,,,
info@hotelbristolpalace.com,,,,,
fieschi@split.it,,,,,
mediterrane@ethotels.com,,,,,
info@hoteleuropaeconcordia.it,,,,,
hoteleur@tin.it,,,,,
info@belsithotel.it,,,,,
info@hoteladleralassio.it,,,,,
info@dianagh.it,,,,,
info@hotelaida.it,,,,,
admin@hb-dianomarina.it,,,,,
info@hotelsassoresidence.it,,,,,
miramare@grandhotelmiramare.it,,,,,
grandhotel@dianamajestic.com,,,,,
hotelmetropol@tin.it,,,,,
torrisup@rosenet.it,,,,,
info@lariserva.it,,,,,
info@lariserva.com,,,,,
info@hotelparigi.com,,,,,
villaelisa@masterweb.it,,,,,
info@villaelisa.com,,,,,
luxor@luxorhotels.it,,,,,
hotel.lucciola@masterweb.it,,,,,
hoteljeanpierre@libero.it,,,,,
hotelvillasperanza@libero.it,,,,,
terrebianche@terrebianche.com,,,,,
hotel@evelineportosole.com,,,,,
info@hotelnike.com,,,,,
parcohotel@rivieradeifiori.com,,,,,
residenceprincipe@libero.it,,,,,
info@lollihotel.it,,,,,
festival@touringpoint.com,,,,,
info@royalhotelsanremo.com,,,,,
napoleon@sanremo.it,,,,,
info@astoriasanremo.it,,,,,
reservations@nyalahotel.com,,,,,
ivarnero@nyalahotel.com,,,,,
info@belsoggiorno.net,,,,,
info@londrahotelsanremo.com,,,,,
direzione@londrahotelsanremo.com,,,,,
desanglais@sistel.it,,,,,
info@hotelcanali.com,,,,,
lepalme@hotmail.com,,,,,
reservations@splendido.net,,,,,
agorbena@splendido.net,,,,,
info@hoteledenportofino.191.it,,,,,
info@nazionaleportofino.com,,,,,
piccolo@domina.it,,,,,
dopiccol@tin.it,,,,,
info@parkhotelsuisse.it,,,,,
hminerva@tiscalinet.it,,,,,
info@hminerva.it,,,,,
fiorinasmi@libero.it,,,,,
info@hoteltigullioetdemilan.it,,,,,
roberto.gnocchi@tin.it,,,,,
gnocchi@mcsystem.it,,,,,
hotel.metropole@metropole.it,,,,,
hotelfasce@hotelfasce.it,,,,,
cverde@zeus.omninet.it,,,,,
info@hotelconteverde.it,,,,,
info@hotelimperiale.com,,,,,
info@imperiale.com,,,,,
continental@hotel-continental.it,,,,,
info@reginaelena.it,,,,,
h.regina@tigullio.it,,,,,
h.regina.elena@reginaelena.it,,,,,
info@lidopalacehotel.it,,,,,
lidopalace@mclink.it,,,,,
desk@hoteljolanda.it,,,,,
info@hotelhelios.com,,,,,
info@laurinhotel.it,,,,,
s.zerbi@laurinhotel.it,,,,,
info@sml-mediterraneo.it,,,,,
info@lavela.it,,,,,
info@nuovohotelgarden.com,,,,,
hotelstagnaro@hotmail.com,,,,,
albergoadmiral@libero.it,,,,,
info@hotel-ferrari.com,,,,,
info@hotelsudest.it,,,,,
info@hotel-torino.net,,,,,
info@hotelmonterosa.it,,,,,
direttore@hotelmonterosa.it,,,,,
nicosol@libero.it,,,,,
hotelmoderno@newnetworks.it,,,,,
albergodellorto@libero.it,,,,,
Salvatore.Borda@tin.it,,,,,
info@santamaria-hotel.com,,,,,
hotelaurelia.lavagna@tiscali.it,,,,,
info@doriahotel.com,,,,,
albergovalentino@tiscali.it,,,,,
realpark@mclink.it,,,,,
info@hotelvillaluisa.it,,,,,
attilioschiaffino@libero.it,,,,,
info@hotelbristol-italia.com,,,,,
info@miramare-hotel.it,,,,,
info@villarosahotel.it,,,,,
hotel4venti@libero.it,,,,,
info@duemari.com,,,,,
helvetia@hotelhelvetia.it,,,,,
helvetia@rainbownet.it,,,,,
miriamhotel@interfree.it,,,,,
info@italiaelido.com,,,,,
worldby@gmail.com,,,,,
info@hotelmondialrapallo.it,,,,,
info@hotelmiro.net,,,,,
hotel.rosabianca@tin.it,,,,,
htlrosab@ifree.it,,,,,
info@hotelrivierarapallo.com,,,,,
info@vmaxmedia.com,,,,,
europa@rapallo.omninet.it,,,,,
manuelina@manuelina.it,,,,,
elenahotel@inwind.it,,,,,
reception@cenobio.it,,,,,
la_spezia@jollyhotels.it,,,,,
info@hotelghironi.it,,,,,
reservation@hotelghironi.it,,,,,
direzione@hotelghironi.it,,,,,
direzione@hotelnella.com,,,,,
royal@royalsporting.com,,,,,
hbaia@baiahotel.com,,,,,
info@paradisohotel.net,,,,,
massola@iol.it,,,,,
renza@hotelstellamaris.it,,,,,
info@dorahotel.com,,,,,
info@carlahotel.com,,,,,
hotel@clelia.it,,,,,
info@clelia.it,,,,,
hote@clelia.it,,,,,
hotelclelia@5terre.come,,,,,
info@baiahotel.it,,,,,
info@hotelpalme.it,,,,,
info@belvedereportovenere.it,,,,,
info@hotellegrazie.com,,,,,
locandamiranda@libero.it,,,,,
albenido@tin.it,,,,,
crishote@tin.it,,,,,
info@hotelshelley.it,,,,,
info@europahotel.it,,,,,
hotelvenereazzurra@tiscali.it,,,,,
vichotel@tiscali.it,,,,,
info@hotelvenereazzurra.com,,,,,
hotelvenereazzurra@hotelvenereazzurra.com,,,,,
info@doriaparkhotel.it,,,,,
valetheking@yahoo.it,,,,,
florida@hotelflorida.it,,,,,
hotelflorida@logis.it,,,,,
info@byronhotel.com,,,,,
hbyron@cdh.it,,,,,
tirrenoh@tin.it,,,,,
hotel-ligure@iol.it,,,,,
mail@rivierahotel.it,,,,,
hlp@varazze.net,,,,,
hlepalme.verazze@modit.it,,,,,
info@coccodrillo.it,,,,,
info@hotelzurigo.it,,,,,
licembra@tin.it,,,,,
hotel.buccitti@varazze.net,,,,,
info@manilahotel.it,,,,,
hotel@leroi.it,,,,,
eden.hotel@interbusiness.it,,,,,
info@cristallohotel.it,,,,,
info@bristolvarazze.com,,,,,
info@hotelvillagloria.it,,,,,
sf@hotel-sanfrancisco.it,,,,,
westin.palacemilan@westin.com,,,,,
palacemilan@westin.com,,,,,
ilario.cellon@starwoodhotels.com,,,,,
res049palacemilan.res049palacemilan@starwoodhotels.com,,,,,
reservations@hotelprincipedisavoia.com,,,,,
sara.mella@hotelprincipedisavoia.com,,,,,
nicola.sinisi@hotelprincipedisavoia.com,,,,,
direzione@hotelpierremilano.it,,,,,
bookings@grandhotelduomo.com,,,,,
info@grandhotelduomo.com,,,,,
info@hotelgritti.com,,,,,
hotelcontinental@yahoo.it,,,,,
info@hotelvillacortine.com,,,,,
hs@termedisirmione.com,,,,,
info@albergoterminus.it,,,,,
cz@albergoterminus.it,,,,,
info2@hotelbarchetta.it,,,,,
marco.montagnani@hotelbarchetta.it,,,,,
loredana.bosetti@hotelbarchetta.it,,,,,
chiara.mascetti@palacehotel.it,,,,,
info@palacehotel.it,,,,,
reservations@villadeste.it,,,,,
m.verga@villadeste.it,,,,,
food.beverage@villadeste.it,,,,,
reception@villadeste.it,,,,,
group.dept@villadeste.it,,,,,
sales@villadeste.it,,,,,
group@villadeste.it,,,,,
serena@villadeste.it,,,,,
vera.mazzoni@villadeste.it,,,,,
info@hotelilperlo.com,,,,,
dulac@tin.it,,,,,
borromees@borromees.it,,,,,
info@grandhotelvictoria.it,,,,,
hotel-baiadoro@gardalake.it,,,,,
info@albergoalsole.com,,,,,
villacipriani@sheraton.com,,,,,
antonietta.bonelli@starwoodhotels.com,,,,,
res032.villacipriani@starwoodhotels.com,,,,,
info@villapalma.it,,,,,
info@villaluppis.it,,,,,
admin@hotelvictoria.it,,,,,
gabbiadoro@easyasp.it,,,,,
info@colombahotel.com,,,,,
info@hotel-gardesana.com,,,,,
commercianti@inbo.it,,,,,
hotcom@tin.it,,,,,
orologio@inbo.it,,,,,
hotoro@tin.it,,,,,
orologio.bo@inbo.it,,,,,
corona@inbo.it,,,,,
arthotel.corona@inbo.it,,,,,
hotelaccademia@hotelaccademia.it,,,,,
booking@hotelposta.re.it,,,,,
sidoli@hotelposta.re.it,,,,,
info@ripagrandehotel.it,,,,,
ripahtl@mbox.4net.it,,,,,
labadia.hotel@tiscalinet.it,,,,,
info@hotelbalocco.it,,,,,
info@masseriasandomenico.com,,,,,
viola@masseriasandomenico.com,,,,,
marilena.schiavone@masseriasandomenico.com,,,,,
michela.bianco@masseriasandomenico.com,,,,,
reservations@masseriasandomenico.com,,,,,
info@gattopardoparkhotel.it,,,,,
villa-igiea@thi.it,,,,,
info@hotel-kalura.com,,,,,
info@ermionehotel.com,,,,,
diodoro@gaishotels.com,,,,,
marketing@villaschuler.com,,,,,
info@villaducale.com,,,,,
villaducale@tao.it,,,,,
info@villasirina.com,,,,,
reservations-san-domenico@thi.it,,,,,
administration-san-domenico@thi.it,,,,,
sdomenico2@taofree.net,,,,,
info@villabelvedere.it,,,,,
villafioritahotel@libero.it,,,,,
info@villafioritahotel.com,,,,,
excelsior-catania@thi.it,,,,,
trovato-excelsior-catania@thi.it,,,,,
info@grandhotelsanpietro.com,,,,,
lamola@lamola-it.com,,,,,
info@grandhotelassisi.com,,,,,
lazzarini@grandhotelassisi.com,,,,,
conni@grandhotelassisi.com,,,,,
cabella@grandhotelassisi.com,,,,,
torre.cambiaso@antichedimore.com,,,,,
elisa.bernucci@antichedimore.com,,,,,
antichedimore@antichedimore.com,,,,,
excelsior@thi.it,,,,,
thi@thi.it,,,,,
astor@astorhotel.it,,,,,
info@relaislafattoria.com,,,,,
pammelati@edisons.it,,,,,
pammelat@tecnonet.it,,,,,
covone@mercurio.it,,,,,
scalea@hotelderose.it,,,,,
info@fontebella.com,,,,,
madgrazie@ftbcc.it,,,,,
villabalbi@tigullio.it,,,,,
villabalbi@villabalbi.it,,,,,
info@hoteldeicastelli.com,,,,,
info@miramaresestrilevante.com,,,,,
marina@hotelmarinacinqueterre.it,,,,,
laroccaincatenata@libero.it,,,,,
info@laroccaincatenata.it,,,,,
prenotazioni@hotelpsm.it,,,,,
commerciale@gharenzano.it,,,,,
info@hotelleopold.it,,,,,
info@moneglia.com,,,,,
info@villa-argentina.it,,,,,
prenotazioni@gharenzano.it,,,,,
castmira@tin.it,,,,,
piccolo-hotel@varazze.it,,,,,
h.lido@varazze.com,,,,,
iosbellu@tin.it,,,,,
mirandahotel@libero.it,,,,,
h.esperia@varazze.com,,,,,
hotelcavour@inwind.it,,,,,
info@hotelmiramare.net,,,,,
claudio.fredianelli@tin.it,,,,,
steno@pasini.com,,,,,
hotel.ines@tiscali.it,,,,,
info@hotelmarinapiccola.com,,,,,
info@paracucchilocanda.it,,,,,
info@lacolonninacinqueterre.it,,,,,
hotelsanluca@mail.caribusiness.it,,,,,
2gemelli@tin.it,,,,,
info@hotelfiascherino.it,,,,,
crespi@hotw.it,,,,,
info@hotelvillacrespi.it,,,,,
cinzia.villacrespi@virgilio.it,,,,,
villacrespi@tin.it,,,,,
cinzia.villacrespi@libero.it,,,,,
villacrespi@lagodortahotels.com,,,,,
prenotazioni@hotelvillacrespi.it,,,,,
cigolini@hotelsuissebellevue.it,,,,,
hotel-villa-adriana@libero.it,,,,,
cortev@agriturgubbio.com,,,,,
bellevue@graffiti2000.com,,,,,
Reception@ilcastellodigiomici.it,,,,,
info@palazzobocci.com,,,,,
reservations@palazzobocci.com,,,,,
info@oscano.com,,,,,
amministrazione@oscano.com,,,,,
oscano@oscano.com,,,,,
info@villapambuffetti.it,,,,,
gattapone@mail.caribusinness.it,,,,,
eremodellegrazie@tin.it,,,,,
info@lesilve.it,,,,,
s.elisei.hotelsubasio@interbusiness.it,,,,,
casella@caselladelpiano.com,,,,,
cincial@agriturgubbio.com,,,,,
mozart@retein.net,,,,,
pavone@edison.it,,,,,
poggiodasproli@email.it,,,,,
poggio_dasproli@hotmail.com,,,,,
info@casagiulia.com,,,,,
info@vecchio_molino.it,,,,,
relais@relaisilcanalicchio.it,,,,,
info@larosacanina.it,,,,,
villa.montegranelli@tin.it,,,,,
Info@FattoriaDiVibio.com,,,,,
grottediboldrino@libero.it,,,,,
info@semidimela.com,,,,,
villagabbiano@villagabbiano.it,,,,,
Brufani@italyhotel.com,,,,,
brufani@tin.it,,,,,
alessandra.pompei@sinahotels.it,,,,,
novelber@tin.it,,,,,
info@malvarina.it,,,,,
info@lafornace.com,,,,,
info@locandarosati.orvieto.tr.it,,,,,
locandarosati@libero.it,,,,,
locanda.rosati@it.net,,,,,
villaciconia@libero.it,,,,,
info@giandriale.it,,,,,
info@titignano.it,,,,,
info@cerqua.it,,,,,
info@lachiusa.com,,,,,
lachiusa@lachiusa.com,,,,,
masha@lachiusa.com,,,,,
hotelallarocca@libero.it,,,,,
info@hotelallarocca.it,,,,,
hotelallarocca1@tiscali.it,,,,,
info@hotelilpalazzo.it,,,,,
hotelilpalazzo@hotelilpalazzo.it,,,,,
ilmaniero@ilmaniero.com,,,,,
masgene@tin.it,,,,,
info@argentinaportofino.com,,,,,
villaargentina@libero.it,,,,,
cadandrean@libero.it,,,,,
portoroca@cinqueterre.it,,,,,
amici@cinqueterre.it,,,,,
info@hotelcinqueterre.com,,,,,
hotel.lido@libero.it,,,,,
info@relais.it,,,,,
reception@relais.it,,,,,
Info@antognolla.com,,,,,
castellodiporeta@tin.it,,,,,
info@castellodicasigliano.com,,,,,
caibaldi@libero.it,,,,,
buccole@virgilio.it,,,,,
solomeo@tin.it,,,,,
castellodipetroia@castellodipetroia.com,,,,,
hotel@torrecalzolari.com,,,,,
nonnamaria@virgilio.it,,,,,
lino.cariani@tiscalinet.it,,,,,
marcosabatin@tiscalinet.it,,,,,
agririvoli@krenet.it,,,,,
lelmo@tiscalinet.it,,,,,
lelmo@tiscali.it,,,,,
info@lelmo.it,,,,,
bsantamaria@tiscalinet.it,,,,,
bsantamaria@tiscali.it,,,,,
borgosantamaria@agriturismo.com,,,,,
locandangelo@libero.it,,,,,
aziendaagraria@sassorosso.it,,,,,
hotel@sangallo.it,,,,,
info@villaducci.net,,,,,
e-mail:Zita@strattoncraig.co.uk,,,,,
lacasacolonica@lacasacolonica.com,,,,,
vignedipace@informatica95.com,,,,,
villalsazia@agriturismo.com,,,,,
info@abbaziadivallingegno.it,,,,,
info@agriturismovillafinetti.com,,,,,
agri.laginestra@tiscalinet.it,,,,,
inf@parkhotelaicappuccini.it,,,,,
brigolante@edisons.it,,,,,
info@brigolante.com,,,,,
info@anticocasale.it,,,,,
penny@retein.net,,,,,
info@locandadelgallo.it,,,,,
l.buitoni@flashnet.it,,,,,
locanda@tin.it,,,,,
loca38@flashnet.it,,,,,
lbuiton@tin.it,,,,,
info@locandadellaroccabuitoni.it,,,,,
fn027029@flashnet.it,,,,,
info@laghirlanda.it,,,,,
laghirlanda@libero.it,,,,,
castelliantonio@libero.it,,,,,
cyber.tour@agora.stm.it,,,,,
bramante@hotelbramante.it,,,,,
angelo@fontecesia.it,,,,,
fontecesia@fontecesia.it,,,,,
f.cesia@full-service.it,,,,,
trevihotel@tiscalinet.it,,,,,
3vaselle@3vaselle.it,,,,,
backoffice@3vaselle.it,,,,,
direzione@3vaselle.it,,,,,
info@3vaselle.it,,,,,
gitasrl@krenet.it,,,,,
abbazia@sanpietroinvalle.com,,,,,
bergmann@inwind.it,,,,,
chiara.costanzi@tiscali.it,,,,,
federica.costanzi@virgilio.it,,,,,
chiacost@tin.it,,,,,
lacasella@tin.it,,,,,
info@lacasella.com,,,,,
hpriori@tiscalinet.it,,,,,
info@villadony.com,,,,,
carleni@tin.it,,,,,
sfranc@krenet.it,,,,,
villabellago@tiscalinet.it,,,,,
info@poggiodegliolivi.com,,,,,
ortoangeli@ortoangeli.it,,,,,
hotel@brunamonti.com,,,,,
sobaria@technet.it,,,,,
hoteltiferno@lineanet.net,,,,,
lapolenza@libero.it,,,,,
info@hotel-vannucci.com,,,,,
gallerani@cittadellaspezia.it,,,,,
marcozoccali@libero.it,,,,,
info@colledellatrinita.com,,,,,
lodovica.burla@libero.it,,,,,
locandasanmichele@tiscalinet.it,,,,,
laquiete@laquiete.com,,,,,
ottavi@ottavicountryhouse.com,,,,,
cens@infoservice.it,,,,,
lanticoforziere@nextcontact.net,,,,,
info@guesia.com,,,,,
albmura@bcsnet.it,,,,,
hoteldeipini@italy1.com,,,,,
mencarelli@mencarelligroup.com,,,,,
info@agriturismomonteverde.it,,,,,
fontegaia@hotelfontegaia.it,,,,,
locanda_del_capitano@hotmail.com,,,,,
info-booking@bianconi.com,,,,,
hotelcorso@libero.it,,,,,
hotelitalia@libero.it,,,,,
piccolomini.hotel@orvienet.it,,,,,
vergari_a@libero.it,,,,,
vegahot@tin.it,,,,,
info@hoteldelteatro.it,,,,,
hoteldelteatro@mclink.it,,,,,
hotel@hoteldeiduchi.com,,,,,
rodiota@hotmail.com,,,,,
info@portadeltempo.com,,,,,
direzione@portadeltempo.com,,,,,
colledelloro@libero.it,,,,,
villaluisa@villaluisa.it,,,,,
hotelvillaluisa@libero.it,,,,,
letorracce@libero.it,,,,,
info@villamontesolare.com,,,,,
info@villamontesolare.it,,,,,
perugia@hotelpriori.it,,,,,
hotelarca@hotelarca.com,,,,,
relaistodini@libero.it,,,,,
relais@relaistodini.com,,,,,
ledodiciquerce@libero.it,,,,,
mencarelli@mencarelligroup.com valeriaBosi@libero.it info@relaisducale.com,,,,,
sanfelicissimo@edisons.it,,,,,
info@poggioparadiso.it,,,,,
locandadelgalluzzo@libero.it,,,,,
bookings@palazzoterranova.com,,,,,
sarah@palazzoterranova.com,,,,,
info@villamilani.com,,,,,
camiano@bcsnet.it,,,,,
torreburchio@tin.it,,,,,
info@letorridiporsenna.it,,,,,
inti@inwind.it,,,,,
letorridiporsenna@libero.it,,,,,
anticogelso@libero.it,,,,,
kulm@portofinokulm.it,,,,,
alexdionisi@tin.it,,,,,
info@lemoreeigelsomini.com,,,,,
pereto@pereto.com,,,,,
info@hotelolimpico.it,,,,,
info@reartuassisi.com,,,,,
residence@delite.it,,,,,
riverpark.hotel@tin.it,,,,,
info@hotelsettearchi.com,,,,,
hotelvillabelvedere.hote@tin.it,,,,,
info@bonassolahotelvillabelvedere.com,,,,,
infofran@villaggilafrancesca.it,,,,,
milano@villaggilafrancesca.it,,,,,
booking@approdohotel.it,,,,,
info@approdohotel.it,,,,,
direzione@approdohotel.it,,,,,
direzione@hotel-approdo.com,,,,,
reception@relaismagi.it,,,,,
info@decohotel.it,,,,,
levignole@tiscalinet.it,,,,,
info@agrimarosa.com,,,,,
termaefran@libero.it,,,,,
info@pensionemoderna.it,,,,,
hotelprimavera@libero.it,,,,,
hotelparaggi@libero.it,,,,,
info@villaoriana.it,,,,,
villaoriana@tiscali.it,,,,,
agghielli@virgilio.it,,,,,
info@agghielli.it,,,,,
convaggh@tin.it,,,,,
daniela.sirio@libero.it,,,,,
info@ilfelcino.it,,,,,
umbria@anticafattoriadelcolle.it,,,,,
info@postadonini.it,,,,,
illaria@atlanticpalacehotel.com,,,,,
direzione@ghlapace.com,,,,,
info@ghlapace.com,,,,,
info@montelujano.com,,,,,
info@sancrispinoresidence.com,,,,,
info@villastampa.com,,,,,
emeet@tin.it,,,,,
marghit@tin.it,,,,,
lecasegialle@tiscalinet.it,,,,,
info@satriano.it,,,,,
info@pomonte.it,,,,,
miravalle@tiscalinet.it,,,,,
asgiovanni@pelagus.it,,,,,
nonnarana@nonnarana.it,,,,,
nonnarana@libero.it,,,,,
agriturismo@sanvittorino.it,,,,,
info@carimport.it,,,,,
cac@retein.net,,,,,
info@malagronda.it,,,,,
info@poderebaiocco.com,,,,,
tirrenoresidence@iol.it,,,,,
info@relaisbettona.com,,,,,
info@riparelaiscolledelsole.it,,,,,
lefelcete@lefelcete.it,,,,,
caumbra@caumbra.com,,,,,
anticopalazzo@aol.com,,,,,
massimon@aol.com,,,,,
casale.frontini@libero.it,,,,,
info@hotelclitunno.com,,,,,
etruscan@chocohotel.it,,,,,
tredy@tredy.it,,,,,
info@tredy.it,,,,,
tredysas@virgilio.it,,,,,
info@residencelulivo.com,,,,,
info@borgobrufa.it,,,,,
webmarketing@borgobrufa.it,,,,,
miligifero@libero.it,,,,,
hotel@hotelmiramare.it,,,,,
info@santacristina.it,,,,,
tatianastramaccia@tiscalinet.it,,,,,
fdellacqua@katamail.com,,,,,
reservationsdlv@sinahotels.it,,,,,
groupsdlv@sinahotels.it,,,,,
reservationsml@sinahotels.it,,,,,
info@coltur.com,,,,,
coltur@colonnahotels.com,,,,,
coltur@tiscalinet.it,,,,,
francesca@coltur.com,,,,,
coltur@syrene.it,,,,,
ktrauttman@aol.com,,,,,
mulino@capri.it,,,,,
senaria@capri.it,,,,,
info@royalprisco.com,,,,,
info@puntaregina.com,,,,,
info@oasiolimpiarelais.it,,,,,
olirel@tin.it,,,,,
oasiolimpiarelais@libero.it,,,,,
info@maisonraphael.it,,,,,
info@trustandtravel.com,,,,,
lamontecchia@lamontecchia.it,,,,,
larosetta@perugiaonline.com,,,,,
locandafontanelle@tiscalinet.it,,,,,
locandafontanelle@tiscali.it,,,,,
info@ilpoggiodicasanova.it,,,,,
farnetta@tiscalinet.it,,,,,
farnetta@tiscali.it,,,,,
fancelli@labastiglia.com,,,,,
tenutadicanonica@tin.it,,,,,
info@grandalbergo-sestrilevante.com,,,,,
info@tenutadicorbara.it,,,,,
info@tassinaie.com,,,,,
info@hotel2torri.com,,,,,
romantic@casalorenzina.it,,,,,
resort@carpediemgroup.com,,,,,
assisi@carpediemgroup.com,,,,,
info@assisi-hotels.com,,,,,
info@hotelvilladelquar.it,,,,,
villadelquar@c-point.it,,,,,
hall@hotelvilladelquar.it,,,,,
info@punta-sanvigilio.it,,,,,
info@villastucky.it,,,,,
famhann@pronet.it,,,,,
info@lecolombe.com,,,,,
mail@schioppello.com,,,,,
info@uvaelestelle.com,,,,,
borgo.poggiolo@tiscalinet.it,,,,,
collelignani@edisons.it,,,,,
info@ilpoggiodelleginestre.it,,,,,
info@residenzasantagata.com,,,,,
info@caicocci.it,,,,,
info@poggiocolpiccione.it,,,,,
scarpariello@amalfi.it,,,,,
labagattella@pointel.it,,,,,
info@hotelgrazia.it,,,,,
info@hotelloreley.it,,,,,
info@residence-caprice.com,,,,,
info@hotellaconchiglia.it,,,,,
info@albergolequerce.it,,,,,
information@furoreinn.it,,,,,
reservation@furoreinn.it,,,,,
britannia@split.it,,,,,
csh@split.it,,,,,
tavdelcap@inwind.it,,,,,
info@hotelcarola.it,,,,,
ilrespirodeltempo@libero.it,,,,,
parkhoteljunior@iol.it,,,,,
info@villacafiero.it,,,,,
info@grandhotelduegolfi.com,,,,,
palazzocicala@mentelocale.it,,,,,
info@esperidiresort.com,,,,,
esperidiresort@tin.it,,,,,
reservation@esperidiresort.com,,,,,
info@reginellahotel.it,,,,,
gra.mart@bluewin.ch,,,,,
info@monrifhotels.it,,,,,
info@ilvecchiofrantoio.com,,,,,
marco@sancrispolto.it,,,,,
info@sancrispolto.it,,,,,
sancrispolto@libero.it,,,,,
info@lapaterna.it,,,,,
f.raucci@sunflowerhotels.it,,,,,
e.ronconi@sunflowerhotels.it,,,,,
info@villaaccini.it,,,,,
pietromotto@libero.it,,,,,
info@eremosulmare.com,,,,,
info@hotelvillamaria.it,,,,,
mail@leloggedisilvignano.it,,,,,
costaromana@virgilio.it,,,,,
dicerbo@libero.it,,,,,
carugi@masterweb.it,,,,,
desk@hotelvillafieschi.it,,,,,
info@hotelvillafieschi.it,,,,,
visavis@hotelvisavis.com,,,,,
info@modernoverdi.it,,,,,
info@splendidmare.it,,,,,
info@agriturismogolfodeipoeti.com,,,,,
allaportarossa@libero.it,,,,,
info@puntaest.com,,,,,
hotelcorgna@trasinet.com,,,,,
locandapoggioleone@libero.it,,,,,
reservation@leondoro.boscolo.com,,,,,
lacascinadellolmo@libero.it,,,,,
hfirenze@tin.it,,,,,
info@hotelcapuleti.it,,,,,
verhouse@plugit.net,,,,,
info@residenceveronahouse.com,,,,,
laresidenzavrh@virgilio.it,,,,,
sanmarco@sanmarco.vr.it,,,,,
hotels@montresor.com,,,,,
e-mail: hotels@montresor.com,,,,,
accademia@accademiavr.it,,,,,
direzione@accademiavr.it,,,,,
frattavecchia@interlagos.it,,,,,
info@hotelpalaceverona.com,,,,,
michele@veronahotels.net,,,,,
stefania@veronahotels.net,,,,,
reception@hotelpalaceverona.com,,,,,
palace@montresorgroup.com,,,,,
hotels@europlan.it,,,,,
info@villabogoni.it,,,,,
villagiona@villagiona.it,,,,,
info@mazzaroseapalace.it,,,,,
miramonti@romantikhotels.com,,,,,
htl@folignohotel.com,,,,,
info@hotel-torretta.it,,,,,
hotel_torretta@virgilio.it,,,,,
hotelcavalieri@hotelcavalieri.it,,,,,
info@hoteldarsena.it,,,,,
info@hotellavela.it,,,,,
hotel.miralago@tin.it,,,,,
info@casalta.com,,,,,
emanuelafratini@yahoo.it,,,,,
info@alcappellorosso.it,,,,,
sales@alcappellorosso.it,,,,,
info@hoteldulac-riva.it,,,,,
info@hotelcarlton.net,,,,,
bb-icasolari@libero.it,,,,,
info@residenceariosto.it,,,,,
info@corteestense.it,,,,,
isabelld@tin.it,,,,,
info@annunziata.it,,,,,
annunziata@tin.it,,,,,
astra@mbox.4net.it,,,,,
info@hotelferrara.com,,,,,
Info@Hotelorologio.com,,,,,
principessaleonora@tin.it,,,,,
villaregina@tin.it,,,,,
info@hoteleuropaferrara.com,,,,,
hoteldeprati@hoteldeprati.com,,,,,
hotelsanpaolo@tin.it,,,,,
agriturismo@allacedrara.it,,,,,
info@allacedrara.it,,,,,
confortino@confortino.com,,,,,
sanfuso@iol.it,,,,,
corteongaro@tin.it,,,,,
stendhal.htl@rsadvnet.it,,,,,
duparc.pr@starhotels.it,,,,,
info@villaducalehotel.com,,,,,
erbapersa@aliceposta.it,,,,,
agriturismo.argentea@tiscali.it,,,,,
palace@thi.it,,,,,
fortesorgnano@hotmail.com,,,,,
sitea@thi.it,,,,,
santuffizio@thi.it,,,,,
elanfrancone-santuffizio@thi.it,,,,,
des-palmes@thi.it,,,,,
info@grand.hotelastoria.it,,,,,
info@hotelmafalda.com,,,,,
info@cortedeigioghi.com,,,,,
info@villadelsogno.it,,,,,
villadelsogno@gardalake.it,,,,,
sogno@gsnet.it,,,,,
info@sanlucahotel.it,,,,,
info@villaggioverde.it,,,,,
villaggioverde@tiscalinet.it,,,,,
info@villaggioverde.com,,,,,
villameligunis@netnet.it,,,,,
info@hotelpiazza.it,,,,,
hotelpiazza@netnet.it,,,,,
hotel.cincotta@exit.it,,,,,
info@hotelraya.it,,,,,
hotelraya@netnet.it,,,,,
liscabianca@liscabianca.it,,,,,
info@villaaugustus.it,,,,,
info@casajanca.it,,,,,
info@gattopardoparkhotel.com,,,,,
giardino@netnet.it,,,,,
rocceazzurre@netnet.it,,,,,
poseidon@netnet.it,,,,,
salina@hotelsignum.it,,,,,
lasirenetta@netnet.it,,,,,
villaggiostromboli@netnet.it,,,,,
info@lasciara.it,,,,,
casagialla.lipari@tiscalinet.it,,,,,
mendolita@mendolita.it,,,,,
info@costaresidence.it,,,,,
info@mistralresidence.com,,,,,
lavilletta@netnet.it,,,,,
info@albergomorandi.com,,,,,
internazionale@bolognahotels.com,,,,,
info@hotelsandonato.it,,,,,
info@agrisantamaria.it,,,,,
castelloditocerano@yahoo.it,,,,,
vifa0001@vifasrl.191.it,,,,,
incoming@executivetravel.it,,,,,
desk@executivetravel.it,,,,,
adea@executivetravel.it,,,,,
info@executivetravel.it,,,,,
ets_adea@syrene.it,,,,,
hotelvillamora@tin.it,,,,,
info@hotelalabianca.it,,,,,
info@palazzodellascala.it,,,,,
info@grand-hotel-fasano.it,,,,,
hotel.estee@inwind.it,,,,,
giancarlo.ercolin@palazzoarzaga.com,,,,,
arzaga@arzaga.it,,,,,
info@palazzoarzaga.it,,,,,
info@villaparadiso.com,,,,,
info@baiabluhotel.com,,,,,
dogana@hoteldogana.it,,,,,
sylvie@hoteldogana.it,,,,,
federicapret@hoteldogana.it,,,,,
info@doganaristorante.it,,,,,
info@gardalago.com,,,,,
info@aquariusresidence.it,,,,,
hotel@regina-adelaide.it,,,,,
villamadrina@villamadrina.it,,,,,
hotel@continentalgarda.it,,,,,
info@hotelexcelsiorleterrazze.com,,,,,
info@hotelalparco.it,,,,,
hotvil@malpensa.it,,,,,
hotelcervo@malpensa.it,,,,,
astoriarapallo@mclink.it,,,,,
miluciana@libero.it,,,,,
avion@tin.it,,,,,
info@touringhotel.it,,,,,
info@villa-amalia.it,,,,,
studiocom@fastnet.it,,,,,
savoia@savoia.it,,,,,
info@hotelelite.it,,,,,
info@hotel-executive.net,,,,,
info@amadeushotel.it,,,,,
booking@hotelmetropolitan.com,,,,,
hmetro@hotelmetropolitan.com,,,,,
reception@guercino.it,,,,,
guercino@guercino.it,,,,,
reservation@guercino.it,,,,,
boreside@bolognaresidence.com,,,,,
booking@albereta.it,,,,,
a.redon@albereta.it,,,,,
r.belladelli@albereta.it,,,,,
info@albereta.it,,,,,
carrara@marchesi.it,,,,,
agrifortu@tiscalinet.it,,,,,
locandagalluzzo@hotmail.com,,,,,
leopardi@leopardi.vr.it,,,,,
melograno@melograno.com,,,,,
info@lamborghinionline.it,,,,,
montali@montalionline.com,,,,,
info@la-morella.it,,,,,
micsucci@tin.it,,,,,
info@carlicchi.it,,,,,
informazioni@maridiana.it,,,,,
informazioni@valtidoneverde.it,,,,,
info@spinolaonline.it,,,,,
webmaster@spinolaonline.it,,,,,
serine@agriturismoserine.it',,,,,
info@hotelbellavista.biz,,,,,
info@villa-giulia.it,,,,,
smezzet@tin.it,,,,,
info@palazzo-loup.it,,,,,
laviola@tin.it,,,,,
info@bagliodellaluna.com,,,,,
palazzodelcapo@tiscalinet.it,,,,,
capo@palazzodelcapo.it,,,,,
info@hotelpalazzodelcorso.it,,,,,
hbaldi@tin.it,,,,,
patria.palace.hotel@mail.clio.it,,,,,
info@masseriatorrecoccaro.com,,,,,
masseriatorrecoccaro@tin.it,,,,,
info@hotelsanfrancesco.it,,,,,
reservations@hotelsanfrancesco.it,,,,,
info@certosasangiacomo.it,,,,,
info@villapotenziani.it,,,,,
relaisfalisco@libero.it,,,,,
info.reception@grandhoteldesbains.com,,,,,
info@hotelginestrre.it,,,,,
attolini@iol.it,,,,,
hotelvilla@paradisoetna.it,,,,,
bagliodellaluna@tin.it,,,,,
info@castellodifalconara.it,,,,,
schloss@rubein.com,,,,,
hotel@castellodicarimate.com,,,,,
info@castello-smaria.com,,,,,
info@villadimodolo.com,,,,,
info@fragsburg.com,,,,,
dopomela@tin.it,,,,,
progettoumbria@manrico.com,,,,,
info@enotecaonofri.it,,,,,
management@hotelauroraspoleto.it,,,,,
hotelroccaporena@tin.it,,,,,
hdr@netgen.it,,,,,
info@albornozpalace.com,,,,,
info@laterrazzahotel.it,,,,,
info@hotelbenedetti.it,,,,,
info@hoteltiferno.it,,,,,
reservations.gallia@lemeridien.com,,,,,
laura.corvi@lemeridien.com,,,,,
reservations@grandhoteletdemilan.it,,,,,
infos@grandhoteletdemilan.it,,,,,
concierge@grandhoteletdemilan.it,,,,,
inforequest@villaserbelloni.com,,,,,
booking@villaserbelloni.com,,,,,
inforequest@villaserbelloni.it,,,,,
carlton.milano@baglionihotels.com,,,,,
marriott@tin.it,,,,,
accademia@antareshotels.com,,,,,
info@antareshotels.com,,,,,
bettinelli@grandhotelverdi.com,,,,,
stefania@grandhotelverdi.com,,,,,
daniela@grandhotelverdi.com,,,,,
nhgrandhotelverdi@nh-hotels.com,,,,,
info@ambasciatorihotel.it,,,,,
info@admiralhotel.it,,,,,
lino@admiralhotel.it,,,,,
concorde@antareshotels.com,,,,,
rubens@antareshotels.com,,,,,
lucia.carniglia@milanosuites.it,,,,,
info@allemeraviglie.it,,,,,
reservation@milanolocanda.it,,,,,
info@milanolocanda.it,,,,,
booking@capitolmillennium.com,,,,,
info@capitolmilano.com,,,,,
accursio@accursiohotel.it,,,,,
giorgio@accursiohotel.it,,,,,
info@alexanderhotelmilano.com,,,,,
reservation@spadarihotel.com,,,,,
marzot@tin.it,,,,,
hotel.bristol@hotelbristolmil.it,,,,,
info@hotelregina.it,,,,,
hsempione@hotelsempione.it,,,,,
info@hotelvalganna.it,,,,,
booking@marconihotel.it,,,,,
info@romanaresidence.it,,,,,
irmilano@internationalresidence.com,,,,,
Windsor@hotelwindsor.it,,,,,
info@hotelduse.com,,,,,
info@lapergolabellagio.it,,,,,
grandhotel@villafeltrinelli.com,,,,,
info@villagiulia.it,,,,,
info@hotel-dulac.it,,,,,
info@eremodellagiubiliana.it,,,,,
info@grandhoteltremezzo.com,,,,,
roberta.prina@grandhoteltremezzo.com,,,,,
info@castellodireschio.com,,,,,
info@hoteladam.com,,,,,
info@andreolahotel.it,,,,,
gdidonna@andreolahotel.it,,,,,
RM@ResidenceMediterraneo.com,,,,,
rmitaly@yahoo.com,,,,,
leburgne@leburgne.it,,,,,
patrizia@leburgne.it,,,,,
umberto@leburgne.it,,,,,
hotelvittoria@interfree.it,,,,,
silvia.calciolari@solmelia.com,,,,,
brunelleschi@milanhotel.it,,,,,
sales.milan@hilton.com,,,,,
dianamajestic@sheraton.com,,,,,
sheratondianamajestic@sheraton.com,,,,,
serena.dambrosi@starwoodhotels.com,,,,,
paola.pinotti@starwoodhotels.com,,,,,
angelina.manunta@starwoodhotels.com,,,,,
roberta.savage@starwoodhotels.com,,,,,
tiina.oksanen@starwoodhotels.com,,,,,
milano_president@jollyhotels.it,,,,,
reservation@hoteldeicavalieri.com,,,,,
commerciale@hoteldeicavalieri.com,,,,,
airhotel@airhotel.it,,,,,
booking@hotelrexmilano.it,,,,,
m.magenta@tiscalinet.it,,,,,
hotelrex@katamail.com,,,,,
info@atlantichotel.it,,,,,
info@hotelberna.com,,,,,
booking@hotelcavour.it,,,,,
info@doriagrandhotel.it,,,,,
info@hotelcarrobbio.it,,,,,
hotel.raffaello@digibank.it,,,,,
info@hotelsanpimilano.it,,,,,
troisi@hotelsanpimilano.it,,,,,
hotelpoliziano@traveleurope.it,,,,,
info@hotelnikken.it,,,,,
info@arthotelnavigli.it,,,,,
info@arthotelnavigli.com,,,,,
hotel.nikken@traveleurope.it,,,,,
informa@mythoshotelmilano.it,,,,,
reserve@lequerce.it,,,,,
info@hotelmanin.it,,,,,
villafranceschi@tin.it,,,,,
ristorantemargherita@tin.it,,,,,
info@villafranceschi.com,,,,,
info@dalcorsohotellerie.com,,,,,
hotelregina@zanhotel.it,,,,,
info@hotelbentivoglio.it,,,,,
hbentivoglio@tiscalinet.it,,,,,
hotelbentivoglio@zanhotel.it,,,,,
sales@sheratonbologna.it,,,,,
sofitel.bologna@accor-hotels.it,,,,,
info@hotelsanfelice.it,,,,,
info@hotelpioppa.it,,,,,
info@feliceto.it,,,,,
antico_borgo@hotmail.com,,,,,
iportici@gad.it,,,,,
info@aiporticidibologna.it,,,,,
iportici@impreseinlinea.it,,,,,
info@abcbologna.it,,,,,
reservation@tower.boscolo.com,,,,,
reservation@boscolo.com,,,,,
amministrazione@tower.boscolo.com,,,,,
crowneplaza.milan@alliancealberghi.com,,,,,
castellomarinoni@tin.it,,,,,
ateliersulmare@interfree.it,,,,,
letizia.mattiacci@libero.it,,,,,
letizia.mattiacci@virgilio.it,,,,,
sales@viewsofitaly.com,,,,,
info@evolvecommunications.com,,,,,
bologna@evolvecommunications.com,,,,,
e.pinto@evolvecommunications.com,,,,,
info@villanovecento.it,,,,,
laura@piccolohotel.it,,,,,
h.tosca@capri.it,,,,,
info@hotellareginella.it,,,,,
info@genovahotels.com,,,,,
gabriele_lagona@yahoo.com,,,,,
info@parcodeiprincipi-roccella.com,,,,,
lacappella@lacappellalucca.it,,,,,
info@lacappellalucca.it,,,,,
info@lequerce.it,,,,,
info@dellearti.com,,,,,
luisa@dellearti.com,,,,,
prenotazioni@galles.it,,,,,
reception@galles.it,,,,,
vicedirezione@galles.it,,,,,
reservation@hotelascotmilano.it,,,,,
info@hotelascotmilano.it,,,,,
info@hotelnewyorkspa.com,,,,,
hotel.washington@traveleurope.it,,,,,
chianhol@tin.it,,,,,
info@hotelstgeorge.it,,,,,
book@regency-milano.com,,,,,
manager@regency-milano.com,,,,,
info@miltonmilano.com,,,,,
info@hotelblaisefrancis.it,,,,,
info@lloydhotelmilano.it,,,,,
info@hotelsantambroeus.it,,,,,
htlvilla@inwind.it,,,,,
agriturismo@cadelsol.com,,,,,
villa.brena@tiscalinet.it,,,,,
tenutalapila@tiscali.it,,,,,
franca.colpo@infinito.it,,,,,
info@cortepellegrini.com,,,,,
gigliotto@gigliotto.com,,,,,
residenceranieri@iname.com,,,,,
residencecastiglione@trasinet.com,,,,,
residenceal-lago@libero.it,,,,,
info@astoria.bo.it,,,,,
info@hoteldeichiostri.com,,,,,
info@hotelabbazia.it,,,,,
ghorient@tin.it,,,,,
agriturismo@valcampotto.it,,,,,
info@villaportuso.it,,,,,
info@zaccherahotels.com,,,,,
sales@zaccherahotels.com,,,,,
info@hoteldellenazioni.net,,,,,
info@locandamonache.com,,,,,
v.bellipanni@casangelina.com,,,,,
santavenerehotel@virgilio.it,,,,,
biagio@pinacolada.it,,,,,
locanda@borgonuovo.com,,,,,
info@ilbagattino.it,,,,,
stefano.archetti@tin.it,,,,,
marabballe@tiscalinet.it,,,,,
maria.bulli@libero.it,,,,,
info@sanpotente.it,,,,,
remaglia@tin.it,,,,,
info@hotelcastellodicasiglio.it,,,,,
hcomo@hcomo.it,,,,,
dibarletta@hcomo.it,,,,,
info@grandhoteldicomo.com,,,,,
pr@grandhoteldicomo.com,,,,,
reservation@grandhoteldicomo.com,,,,,
booking@grandhotelmenaggio.it,,,,,
infoghm@grandhotelmenaggio.com,,,,,
info@grandhotelmenaggio.com,,,,,
info@corazziere.it,,,,,
info@poderecasenove.com,,,,,
poderecasanove@tin.it,,,,,
poderecasenove@tin.it,,,,,
sanmichele@sanmichele.it,,,,,
info@villabonera.com,,,,,
booking@enterprisehotel.com,,,,,
sonia.rosa@enterprisehotel.com,,,,,
info@enterprisehotel.com,,,,,
agriturismo@barberani.it,,,,,
clfausti@libero.it,,,,,
luigi.delpino@ladolcecollina.it,,,,,
info@sanlorenzodellarabatta.com,,,,,
info@casalefusco.it,,,,,
info@agriturismogasperini.com,,,,,
lapaladina@yahoo.it,,,,,
info@lacerretola.it,,,,,
info@querceverdi.com,,,,,
info@7camini.it,,,,,
larocchetta@larocchetta.com,,,,,
info@cortearcangeli.it,,,,,
info@agriturismodelcimone.it,,,,,
info@anticatorre.it,,,,,
iltondino@libero.it,,,,,
info@cavazzone.it,,,,,
belveder@tin.it,,,,,
info@hotelmetropolesuisse.com,,,,,
info@hotelplinius.com,,,,,
info@locandamilano.it,,,,,
federico@locandamilano.it,,,,,
info@hotelalbavilla.it,,,,,
info@nellavecchiafattoria.com,,,,,
gsavini@supereva.it,,,,,
lante@lante.it,,,,,
info@accoglientebologna.it,,,,,
galeatir@libero.it,,,,,
galeatiro@tiscalinet.it,,,,,
info@casallegra.it,,,,,
roby-bea@libero.it,,,,,
romano.fiori@libero.it,,,,,
portasaragozza@tiscali.it,,,,,
kmattarozzi@yahoo.it,,,,,
biancamn@libero.it,,,,,
romiti@agriturismo.com,,,,,
colonica@agriturismo.com,,,,,
biologicarosso@tiscalinet.it,,,,,
perciata@prciata.it,,,,,
info@hotelsonenga.com,,,,,
infopal@lapalombara.com,,,,,
lesettequerce@virgilio.it,,,,,
albergoturistico@inwind.it,,,,,
reception@hotelvillamichelangelo.com,,,,,
info@hotelfelicecasati.com,,,,,
fabio@hotelfelicecasati.com,,,,,
agriturismo@arlena.it,,,,,
info@arlena.it,,,,,
info@agriturismolacurbastra.it,,,,,
info@hotelpomara.com,,,,,
info@masseriacardillo.it,,,,,
montedelre@tiscali.it,,,,,
info@villanuba.com,,,,,
g.s.immobili@gmail.com,,,,,
info@gippyhouse.com,,,,,
mail@medusahotel.it,,,,,
hmedusa@ivg.it,,,,,
casastarita@tiscali.it,,,,,
casastarita@hotmail.com,,,,,
kjsdpe@tin.it,,,,,
piandisola@libero.it,,,,,
info@casalfarneto.com,,,,,
borgohotel@leterredelverde.it,,,,,
matteo.fioriti@leterredelverde.it,,,,,
sergio.procaccini@leterredelverde.it,,,,,
bellavista@agriturgubbio.com,,,,,
agribios@libero.it,,,,,
cebimpianti@retein.net,,,,,
agri-cigliano@libero.it,,,,,
info@agriturismo-cigliano.com,,,,,
villagiustinian@libero.it,,,,,
info@locandadellupo.com,,,,,
info@blue-sky.it,,,,,
mariannatondo@blue-sky.it,,,,,
lucalianza@blue-sky.it,,,,,
booking@fourpointsmilano.it,,,,,
ilcerrone@libero.it,,,,,
ilbelvedere@tin.it,,,,,
umbria2000@retein.net,,,,,
info@piandellaselva.it,,,,,
fasar@virgilio.it,,,,,
info@palazzetto.com,,,,,
lasorgente@supereva.it,,,,,
montereano@libero.it,,,,,
mengar@tin.it,,,,,
info@agrilife.it,,,,,
info@villalara.it,,,,,
d.almerico@tiscali.it,,,,,
locfeudo@tiscalinet.it,,,,,
isoladiprocida@libero.it,,,,,
info@relaislemagnolie.it,,,,,
info@lido-international.com,,,,,
info@cerinihotels.it,,,,,
reservations-goldenpalace@thi.it,,,,,
scalabrese-goldenpalace@thi.it,,,,,
areinerio-goldenpalace@thi.it,,,,,
.ginostrabb@ginostrabb.com,,,,,
rosiloria@tiscalinet.it,,,,,
info@residence-celeste.com,,,,,
marcol@syrene.it,,,,,
marcol62@syrene.it,,,,,
marcol@colonnahotels.com,,,,,
colonna_marcol@syrene.it,,,,,
madiro@robilant.it,,,,,
pupa@robilant.it,,,,,
info@amarcordbologna.it,,,,,
info@lamontagnola.it,,,,,
info@hoteleuropaischia.it,,,,,
poggiovigne@lungarotti.it,,,,,
c.notari@libero.it,,,,,
maestrale@monterossonet.com,,,,,
impinna@tin.it,,,,,
pasquale@pasini.com,,,,,
ilgigante@locandailgigante.it,,,,,
fiore@tenutadifiore.it,,,,,
parcoducale@tiscali.it,,,,,
info@oviv.it,,,,,
baiabeniamin@libero.it,,,,,
annajacques@rocketmail.com,,,,,
villasanpietro@hotmail.com,,,,,
mcastaldo@nyc.rr.com,,,,,
bernina@hotelbernina.com,,,,,
reservation.mis@framon-hotels.it,,,,,
reservation.pdp@framon-hotels.it,,,,,
reservation@framon-hotels.it,,,,,
f.piazza@nh-hotels.com,,,,,
grottaazzurra.ustica@alice.it,,,,,
lesablesnoirs@yahoo.it,,,,,
lessablesnoirs@stelledelsudhotels.com,,,,,
nicola.accurso@framon-hotels.it,,,,,
reservation.rph@framon-hotels.it,,,,,
nhvillasanmauro@nh-hotels.com,,,,,
reservation.cdv@framon-hotels.it,,,,,
rosolino.sutera@framon-hotels.it,,,,,
booking@ca-sette.it,,,,,
3351434829@tim.it,,,,,
info@hotelvillaflori.it,,,,,
info@sinahotels.it,,,,,
info.thegray@sinahotels.it,,,,,
townhouse31@townhouse.it,,,,,
marketing@townhouse.it,,,,,
una.tocq@unahotels.it,,,,,
zurigo@brerahotels.it,,,,,
info@anticalocandasolferino.it,,,,,
lecorone@fastwebnet.it,,,,,
masini@lecorone.it,,,,,
info@lecorone.it,,,,,
matteo_dt@inwind.it,,,,,
villafiorita@supereva.it,,,,,
stefanocarro@tiscali.it,,,,,
info@villalina.com,,,,,
villalina@virgilio.it,,,,,
penny@circolosibilla.com,,,,,
lavelafurore@katamail.com,,,,,
info@nuovariviera.com,,,,,
info@villadelsole.com,,,,,
info@antoniomaresca.com,,,,,
villalarosa@netnet.it,,,,,
info@atlantisbay.it,,,,,
hotelcaposanvito@libero.it,,,,,
info@savibed.com,,,,,
a.crosa@tin.it,,,,,
mail@ilfae.com,,,,,
hotel.real.fini@hrf.it,,,,,
information@borgoacquaiura.it,,,,,
info@villadellapergola.it,,,,,
hotelduomo@tiscalinet.it,,,,,
pievedelcastello@virgilio.it,,,,,
bbmontonale@email.it,,,,,
info@hoteldelborgo.it,,,,,
hoteltouring@hoteltouring.it,,,,,
matteostegani@hoteltouring.it,,,,,
pdodin@hotmail.com,,,,,
verdetecnica@tin.it,,,,,
campersalle@agriturismo.com,,,,,
tana@motturasergio.it,,,,,
mottura@isa.it,,,,,
camporo@libero.it,,,,,
torriola@libero.it,,,,,
ast.greg@tiscalinet.it,,,,,
doctorjj@tin.it,,,,,
reservations@grandviscontipalace.com,,,,,
gm@grandviscontipalace.com,,,,,
info@grandviscontipalace.com,,,,,
info@hotelfiorita.it,,,,,
roby@acasadiroby.it,,,,,
info@acasadiroby.it,,,,,
info@castellodimonleone.com,,,,,
info@villaedera.com,,,,,
roberto@crismagest.com,,,,,
roberto.colacchia@lacascina.it,,,,,
max@crismagest.com,,,,,
max@portadeltempo.com,,,,,
info@casabelmonte.com,,,,,
latorretta2001@libero.it,,,,,
luca.manni@libero.it,,,,,
clarici@tiscali.it,,,,,
info@terraumbra.it,,,,,
novecento@inbo.it,,,,,
hotcord@tin.it,,,,,
hotelserrone@virgilio.it,,,,,
ille-roif@linet.it,,,,,
info@agriturismosabaudia.it,,,,,
info@tenutacastelvenezze.it,,,,,
info@residencelalimonera.com,,,,,
ismorusrelais@tin.it,,,,,
lista_massimiliano@yahoo.it,,,,,
info@rosadeiventihotel.it,,,,,
marcopolo@keycomm.it,,,,,
info@parkhotelalcione.it,,,,,
info@poderecaserelle.it,,,,,
vallocchia@aol.com,,,,,
info@lapineta.It,,,,,
gianlucalamaro@hotmail.com,,,,,
info@hotelcannero.com,,,,,
a.ponte@altafiumarahotel.it,,,,,
miramare@montesanohotels.it,,,,,
mfdp@unipg.it,,,,,
info@hotelsantangelo.it,,,,,
info@mediolanumhotel.com,,,,,
account@mediolanumhotel.com,,,,,
info@ilpensierostupendo.it,,,,,
francescobotondi@libero.it,,,,,
info@puntacivita.it,,,,,
lucibelloroberto@tiscali.it,,,,,
info@perugiaparkhotel.com,,,,,
parkhotel@sole-paradiso.com,,,,,
hotel@hotel-campiglione.it,,,,,
casalta@vacanzecasalta.com,,,,,
agricola@nizzi.com,,,,,
info@miralduolo.com,,,,,
abramo@narni.it,,,,,
info@la-fattoria.net,,,,,
info@agriturismoparlesca.com,,,,,
vacanzeideali@vacanzeideali.it,,,,,
info@agriturismolamora.com,,,,,
cittadelsol@hotmail.com,,,,,
terreumbre@terreumbre.it,,,,,
info@concadelsole.it,,,,,
monterosello@monterosello.it,,,,,
info@umbriacountry.it,,,,,
andrea.aloigi@tiscalinet.it,,,,,
serezeta@tin.it,,,,,
info@orvietodaponente.it,,,,,
bianchini.letizia@libero.it,,,,,
htldaangelo@tin.it,,,,,
info@hotelfiera.it,,,,,
ilmeleto@libero.it,,,,,
hotel@ledune.com,,,,,
amministrazione@ledune.com,,,,,
ricevimento@ledune.com,,,,,
a.sorrentino@hotelsangermanonapoli.it,,,,,
info@ghisleria.it,,,,,
codogne@inwind.it,,,,,
info@tenutavolpignano.it,,,,,
valdarecchia@virgilio.it,,,,,
info@cacirigiolo.it,,,,,
info@lidopalace.com,,,,,
bbinvilla@libero.it,,,,,
r_terni@virgilio.it,,,,,
info@welcomeservice.it,,,,,
r.lui@libero.it,,,,,
hotellariva@hotellariva.com,,,,,
info@cardanohotel.com,,,,,
info@artemisiaonline.it,,,,,
info@villatorretta.it,,,,,
info@pensionesvizzera.com,,,,,
svizzera@tao.it,,,,,
info@sierrasilvana.com,,,,,
sierrasilvana@tin.it,,,,,
info@dellevante.com,,,,,
info@ravale.it,,,,,
paradisoassisi@virgilio.it,,,,,
info@villamustafa.com,,,,,
info@suiteduomo.it,,,,,
info@michelangelohotelumbria.it,,,,,
bozenafranco@virgilio.it,,,,,
info@locandadellejanare.it,,,,,
hotel@poiano.com,,,,,
residence@poiano.com,,,,,
ammin@poiano.com,,,,,
luciapinelli@tin.it,,,,,
luciaverdacchi@tin.it,,,,,
info@campodalto.com,,,,,
marlisagiannone@fastwebnet.it,,,,,
info@suiteliberty.it,,,,,
sabrina@suiteliberty.it,,,,,
info@hotelmarinella-nervi.com,,,,,
brunomore@tiscalinet.it,,,,,
info@hotel-portasanmamolo.it,,,,,
info@trullilerose.com,,,,,
aeroleggeri@libero.it,,,,,
info@larosadeiventi.net,,,,,
info@sottoipini.it,,,,,
reservation@palazzoleti.com,,,,,
palazzoleti@palazzoleti.com,,,,,
info@freeholiday.it,,,,,
aceto.antonio@libero.it,,,,,
info@ilbalconesulgolfo.it,,,,,
solaro@freemail.it,,,,,
info@ilcamelicchio.it,,,,,
info@agriturismovolpeuva.it,,,,,
rivusmaior@yahoo.it,,,,,
info@nuovogarden.com,,,,,
info@villafiorella.com,,,,,
info@olivi.info,,,,,
info@rotasuites.com,,,,,
ilbiribino@aliceposta.it,,,,,
ghb.bologna@baglionihotels.com,,,,,
a.corelli@baglionihotels.com,,,,,
paolettiraffaella@tmn.it,,,,,
info@gardeniahotel.it,,,,,
info@hotelpuntamesco.it,,,,,
info@borgodicampi.it,,,,,
info@discovernaples.net,,,,,
m.mazzella@libero.it,,,,,
info@hotelmoretto.com,,,,,
cameredavice@libero.it,,,,,
unicoscienza@libero.it,,,,,
info@lapoesia-cinqueterre.com,,,,,
giardino_incantato@libero.it,,,,,
info@duxi.it,,,,,
info@cinqueterreitalia.it,,,,,
info@dallacompagnia.com,,,,,
customer-care@cinqueterreresidence.it,,,,,
info@baranin.com,,,,,
zefirohotel@tiscalinet.it,,,,,
info@hotelzefiro.com,,,,,
laroccaresidence@libero.it,,,,,
info@hotelangelina.it,,,,,
paolo@hotelangelina.it,,,,,
info@bblanicchia.com,,,,,
info@casasusy.com,,,,,
sabrina.ceprini@laroccaorvieto.com,,,,,
alida.d@inwind.it,,,,,
alidad@libero.it,,,,,
alice.relais@libero.it,,,,,
info@alletorricelle.it,,,,,
emilio.zuanni@tin.it,,,,,
coremaprato@virgilio.it,,,,,
info@dimorasanteligio.it,,,,,
info@residencedelduca.it,,,,,
info@capriccidimerion.it,,,,,
s.castellani@puntoexe.it,,,,,
info@hoteldelcorsomilan.com,,,,,
info@hoteldelcorso.biz,,,,,
info@villalescale.com,,,,,
info@residencekriss.it,,,,,
kriss@residencekriss.it,,,,,
info@ilborgonellequerce.it,,,,,
villakinzica@tiscalinet.it,,,,,
info@italyvillarentals.org,,,,,
villamandriola@hotmail.com,,,,,
salato@salato.net,,,,,
vacanzeumbria@tiscali.it,,,,,
consuelobrandazzi@virgilio.it,,,,,
info@hotelgardenia.it,,,,,
infospoleto@cavalierehotels.com,,,,,
info@hoteltermeprincipe.it,,,,,
info@villaluisaresort.it,,,,,
info@casasangabriel.com,,,,,
chrissie@casasangabriel.com,,,,,
booking@hotelchiaia.it,,,,,
amministrazione@hotelchiaia.it,,,,,
info@hotelchiaia.it,,,,,
info@relaisvilladassio.com,,,,,
info@hotelantichemura.it,,,,,
info@hotelantichemura.com,,,,,
michele@hotelantichemura.com,,,,,
info@hotelantichemura.net,,,,,
grandhotelcesareaugusto@virgilio.it,,,,,
info@villaigeasorrento.com,,,,,
locandasantanna@libero.it,,,,,
luigi.eordegh@goonnet.com,,,,,
info@residenceforesta.com,,,,,
portanolana@bonapaceaccomodation.com,,,,,
bonapaceportanolana@virgilio.it,,,,,
arrigojacobitti@tiscali.it,,,,,
info@villasobrano.com,,,,,
villasobrano@infinito.it,,,,,
villasobrano@villasobrano.com,,,,,
info@htlaugusta.com,,,,,
giacomo@camoglihotel.com,,,,,
corteforte@valpolicella.it,,,,,
hotelgiardinetto@tin.it,,,,,
giardinetto@lagodortahotels.com,,,,,
approdo@lagodortahotels.com,,,,,
prenotazioni@hotelapprodo.it,,,,,
info@hotelapprodo.it,,,,,
lloyd.baia@tiscali.it,,,,,
info@villadivina.com,,,,,
hotel@gardengarda.it,,,,,
info@chincherini.com,,,,,
info@hotelrock.de,,,,,
booking@kriss.it,,,,,
key@kriss.it,,,,,
veronello@veronello.it,,,,,
info@colorhotel.it,,,,,
laura@colorhotel.it,,,,,
info@color-hotel.com,,,,,
info@sanciriaco.com,,,,,
info@bedandbreakfast-casadeiciliegi.it,,,,,
prenotazione@bedandbreakfast-casadeiciliegi.it,,,,,
indicazioni@bedandbreackfast-casadeiciliegi.it,,,,,
renatapaolino@tin.it,,,,,
info@albergocastiglione.com,,,,,
info@hotelalbatrossorrento.com,,,,,
barac@barac.it,,,,,
casaressia@casaressia.com,,,,,
cascinareine@libero.it,,,,,
info@aiporticialba.it,,,,,
ibastioni@libero.it,,,,,
info@locandadelre.com,,,,,
agriturismo@erbaluna.it,,,,,
info@sanverolo.it,,,,,
info@locanda-sanvigilio.it,,,,,
silvrama@tin.it,,,,,
lory@punta-sanvigilio.it,,,,,
info@hotellanghe.it,,,,,
albergo@vecchiotrestelle.it,,,,,
villa@villalafavorita.it,,,,,
gioco-delloca@piemonte.com,,,,,
camerano@tiscali.it,,,,,
info@agriturismolacadolga.it,,,,,
info@cortegondina.it,,,,,
info@hotelmargherita.info,,,,,
suela@hotelmargherita.info,,,,,
suelac@tin.it,,,,,
info@residenceleterrazze.it,,,,,
info@laparuzza.it,,,,,
info@hotel-fiera.com,,,,,
info@lecalanche.com,,,,,
teresaguiotto@hotmail.com,,,,,
posadareposada@libero.it,,,,,
info@umbertoamare.it,,,,,
umbertoamare@pointel.it,,,,,
info@hotelcanondoro.it,,,,,
info@hotellaprimavera.com,,,,,
info@laprimavera.biz,,,,,
info@hotel7bello.com,,,,,
info@villafeliceamalfi.it,,,,,
info@floracapri.com,,,,,
info@marianella.net,,,,,
gaspaapi@tin.it,,,,,
info@hotellabadia.it,,,,,
camilla@milano-bedandbreakfast.it,,,,,
arpaiu@5terre.com,,,,,
info@bandbportofino.com,,,,,
info@bellagioanticopozzo.eu,,,,,
info@casamalfi.it,,,,,
info@amalfiresidence.it,,,,,
amalfiresidence@starnet.it,,,,,
info@hoteltoro.it,,,,,
solitude@tin.it,,,,,
info@continental-positano.it,,,,,
info@locandacostadiva.it,,,,,
info@residencehotel-amalfi.it,,,,,
enzo@residencehotel-amalfi.it,,,,,
eden@brenzone.com,,,,,
belfiore@brenzone.com,,,,,
info@dianamalcesine.com,,,,,
info@hotelauroralezzeno.com,,,,,
info@albergo-centrale.com,,,,,
info@hotelreginaolga.it,,,,,
hotel@falchetto.it,,,,,
info.hc@continental-hotel.net,,,,,
info@albergofirenze.it,,,,,
info@ilgabbianopositano.com,,,,,
info@villadeglidei.com,,,,,
booking@villadeglidei.com,,,,,
info@hotelengadina.com,,,,,
hotelfontana@iol.it,,,,,
intour@betacom.it,,,,,
hotelbellagio@virgilio.it,,,,,
hotflore@tin.it,,,,,
info@albergometropole.it,,,,,
info@villaodescalchi.it,,,,,
info@hotelleonardodavinci.com,,,,,
e.pezzoni@hotelristoranteleonardodavinci.191.it,,,,,
info@hotelmiralago.it,,,,,
loggiato@interfree.it,,,,,
info@hotelbaradello.com,,,,,
info@parkhotelcomo.it,,,,,
info@hotel-posta.it,,,,,
hotelgarden@blu.it,,,,,
info@hotelasnigo.it,,,,,
asnigo@galactica.it,,,,,
info@imperialemoltrasio.it,,,,,
grandimp@tin.it,,,,,
butti@imperialemoltrasio.it,,,,,
info@hotelbazzoni.it,,,,,
info@rusallhotel.com,,,,,
rusall@tiscalinet.it,,,,,
info@villaedy.com,,,,,
villaedy@gmail.com,,,,,
info@albergobellevue.it,,,,,
ftagliasacchi@albergobellevue.it,,,,,
booking@albergobellevue.it,,,,,
booking@hotelbritanniacadenabbia.com,,,,,
info@hotelbritanniacadenabbia.com,,,,,
inn@la-marianna.com,,,,,
sales@cortedelnaviglio.com,,,,,
info@hsplendide.com,,,,,
info@hotelkingmilano.com,,,,,
info@hotelbaviera.com,,,,,
info@hotelmontebianco.com,,,,,
info@hotelnapolicentrale.com,,,,,
soggiornonapoletano@libero.it,,,,,
info@albergolenno.com,,,,,
desk@leoloc.com,,,,,
prenotazioni@hca.it,,,,,
info_hca@hca.it,,,,,
info@bbvenezia.com,,,,,
hotel.eurotel@tigullio.net,,,,,
info@hotel-giulio-cesare.it,,,,,
info@hotelstella-riviera.com,,,,,
posta@hotelstella-riviera.com,,,,,
hotelduecorti@virgilio.it,,,,,
una.scandinavia@unahotels.it,,,,,
una.cusani@unahotels.it,,,,,
info@hotelvillamarie.com,,,,,
info@hotellario.it,,,,,
info@porto-salvo.com,,,,,
giuseppe@libero.it,,,,,
info@hotelplinioaulac.it,,,,,
info@santachiarasuite.it,,,,,
sbilaqui@yahoo.it,,,,,
g.autorino@santachiarasuite.it,,,,,
giauto@tin.it,,,,,
info@3rooms-10corsocomo.com,,,,,
info@santannaguesthouse.com,,,,,
info@hotellunarossa.it,,,,,
booking@pintostorey.it,,,,,
info@hotelrufolo.it,,,,,
barbara.mancini@prestigehotels.it,,,,,
sales@royalcontinental.it,,,,,
fomgr@hotelroyal.it,,,,,
prenotazioni@royalcontinental.it,,,,,
booking@royalcontinental.it,,,,,
info@caravaggiohotel.it,,,,,
info@majestic.it,,,,,
info@relaisposillipo.it,,,,,
info@relaisposillipo.com,,,,,
info@albergoideal.it,,,,,
prenotazioni@hotelplazanapoli.it,,,,,
sales@hotelplazanapoli.it,,,,,
info@sanmarcohotelnapoli.it,,,,,
info@ilmirtobianco.it,,,,,
gallotus@tin.it,,,,,
stagnaro@tigulliohotel.com,,,,,
info@hotelrosaantico.it,,,,,
info@cortealtavilla.it,,,,,
info@tenutamoreno.it,,,,,
giorgio@masseriacanestrello.it,,,,,
info@villaggiosangiovanni.it,,,,,
macurano@masseriamacurano.com,,,,,
info@masseriasalamina.it,,,,,
info@masseriatolla.it,,,,,
info@hotelargegno.it,,,,,
info@augustushotel.it,,,,,
info@hotelcitymilano.it,,,,,
francis@mec314.cominfo@villalberti.com,,,,,
luisapio@libero.it,,,,,
info@hoteldeitrulli.it,,,,,
info@torregnazia.it,,,,,
info@vecchiomulino.it,,,,,
info@masseriaspina.it,,,,,
info@masseriagarrappa.com,,,,,
info@masseriavagone.it,,,,,
info@patriapalacelecce.com,,,,,
info@hotelparcoserrone.com,,,,,
info@masseriasantalucia.it,,,,,
bbvillagiuliana@gmail.com,,,,,
prenota@masseriailfrantoio.it,,,,,
armando@trecolline.it,,,,,
info@acayagolfhotel.it,,,,,
albergos.ant@libero.it,,,,,
tenuta@iname.com,,,,,
info@villacheta.it,,,,,
masseriamarzalossa@marzalossa.com,,,,,
info@ilcardinale.it,,,,,
info@grandhotelcostabrada.it,,,,,
info@masseriarefrigerio.it,,,,,
info@lavallettacentrobenessere.it,,,,,
hoteldamato@hoteldamato.it,,,,,
info@hotelginestre.it,,,,,
info@hotelgargano.it,,,,,
hotelapprodo@hotelapprodo.com,,,,,
info@hotelflorence.it,,,,,
hd@hoteldomenichino.it,,,,,
una.century@unahotels.it,,,,,
f.chiarello@unahotels.it,,,,,
una.mediterraneo@unahotels.it,,,,,
info@astoriahotelmilano.com,,,,,
manager@astoriahotelmilano.com,,,,,
info@lidohotelmilano.com,,,,,
htlflorami@tiscali.it,,,,,
info@ducadiyork.com,,,,,
info@hoteldemo.com,,,,,
info@hoteldemo.it,,,,,
info@savoia-hotel.com,,,,,
info@casarossapiacenza.it,,,,,
info@lamorosa.com,,,,,
hotel@villaranieri.it,,,,,
info@relaisvillasanmartino.com,,,,,
info@villahibiscus.it,,,,,
info@vinicolonna.it,,,,,
info@casaalfonso.it,,,,,
pam_bateshydro@yahoo.co.uk,,,,,
laterrazza@bonapaceaccomodation.com,,,,,
ilpausillo@libero.it,,,,,
bbbonapace@tin.it,,,,,
commerciale@hotel-executive.com,,,,,
direzione@grandhotelfieramilano.com,,,,,
Auriga@Auriga-Milano.com,,,,,
crowneplaza.milan@crowneplaza.it,,,,,
info@canadahotel.it,,,,,
adlermil@tin.it,,,,,
info@agapehotel.com,,,,,
direzione@agapehotel.com,,,,,
info@aristonhotel.com,,,,,
manager@aristonhotel.com,,,,,
ariosto@brerahotels.it,,,,,
ariosto.manager@brerahotels.it,,,,,
carlyle@brerahotels.it,,,,,
carlyle.manager@brerahotels.com,,,,,
sales@brerahotels.it,,,,,
carlyle@brerahotels.com,,,,,
reservations@neweuropehotel.it,,,,,
reservations@ramadanaples.com,,,,,
sales@ramadanaples.com,,,,,
r.arciprete@neweuropehotel.it,,,,,
info@neweuropehotel.it,,,,,
bryan2003@virgilio.it,,,,,
crivis@tin.it,,,,,
prenotazioni@grandhotelpuccini.it,,,,,
reservation@grandhotelpuccini.it,,,,,
accounting@grandhotelpuccini.it,,,,,
galileo@milanhotel.it,,,,,
reservation@holidayinn-milano.it,,,,,
online@hotelliberty-milano.com,,,,,
manager@madisonhotelmilano.com,,,,,
prenotazioni@hotelnascomilano.it,,,,,
info@hotelterminalmilano.com,,,,,
greenhotel@tiscalinet.it,,,,,
hotelbagliori@tin.it,,,,,
info@hotelbagliori.it,,,,,
bwberlino@tiscali.it,,,,,
hc@hotelcampion.com,,,,,
info@hotelcanova.com,,,,,
hcs@hotelcittastudi.it,,,,,
info@clubhotelmilano.com,,,,,
htl.cristallo@libero.it,,,,,
info@hoteletrusco.it,,,,,
fenice@hotelfenice.it,,,,,
budari@libero.it,,,,,
andrea@villacolloredo.com,,,,,
info@hotellaninfa.it,,,,,
sunflower.hotel@tiscalinet.it,,,,,
info@hotelfloridamilan.com,,,,,
info@hoteledolo.com,,,,,
info@hotelfiorellamilano.it,,,,,
info@stelleseiano.com,,,,,
info@seghettipanichi.it,,,,,
mariarita@seghettipanichi.it,,,,,
info@hotelsabatino.it,,,,,
info@tiberiopalace.com,,,,,
info@mediterraneonapoli.com,,,,,
info@bbvillamagnolia.it,,,,,
navigli@bbhotels.it,,,,,
info@bbnavigli.it,,,,,
booking@bbnavigli.it,,,,,
info@ladolcevite.net,,,,,
dongiovannetti@hotmail.com,,,,,
info@bedandbread.it,,,,,
info@buonsoggiorno.it,,,,,
info@hotelmaxim.net,,,,,
info@hotelresidenza.com,,,,,
hotel.garda@traveleurope.it,,,,,
gattona@tele2.it,,,,,
info@hotelcarloterzo.it,,,,,
info@hotelclarean.it,,,,,
info@villabrocchi.it,,,,,
info@hotelsplendid.it,,,,,
info@hotelprati.it,,,,,
info@hotelsiri.it,,,,,
hotelsiri@hotmail.it,,,,,
info@hotelgaribaldinapoli.com,,,,,
walterego10@hotmail.com,,,,,
info@hotelcavournapoli.it,,,,,
hoteldelrealortobotanico@virgilio.it,,,,,
albergosangiorgio@inwind.it,,,,,
administration@hotelbritannique.it,,,,,
direzionedelaville@alice.it,,,,,
musicwalter@yahoo.it,,,,,
info@nuovorebecchino.it,,,,,
nuovorebecchino@napleshotels.na.it,,,,,
info@palazzoalabardieri.it,,,,,
d.molisso@palazzoalabardieri.it,,,,,
info@hotelleopardi.com,,,,,
info@hoteldomitiana.it,,,,,
info@hotelmergellina.it,,,,,
info@hoteldesartistesnaples.it,,,,,
info@costantinopoli104.it,,,,,
info@hotelguiren.it,,,,,
info@casa-rossi.com,,,,,
madrigale@madrigale.it,,,,,
info@letorridelgarda.com,,,,,
info@albergosanpaolo.it,,,,,
domenico@albergosanpaolo.it,,,,,
booking@hotel-villamedici.com,,,,,
info@bandbnapoli.it,,,,,
bnb@parteno.it,,,,,
info@hotelilconvento.com,,,,,
info@sea-hotels.com,,,,,
info@hotelmiramare.com,,,,,
reception@grandhoteleuropa.com,,,,,
info@hotelnesis.it,,,,,
info@hotelmexico.it,,,,,
hotelmilano@varenna.net,,,,,
villacap@hotelcapodimonte.191.it,,,,,
hotelpavone@tin.it,,,,,
info@lavilladegliargentieri.it,,,,,
enricodrovandi@hotmail.com,,,,,
info@gestgarda.it,,,,,
info@boffenigo.it,,,,,
info@hotelaquiladoro.com,,,,,
info@hoteldesenzano.it,,,,,
park@cerinihotels.it,,,,,
info@hotelpiccolavela.it,,,,,
villa-maria@gardalake.it,,,,,
info@villarosahotel.eu,,,,,
info@savoypalace.it,,,,,
info@hotelvillacapri.com,,,,,
info@vipsmotel.it,,,,,
info@westgardahotel.com,,,,,
info@hotelpotenza.it,,,,,
info@hotelbellarrivo.it,,,,,
info@greenparkhotel.com,,,,,
hotels.marco@tin.it,,,,,
albergobroglia@virgilio.it,,,,,
eden@cerinihotels.it,,,,,
info@hotelflaminia.it,,,,,
info@hotelolivi.com,,,,,
desenzano@gmail.com,,,,,
info@sirmione.com,,,,,
admiral@mistralhotels.com,,,,,
info@hotelbenaco.com,,,,,
info@hotelberta.it,,,,,
booking@hotelcity.it,,,,,
info@hotelcity.it,,,,,
h.europa@desenzano.com,,,,,
europa@numerica.it,,,,,
info@hotel-giardinetto.com,,,,,
info@hotelprimavera.it,,,,,
info@hotel-tripoli.it,,,,,
info@hotelvittorio.it,,,,,
alsazia@sirmione.net,,,,,
info@hotelarena.it,,,,,
fabiozan@lumetel.it,,,,,
info@hotelbolero.it,,,,,
hotel.chiara@gardalake.it,,,,,
info@europahotelsirmione.it,,,,,
gartenlido@libero.it,,,,,
info@hotelholiday.it,,,,,
info@hotellapaul.it,,,,,
pier@hotellapaul.it,,,,,
info@luganaparcoallago.com,,,,,
info@meridianahotel.net,,,,,
info@miragesirmione.it,,,,,
info@hotelportoazzurro.it,,,,,
info@hotelriel.it,,,,,
rossi@rossionline.it,,,,,
mistral@mistralhotels.it,,,,,
info@hotel-capri.com,,,,,
hotel@sanmarcobardolino.it,,,,,
hotelbelsito@gardacity.net,,,,,
info@hotelroma.info,,,,,
info@hotelpiroscafo.it,,,,,
zilianig@numerica.it,,,,,
info@fortunahotel.com,,,,,
info@hotelpuccini.it,,,,,
info@hotelsaraceno.it,,,,,
info@hotelfornaci.com,,,,,
cangrandehotel@tiscalinet.it,,,,,
info@hoteldaroberto.com,,,,,
info@hotel-lemura.com,,,,,
info@hotelsmeraldo.info,,,,,
gritti@parchotels.it,,,,,
hotelventaglio@tiscali.it,,,,,
info@san-pietro-hotel.com,,,,,
info@hotelbologna.info,,,,,
info@hotelidania.com,,,,,
albergoalcacciatore@tin.it,,,,,
bisesti@infogarda.com,,,,,
info@imperialgarda.com,,,,,
villamulino@villamulino.com,,,,,
hotelbenacus@lazise.com,,,,,
info@hotelflora.net,,,,,
info@mirohotel.com,,,,,
info@hotelcasamia.com,,,,,
info@hotellazise.it,,,,,
info@albergorosetta.it,,,,,
info@dolcicolli.com,,,,,
info@nettunoresidencehotel.it,,,,,
g.rossi@termedisirmione.com,,,,,
info@hotelidealsirmione.it,,,,,
gardavillage@gardavillage.it,,,,,
info@hotelabacus.com,,,,,
hotelalfieri@netmatica.it,,,,,
info@astorialido.it,,,,,
info@aurorasirmionehotel.it,,,,,
hotelcatullo@tiscalinet.it,,,,,
info@pacesirmione.it,,,,,
lorenzoronchi@libero.it,,,,,
info@hotesirmionederby.com,,,,,
hfb@termedisirmione.com,,,,,
giardino@sirmione.it,,,,,
hotelserenella@libero.it,,,,,
info@villamariahotel.com,,,,,
info@desenzanoplaza.it,,,,,
oliveto@hoteloliveto.it,,,,,
info@hotelalfiore.it,,,,,
info@hotel-garden.it,,,,,
hoteleuropeo@sea-hotels.com,,,,,
hoteloleandri@libero.it,,,,,
belvedere@cerinihotels.it,,,,,
sogno@cerinihotels.it,,,,,
mariangela13@aliceposta.it,,,,,
info@borgomontecucco.it,,,,,
info@allariviera.it,,,,,
info@hotel4stagioni.com,,,,,
info@hoteltoledo.com,,,,,
toledo@hclink.it,,,,,
reception@astrohotel.it,,,,,
info@casacuccaro.it,,,,,
info@hotelcaliforniapositano.it,,,,,
info@hotelmary.it,,,,,
hotel_firenze@hotelfirenzecontinentale.it,,,,,
laura@hotelfirenzecontinentale.it,,,,,
info@hotelziteresa.it,,,,,
info@lanticoconvitto.com,,,,,
pinellaporzio@hotmail.com,,,,,
enzo@emmevilabs.it,,,,,
info@hotelreginna.it,,,,,
prenotazioni@thebigresidence.com,,,,,
info@lamussia.it,,,,,
info@residenceborgodegliulivi.it,,,,,
borgodegliulivi@libero.it,,,,,
info@hoteltigullioroyal.it,,,,,
info@hotel-desiree.it,,,,,
info@hotelmavino.com,,,,,
hotelmavino@libero.it,,,,,
info@hotelmiramar.it,,,,,
info@hotelmonrepos.com,,,,,
info@ilgiardinodellerane.com,,,,,
hotel_lapineta@virgilio.it,,,,,
hotel_souvenir@yahoo.com,,,,,
info@villacaribe.it,,,,,
anticaterrazza@libero.it,,,,,
beb@ilparco.com,,,,,
info@visconti.info,,,,,
htouring@tin.it,,,,,
info@hotellavigna.it,,,,,
info@mondialhotel.it,,,,,
vesuviohotel@libero.it,,,,,
info@albergolunadimarzo.com,,,,,
hotel@thesaraceno.com,,,,,
info@residenceilconvento.com,,,,,
info@olgasresidence.com,,,,,
alfcarb@libero.it,,,,,
info@hotelcamasawalsa.com,,,,,
reservation.tp@framon-hotels.it,,,,,
reservation.bag@framon-hotels.it,,,,,
info@casachiarodiluna.it,,,,,
schilizzihotel@alice.it,,,,,
info@gymnasiumhotel.it,,,,,
info@hotelportadelsole.it,,,,,
amadeus@milanohotels.com,,,,,
info@hotel-marghera.com,,,,,
info@santercolano.com,,,,,
giacobbe.gerardo@fastwebnet.it,,,,,
villamarelea@libero.it,,,,,
info@grandhotelsantangelo.it,,,,,
booking@grandhotelsantangelo.it,,,,,
sleepingpositano@yahoo.it,,,,,
mazzoni.giu@tiscali.it,,,,,
info@lospite.com,,,,,
info@penisolainn.com,,,,,
alex@locanda.it,,,,,
info@milanapartmentrental.com,,,,,
info@hotelsienamilano.com,,,,,
info@eurohotelmilano.it,,,,,
scalanord@tin.it,,,,,
info@hotellombardia.com,,,,,
menhot@tin.it,,,,,
info@hotelmozartmilano.it,,,,,
alberto@hde.it,,,,,
info@hotel-rovello.it,,,,,
mariowam@tin.it,,,,,
illimoneto@tiscalinet.it,,,,,
info@lecisterne.com,,,,,
info@lavecchiapalma.com,,,,,
info@hotel20settembre.it,,,,,
info@katanepalace.it,,,,,
info@villaleclementine.it,,,,,
info@gianferrante.it,,,,,
info@hotel-olimpo.it,,,,,
reservations@hotelvictoria-torino.com,,,,,
gianlucaziveri@exclusiveinitaly.com,,,,,
hotelpalazzostelline@tin.it,,,,,
hotelgenius@tiscali.it,,,,,
edoardo.officioso@hyattintl.com,,,,,
h.mentanami@tiscali.it,,,,,
info@hotelcharly.com,,,,,
info@hotelsiredward.it,,,,,
hotelplazamilano@virgilio.it,,,,,
booking@hotelcolombiamilano.com,,,,,
info@giuliocesarehotel.it,,,,,
giallo81@msn.com,,,,,
info@villacarlasorrento.com,,,,,
booking@tophotelpark.it,,,,,
sales@tophotelpark.it,,,,,
info@hotelmontblanc.it,,,,,
vendite@hotelmontblanc.it,,,,,
direttore@hotelmontblanc.it,,,,,
info@domusnovaverona.it,,,,,
duetorri.verona@baglionihotels.com,,,,,
info@hotelcarina.net,,,,,
maggiore@hotelmaggiore.it,,,,,
info@corallomoneglia.it,,,,,
info@portofinohsg.it,,,,,
reservation@portofinohsg.it,,,,,
ristorantemontallegro@virgilio.it,,,,,
info@lacasadellestelle.it,,,,,
info@palazzococo.it,,,,,
info@sicilianbreak.com,,,,,
info@palazzomaria.it,,,,,
info@cefalu.it,,,,,
info@apartments-cefalu.com,,,,,
info@hotelcasapoli.it,,,,,
marketing@hotelcasapoli.it,,,,,
info@bristolparkhotel.com,,,,,
info@hotelsanrocco.it,,,,,
villas.francesco@libero.it,,,,,
townhouse12@townhouse.it,,,,,
patriziamarchei@tiscalinet.it,,,,,
patriziamarchei@gmail.com,,,,,
info@osolemiohotel.com,,,,,
info@lapreghiera.com,,,,,
labussola@albergolabussola.com,,,,,
info@ambassadorsuite.it,,,,,
info@ilcardoumbria.it,,,,,
info@hotelcortese.com,,,,,
info@hotelmilanosanremo.com,,,,,
agriturismoaurora@libero.it,,,,,
info@piandelbello.net,,,,,
informazioni@hotelneapolis.com,,,,,
info@petitpalais.it,,,,,
direttore@petitpalais.it,,,,,
casaisabella@tiscalinet.it,,,,,
casisabella@tiscali.it,,,,,
info@cistour.it,,,,,
direzione@messapia.net,,,,,
info@hotelseleniaresidence.it,,,,,
info@lamammola.com,,,,,
salvatorecollina@tiscali.it,,,,,
silvia.gualengi@gmail.com,,,,,
syylv@libero.it,,,,,
info@allarescossa.com,,,,,
cadgnese@agriturismo.com,,,,,
info@cadgnese.com,,,,,
lodialf@tin.it,,,,,
loggedelperugino@apiceweb.com,,,,,
info@poggiodellecivitelle.com,,,,,
info@iduecastagni.com,,,,,
info@magnoliasorrento.it,,,,,
info@cappellavecchia11.it,,,,,
info@rhlaville.it,,,,,
cutronaroberta@rhlaville.it,,,,,
info@masseriasanmartino.com,,,,,
l.tavassi@tiscali.it,,,,,
info@hotellosanna.com,,,,,
eliabed@libero.it,,,,,
info@bellagiosilvio.com,,,,,
info@lamaliosa.it,,,,,
info@casamaresca.it,,,,,
info@ilconvento.com,,,,,
info@hotelvietri.com,,,,,
info@vocedelmare.it,,,,,
info@victoria-hotel.it,,,,,
info@laminervetta.com,,,,,
info@lacasadelmelograno.it,,,,,
info@sea-fr.it,,,,,
lafinestrasulmare@hotmail.com,,,,,
info@lacasadamare.it,,,,,
info@ortoparadiso.com,,,,,
info@lorangerie.it,,,,,
michelapuglisi@hotmail.com,,,,,
info@scogliodegliachei.it,,,,,
direzione@scogliodegliachei.it,,,,,
info@villacenci.it,,,,,
direzionehotel@lachiusadichietri.it,,,,,
info@trulliholiday.com,,,,,
info@borgosanmarco.it,,,,,
info@grandhotelrosamarina.com,,,,,
info@daziagrazia.it,,,,,
mimma24@hotmail.it,,,,,
hotelnovecento@tiscali.it,,,,,
info@masseriamaccarone.it,,,,,
info@tenutadeserto.it,,,,,
info@baiataormina.com,,,,,
info@assinospalacehotel.com,,,,,
commerciale@hotelnaxosbeach.com,,,,,
info@villaagreste.it,,,,,
info@giardinodeigreci.com,,,,,
antonio@hotel-hellenia.it,,,,,
booking@hotel-hellenia.it,,,,,
info@santalphiohotel.com,,,,,
direzione@hoteltritonegiardininaxos.it,,,,,
reservation@hotelarathena.com,,,,,
nike@tao.it,,,,,
info@villaDeGiorgi.it,,,,,
info@masodivilla.it,,,,,
miramare@angalahotels.it,,,,,
montetauro@angalahotels.it,,,,,
info@hotelvillariis.com,,,,,
hotel@hotelvillaangela.com,,,,,
info@villafabbiano.com,,,,,
hotelparadiso@tao.it,,,,,
info@andromaco.it,,,,,
andromaco@tin.it,,,,,
info@belsoggiorno.com,,,,,
info@hoteldelcorsotaormina.com,,,,,
info@masseriaselvaggi.com,,,,,
info@masseriamontelauro.it,,,,,
reception@masseriabandino.it,,,,,
info@lacaravellapositano.com,,,,,
info@masseriapanareo.com,,,,,
info@siriushotel.it,,,,,
info@hotelsolecastello.com,,,,,
info@hotelvellodoro.com,,,,,
angelo.fresta@hotelvellodoro.com,,,,,
donnagiulia@supereva.it,,,,,
donnagiulia2004@libero.it,,,,,
info@macchiadipele.it,,,,,
solelunaegirasoli@libero.it,,,,,
info@trullidea.it,,,,,
info@trullidea.com,,,,,
dino@trullidea.com,,,,,
info@hotelalize.it,,,,,
direzione@hotel-aloha.it,,,,,
info@hotel-aloha.it,,,,,
reception@hotel-aloha.it,,,,,
prenotazione@hotel-aloha.it,,,,,
parkhotel@mail.gte.it,,,,,
info@laperlaionica.com,,,,,
info@itabacchi.it,,,,,
info@marinapalace.it,,,,,
congress@marinapalace.it,,,,,
albergoimalavoglia@tiscali.it,,,,,
info@presidentparkhotel.com,,,,,
calimera@calinnitta.com,,,,,
direttore@baiaverde.it,,,,,
sales@sheratoncatania.com,,,,,
info@parkhotelsilemi.com,,,,,
giadacingari@virgilio.it,,,,,
prenotazioni@capotaorminahotel.com,,,,,
htlcorallo@tiscali.it,,,,,
info@royalvictoria.com,,,,,
locanda@locanda.it,,,,,
paolamendola@ladimoradelgenio.it,,,,,
info@baiadeimulini.it,,,,,
amministrazione@baiadeimulini.it,,,,,
info@sanpietro.it,,,,,
saramontesanto@yahoo.it,,,,,
info@classicsuite.com,,,,,
belvedere@hotelvillabelvedere.it,,,,,
info@tutosa.it,,,,,
tutosa@libero.it,,,,,
info@hotelvillafernanda.it,,,,,
info@hoteliaccarino.it,,,,,
info@hotelresidencebellevue.it,,,,,
hotelbellevue@starnet.it,,,,,
info@pietradilunahotel.it,,,,,
info@miramaremaiori.it,,,,,
info@villacelentano.com,,,,,
residencevillarosa@tin.it,,,,,
residencevillarosa@tiscali.it,,,,,
reservation@orchidcorner.net,,,,,
info@ilrosetosorrento.com,,,,,
info@lanuitsorrento.it,,,,,
manager@sorrentorelais.com,,,,,
info@villacostanzo.com,,,,,
edmondoavitabile@virgilio.it,,,,,
villamaresca@tiscali.it,,,,,
georgiaiaccarino@libero.it,,,,,
info@casageorgia.it,,,,,
mariadamiani@lagallinafelice.com,,,,,
info@hotelfloridiana.it,,,,,
floridiana@hotelfloridiana.it,,,,,
info@masseriabosco.it,,,,,
piera@masseriabosco.it,,,,,
booking@hotelvillasonia.com,,,,,
info@hotelbristolcapri.com,,,,,
ilgabbiano@ilgabbianohotel.com,,,,,
info@villadecima.it,,,,,
donini.g@aliceposta.it,,,,,
prenotazione@stanzulelle.it,,,,,
info@iltrappetello.it,,,,,
info@peschierahotel.com,,,,,
info@torreturbolo.com,,,,,
info@villaggionettuno.it,,,,,
info@miramaresorrento.it,,,,,
info@casamaresca.com,,,,,
info@hotelgangi.it,,,,,
info@tenutamonacelle.it,,,,,
marketing@tenutamonacelle.it,,,,,
info@villapersico.com,,,,,
info@hotel-bellavista.org,,,,,
albergo.meneghet@libero.it,,,,,
hotel.adler@tin.it,,,,,
info@hotelmerloni.com,,,,,
info@rivierahotel-como.com,,,,,
info@hotelgarnicorona.com,,,,,
info@allatorretta.com,,,,,
giacomo.borelli@gmail.com,,,,,
acerorossobellagio@libero.it,,,,,
rl@lombardiacom.it,,,,,
info@ilcrottobellagio.com,,,,,
info@bellagioronchi.com,,,,,
info@bellagiopoint.com,,,,,
info@borgoresidence.it,,,,,
hausbethusy@bellagio.co.nz,,,,,
ficardi@vodafone.it,,,,,
infocasapini@libero.it,,,,,
info@casaleantonietta.com,,,,,
lucamontinaro@libero.it,,,,,
info@acqua-rossa.com,,,,,
info@laterrahotel.it,,,,,
parkhotel@lagrave.it,,,,,
info@casasorrentina.com,,,,,
palazzoderchia@tin.it,,,,,
info@hotelcavaliere.it,,,,,
info@hoteltramonto.it,,,,,
info@alterradimare.it,,,,,
info@floridaresidence.it,,,,,
cadenabbia@villalacollina.it,,,,,
info@lamaisondetitty.it,,,,,
eleanornani@hotmail.com,,,,,
info@casarosanna.it,,,,,
vapore@lariohotel.it,,,,,
info@hotelladarsena.it,,,,,
info@pompeihotel.com,,,,,
hoteldiana3@tin.it,,,,,
info@ilcasaleantico.com,,,,,
baiadelcapitano@baiadelcapitano.it,,,,,
seac@baiadelcapitano.it,,,,,
ederalex@tiscali.it,,,,,
hotelvilladeipini@libero.it,,,,,
info@bellolio.it,,,,,
masseriacappuccini@libero.it,,,,,
info@locandacostadamalfi.it,,,,,
info@caelia.it,,,,,
giovan.desimone@tiscali.it,,,,,
info@deinormanni.com,,,,,
parcooliva@simail.it,,,,,
info@cameraconvista.net,,,,,
info@villagoethe.it,,,,,
info@lacasadeimulini.it,,,,,
rugareali@virgilio.it,,,,,
info@abatemasseria.it,,,,,
reception@abatemasseria.it,,,,,
info@lamadiluna.com,,,,,
info@vignaledipirro.com,,,,,
info@licampi.com,,,,,
info@villamonicasorrento.com,,,,,
pasqualegrosso@virgilio.it,,,,,
ilecci@villailecci.it,,,,,
info@relaisvillavalentini.com,,,,,
info@villapaolotti.com,,,,,
gianlucaziveri@tiscali.it,,,,,
villa-aminta@villa-aminta.it,,,,,
booking@villa-aminta.it,,,,,
info@hotelmeandro.it,,,,,
info@lacamogliese.it,,,,,
info@lacapannadeiborgia.com,,,,,
info@hotelpresidentrieti.it,,,,,
info@ilmonachicchio.it,,,,,
info@grandhoteldaragona.it,,,,,
biagio@grandhoteldaragona.it,,,,,
reservations@hotelcaruso.net,,,,,
jdalesio@hotelcaruso.net,,,,,
hslucia@tiscalinet.it,,,,,
hslucia@tiscali.it,,,,,
info@hotelpietrenere.it,,,,,
liulamp@libero.it,,,,,
info@bbwelcome.com,,,,,
info@masserialimbitello.com,,,,,
masseriapagani@libero.it,,,,,
info@lestanzedelmonsignore.it,,,,,
bbbellini@virgilio.it,,,,,
torrettasalentina@gmail.com,,,,,
info@glamourapartments.it,,,,,
marco@glamourapartments.it,,,,,
marinaviapiano@suitehomes-milan.com,,,,,
info@suitehomes.it,,,,,
marcoviapiano@suitehomes-milan.com,,,,,
sergio@hotelsaline.com,,,,,
info@hotelsaline.com,,,,,
info@villachiarenza.it,,,,,
info@isoco.it,,,,,
info@johannapark.it,,,,,
info@britanniahotel.191.it,,,,,
info@hoteldelmare.com,,,,,
info@hotelgardenia.com,,,,,
info@hotelleone.com,,,,,
info@plazasorrento.com,,,,,
info@hotelsettimocielo.com,,,,,
donalfonso@sorrentotour.it,,,,,
info@tassohouse.com,,,,,
info@villanna.com,,,,,
info@hotelancora.it,,,,,
h.astoria@stresa.net,,,,,
info@hotelcannobio.com,,,,,
info@hlapalma.it,,,,,
stefano@hlapalma.it,,,,,
belvedere@pallanzahotels.com,,,,,
info@hotelsantanna.it,,,,,
holiday@villa-margherita.it,,,,,
villamargherita@libero.it,,,,,
info@pironihotel.it,,,,,
info@hotelcampagna.it,,,,,
info@hvk.it,,,,,
elena@zaccherahotels.com,,,,,
info@bbodyssea.com,,,,,
info@zaccherahotels.it,,,,,
info@lawrencetaormina.com,,,,,
h.regina@stresa.net,,,,,
info@italiesuisse.com,,,,,
dellatorre@stresa.net,,,,,
info@duparc.it,,,,,
moderno@hms.it,,,,,
request@hotelroyalstresa.com,,,,,
h.piccololago@stresa.net,,,,,
ilmonterosso@iol.it,,,,,
info@grandhotelmajestic.it,,,,,
sales@grandhotelmajestic.it,,,,,
reception@grandhotelmajestic.it,,,,,
direzione@grandhotelmajestic.it,,,,,
info@hotelghiffa.com,,,,,
info@villabelvederehotel.it,,,,,
hotelmacmahon@tiscali.it,,,,,
info@hotelmacmahon.it,,,,,
reception@astorverbania.it,,,,,
info@hotelvillaparadiso.com,,,,,
info@residencefiori.it,,,,,
marcoadami@residencefiori.it,,,,,
cortilecannero@libero.it,,,,,
dellagohotel@libero.it,,,,,
enotecadellago@libero.it,,,,,
chiostrovb@chiostrovb.it,,,,,
info@villacarlotta-belgirate.com,,,,,
info@savoiapositano.it,,,,,
info@casangelina.com,,,,,
info@lesirene.com,,,,,
info@alpescedoro.it,,,,,
info@hotelilnido.it,,,,,
info@ilcasale.it,,,,,
info@villaida.it,,,,,
info@hotelsoleado.com,,,,,
info@albergovictoria.it,,,,,
hme@taorminahotels.com,,,,,
hlm@taorminahotels.com,,,,,
info@hotelvillachiara.com,,,,,
info@hotelsplendidtao.com,,,,,
villagreta@libero.it,,,,,
info@alterrazzo.com,,,,,
andrew79@tiscali.it,,,,,
sorgente@la-sorgente.net,,,,,
cundariinnhotel@holidaysrl.com,,,,,
info@villadegliaranci.it,,,,,
leflora@yahoo.com,,,,,
bb@laluna-nelpozzo.net,,,,,
info@villaschiticchiu.it,,,,,
info@hotelvillacaterina.it,,,,,
lilianacagnone@villagiannina.com,,,,,
info@villagiannina.com,,,,,
info@agriturismovalverde.com,,,,,
info@hotel-maugeri.it,,,,,
prenotazioni@hotel-maugeri.it,,,,,
info@amalfivacation.it,,,,,
info@residenzapatrizia.com,,,,,
info@villaannalara.it,,,,,
annalara@starnet.it,,,,,
ariston@parchotels.it,,,,,
excelsior@tao.it,,,,,
info@hotelvillaesperia.com,,,,,
reservations@ragostahotels.com,,,,,
sales.leisure@ragostahotels.com,,,,,
info@baypalacehotel.it,,,,,
info@terrazzaalcala.it,,,,,
info@castellodisangiorgio.it,,,,,
info@bblagodicomo.it,,,,,
info@conchigliazzurra.com,,,,,
info@hyencos.com,,,,,
prenotazioni@hyencos.com,,,,,
valleclavia@grupposaccia.it,,,,,
info@grupposaccia.it,,,,,
info@serritella.it,,,,,
info@milansperanza.it,,,,,
info@ilparcodegliulivi.it,,,,,
info@hotelsovrano.it,,,,,
info@capocasale.it,,,,,
info@hoteldellerba.it,,,,,
info@ramahotels.com,,,,,
colledelsole@libero.it,,,,,
info@hotelcolledelsole.it,,,,,
info@villaduse.it,,,,,
masseriacasamassima@libero.it,,,,,
alcason@hotelalcason.com,,,,,
info@hotelalcason.com,,,,,
htl.ladarsena@tiscali.it,,,,,
info@hotelbianco.it,,,,,
info@appide.it,,,,,
info@cardigliano.it,,,,,
villagesi@villagesi.it,,,,,
info@hotelincanto.it,,,,,
info@ilmelogranohotel.it,,,,,
centroprenotazioni@attiliocaroli.it,,,,,
info@attiliocaroli.it,,,,,
terminal@attiliocaroli.it,,,,,
lesirenuse@attiliocaroli.it,,,,,
bellavistaclub@attiliocaroli.it,,,,,
jolipark@attiliocaroli.it,,,,,
info@hotelpiemontese.it,,,,,
commerciale@hotelpiemontese.it,,,,,
piemontese.to@bestwestern.it,,,,,
agriturismo.salinola@tin.it,,,,,
info@parkhotelsm.it,,,,,
info@hoteledentorrecanne.it,,,,,
info@inncentro.it,,,,,
info@torreduepani.com,,,,,
info@casapacio.it,,,,,
brunacranchi@tiscali.it,,,,,
info@hotelramapendula.it,,,,,
info@hotelminervabrindisi.it,,,,,
mediterraneo@capri.it,,,,,
info@trullisanleonardo.it,,,,,
info@masseriaserradellisola.it,,,,,
ritaguastamacchia@masseriaserradellisola.it,,,,,
info@masseriauliveto.it,,,,,
info@dimoradelsole.com,,,,,
cristian@bbinthesun.com,,,,,
coliselli2@hotmail.com,,,,,
info@suitehotelnettuno.com,,,,,
hotelaurora@hotelaurorasl.com,,,,,
info@hotelceleste.com,,,,,
albergoelisabetta@libero.it,,,,,
info@hotelristorantegenova.it,,,,,
almare@rainbownet.it,,,,,
mirahotel@libero.it,,,,,
info@hotelsereno.com,,,,,
dariarta@residencedaria.com,,,,,
marinahotel@marinahotel.it,,,,,
info@casmona.com,,,,,
stellamaris@meyerhoff.net,,,,,
aymara@iol.it,,,,,
info@camogliroberto.it,,,,,
prenota@santeligiorelais.it,,,,,
direzione@santeligiorelais.it,,,,,
info@santeligiorelais.it,,,,,
lameridiana@attiliocaroli.it,,,,,
info@parcolafenice.it,,,,,
info@masseriamofetta.it,,,,,
info@cuordipuglia.it,,,,,
hoteldonatello@tin.it,,,,,
relais@pugliagranturismo.it,,,,,
info@ilpalmento.com,,,,,
oscar.k@libero.it,,,,,
info@hotelarenal.it,,,,,
hotel-tirreno@libero.it,,,,,
direzione@hoteleuropa-rapallo.com,,,,,
hotel.ambra@libero.it,,,,,
hotelbelsit@libero.it,,,,,
info@hotelclaridgerapallo.it,,,,,
mignonposta@rivieradellevante.it,,,,,
hotelprimosole@libero.it,,,,,
san.desiderio@tele2.it,,,,,
info@villamarosa.it,,,,,
hotelziapiera@libero.it,,,,,
info@hoteldoriachiavari.it,,,,,
hotelnuovosanpietro@libero.it,,,,,
hotel-tesoro@yahoo.it,,,,,
info@hotelazagli.it,,,,,
info@lapaggeria.com,,,,,
info@holidayinaples.it,,,,,
reservations@holidayinaples.it,,,,,
info@ostelliere.it,,,,,
reservations@ostelliere.it,,,,,
e.martinuz@ostelliere.it,,,,,
cardinaletony@interfree.it,,,,,
info@villagaiahotel.it,,,,,
Info@rivadelsole.com,,,,,
info@touristhotel.it,,,,,
info@htlmediterraneo.it,,,,,
mediterraneo.hotel@libero.it,,,,,
chr@carltonhotelriviera.it,,,,,
info@hotel-costaverde.it,,,,,
info@lesabbiedoro.it,,,,,
dgarden@fiesta-hotels.com,,,,,
info@dolcevitabb.it,,,,,
stefanoterracina@libero.it,,,,,
crazyninny@libero.it,,,,,
vallegrande@virgilio.it,,,,,
booking@alberidelparadiso.it,,,,,
hotel-lagiara@libero.it,,,,,
calette@lecalette.it,,,,,
hotelalpescatore@hotmail.com,,,,,
info@pensionedellerose.it,,,,,
ferraralorella@tiscali.it,,,,,
rosmarinopark@interfree.it,,,,,
info@villaanita.com,,,,,
santandrea@gaglio.it,,,,,
petrullipatrizia@tiscali.it,,,,,
info@albergobaiaverde.it,,,,,
santalucia30@hotmail.com,,,,,
info@hoteltartaruga.it,,,,,
hotelmulino@tin.it,,,,,
amatohotel@tiscalinet.it,,,,,
hotelnettuno@virgilio.it,,,,,
nuovo.hotelfaro@tiscalinet.it,,,,,
villa.nazareth@tiscali.it,,,,,
pmilio@enterprisenet.it,,,,,
info@villabency.com,,,,,
villabency@yahoo.it,,,,,
penny02@virgilio.it,,,,,
francesca_gentile@tin.it,,,,,
gardenresidence@virgilio.it,,,,,
kienkio@virgilio.it,,,,,
albergomilocca@libero.it,,,,,
info@santa-anastasia-relais.it,,,,,
villalevante@virgilio.it,,,,,
info@garibaldibeb.it,,,,,
info@casalegalati.it,,,,,
master@casalegalati.it,,,,,
p.donghia@inwind.it,,,,,
letrecentofronde@tiscali.it,,,,,
info@masseriapiccola.it,,,,,
info@latrullarella.it,,,,,
labbruto@motolese.net,,,,,
baba2000@tiscalinet.it,,,,,
avvpaolo@libero.it,,,,,
info@hotelenrichetta.com,,,,,
massimo@sicilianbreak.com,,,,,
masserialemonache@tiscali.it,,,,,
info@hotelpalacevarazze.it,,,,,
info@hotelperusia.it,,,,,
info@relaisreginagiovanna.it,,,,,
reservation@relaisreginagiovanna.it,,,,,
m.benardelli@relaisreginagiovanna.it,,,,,
a.deluca@hotelparcoprincipi.com,,,,,
c.mazzola@relaisreginagiovanna.it,,,,,
info@apprododellesirene.com,,,,,
info@bbprestige-lecce.it,,,,,
antopane@tiscali.it,,,,,
info@residencelincanto.com,,,,,
info@dimoraceleste.it,,,,,
info@hotelcharleston.it,,,,,
info@tenutamonacelli.com,,,,,
agrilalobra@libero.it,,,,,
info@lalobra.it,,,,,
info@hotelnapoliborgoantico.com,,,,,
info@saurushotel.it,,,,,
info@pompeihotelvittoria.com,,,,,
info@pompeihotelpalma.com,,,,,
info@maiuri.it,,,,,
info@hotelsantacaterinapompei.com,,,,,
info@hoteliside.it,,,,,
clubquadrifoglio@libero.it,,,,,
rccilquadrifoglio@libero.it,,,,,
info@casecosi.it,,,,,
info@gelsobianco.it,,,,,
holidayinn.bolognaemilia@alliancealberghi.com,,,,,
info@covodeisaraceni.com,,,,,
maggiore.bo@bestwestern.it,,,,,
info@residence3m.it,,,,,
lacasasulmare@virgilio.it,,,,,
holidayinn.linate@alliancealberghi.com,,,,,
hotelmontini@hotelmontini.com,,,,,
info@countryhotelborromeo.com,,,,,
reservations@countryhotelborromeo.com,,,,,
novotel.milanoest@accor-hotels.it,,,,,
info@firsthotel.it,,,,,
info@hoteldeicongressi.it,,,,,
mail@hotelvillasavoia.com,,,,,
info@savhotel.it,,,,,
direzione@savhotel.it,,,,,
reservation@savhotel.it,,,,,
reservation@artua.it,,,,,
infohotel@unodinoicom.it,,,,,
info@badcatania.it,,,,,
albrist@felicin.it,,,,,
info@bbvillasurya.com,,,,,
info@hoteleva.net,,,,,
info@ifioridinapoli.it,,,,,
roberta.grassi@fastwebnet.it,,,,,
info@artsuitebbnapoli.it,,,,,
bbartsuite@hotmail.it,,,,,
info@villamilu.com,,,,,
info@hoteledennapoli.it,,,,,
info@villacornarea.com,,,,,
info@albergocentralebologna.it,,,,,
info@hotel-trieste.it,,,,,
info@gardenlido.com,,,,,
info@maxim-hotel.it,,,,,
info@hotel-fontana.it,,,,,
xxx@xxx.com,,,,,
info@palazzodellamarra.com,,,,,
gerardofoti@inwind.it,,,,,
info@casalottoinn.com,,,,,
prenotazioni@casalottoinn.com,,,,,
info@hotelestense.com,,,,,
info@canalgrandehotel.it,,,,,
amministrazione@canalgrandehotel.it,,,,,
info@casadicampagnabb.com,,,,,
info@mamicamilla.com,,,,,
info@sorrentoholiday.it,,,,,
postmaster@villaemanuela.com,,,,,
villapane@villapane.it,,,,,
info@villakalimera.it,,,,,
elviradea@libero.it,,,,,
info@residenzamaresca.com,,,,,
monplaisir@tin.it,,,,,
info@carasco.it,,,,,
info@carasco.com,,,,,
info@carasco.org,,,,,
info@albergobristol.it,,,,,
info@relaisblu.com,,,,,
vallemaira@tiscalinet.it,,,,,
info@dangelopalacehotel.it,,,,,
hotelsmarketing@yahoo.it,,,,,
morrenafrancis@btinternet.com,,,,,
info@villapollio.it,,,,,
albertrusso@tin.it,,,,,
info@casamazzola.it,,,,,
ugomazzola@hotmail.com,,,,,
sales@villatitina.com,,,,,
info@rivierahotels.it,,,,,
casamannini@rivierahotels.it,,,,,
info@ilcanticodellanatura.it,,,,,
info@palazzolovera.com,,,,,
sabrinacamillini@grandaconvegni.com,,,,,
info@ladogliola.it,,,,,
info@hoteleliseoparks.com,,,,,
salvatoresavarese1@virgilio.it,,,,,
info@hoteleliseoparks.it,,,,,
lucia@piccoloblu.it,,,,,
luchinamo@libero.it,,,,,
info@casadominova.com,,,,,
prenotazioni@hotelbostontorino.it,,,,,
commerciale@hotelbostontorino.it,,,,,
info@hoteleuropa-sml.it,,,,,
lapiazzetta.le@libero.it,,,,,
info@hotelossidiana.it,,,,,
fabiobergamo@yahoo.it,,,,,
info@hotelsoleluna.it,,,,,
hotel@castelbrando.it,,,,,
e.mazzocco@castelbrando.it,,,,,
hotel.amm@castelbrando.it,,,,,
info@portasole.com,,,,,
locandailsenatore@virgilio.it,,,,,
ilmulino@tin.it,,,,,
guseppe@libero.it,,,,,
genova_marina@jollyhotels.com,,,,,
genova@jollyhotels.it,,,,,
info@columbussea.com,,,,,
direzione@sheratongenova.com,,,,,
city.ge@bestwestern.it,,,,,
info@hotelsavoiagenova.it,,,,,
acgenova@ac-hotels.com,,,,,
info@ramadagenova.com,,,,,
info@aquilareale.com,,,,,
info@hotelhelvetiagenova.it,,,,,
info@vittoriaorlandini.com,,,,,
prenotazioni@hotelcaporossello.it,,,,,
info@hotelcaporossello.it,,,,,
townhouse70@townhouse.it,,,,,
info@hotelurbani.it,,,,,
info@hotellaurens.it,,,,,
info@hotelbristolvietri.com,,,,,
info@hotelverona.it,,,,,
maxim@maximverona.it,,,,,
info@masseriatorremaizza.com,,,,,
majestic@toscanelli.com,,,,,
hotele@protec.it,,,,,
info@hotelsantantonio.it,,,,,
info@palazzovingius.it,,,,,
info@holidaysficodindia.it,,,,,
info@alpensuitehotel.it,,,,,
hotelbologna@tin.it,,,,,
hotel@gabarda.it,,,,,
hoteldonatello@hoteldonatello.com,,,,,
info@hoteldonatello-mo.it,,,,,
info@hotelvillaricheldi.it,,,,,
info@hotelcastello-mo.it,,,,,
giada@libero.it,,,,,
ramadafiera@fabbrihotels.com,,,,,
c.belingheri@fabbrihotels.com,,,,,
info@hotelprincipe.mo.it,,,,,
bologna@jollyhotels.com,,,,,
excelsior.bo@starhotels.it,,,,,
info@hotelmontemezzi.it,,,,,
direzione@hotelmontemezzi.it,,,,,
info@hotelmarchi.it,,,,,
info@hoteleuropa.it,,,,,
info@hotelstelladitalia.com,,,,,
deborah@valtline.it,,,,,
info@villapandora.it,,,,,
info@hotelmantegna.it,,,,,
info@hoteldantemn.it,,,,,
hotel@hotelsanlorenzo.it,,,,,
info@hotelbroletto.com,,,,,
info@larginefiorito.it,,,,,
info@hoteltorredimilo.it,,,,,
info@hotelderosa.it,,,,,
info@albergobianchi.com,,,,,
bianchi.hotel@tin.it,,,,,
info@hotelcristallomantova.it,,,,,
info@giuliettaeromeo.com,,,,,
cavara@giuliettaeromeo.com,,,,,
info@hotelpalacebologna.it,,,,,
info@hotelparadisebologna.it,,,,,
info@ac-hotels.com,,,,,
acvicenza@ac-hotels.com,,,,,
info@hotelmetropolis.it,,,,,
notarie@albergonotarie.it,,,,,
contatti@scudodifrancia.com,,,,,
e.casadei@myhotelsresorts.com,,,,,
info@lerisaie.it,,,,,
villa.tacchi@antichedimore.com,,,,,
roma.imperiale@antichedimore.com,,,,,
grandhotel.nuove.terme@antichedimore.com,,,,,
info@sanlorenzobormio.it,,,,,
baitapini@hotw.it,,,,,
baitadeipini@baitadeipini.com,,,,,
info@palazzotalamo.it,,,,,
info@cristallohotelresidence.it,,,,,
info@palacebormio.it,,,,,
hotelposta@bormio.it,,,,,
info@reziahotel.it,,,,,
info@santanton.com,,,,,
alpigolf@bormio.it,,,,,
ambassador@valtline.it,,,,,
info@bormio-ambassador.it,,,,,
info@baitaclementi.com,,,,,
info@baitademario.com,,,,,
cervo@bormio.it,,,,,
hotelcervo@valtline.it,,,,,
info@hotelfunivia.it,,,,,
info@genzianella.com,,,,,
info@laricebianco.it,,,,,
miramonti@miramontibormio.it,,,,,
info@hotel-miravalle.com,,,,,
info@anzibormio.com,,,,,
hotelolimpia@valtline.it,,,,,
info@hotelvillamargherita.it,,,,,
booking@lungolivigno.com,,,,,
fabio@lungolivigno.com,,,,,
hotelconcordia@lungolivigno.com,,,,,
info@flora-hotel.it,,,,,
info@hotelinteralpen.it,,,,,
info@hotelresidencemeeting.com,,,,,
info@pedrana.com,,,,,
info@amerikan.it,,,,,
direzione@hotelbaitamontana.com,,,,,
hotelposta@livnet.it,,,,,
info@hotelspol.it,,,,,
info@touringlivigno.com,,,,,
info@hotelcervo.net,,,,,
info@hoteladele.it,,,,,
info@albahotel.com,,,,,
info@hotelclubalexander.com,,,,,
info@halpenrose.com,,,,,
info@alpinahotel.it,,,,,
info@hastoria.it,,,,,
info@astralivigno.com,,,,,
holiday@hotelbivio.it,,,,,
info@bucaneve.it,,,,,
info@camanaveglia.com,,,,,
hcassana@livnet.it,,,,,
info@hotelcompagnoni.com,,,,,
info@cristallolivigno.it,,,,,
info@hotelcrosal.com,,,,,
info@reginagiovanna.it,,,,,
info@europalivigno.it,,,,,
info@hotelgalli.com,,,,,
info@hotelgardenlivigno.com,,,,,
helvetia@livnet.it,,,,,
panorama@livnet.it,,,,,
info@kronehotel.com,,,,,
info@labaitalivigno.it,,,,,
info@marziahotel.it,,,,,
info@hotelalplan.it,,,,,
info@borgodilanciano.it,,,,,
hotelcostanza@faifer.it,,,,,
hdaniela@livnet.it,,,,,
info@francesin.it,,,,,
info@lasuisse.it,,,,,
info@garnilarice.it,,,,,
info@garnioasi.it,,,,,
piccolomondo@livnet.it,,,,,
info@hotelroberta.it,,,,,
info@rindarin.it,,,,,
info@livigno.net,,,,,
calanda@livnet.it,,,,,
info@lacambra.it,,,,,
info@baitdapemont.com,,,,,
info@hotelsilvestri.it,,,,,
info@santacaterina.com,,,,,
info@nordik.it,,,,,
info@compagnoni.net,,,,,
hotcompa@valtline.com,,,,,
info@hotelsmatteo.com,,,,,
info@hotelgenzianella.com,,,,,
htlmilano@libero.it,,,,,
info@hotelcevedale.com,,,,,
info@baitasciatori.it,,,,,
ramadaemilia@fabbrihotels.com,,,,,
cassioinfo@bebcassio.com,,,,,
villascati@tiscali.it,,,,,
info@hotelnice.it,,,,,
francesca@hotelnice.it,,,,,
alfonso@hotelnice.it,,,,,
info@ecodell800.it,,,,,
booking@valfin.it,,,,,
giacomo@valfin.it,,,,,
booking3@scipas.com,,,,,
info@erker.it,,,,,
info@baitdarez.com,,,,,
info@alpiresidence.com,,,,,
info@residenceortles.it,,,,,
residencevalfurva@tiscali.it,,,,,
info@chaletbucaneve.it,,,,,
ginepro@valtline.it,,,,,
andreolav@libero.it,,,,,
info@chaletprimula.com,,,,,
villavinco@villavinco.it,,,,,
info@androni.it,,,,,
elicrim@libero.it,,,,,
casasorrentino@sorrentotour.it,,,,,
info@relaisfrancesca.com,,,,,
info@demariahouse.net,,,,,
info@residencelavetreria.com,,,,,
booking@residencelavetreria.com,,,,,
reservations@hotelraito.it,,,,,
web@hotelraito.it,,,,,
reception@hotelcostazzurra.it,,,,,
info@agrigento-sicily.it,,,,,
info@chaletdelsole.com,,,,,
info@agrituristgalli.com,,,,,
worldby@agrituristgalli.com,,,,,
info@lungolivigno.com,,,,,
pare@lungolivigno.com,,,,,
hotelstmichael@livignohotel.com,,,,,
lachiusadellemore@libero.it,,,,,
info@castellanivittorio.com,,,,,
cudoris@tiscali.it,,,,,
nuovavilla@lungolivigno.com,,,,,
lacsalin@lungolivigno.com,,,,,
info@hoteldiablo.it,,,,,
reservation@torredicesare.net,,,,,
info@ortigiaseaview.it,,,,,
albergosagna@libero.it,,,,,
info@villatresjolie.com,,,,,
info@villastarace.it,,,,,
info@bedandbreakfastmirella.it,,,,,
info@castelvenezze.it,,,,,
info@chevalblanc.it,,,,,
info@castellodipavone.com,,,,,
barbara.pisanu@gardaland.it,,,,,
giovanni.cavalli@gardaland.it,,,,,
info@hotelsavoysestriere.com,,,,,
info@shackleton-resort.it,,,,,
info@residencealouette.com,,,,,
info@casadicaccia.it,,,,,
eurolido@myhotelsresorts.com,,,,,
info@postumiahoteldesign.it,,,,,
villaducale@myonehotel.it,,,,,
lacollina2@yahoo.it,,,,,
bbilnidodelmerlo@tiscali.it,,,,,
info@lapalma.it,,,,,
info@lunahotelmotel.it,,,,,
info@ramadaticinumhotel.it,,,,,
reception@regina-palace.it,,,,,
info@valgrandehotel.it,,,,,
albergoriva@virgilio.it,,,,,
hotel@hotelalpi.biz,,,,,
info@alpinohotel.it,,,,,
info@anticastallera.com,,,,,
info@arieshotel.net,,,,,
info@villaazalea.com,,,,,
hotel@belvedere-isolapescatori.it,,,,,
info@hotelristorantebelvedere.it,,,,,
info@hotelbostonstresa.com,,,,,
info@hotelbrisino.com,,,,,
info@concazzurra.it,,,,,
paradiso@intercom.it,,,,,
info@elveziahotel.com,,,,,
mad.neve@libero.it,,,,,
cristina@albergosole.it,,,,,
hotelbussola@yahoo.it,,,,,
arte@myonehotel.it,,,,,
arte@myhotels.it,,,,,
info@casaevela.it,,,,,
info@hotelmoderno.biz,,,,,
info@premeno.com,,,,,
info@hotel3re.it,,,,,
coliselli3@hotmail.com,,,,,
info@albergobussola.com,,,,,
info@hotelvillalindacomo.it,,,,,
info@iseolagohotel.it,,,,,
info@albergomiranda.it,,,,,
info@arabafenicehotel.it,,,,,
info@franciacortagolfhotel.it,,,,,
info@hotelsebino.it,,,,,
ulivihotel@libero.it,,,,,
info@rivalago.it,,,,,
info@fontanasanta.it,,,,,
hotelrotelli@libero.it,,,,,
hotelalmici@tiscali.it,,,,,
ristoranteorazio@libero.it,,,,,
info@hoteldellangelo.com,,,,,
albergopiramidi@virgilio.it,,,,,
info@bblacascina.it,,,,,
info@ilcentrale.net,,,,,
info@giardinolago.com,,,,,
bellavistabandb@libero.it,,,,,
sarnico@borgodeilantieri.it,,,,,
ristorantelacontrada@tiscali.it,,,,,
prof.antonelli@virgilio.it,,,,,
ornato@minihotel.it,,,,,
laspezia@minihotel.it,,,,,
aosta@minihotel.it,,,,,
portello@minihotel.it,,,,,
tiziano@minihotel.it,,,,,
residences@minihotel.it,,,,,
milano@fourseasons.com,,,,,
cervo@milanhotel.com,,,,,
residencegolfhotel@milanhotel.com,,,,,
sporting@milanhotel.com,,,,,
direzione.sporting@milanhotel.com,,,,,
studios@milanhotel.com,,,,,
info@abchotel.it,,,,,
info@alberthotel.it,,,,,
algahotel@libero.it,,,,,
laspezia@myonehotel.it,,,,,
laspezia@myhotels.it,,,,,
giuseppebaiera@libero.it,,,,,
hotelambrosiana@libero.it,,,,,
info@milanohotelamerica.com,,,,,
express.reggioemilia@metha.com,,,,,
info@hotelarizonamilan.com,,,,,
alfogher.tv@bestwestern.it,,,,,
hotelasp@tin.it,,,,,
astrahotel@aruba.it,,,,,
info@hotelatena.com,,,,,
hotelbolzano21@hotmail.com,,,,,
info@hotelbonola.com,,,,,
info@hotelbuenosaires-milano.com,,,,,
hcs@hotecittastudi.it,,,,,
corallo@hotelcorallomilano.it,,,,,
hotel.dateo@agora.stm.it,,,,,
info@hoteldelizia.com,,,,,
demidoff@milanohotels.com,,,,,
reception@hoteldestemilano.it,,,,,
info@hoteldover.com,,,,,
hotelduca@hotelduca.com,,,,,
info@hoteleden.mi.it,,,,,
hotelgala@tin.it,,,,,
htlgamma@tin.it,,,,,
h.gelsomina@tiscali.it,,,,,
info@giardinohotel.it,,,,,
hotelgransasso@tiscalinet.it,,,,,
ibis.milanocentro@accor-hotels.it,,,,,
info@hotelidealemilano.it,,,,,
hoteliride@yahoo.it,,,,,
info@hoteljohnny.com,,,,,
hotelkennedy@galactica.it,,,,,
info@hotellapace.com,,,,,
lavignetta@libero.it,,,,,
info@hotelpaola.it,,,,,
info@hotellancaster.it,,,,,
info@hotellequercemilano.it,,,,,
hotel.london@traveleurope.it,,,,,
hotelloreto@tin.it,,,,,
info@luganohotel.net,,,,,
major.mi@bestwestern.it,,,,,
hotelmalta@hotmail.com,,,,,
hotel.manzoni@tin.it,,,,,
info@hotelmarte.it,,,,,
info@hotelmayorca.it,,,,,
hotel.mazzini@agora.stm.it,,,,,
hotelmec@tiscalinet.it,,,,,
info@hotel-medusa.it,,,,,
booking@hotelmercuremilanocentro.it,,,,,
hotelmetro@tin.it,,,,,
michelangelo@MilanHotel.it,,,,,
hotelmignon@tin.it,,,,,
mirage@gruppomirage.it,,,,,
mistralh@tin.it,,,,,
hotelmolise2@virgilio.it,,,,,
hotelnapoli.snc@libero.it,,,,,
hotelnuovometro@esaplanet.it,,,,,
hotel@hotelmonopole.com,,,,,
info@hotelperugino.it,,,,,
hotelpiacenza@tin.it,,,,,
info@hotelpiemonte.it,,,,,
prosposi@tin.it,,,,,
h.rallye@tiscalinet.it,,,,,
simone.salvatori@metha.com,,,,,
direzione@albergorio.it,,,,,
info@ritter-hotel.com,,,,,
info@hotelromamilan.com,,,,,
info@hotelroxy.it,,,,,
gitsrl@libero.it,,,,,
info@hotel-santamarta.it,,,,,
info@hotelsara.it,,,,,
reservation@hotelstar.it,,,,,
info@hotelteco.it,,,,,
direttore@hotelteco.it,,,,,
booking@hotelteco.it,,,,,
info@thebesthotel.it,,,,,
info@hotellariva.com,,,,,
palladio@tao.it,,,,,
info@hotel-alexander-giardini-naxos.it,,,,,
info@ramada.it,,,,,
hotelbaiadeglidei@virgilio.it,,,,,
info@kaloshotel.it,,,,,
info@bbvicobusco.it,,,,,
info@villevieille.it,,,,,
marami@arte.it,,,,,
portoazzurro@tiscali.it,,,,,
info@hotelsabbiedoro.it,,,,,
info@hotelvillafenaroli.com,,,,,
info@hoteldiana.com,,,,,
info@aparthotelgioia.com,,,,,
info@aretusavacanze.com,,,,,
info@legiare.org,,,,,
lauramotta2004@yahoo.it,,,,,
lauramotta@hotmail.com,,,,,
hoteltouringme@virgilio.it,,,,,
sicily@parkhotel.it,,,,,
info@gaishotels.com,,,,,
isabella@gaishotels.com,,,,,
info@isola-bella.it,,,,,
info@pensioneadele.it,,,,,
info@cableway.it,,,,,
info@hotelvillagaia.com,,,,,
info@villasara.net,,,,,
info@lecasedelprincipe.it,,,,,
mursiahotel@pantelleria.it,,,,,
porthotel@pantelleria.it,,,,,
miryamhotel@tiscalinet.it,,,,,
info@quartarahotel.com,,,,,
hycesia@netnet.it,,,,,
solaf.bg@bestwestern.it,,,,,
info@hotelsangiusto.it,,,,,
info@hoteldesroses.com,,,,,
info@villapoliti.com,,,,,
direzione@villapoliti.com,,,,,
alvecchiopioppo@alice.it,,,,,
info@tenutamandredelre.it,,,,,
tripodi.pf@tin.it,,,,,
info@piuhotels.com,,,,,
castellodifelino@piuhotels.com,,,,,
pgandini@libero.it,,,,,
hotel.sudovest@tin.it,,,,,
hotelborgosereno@email.it,,,,,
info@termetommasini.it,,,,,
info@villafarinella.it,,,,,
info@roccafiore.it,,,,,
masseria@familiarizzo.it,,,,,
info@ilgabbianobianco.com,,,,,
info@baiaditrentova.it,,,,,
info@castellosanmarco.it,,,,,
info@villacannizzo.it,,,,,
vittoria@viphotels.it,,,,,
savoy@viphotels.it,,,,,
bonconte@viphotels.it,,,,,
sandomenico@viphotels.it,,,,,
deiduchi@viphotels.it,,,,,
info@iltorrione.com,,,,,
centrale@angalahotels.it,,,,,
genoardo@angalahotels.it,,,,,
residencelamarinella@libero.it,,,,,
info@villaelisabetta.it,,,,,
info@sanpietroresort.com,,,,,
info@palazzofailla.it,,,,,
direzione@palazzofailla.it,,,,,
info@hotelmarabel.it,,,,,
info@residenzafontanelle.com,,,,,
castagnola.64@virgilio.it,,,,,
booking@therasiaresort.it,,,,,
info@therasiaresort.it,,,,,
info@levillerelais.it,,,,,
info@oasidelborgo.com,,,,,
v.digrado@oasidelborgo.com,,,,,
forte.village@fortevillage.com,,,,,
info@hotelsunvalley.it,,,,,
info@hotelbelmont.it,,,,,
info@pension-daniel.com,,,,,
bruna@valgardena.it,,,,,
info@belaval.it,,,,,
info@chaletportillo.com,,,,,
info@hotel-piccolo.com,,,,,
info@grupposella.com,,,,,
info@hotel-savoy.it,,,,,
info@pensionedda.com,,,,,
hotelgardenia@gardenahotels.com,,,,,
hotel-bellevue@valgardena.it,,,,,
info@tyrolhotel.it,,,,,
ingram@valgardena.it,,,,,
olympia@val-gardena.com,,,,,
info@hotelmiravalle.it,,,,,
info@pratlusel.com,,,,,
info@letorridibagnara.it,,,,,
zenaide.giunta@letorridibagnara.it,,,,,
casellagary@aol.com,,,,,
info@florian.bz.it,,,,,
antares@residencehotel.it,,,,,
e.alberti@residencehotel.it,,,,,
info@residencehotel.it,,,,,
info@hotel-kristiania.com,,,,,
info@hotel-stella.com,,,,,
Solaia@pass.dnet.it,,,,,
info@hotel-mignon.it,,,,,
info@familyhotelposta.com,,,,,
info@hotel-interski.com,,,,,
info@hoteldiamant.it,,,,,
info@alpenhotelplaza.com,,,,,
info@christeinerhof.com,,,,,
pension@grohmann.info,,,,,
info@cristallo-hotel.it,,,,,
info@cendevaves.it,,,,,
villamartha@dnet.it,,,,,
info@vernel.bz,,,,,
info@montepana.it,,,,,
info@hoteldigon.com,,,,,
info@pensionsonnalp.com,,,,,
info@rainell.com,,,,,
info@stetteneck.com,,,,,
info@decurtisbb.it,,,,,
direzione@decurtisbb.it,,,,,
garni@residencetrocker.com,,,,,
cavallino@cavallino.it,,,,,
hotel@schgaguler.com,,,,,
martin.schgaguler@gmail.com,,,,,
info@gardena.it,,,,,
pr@hotel-adler.com,,,,,
info@alpenheim.it,,,,,
info@hotel-grien.com,,,,,
info@sporthotelplatz.com,,,,,
hp@alpenroyal.com,,,,,
info@hotelgranbaita.com,,,,,
info@hartmann-hotels.com,,,,,
info@acadia.it,,,,,
albergovillarosella@virgilio.it,,,,,
info@villarosella.it,,,,,
info@hotel-astoria.net,,,,,
hotel@azola.it,,,,,
dolomites.inn@rolmail.net,,,,,
info@albergoadria.com,,,,,
info@hotelvillacristina.it,,,,,
info@unionhotelscanazei.it,,,,,
info@villaemmahotel.it,,,,,
info@hotelitalia.tn.it,,,,,
info@hotelcorona.com,,,,,
info@hotelaipini.net,,,,,
info@hotelrenato.it,,,,,
info@hotelrosa.biz,,,,,
info@albergocatinaccio.com,,,,,
info@hotelcrescenzia.com,,,,,
info@hotelfontana.net,,,,,
info@hotellagrotta.com,,,,,
info@miramonti.net,,,,,
info@piccolohotel.net,,,,,
info@hotellaurincanazei.com,,,,,
quadrifoglio@alquadrifoglio.it,,,,,
info@torrebarbara.it,,,,,
perlarosa@pantelleria.it,,,,,
bluemoon@pantelleriahotel.it,,,,,
info@hotelmignonchiavari.it,,,,,
claudiaspadazzi@fastwebnet.it,,,,,
hotelpernapoli@libero.it,,,,,
ladimoradinettuno@libero.it,,,,,
info@chiccahotel.it,,,,,
chicca@chiccahotel.it,,,,,
info@lameridianasorrento.com,,,,,
contrin@residencehotel.it,,,,,
info@resindencehotel.it,,,,,
aritz@residencehotel.it,,,,,
ambiez@residencehotel.it,,,,,
lastei@residencehotel.it,,,,,
lores@residencehotel.it,,,,,
boe@residencehotel.it,,,,,
htlbn@hotelbaiadinora.com,,,,,
sofitel.thalassatimiama@accor-hotels.it,,,,,
info@antahotel.it,,,,,
info@caesarshotel.it,,,,,
info@lidodeglispagnoli.com,,,,,
info@hotelpanorama.it,,,,,
info@hicagliari.com,,,,,
booking@hotelreginamargherita.com,,,,,
sighientu@altamarea.it,,,,,
info@tartheshotel.com,,,,,
info@thotel.it,,,,,
info@hoteldellancora.it,,,,,
eucalipti@termesardegna.it,,,,,
igiardinidialice@tiscalinet.it,,,,,
info@sillabario.com,,,,,
ginetta.leo@aglaquila.com,,,,,
ginetta.leo@tiscali.it,,,,,
info@agriturismodisardegna.it,,,,,
info@agriturismoparadiso.net,,,,,
isconcais@tiscali.it,,,,,
rocciebianche@tiscali.it,,,,,
info@satiria.it,,,,,
agriturvalbella@tiscali.it,,,,,
sardegnahotel@shg.it,,,,,
hotelsetar@tiscali.it,,,,,
info@hotelcaliffo.com,,,,,
info@flamingo.it,,,,,
newbarcavela@tiscali.it,,,,,
hotelitalia@tiscali.it,,,,,
hotelresidence@uliviepalme.it,,,,,
hitalia.quartu@tiscali.it,,,,,
sumeriagu@tiscali.it,,,,,
casachia@tiscali.it,,,,,
contatta@termedisardara.it,,,,,
info@albergocorallo.it,,,,,
info@hotelquadrifogliio.net,,,,,
lantanahotel@lantanahotel.com,,,,,
hotelcalamosca@aruba.it,,,,,
info@donnapomptilla.com,,,,,
info@hotelcagliariaurora.it,,,,,
info@karel-bedandbreakfast.it,,,,,
caladiseta@tiscali.it,,,,,
fjbyhotel@libero.it,,,,,
info@grandrelaislaurenti.com,,,,,
mail@hotelcontinental.org,,,,,
info@hotelcontinental.org,,,,,
garni-sovara@valgardena.it,,,,,
booking@jkcapri.com,,,,,
verena@jkcapri.com,,,,,
info@pontedichiaia.com,,,,,
info@agriturismoparmenide.it,,,,,
prenotazione@lafiorida.com,,,,,
comunicazione@lafiorida.com,,,,,
info@sorrentotownsuites.com,,,,,
info@hoteldominik.com,,,,,
hotelsorriso@tiscali.it,,,,,
reservations@grandhotelangiolieri.it,,,,,
info@grandhotelangiolieri.it,,,,,
g.m@grandhotelangiolieri.it,,,,,
crystalsporting@simail.it,,,,,
gianlucametrangolo@yahoo.it,,,,,
paradisoselvaggiopir@katamail.com,,,,,
info@thatsamorebedandbreakfast.it,,,,,
info@maioriantica.it,,,,,
info@delpizzo.it,,,,,
carpi@myonehotel.it,,,,,
alessandro@dulachotel.it,,,,,
info@dulachotel.it,,,,,
info@greenparadise.biz,,,,,
info@montanacampiglio.it,,,,,
dahu@hotelcampiglio.it,,,,,
info@hotelbonapace.it,,,,,
info@hotelcerana.com,,,,,
hotmilano@campigliohotelmilano.it,,,,,
hotelgianna@hotelgianna.it,,,,,
info@hotelcrozzon.com,,,,,
info@hotelidealcampiglio.it,,,,,
hotel@alpina.it,,,,,
info@htouring.it,,,,,
info@hoteldiana.net,,,,,
info@majesticcampiglio.it,,,,,
info@dellosportivo.com,,,,,
info@chaletdeipini.com,,,,,
info@chalethermitage.com,,,,,
hotelcristallo@campiglio.it,,,,,
direzione@hotelcristallo.info,,,,,
info@hotelgraziaeplaza.it,,,,,
info@masomistrin.com,,,,,
info@ober1.com,,,,,
info@hotelcristiania.it,,,,,
info@hoteloberosler.it,,,,,
prenotazioni@relaisreginateodolinda.it,,,,,
online@relaisreginateodolinda.it,,,,,
info@relaisreginateodolinda.it,,,,,
info@sardiniaholiday.net,,,,,
dir@hotel-faloria.it,,,,,
info@hotel-faloria.it,,,,,
sales@hotel-faloria.it,,,,,
info@hotelvillaeos.it,,,,,
vincifm@tiscali.it,,,,,
info@masseriacasanostra.it,,,,,
info@lavecchiafontehotel.it,,,,,
hotelbalbi@inwind.it,,,,,
info@bijouhotel.it,,,,,
universal@universalterme.it,,,,,
lino@universalterme.it,,,,,
reception@aubergesaintnicolas.com,,,,,
info@welkhome.com,,,,,
info@sangiovannialmonte.it,,,,,
info@lapostapragelato.it,,,,,
a.speciale@libero.it,,,,,
info@lecasedellacosta.it,,,,,
info@smarthotel.it,,,,,
hotelgiulietta@hotelmanagement.biz,,,,,
info@hoteltiberius.it,,,,,
hoteltiberius@hotelmanagement.biz,,,,,
info@hotelresidencedirimini.com,,,,,
duca@schiratohotels.it,,,,,
sales@schiratohotels.it,,,,,
amministrazione@schiratohotels.it,,,,,
plaza@schiratohotels.it,,,,,
info@hotelambrapalace.it,,,,,
vincenzo.ambra@libero.it,,,,,
reservations@esplanade.net,,,,,
direzione@carltonpescara.it,,,,,
prenotazioni@carltonpescara.it,,,,,
info@hotelbellariva.it,,,,,
info@salushotel.it,,,,,
hamaja@tin.it,,,,,
info@hotelalba.pescara.it,,,,,
albahotel@hotmail.com,,,,,
info@nacalua.com,,,,,
info@bluserenahotels.it,,,,,
barbara.disabatino@bluserena.it,,,,,
info@lareserve.it,,,,,
info@ghmeurhotels.com,,,,,
commerciale@sealionhotel.com,,,,,
info@sealionhotel.com,,,,,
info@villaimmacolata.it,,,,,
meeting@arc.it,,,,,
info@ilpalazzetto.com,,,,,
info@letorrihotel.it,,,,,
info@iltalamo.it,,,,,
info@grandhotel.it,,,,,
piotroi@tin.it,,,,,
ghotelaq@hotmail.com,,,,,
primula@primula.it,,,,,
ilpicchio@ilpicchio.com,,,,,
info@stmichelehotel.it,,,,,
info@hotelpromenadeonline.com,,,,,
lemagnolie@tin.it,,,,,
info@sextantio.it,,,,,
commerciale@sextantio.it,,,,,
elenaboccalone@hotmail.com,,,,,
villamonrepos@villamonrepos.it,,,,,
info@coronahotel.it,,,,,
hcorona@tin.it,,,,,
a.paradiso@ermes.it,,,,,
info@albergo-paradiso.it,,,,,
hotel.bamby@tiscali.it,,,,,
hotel.iris@tiscali.it,,,,,
info@garniposta.it,,,,,
ilnidodellaquilabb@libero.it,,,,,
info@hoteldupark.it,,,,,
betera@hotmail.it,,,,,
info@hotelabbaruja.it,,,,,
info@faggiorosso.it,,,,,
info@ducadegliabruzzi.com,,,,,
info@hotel-holidays.it,,,,,
hotelolmi@libero.it,,,,,
booking@solehotel.eu,,,,,
tullia.taglianetti@solehotel.eu,,,,,
info@hotelmeripol.it,,,,,
info@avilahotel.it,,,,,
info@hotelbaltic.it,,,,,
info@hotelfedericosecondo.it,,,,,
info@bertihotels.it,,,,,
campitelli@bertihotels.it,,,,,
davibog@libero.it,,,,,
info@duecarpini.it,,,,,
info@bertihotelcongress.it,,,,,
info@hoteleuropavasto.it,,,,,
hoteleuropa73@yahoo.it,,,,,
reservation@sportingvillamaria.it,,,,,
panosetti@sportingvillamaria.it,,,,,
info@hotelexcelsiorvasto.com,,,,,
direzione@hotelexcelsiorvasto.com,,,,,
info@palacehotelvasto.it,,,,,
info@dakarlivinghotel.it,,,,,
direzione@dakarlivinghotel.it,,,,,
info@hotelharris.com,,,,,
info@hotelmontecarlovasto.it,,,,,
info@hotel-caravel.com,,,,,
info@h-vittoria.it,,,,,
valledivenere@infinito.it,,,,,
valledivenere@inwind.it,,,,,
info@ilcerchioelabotte.it,,,,,
info@hotelatlas.it,,,,,
info@parkhotelalcione.com,,,,,
info@hotelclaila.com,,,,,
info@mionhotel.com,,,,,
info@villarossi.it,,,,,
info@loryhotel.it,,,,,
info@hotellegole.it,,,,,
info@medigarden.it,,,,,
classic.re@bestwestern.it,,,,,
info@classic-hotel.it,,,,,
info@ritzchivasso.it,,,,,
b-bdionisio@libero.it,,,,,
direzione@hermitagesilvi.com,,,,,
info@elenaclubresort.com,,,,,
info@mercuretorinocrystalpalace.it,,,,,
sales@mercuretorinocrystalpalace.it,,,,,
info@hotelabruzzomarina.it,,,,,
info@castellochiolahotel.com,,,,,
gmdirezione@castellochiolahotel.com,,,,,
booking-bentley@thi.it,,,,,
marketing-bentley@thi.it,,,,,
bentley@thi.it,,,,,
reservation@maggiorconsiglio.boscolo.com,,,,,
ilpoggiolo@libero.it,,,,,
info@villadellerondini.it,,,,,
info@lacapezzagna.it,,,,,
info@hotelmajesticmolise.com,,,,,
agriturismolemacine@tin.it,,,,,
info@paradisocountryhouse.com,,,,,
info@montresorgroup.com,,,,,
flavio.piccolroaz@hotelsolutions.it,,,,,
stefania@montresorgroup.com,,,,,
info@asturapalace-hotel.it,,,,,
m.dangelillo@asturapalace-hotel.it,,,,,
info@stellamarinaresort.com,,,,,
barsasso@tin.it,,,,,
caladivolpe@luxurycollection.com,,,,,
cristina.dore@starwoodhotels.com,,,,,
pitrizza@luxurycollection.com,,,,,
romazzino@luxurycollection.com,,,,,
reception@hotelgio.it,,,,,
info@subretia.com,,,,,
info@roccadifabbri.com,,,,,
prenota@subretia.com,,,,,
antonio@buonocore.eu,,,,,
baricchicarla@hotmail.com,,,,,
hotelastoria@libero.it,,,,,
info@astoriaweb.it,,,,,
info@locandadelpapa.com,,,,,
info@villafavoritanoto.it,,,,,
info@villagiulianoto.it,,,,,
sv@hotelmediterraneoct.com,,,,,
info@hotelmediterraneoct.com,,,,,
mediterraneo.ct@bestwestern.it,,,,,
assistenza@apiceweb.com,,,,,
,,,,,
info@agriturismoceres.it,,,,,
cervo@Sheraton.com,,,,,
info@torrediamalfi.it,,,,,
info@torredisanmartino.it,,,,,
l.celotto@global-events.eu,,,,,
booking@gestivillage.it,,,,,
l.celotto@gestivillage.it,,,,,
angelo.m1@tiscali.it,,,,,
lara.m1@tiscali.it,,,,,
info@androsa.com,,,,,
info@traifrutti.it,,,,,
info@vinicostadoro.com,,,,,
info@ciurihotel.it,,,,,
fradan3@alice.it,,,,,
info@bebpalazzovecchio.it,,,,,
bookings@santamarialuxuryvilla.com,,,,,
reservations.the.place@gmail.com,,,,,
corradofronte@aliceposta.it,,,,,
info@beb-piazzasantoronzo.com,,,,,
tommaso.carratta@tin.it,,,,,
info.lagioia@libero.it,,,,,
hotelnegro@libero.it,,,,,
info@hotelnegro.it,,,,,
info@agriturismoifrati.com,,,,,
info@hotelportanuova.it,,,,,
info@lacasadigianna.it,,,,,
emanuela@lacasadigianna.it,,,,,
manuela_cataudella@hotmail.it,,,,,
info@castellosangiorgio.it,,,,,
direzione@castellosangiorgio.it,,,,,
info@hoteldolcecasa.it,,,,,
info@savoiapalace.com,,,,,
info@hotelcampigliobellavista.it,,,,,
info@hotelantelao.it,,,,,
albergoletiziaborca@libero.it,,,,,
info@bluhotels.it,,,,,
booking@bluhotels.it,,,,,
info@lavaredohotel.it,,,,,
info@hotel-centrale.it,,,,,
info@cristallo.it,,,,,
alaska@domina.it,,,,,
info@hotelancoracortina.com,,,,,
paola.fiori@libero.it,,,,,
infoaltabia@poela.net,,,,,
info@bbcanaledagordo.it,,,,,
bebpianadinebbiu@Tele2.it,,,,,
biancoeblu1@bbdolomiti.net,,,,,
biancoeblu2@bbdolomiti.net,,,,,
info@casaeleonora.it,,,,,
cortina@bbcaldara.com,,,,,
ilpoderesr@whei.it,,,,,
info@casamauro.it,,,,,
info@bbaurora.com,,,,,
rbitetti@yahoo.it,,,,,
info@relaisvillagiulia.com,,,,,
info@lacartolinaresidence.it,,,,,
portrait@email.it,,,,,
danielanegri@yahoo.it,,,,,
aracoeli@hotw.it,,,,,
see@ortainfo.com,,,,,
prenotazioni.mercurebergamo@accor-hotels.it,,,,,
ricevimento.mercurebergamo@accor-hotels.it,,,,,
info@masseriadonnaloia.com,,,,,
info@hotelilportico.it,,,,,
vivianafilippini@cavoursp.it,,,,,
poggioducale@poggioducale.it,,,,,
info@arathena.it,,,,,
info@oasisangiovannibattista.com,,,,,
info@hotel-peschiera.com,,,,,
claudiacivale@tiscalinet.it,,,,,
sales@mhhotel.it,,,,,
info@relaisdiana.com,,,,,
info@reginahotels.it,,,,,
shc@alpedimera.com,,,,,
info@poggioloagriturismo.com,,,,,
info@tenutacastelverde.com,,,,,
info@acquaghiaccia.it,,,,,
info@anticanauna.it,,,,,
info@greif.it,,,,,
reception@lamajun.it,,,,,
info@hotelaurora.bz,,,,,
romantikhotel@stafler.com,,,,,
info@hotelvilladianamarina.com,,,,,
luraschi@unina.it,,,,,
info@villaelenaischia.it,,,,,
info@casalenunziatina.com,,,,,
francesca.galletti@yahoo.it,,,,,
matteo@duomohotel.com,,,,,
webmarketing@apicehotels.it,,,,,
info@hotelpalazzopapaleo.com,,,,,
info@villarosmarino.com,,,,,
mariopietraccetta@virgilio.it,,,,,
info@terranobile.it,,,,,
info@sorrentoblurooms.com,,,,,
commerciale@hotel-baia.it,,,,,
info@agriturismodellaguardia.com,,,,,
info@presidentgiovinazzo.it,,,,,
info@lacortedegliulivi.com,,,,,
christian.bianchi@hotelcruise.it,,,,,
sergio.bertele@hotelcruise.it,,,,,
info@hotelcruise.it,,,,,
info@piccoloblu.it,,,,,
info@masseriatorricella.it,,,,,
info@sanpaolo-to.com,,,,,
info@sanpaolo-to.net,,,,,
info@larosasulmare.com,,,,,
info@casamancia.com,,,,,
info@hotelpalacenapoli.it,,,,,
info@progettoentropia.it,,,,,
info@hotelvaldiola.com,,,,,
info@villadeiplatani.com,,,,,
info@sanpietroapartments.com,,,,,
info@ischiavillaelena.it,,,,,
info@aromadimantova.it,,,,,
aduepassida@tiscali.it,,,,,
info@villacivita.com,,,,,
info@stylehotel.it,,,,,
info@hotelplazaopera.com,,,,,
briguglia@hotelplazaopera.com,,,,,
info@domuslaquercia.com,,,,,
prenotazioni@domuslaquercia.com,,,,,
info@coldellerane.it,,,,,
coldellerane@gmail.it,,,,,
info@villarosasorrento.com,,,,,
info@hotelprestigesorrento.com,,,,,
giannialt83@hotmail.it,,,,,
info@ilfrescale.it,,,,,
info@art-hotel.it,,,,,
info@bebnapolicampagnari.com,,,,,
info@hotelchiatamone.it,,,,,
info@albergolavigna.it,,,,,
info@artresortgalleriaumberto.it,,,,,
info@lupalaudeantoni.com,,,,,
info@eurhotelvenice.com,,,,,
info@ducadaostahotel.it,,,,,
massimiliano@ducadaostahotel.it,,,,,
info@locandadisanmartino.it,,,,,
monica@primosole.info,,,,,
guest@residencesorrento.com,,,,,
alessandro.fiocco@email.it,,,,,
info@mansardacarolina.it,,,,,
bbdondiego@libero.it,,,,,
info@bellaviabb.com,,,,,
info@lacasadicampagna.it,,,,,
info@hotellespoir.com,,,,,
hotel@hlungomare.com,,,,,
info@hotelsaccardi.it,,,,,
info@palazzogiaraca.it,,,,,
info@muabologna.it,,,,,
booking@terralcantara.it,,,,,
info@hoteldorange.it,,,,,
info@hotelaktea.it,,,,,
info@soleparadiso.com,,,,,
hoteltritone@bernardigroup.it,,,,,
pinnata@pinnata.it,,,,,
info@grandhotelolimpo.it,,,,,
info@hoteldeglihaethey.com,,,,,
agriduca@libero.it,,,,,
info@calamoresca.it,,,,,
info@tupeiresort.it,,,,,
info@cambiocavallo.it,,,,,
info@tirrenohotel.it,,,,,
tirreno@tirrenohotel.it,,,,,
zuccoli@tin.it,,,,,
info@girasoleweekend.com,,,,,
info@hoteleuropaminori.it,,,,,
info@casaleilmilione.it,,,,,
info@petrasegretaresort.com,,,,,
cinziacallegari@alice.it,,,,,
info@hotelpedraladda.com,,,,,
info@hotelsavoybeach.com,,,,,
info@hotelfenicotterorosa.com,,,,,
info@relaisfenicotterorosa.com,,,,,
info@bbginestra.it,,,,,
info@galassiaparkhotel.it,,,,,
info@willaria.it,,,,,
info@residencelamason.it,,,,,
pianciano@pianciano.it,,,,,
claudiaspadazzi@libero.it,,,,,
reservations.nhowmilano@nh-hotels.com,,,,,
f.daledo@nh-hotels.com,,,,,
b.rohner@nh-hotels.com,,,,,
n.accurso@nh-hotels.com,,,,,
info@cadelach.it,,,,,
centrobenessere@cadelach.it,,,,,
info@cascinabellavista.com,,,,,
vista@palacecittadella.it,,,,,
amministrazione@palacecittadella.it,,,,,
reservation.bologna@nh-hotels.com,,,,,
info@originalgalli.it,,,,,
info@hotelbougainvillelipari.com,,,,,
g.desantis@grandhotelsalerno.it,,,,,
amministrazione@grandhotelsalerno.it,,,,,
info@villabaronesrl.it,,,,,
info@hotelcapolagala.com,,,,,
info@hotelguardacosta.it,,,,,
info@esperidi.com,,,,,
info@hoteleuropalatina.it,,,,,
info@rtastellamarina.it,,,,,
info@hotelpostavda.it,,,,,
reservations@hotelcalalunga.com,,,,,
info@demetraresort.it,,,,,
carmisalvo@libero.it,,,,,
info@tenutadelgallo.com,,,,,
franco@albergoristorantelaspiga.it,,,,,
info@locandapalazzone.com,,,,,
julia.vereskun@kempinski.com,,,,,
manuela.cavallero@kempinski.com,,,,,
info@villagrancassa.com,,,,,
booking@eremodellagiubiliana.com,,,,,
info@umbriaholidays.net,,,,,
sanbiagio@luoghispeciali.it,,,,,
info@residenzacamilla.it,,,,,
fp.rizzo.intern@nh-hotels.com,,,,,
villadelmare@tiscali.it,,,,,
info@villaalbani.it,,,,,
info@hotelsantamariavignola.it,,,,,
santamariahotel@aruba.it,,,,,
info@lamhospitality.it,,,,,
info@siracusaforyou.it,,,,,
francescofumarola66@libero.it,,,,,
francofumarola66@libero.it,,,,,
info@hotelclubbridge.it,,,,,
cinzia@geohotels.it,,,,,
info@hcc.it,,,,,
info@agriturismovillaluca.com,,,,,
info@principedeltrasimeno.it,,,,,
info@villaroncuzzi.it,,,,,
info@villelmi.com,,,,,
info@poggio-del-sole.it,,,,,
info@arcahotel.it,,,,,
info@diamantino.it,,,,,
zanetti1954@tele2.it,,,,,
info@specolizzi.it,,,,,
info@lapinetadierice.com,,,,,
info@bblacorte.com,,,,,
bellavista2006@libero.it,,,,,
booking@relaismonforte.it,,,,,
rachele@relaismonforte.it,,,,,
alsettimocielo@hotmail.it,,,,,
info@hotelbouganville.it,,,,,
info@palazzogrande.com,,,,,
victoria.palace@libero.it,,,,,
francescocancellieri@hotmail.com,,,,,
ayrimedesano@myonehotel.it,,,,,
info@bbcadicarobina.it,,,,,
info@residencebellavista.com,,,,,
info@grandhotelpaestum.it,,,,,
viviana@hotelperformance.it,,,,,
affiliazioni@hotelperformance.it,,,,,
info@borgobianco.it,,,,,
info@dimoradellesirene.it,,,,,
info@anticabadia.com,,,,,
sales@mediterraneoriccione.com,,,,,
info@iltrulletto.it,,,,,
iltrulletto2008@libero.it,,,,,
info@iterzieri.it,,,,,
fcosentino@albergoemmaus.it,,,,,
emmaus@albergoemmaus.it,,,,,
info@residenceserena.it,,,,,
essiale@essiale.com,,,,,
info@imperialehotel.it,,,,,
info@residenceleonora.com,,,,,
laterrazzadelsubasio@libero.it,,,,,
hotelsanlorenzo@hotelsanlorenzobg.it,,,,,
masseriacesarina@alice.it,,,,,
castellana.grotte@hotmail.it,,,,,
info@villamargheritahotel.com,,,,,
villalemagnolie@libero.it,,,,,
info@vallediassisi.com,,,,,
vallediassisi@vallediassisi.com,,,,,
info@montetondo.it,,,,,
info@seandskyvacations.com,,,,,
info@grandhotelrimini.com,,,,,
info@lacortebeb.it,,,,,
info@casolare.net,,,,,
info@tenutaluogomarchese.it,,,,,
fattorie@poggionebbia.it,,,,,
info@rivieradeidogi.com,,,,,
infohcv@gioricohotels.it,,,,,
web@gioricohotels.it,,,,,
info@casatrapani.it,,,,,
casa.aranci@gmail.com,,,,,
info@le-coccinelle.it,,,,,
impresamosini@hotmail.it,,,,,
cavalieri@luoghispeciali.it,,,,,
regency@savoia.it,,,,,
info@binot.it,,,,,
info@residenzaportaguelfa.com,,,,,
info@belvederealice.it,,,,,
info@ivigneti.com,,,,,
welcome@grandhotelparadiso.it,,,,,
agriturismodelbugiardo@buglioni.it,,,,,
info@hotelprincipedisalina.it,,,,,
denys@togetherintuscany.it,,,,,
info@4passeri.com,,,,,
info@villadolcetti.com,,,,,
info@castellodirazzano.it,,,,,
bookings@metropolesorrento.com,,,,,
info@nidodeglidei.it,,,,,
info@hotelvillaromeo.it,,,,,
info@lepalmediconturrana.it,,,,,
info@leplejadi.it,,,,,
info@malpensainn.com,,,,,
info@regenthotel.rc.it,,,,,
info@lepigne.it,,,,,
marco.monte1983@libero.it,,,,,
info@rivamarinaresort.it,,,,,
info@abbadiadipiazza.com,,,,,
info@costadelsalento.it,,,,,
info@cavalierdarpino.it,,,,,
info@garibaldirelais.itHotel Villa Goetzen|info@villagoetzen.it,,,,,
Villa Soranzo Conestabile|info@villasoranzo.it,,,,,
Villa Soranzo Conestabile|vsoranzo@tin.it,,,,,
Hotel Nazionale|hotel@nazionale.it,,,,,
Hotel Nazionale|nazionale@hotel.191.it,,,,,
Hotel Villa Condulmer|info@hotelvillacondulmer.com,,,,,
Hotel Villa Condulmer|info@hvc.ve.it,,,,,
Hotel Villa Condulmer|coppola@hvc.ve.it,,,,,
Hotel Villa Condulmer|maschietto@hvc.ve.it,,,,,
Hotel Villa Condulmer|front01@hvc.ve.it,,,,,
Hotel Villa Condulmer|malvezzi@hvc.ve.it,,,,,
Villa Braida|info@villabraida.it,,,,,
Hotel Villa Margherita|hvillam@tin.it,,,,,
Hotel Villa Margherita|info@villa-margherita.com,,,,,
Hotel Villa Odino|info@villaodino.it,,,,,
Hotel Villa Odino|villa_odino@iol.it,,,,,
Milano Suites - Duomo Suites|info@milanosuites.it,,,,,
Hotel Mediterraneo|info@mediterraneosorrento.com,,,,,
Hotel Mediterraneo|info@mediterraneohotel.it,,,,,
Hotel Mediterraneo|francesca@mediterraneohotel.it,,,,,
Hotel Mediterraneo|reservation@mediterraneohotel.it,,,,,
Hotel Mediterraneo|marketing@mediterraneohotel.it,,,,,
Hotel Mediterraneo|reservation@mediterraneosorrento.com,,,,,
Hotel Cristoforo Colombo|info@hotelcristoforocolombo.com,,,,,
Hotel Cristoforo Colombo|e.faralli@hotelcristoforocolombo.com,,,,,
Hotel Cristoforo Colombo|michele@hotelcristoforocolombo.com,,,,,
La Magioca|info@magioca.it,,,,,
Villa Clementina|villaclementina@tiscali.it,,,,,
Kursaal|info@kursaalhotel.net,,,,,
Hotel Umbra|humbra@mail.caribusiness.it,,,,,
Podere Bello|poderebello@libero.it,,,,,
Podernovo|info@podernovo.com,,,,,
Hotel Mignon Meublè|info@sorrentohotelmignon.com,,,,,
B&B Palazzo Starace|palazzostarace@tiscalinet.it,,,,,
B&B Palazzo Starace|info@palazzostarace.com,,,,,
Grand Hotel Parker's|reception@grandhotelparkers.it,,,,,
Grand Hotel Parker's|msarno@grandhotelparkers.it,,,,,
Grand Hotel Parker's|info@grandhotelparkers.it,,,,,
Hotel Paradiso|paradiso.na@bestwestern.it,,,,,
Santa Lucia G H|reservation@santalucia.it,,,,,
Hotel Rex|hotelrex@hotel-rex.it,,,,,
Hotel Rex|reception@hotel-rex.it,,,,,
Grand Hotel Ambasciatori|ambasciatori@manniellohotels.it,,,,,
Grand Hotel Ambasciatori|ambasciatori@manniellohotels.com,,,,,
Grand Hotel Ambasciatori|amministrazione@manniellohotels.it,,,,,
Carlton International Hotel|info@hotelcarltonsorrento.com,,,,,
Carlton International Hotel|barbara@belmare-travel.com,,,,,
Carlton International Hotel|info@belmare-travel.com,,,,,
Grand Hotel Vesuvio|vesuvio@acampora.it,,,,,
Grand Hotel Vesuvio|mario@acampora.it,,,,,
Grand Hotel Vesuvio|tiziana@acampora.it,,,,,
Dania|info@hoteldania.com,,,,,
Rivage|info@hotelrivage.com,,,,,
Hotel Girasole|info@hotelgirasole.com,,,,,
Conca Park Hotel|booking@concapark.com,,,,,
Conca Park Hotel|emanuelecinque@concapark.com,,,,,
Conca Park Hotel|info@concapark.com,,,,,
Best Western Hotel La Solara|desk@lasolara.com,,,,,
Best Western Hotel La Solara|info@lasolara.com,,,,,
Cavour|hotel.cavour@tiscali.net,,,,,
Cavour|info@hotel-cavour.com,,,,,
Admiral|info@gigliohotels.it,,,,,
Admiral|daniela@gigliohotels.com,,,,,
Admiral|teresa@gigliohotels.com,,,,,
Admiral|mariateresa@vesuvioexpress.com,,,,,
Marhotel Alimuri|info@alimuri.com,,,,,
Marhotel Alimuri|booking@alimuri.com,,,,,
Caravel|info@hotelcaravel.com,,,,,
Hotel Bristol|bristol@acampora.it,,,,,
Hotel Eden|hoteleden@hotelmanagement.biz,,,,,
Imperial Hotel Tramontano|info@hoteltramontano.it,,,,,
Grand Hotel Flora|info@grandhotelflora.com,,,,,
Grand Hotel Flora|prenotazioni@grandhotelflora.com,,,,,
Villa di Sorrento Hotel|info@villadisorrento.it,,,,,
Hotel Il Faro|info@hotelilfaro.com,,,,,
Hotel Il Nido|info@ilnido.it,,,,,
Florida|h.florida@capri.it,,,,,
Hotel 'A Paziella|info@hotellapazziella.com,,,,,
Villa Vuotto|bbtirreniaroberts@iol.it,,,,,
Villa Helios|villahelios@capri.it,,,,,
Villa Brunella|villabrunella@capri.net,,,,,
Hotel La Floridiana|info@lafloridiana-capri.com,,,,,
Hotel La Floridiana|lafloridiana@capri.it,,,,,
Hotel La Vega|lavega@caprinews.it,,,,,
Hotel Regina Cristina|info@reginacristina.it,,,,,
Hotel Regina Cristina|regina@caprinews.it,,,,,
Hotel Regina Cristina|cristina@caprinews.it,,,,,
Hotel Syrene|syrene@capri.it,,,,,
Loreley|loreley@caprinet.it,,,,,
San Michele|smichele@capri.it,,,,,
Caesar Augustus Hotel|info@caesar-augustus.com,,,,,
Hotel Carmencita|carmencita@capri.it,,,,,
Capri Palace Hotel|zanini.palace@capri.it,,,,,
Capri Palace Hotel|reservations@capri-palace.com,,,,,
Capri Palace Hotel|info@capri-palace.com,,,,,
Hotel La Bougainville|bougainville.srl@flashnet.it,,,,,
La Minerva|laminerva@capri.net,,,,,
Grand Hotel Quisisana|info@quisi.com,,,,,
Grand Hotel Quisisana|cassa@quisi.com,,,,,
Grand Hotel Quisisana|prenotazioni@quisi.com,,,,,
Grand Hotel Quisisana|informazioni@quisi.com,,,,,
La Certosella|certosella@infinito.it,,,,,
Hotel Palatium|info@hotelpalatium.it,,,,,
Hotel Casa Morgano|casamorgano@capri.net,,,,,
Belsito|info@hotelbelsito.com,,,,,
Canasta|canasta@capri.it,,,,,
Hotel La Palma|hlp@capri.it,,,,,
Hotel La Palma|info@lapalma-capri.com,,,,,
Hotel Villa sarah|info@villasarah.it,,,,,
Hotel Villa sarah|reserve@villasarah.it,,,,,
Luna|luna@capri.it,,,,,
Luna|info@lunahotel.com,,,,,
La Residenza|info@hotellaresidenza.com,,,,,
Punta Tragara|info@hoteltragara.it,,,,,
Hotel Gatto Bianco|info@gattobianco-capri.com,,,,,
Hotel Gatto Bianco|h.gattobianco@capri.it,,,,,
Hotel Gatto Bianco|h.gattobianco@libero.it,,,,,
Villa San Felice|sanfelice@capri.it,,,,,
Belvedere e Tre Re|info@belvedere-tre-re.com,,,,,
Hotel Mamela|info@hotelmamela.com,,,,,
Hotel Weber Ambassador|info@hotelweber.com,,,,,
Hotel Weber Ambassador|hotelweber@capri.it,,,,,
Hotel Capri|h.capri@capri.it,,,,,
Hotel Forum|info@hotelforum.it,,,,,
Hotel Forum|amministrazione@hotelforum.it,,,,,
Hotel Forum|forum@uniserv.uniplan.it,,,,,
Hotel Forum|hotel-forum@libero.it,,,,,
Hotel Forum|hotelforum@starnet.it,,,,,
Grand Hotel Excelsior Vittoria Sorrento|exvitt@exvitt.it,,,,,
Grand Hotel Riviera|info@hotelriviera.com,,,,,
Grand Hotel Riviera|riviera@syrene.it,,,,,
Tirrenia Hotel|info@hoteltirrenia.com,,,,,
Grand Hotel De La Ville|delaville@manniellohotels.it,,,,,
Grand Hotel De La Ville|sales@manniellohotels.it,,,,,
Hotel Sorrento City|hotelcity@libero.it,,,,,
Hotel Sorrento City|info@sorrentocity.com,,,,,
Majestic Palace Hotel|info@majesticpalace.it,,,,,
Majestic Palace Hotel|giulia.rossano@tiscalinet.it,,,,,
Majestic Palace Hotel|majesticpalacehotel@virgilio.it,,,,,
Hotel Corallo|info@hotelcorallosorrento.com,,,,,
Hotel Corallo|micma75@libero.it,,,,,
Grand Hotel Royal|ghroyal@manniellohotels.it,,,,,
Hotel Central|central@colonnahotels.com,,,,,
Hotel Central|info@colonnahotels.com,,,,,
Hotel Cristina|cristina@colonnahotels.com,,,,,
Hotel Cristina|colonnahotels@katamail.com,,,,,
Hotel Michelangelo|info@michelangelohotel.it,,,,,
Aminta|info@aminta.it,,,,,
Aminta|reception@aminta.it,,,,,
Grand Hotel Europa Palace|reservation@europapalace.com,,,,,
Grand Hotel Europa Palace|marketing@europapalace.com,,,,,
Grand Hotel Europa Palace|info@europapalace.com,,,,,
Hotel Minerva|minerva@acampora.it,,,,,
Hotel La Tonnarella|info@latonnarella.it,,,,,
Hotel La Tonnarella|info@latonnarella.com,,,,,
Hotel Continental Sorrento|info@continentalsorrento.it,,,,,
Regina Sorrento Hotel|info@hotelreginasorrento.it,,,,,
Hotel Gran Paradiso|info@hotelgranparadiso.com,,,,,
Grand Hotel Cocumella|hcocum@tin.it,,,,,
Grand Hotel Cocumella|info@cocumella.com,,,,,
Hotel Antico Parco dei Principi|info@hotelparcoprincipi.com,,,,,
Hotel Antico Parco dei Principi|salesoffice@hotelparcoprincipi.com,,,,,
Hotel Antico Parco dei Principi|l.apuzzo@hotelparcoprincipi.com,,,,,
Hotel Antico Parco dei Principi|v.maresca@hotelparcoprincipi.com,,,,,
Hotel Antico Parco dei Principi|m.maselli@hotelparcoprincipi.com,,,,,
Sorrento Palace|sales@sorrentopalace.it,,,,,
Hotel Bellevue Syrene|info@bellevue.it,,,,,
Hotel Bellevue Syrene|simona.guida@bellevue.it,,,,,
Hotel Bellevue Syrene|nello.pane@bellevue.it,,,,,
Hotel Villa Garden|info@villagardenhotel.com,,,,,
Hotel Villa Garden|paolavillagarden@libero.it,,,,,
Hotel Villa Garden|villagarden@syrene.it,,,,,
Grand Hotel President|president@acampora.it,,,,,
Alpha Hotel|info@hotel-alpha.it,,,,,
Alpha Hotel|hotalpha@libero.it,,,,,
Alpha Hotel|rfirth9351@aol.com,,,,,
Alpha Hotel|andtra@alpha.local,,,,,
Panorama Palace Hotel|hotelpanoramapalace@tin.it,,,,,
Klein Wien|info@kleinwien.it,,,,,
Klein Wien|nelloeltigre@kleinwien.it,,,,,
Hotel Casa sul Mare|info@mediturhotels.it,,,,,
Hotel Celeste|procida@tin.it,,,,,
Del Sole|hoteldelsole@uniplan.it,,,,,
Hotel San Montano|sanmontano@ischiagrandialberghi.it,,,,,
Floridiana Terme|floridiana@pointel.it,,,,,
Flora|hflo@metis.it,,,,,
Grand Hotel Parco Aurora Terme|aurora@dicohotels.it,,,,,
Royal Terme|royal@dicohotels.it,,,,,
San Giovanni|sgiovanni@dicohotels.it,,,,,
Hotel Bellevue|montib@metis.it,,,,,
Continental Terme|contiterme@leohotels.it,,,,,
Terme Mare Blu|info@hotelmareblu.it,,,,,
Villa Diana|luigi@lejeunetravel.com,,,,,
Hermitage & Park Terme|hermitage@fabahtl.it,,,,,
Regina Palace Terme|regina@fabahtl.it,,,,,
Excelsior Belvedere|excelsior@leohotels.it,,,,,
Hotel Europa - Rapallo|info@hoteleuropa-rapallo.com,,,,,
Hotel Europa - Rapallo|reservation@hoteleuropa-rapallo.com,,,,,
Hotel Europa - Rapallo|hoteleuroparapallo@virgilio.it,,,,,
Letizia|cartiro@libero.it,,,,,
Hotel Regina Isabella|info@reginaisabella.it,,,,,
Solemar Hotel|info@hotelsolemar.it,,,,,
Antonella Terme|hotelpuntadelsole@ischiaweb.it,,,,,
Ambasciatori|info@albergoambasciatori.com,,,,,
Don Pedros|hoteldonpedro@flashnet.it,,,,,
Oriente e Terme|florenzo@pointel.it,,,,,
Grand Hotel Punta Molino Terme|reservations@puntamolino.it,,,,,
Giardino delle Ninfe e la Fenice|info@giardinodelleninfe-lafenice.it,,,,,
Giardino delle Ninfe e la Fenice|info@giardinodelleninfe.it,,,,,
Il Moresco|moresco@leohotels.it,,,,,
Il Moresco|pointel@leohotels.it,,,,,
Hotel La Villarosa|hotel@lavillarosa.it,,,,,
Continental Mare|contimare@leohotels.it,,,,,
Strand Hotel Delfini|info@parcoverde.it,,,,,
Bristol Palace Terme|bristol@pointel.it,,,,,
Verde|verde@ischiaweb.it,,,,,
Aragona Palace Terme|aragona@ischiaweb.it,,,,,
Corona|hotelcorona@virgilio.it,,,,,
Villa Dorina|villa-dorina@mailyahoo.com,,,,,
Ambassador Paestum|newhap@tiscalinet.it,,,,,
Villa Rita|???,,,,,
Village Marina|hmarina@pestum.it,,,,,
Hotel Ariston|info@hotelariston.com,,,,,
Hotel Ariston|sales@hotelariston.com,,,,,
Hotel Bougainville|hotel@bougainville.it,,,,,
Hotel Bougainville|info@bougainville.it,,,,,
Excelsior|montemare@starnet.it,,,,,
Montemare|info@hotelmontemare.it,,,,,
Hotel Palazzo Murat|info@palazzomurat.it,,,,,
Hotel Palazzo Murat|hpm@starnet.it,,,,,
San Pietro|vito@ilsanpietro.it,,,,,
San Pietro|info@ilsanpietro.it,,,,,
Domina Royal|royal@domina.it,,,,,
Domina Royal|doroyal@tin.it,,,,,
Pupetto|pupetto@starnet.it,,,,,
Albergo Casa Albertina|info@casalbertina.it,,,,,
Albergo Casa Albertina|lorenzocinque@casalbertina.it,,,,,
Albergo Casa Albertina|booking@casalbertina.it,,,,,
L'Ancora|info@htlancora.it,,,,,
Hotel Le Sirenuse|info@sirenuse.it,,,,,
Hotel Le Sirenuse|asersale@sirenuse.it,,,,,
Savoia Hotel|savoia@starnet.it,,,,,
Villa Rosa|info@villarosapositano.it,,,,,
Hotel Tritone|tritone@tritone.it,,,,,
Hotel Tritone|giuseppetritone@tiscalinet.it,,,,,
Hotel Tritone|info@tritone.it,,,,,
Grand Hotel Excelsior|excelsior@excelsior-hotel.it,,,,,
Hotel dei Cavalieri|info@hoteldeicavalieri.it,,,,,
Grand Hotel Il Saraceno|info@saraceno.it,,,,,
Grand Hotel Il Saraceno|hotelsaraceno@saraceno.it,,,,,
Hotel Marmorata|info@marmorata.it,,,,,
Hotel Marmorata|natascia@marmorata.it,,,,,
Hotel Marmorata|annarella@marmorata.it,,,,,
Hotel Marmorata|isabella@marmorata.it,,,,,
Hotel Marmorata|loredana@marmorata.it,,,,,
Hotel Marmorata|paola@marmorata.it,,,,,
Casa Raffaele Conforti|info@casaraffaeleconforti.it,,,,,
Casa Raffaele Conforti|cimini@amalfinet.it,,,,,
Casa Raffaele Conforti|casaconforti@amalfinet.it,,,,,
Hotel Villa Maria|villamaria@villamaria.it,,,,,
Hotel Bonadies|info@hotelbonadies.it,,,,,
Graal|info@hotelgraal.it,,,,,
Villa Cimbrone|info@villacimbrone.it,,,,,
Hotel Parsifal|info@hotelparsifal.com,,,,,
Zi'ntonio|micheleferrigno@zintonio.com,,,,,
Zi'ntonio|zintonio@amalficoast.it,,,,,
Hotel Palumbo Palazzo Confalone|mvuilleumier@hotelpalumbo.it,,,,,
Hotel Palumbo Palazzo Confalone|reception@hotelpalumbo.it,,,,,
Hotel Palazzo Sasso|info@palazzosasso.com,,,,,
Hotel Palazzo Sasso|antonio_ferrara@palazzosasso.com,,,,,
Marina Riviera|info@hotelsantacaterina.it,,,,,
Hotel Miramalfi|info@miramalfi.it,,,,,
Hotel Miramalfi|miramalfi@amalficoast.it,,,,,
Hotel Santa Caterina|gdp@hotelsantacaterina.it,,,,,
Hotel la Bussola|reception@labussolahotel.it,,,,,
Hotel Lido Mare|info@lidomare.it,,,,,
Hotel Cappuccini Convento|cappuccini@amalfinet.it,,,,,
Villa San Michele|smichele@starnet.it,,,,,
Amalfi|hamalfi@starnet.it,,,,,
Hotel Aurora|info@aurora-hotel.it,,,,,
Hotel Aurora|hotelaurora@amalfinet.it,,,,,
Hotel Conca D'Oro|info@albergoconcadoro.it,,,,,
Best Western Hotel Pasitea|info@hotelpasitea.it,,,,,
Best Western Hotel Pasitea|pasitea.sa@bestwestern.it,,,,,
Best Western Hotel Pasitea|agargiulo@hotelpasitea.it,,,,,
Best Western Hotel Pasitea|hotelpasitea@starnet.it,,,,,
Best Western Hotel Pasitea|barjona@excite.it,,,,,
Miramare|miramare@starnet.it,,,,,
Hotel Eden Roc|info@edenroc.it,,,,,
Buca di Bacco|bacco@starnet.it,,,,,
Buca di Bacco|info@bucadibacco.it,,,,,
Hotel Marincanto|info@marincanto.it,,,,,
Hotel Poseidon|info@hotelposeidonpositano.it,,,,,
Hotel Poseidon|poseidon@starnet.it,,,,,
Covo dei Saraceni|info@covodeisaraceni.it,,,,,
Hotel Le Agavi|agavi@agavi.it,,,,,
Hotel Le Agavi|info@leagavi.it,,,,,
Hotel Don Pepe Terme & Conference|info@hoteldonpepe.it,,,,,
Grand Hotel Capodimonte|capodimonte@manniellohotels.it,,,,,
Hotel Italia|filipet@tiscalinet.it,,,,,
Hotel Bellavista|info@bellavistacapri.com,,,,,
Hotel Bellavista|direzione@bellavistacapri.com,,,,,
Hotel Nautilus|nautilus@capri.it,,,,,
Semiramis|semiramis@capri.it,,,,,
Hotel La Conca Azzurra|info@concaazzurra.it,,,,,
Hotel Il Girasole|info@ilgirasole.com,,,,,
Hotel Il Girasole|ilgirasole@capri.net,,,,,
Hotel Punta del Sole Terme|info@hotelpuntadelsole.it,,,,,
Villa La Tartana|latartana@starnet.it,,,,,
Villa La Tartana|info@villalatartana.it,,,,,
Hotel Villa Gabrisa|info@villagabrisa.com,,,,,
Hotel Villa Gabrisa|postmaster@villagabrisa.com,,,,,
Il Margherita|sarteano@libero.it,,,,,
Casa Battani|pierobat@tiscalinet.it,,,,,
Hotel Serius|prenotazioni@hotelserius.it,,,,,
Grande Albergo Vesuvio|info@vesuvio.it,,,,,
Carlo Magno Hotel Residence|info@hotelcarlomagno.it,,,,,
Hotel Casa Caprile|info@casacaprile.com,,,,,
Hotel Casa Caprile|casacaprile@innapleshotels.com,,,,,
Hotel San Michele|sanmich@metis.it,,,,,
Michelangelo|michelan@metis.it,,,,,
Casa Teresa|casateresa@hotmail.it,,,,,
Casa Teresa|casateresa@sirene.it,,,,,
Bussola di Hermes|bus.hermes@libero.it,,,,,
Hotel Onda Verde|info@hotelondaverde.com,,,,,
Hotel Onda Verde|reservations@ondaverde.it,,,,,
Hotel Onda Verde|ondaverde@starnet.it,,,,,
Mezzatorre Resort & Spa|info@mezzatorre.it,,,,,
Hotel Parco Smeraldo Terme|info@hotelparcosmeraldo.com,,,,,
Hotel Il Nespolo|ilnespolo@metis.it,,,,,
Hotel San Giorgio Terme|info@hotelsangiorgio.com,,,,,
Hotel Antares|info@hotelantares.it,,,,,
Parco Residence La Rosa| larosa@ischiaonline.it,,,,,
Hotel Residence Sant'Angelo|hsangelo@metis.it,,,,,
Hotel Residence Sant'Angelo|hsangelo@ischiaonline.it,,,,,
Saint Raphael Terme|st.raphael@flashnet.it,,,,,
Hotel Cristallo Palace|info@dimhotels.it,,,,,
Hotel Cristallo Palace|info@hotelcristalloischia.it,,,,,
Elma|htlhelma@pointel.it,,,,,
Terme Manzi Hotel & Spa|info@manziterme.it,,,,,
Country Club|midime@tiscalinet.it,,,,,
Hotel Saint Leonard|info@hotelstleonard.it,,,,,
Hotel Terme Galidon|info@hoteltermegalidon.it,,,,,
Hotel Zi' Carmela|zicarmela@zicarmela.com,,,,,
Ideal|idealhotel@infoidealhotel.com,,,,,
Il Gattopardo|info@ilgattopardo.com,,,,,
La Ginestra|laginestra@ischiaweb.it,,,,,
Le Canne|hotel.lecanne@libero.it,,,,,
Lord Byron|info@hotellordbyron.it,,,,,
Hotel Terme Tramonto d'Oro|trador@libero.it,,,,,
Hotel Terme Villa Sorriso|info@hotelvillasorriso.it,,,,,
Hotel Villa Teresa|info@villateresa.it,,,,,
Residence Luna|luna@ns.argosid.it,,,,,
Hotel Central Park|centralp@sorrento.argosid.it,,,,,
Hotel La Perla|info@perlahotel.it,,,,,
Hotel Alfonso a Mare|info@alfonsoamare.it,,,,,
Hotel Alfonso a Mare|alfonsoamare@meginet.it,,,,,
Villa Bellavista|info@villabellavista.it,,,,,
Villa Bellavista|bellavista@syrene.it,,,,,
Villa Prato|villaprato@hotmail.com,,,,,
Residence Casa Mia|casamia@connect.it,,,,,
Casale Villarena|info@casalevillarena.com,,,,,
Casale Villarena|info@casalevillarena.it,,,,,
Hotel Giordano|judithamato@villamaria.it,,,,,
Hotel Giordano|giordano@giordanohotel.it,,,,,
Villa Patrizia|villa.patrizia@tiscalinet.it,,,,,
Hotel La Certosa|info@hotelcertosa.com,,,,,
Hotel La Certosa|certosa@syrene.it,,,,,
Hotel La Certosa|hotellacertosa@tiscalinet.it,,,,,
Hotel La Certosa|alfonso.caputo@libero.it,,,,,
Gocce di Capri|info@goccedicapri.it,,,,,
Hotel Sant'Agata|info@hotelsantagata.com,,,,,
Villa Lo Scorpione|magrigin@tin.it,,,,,
Casa per vacanze L'Annunziata|eugemele@tin.it,,,,,
Villa Fiorentino|posimare@tiscali.it,,,,,
Villa Fiorentino|posimare@tiscalinet.it,,,,,
Hotel Villa Romana|info@hotelvillaromana.it,,,,,
Hotel Bacco|info@baccofurore.it,,,,,
Hotel Le Terrazze|info@hotelleterrazze.it,,,,,
Hotel Tramonto d'Oro|info@tramontodoro.it,,,,,
Hotel Tramonto d'Oro|tramontodoro@starnet.it,,,,,
Hotel Tramonto d'Oro|tramontodoro@logis.it,,,,,
La Rosa Parco Residense|larosa@ischiaonline.it,,,,,
Appartamenti Le Pleiadi|info@residencelepleiadi.it,,,,,
bellavista residence|bellavista@metis.it,,,,,
Hotel Margherita|hmargherita@metis.it,,,,,
Antonia B&B|antonia.bandb@tiscalinet.it,,,,,
Hotel Villa Franca|info@villafrancahotel.it,,,,,
VIGNA DEL MARE|vignadelmare@starnet.it,,,,,
Bed & Breakfast Sivori|bb.sivori@tin.it,,,,,
Marcopolo Appartamenti|marcopolo.sa@iol.it,,,,,
LE TORE|letore@iol.it,,,,,
"Agriturismo ""Castanito""|castanito@terranostra.campania.it",,,,,
"Agriturismo ""Galatea""|griturismogalatea@agriturismogalatea.com",,,,,
La casa del ghiro”|lacasadelghiro@terranostra.campania.it,,,,,
La casa del ghiro”|ghiro1@uniserv.uniplan.it,,,,,
casa Figini|alefigini@libero.it,,,,,
Casetta Renata|rspa@katamail.com,,,,,
"Azienda agrituristica ""Il Casolare""|ilcasolare@sibilla.net",,,,,
Villa Parisi|m.vicinanza@iol.it,,,,,
VILLA SIGNORINI|signorin@connect.it,,,,,
AGRITURISMO FARIELLO ANIELLO GUIDO|iscairia@alentum.it,,,,,
AZIENDA AGRITURISTICA di CRISOLIA CRISTINA|scarano.ag@xcom.it,,,,,
IL TORCHIO|iltorchio@tin.it,,,,,
RESIDENCE PUNTA CHIARITO|puntachiarito@pointel.it,,,,,
residence le terrazze|maurizio.terrazze@tiscalinet.it,,,,,
HOTEL LE QUERCIE|info@albergolequercie.it,,,,,
Villa|claudia@rosenet.it,,,,,
HOTEL LA DARSENA RESIDENCE|darsena@cilento.it,,,,,
Hotel La Pergola|info@lapergola-hotel.com,,,,,
Villaggio residence olimpia|direzione@villaggiolimpia.com,,,,,
Hotel Delfino|info@hoteldelfino.com,,,,,
Hotel Residence Villa Anna|info@acampora.it,,,,,
Azienda Agrituristica Seliano|seliano@agriturismoseliano.it,,,,,
HOTEL GRILLO VERDE|info@hotelgrilloverde.it,,,,,
Hotel Terme Felix|info@hotelfelix.it,,,,,
Hotel Vittorio|infovittorio@pointel.it,,,,,
Hotel Terme President|president@pointel.it,,,,,
Villa Palomba|villapalomba@capri.it,,,,,
villa eva|villa.eva@capri.it,,,,,
villa eva|villaevacapri@hotmail.com,,,,,
Relais Maresca|info@relaismaresca.it,,,,,
Hotel Centrale|amalfihotelcentrale@msn.com,,,,,
Vittoria|vittoria@starnet.it,,,,,
Hotel Holiday|info@holidayamalficoast.it,,,,,
Hotel Il Pino|info@hotelilpino.it,,,,,
Romantica Park Hotel e Terme|info@romantica.net,,,,,
Romantica Park Hotel e Terme|booking@romantica.net,,,,,
La Locanda del Fiordo|info@lalocandadelfiordo.it,,,,,
Hotel San Francesco|info@hotel-sanfrancesco.it,,,,,
Hotel San Francesco|info@hsfmaiori.it,,,,,
Grand Hotel Nastro Azzurro|info@nastroazzurroresort.com,,,,,
Villa Oliviero|nellooli@tin.it,,,,,
Villa Oliviero|positano@positano.org,,,,,
Grand Hotel La Medusa|reservation@lamedusahotel.com,,,,,
Grand Hotel La Medusa|info@lamedusahotel.com,,,,,
Grand Hotel La Medusa|giulianoirollo@lamedusahotel.com,,,,,
Grand Hotel La Medusa|reception@lamedusahotel.com,,,,,
Villa de Pertis|info@villadepertis.it,,,,,
HOTEL RISTORANTE GARDEN|garden@starnet.it,,,,,
Hotel Cetus|info@hotelcetus.com,,,,,
Villa Soglia (4 stars)|villasoglia@abitarelastoria.it,,,,,
Residence La Neffola|info@nubedargento.com,,,,,
Agriturismo S. Alfonso|info@agriturismosantalfonso.it,,,,,
Hotel Amleto|info@hotelamleto.it,,,,,
Pensione Pellegrino|info@pensione-pellegrino.it,,,,,
Hotel & Spa Bellavista Francischiello|info@francischiello.it,,,,,
Hotel Le Fioriere|info@lefioriere.it,,,,,
Hotle Smeraldo|info@hotelsmeraldo.it,,,,,
Hotel Open Gate|info@hotelopengate.it,,,,,
Hotel Villa Letizia|info@hotelvillaletizia.it,,,,,
Residence Villa Flavio Gioia|info@villaflaviogioia.it,,,,,
Hotel Belair|info@belair.it,,,,,
Hotel La Vue D'Or|info@lavuedor.com,,,,,
Belvedere|belvedere@belvederehotel.it,,,,,
Casa Cosenza|info@casacosenza.it,,,,,
Hotel del Corso|info@hoteldelcorso.com,,,,,
Hotel Luna Convento|info@lunahotel.it,,,,,
Hotel Antica Repubblica|anticarepubblica@starnet.it,,,,,
Liviezzolo|giulioya@syrene.it,,,,,
Palazzo Marziale|info@palazzomarziale.com,,,,,
Palazzo Marziale|info@sorrentoweddings.net,,,,,
Antica Masseria la Morella|miletto@na.infn.it,,,,,
Aurora|aurora@genesi.shiny.it,,,,,
Villa Cadiz|villacadiz@hotmail.com,,,,,
Agnello d'Oro|info@hotelagnellodoro.it,,,,,
Romantik Hotel Villa Pagoda|info@villapagoda.it,,,,,
Bristol Palace|info@hotelbristolpalace.com,,,,,
Palazzo Fieschi|fieschi@split.it,,,,,
Mediterranee|mediterrane@ethotels.com,,,,,
Hotel Europa & Concordia|info@hoteleuropaeconcordia.it,,,,,
Hotel Europa & Concordia|hoteleur@tin.it,,,,,
Bel Sit|info@belsithotel.it,,,,,
Hotel Adler|info@hoteladleralassio.it,,,,,
Diana Grand Hotel|info@dianagh.it,,,,,
Aida|info@hotelaida.it,,,,,
Bellevue e Mediterrane|admin@hb-dianomarina.it,,,,,
Hotel Sasso Residence|info@hotelsassoresidence.it,,,,,
Grand Hotel Miramare|miramare@grandhotelmiramare.it,,,,,
Diana Majestic|grandhotel@dianamajestic.com,,,,,
Metropol|hotelmetropol@tin.it,,,,,
Torri Superiore|torrisup@rosenet.it,,,,,
Riserva di Castel d'Appio|info@lariserva.it,,,,,
Riserva di Castel d'Appio|info@lariserva.com,,,,,
"Parigi, Hotel|info@hotelparigi.com",,,,,
Hotel Villa Elisa|villaelisa@masterweb.it,,,,,
Hotel Villa Elisa|info@villaelisa.com,,,,,
Lucciola|luxor@luxorhotels.it,,,,,
Lucciola|hotel.lucciola@masterweb.it,,,,,
Jean Pierre|hoteljeanpierre@libero.it,,,,,
Jean Pierre|hotelvillasperanza@libero.it,,,,,
Terre Bianche|terrebianche@terrebianche.com,,,,,
Eveline Portosole|hotel@evelineportosole.com,,,,,
Nike|info@hotelnike.com,,,,,
Parco Hotel|parcohotel@rivieradeifiori.com,,,,,
Principe|residenceprincipe@libero.it,,,,,
Lolli Palace|info@lollihotel.it,,,,,
Festival|festival@touringpoint.com,,,,,
Royal Hotel Sanremo|info@royalhotelsanremo.com,,,,,
Napoleon|napoleon@sanremo.it,,,,,
Hotel Astoria West End|info@astoriasanremo.it,,,,,
Nyala Suite Hotel|reservations@nyalahotel.com,,,,,
Nyala Suite Hotel|ivarnero@nyalahotel.com,,,,,
Belsoggiorno|info@belsoggiorno.net,,,,,
Grand Hotel Londra|info@londrahotelsanremo.com,,,,,
Grand Hotel Londra|direzione@londrahotelsanremo.com,,,,,
Grand Hotel & Des Anglais|desanglais@sistel.it,,,,,
Hotel Canali|info@hotelcanali.com,,,,,
Le Palme|lepalme@hotmail.com,,,,,
Hotel Splendido & Splendido Mare|reservations@splendido.net,,,,,
Hotel Splendido & Splendido Mare|agorbena@splendido.net,,,,,
Hotel Eden|info@hoteledenportofino.191.it,,,,,
Hotel Nazionale|info@nazionaleportofino.com,,,,,
Domina Home Piccolo|piccolo@domina.it,,,,,
Domina Home Piccolo|dopiccol@tin.it,,,,,
Park Hotel Suisse|info@parkhotelsuisse.it,,,,,
Hotel Minerva|hminerva@tiscalinet.it,,,,,
Hotel Minerva|info@hminerva.it,,,,,
Fiorina|fiorinasmi@libero.it,,,,,
Tigullio Et De Milan|info@hoteltigullioetdemilan.it,,,,,
Villa Gnocchi|roberto.gnocchi@tin.it,,,,,
Villa Gnocchi|gnocchi@mcsystem.it,,,,,
Hotel Metropole|hotel.metropole@metropole.it,,,,,
Hotel Fasce|hotelfasce@hotelfasce.it,,,,,
Conte Verde|cverde@zeus.omninet.it,,,,,
Conte Verde|info@hotelconteverde.it,,,,,
Hotel Imperiale Palace|info@hotelimperiale.com,,,,,
Hotel Imperiale Palace|info@imperiale.com,,,,,
Hotel Continental|continental@hotel-continental.it,,,,,
Hotel Regina Elena|info@reginaelena.it,,,,,
Hotel Regina Elena|h.regina@tigullio.it,,,,,
Hotel Regina Elena|h.regina.elena@reginaelena.it,,,,,
Hotel Lido Palace|info@lidopalacehotel.it,,,,,
Hotel Lido Palace|lidopalace@mclink.it,,,,,
Hotel Jolanda|desk@hoteljolanda.it,,,,,
Helios|info@hotelhelios.com,,,,,
Laurin|info@laurinhotel.it,,,,,
Laurin|s.zerbi@laurinhotel.it,,,,,
Mediterraneo|info@sml-mediterraneo.it,,,,,
Hotel La Vela|info@lavela.it,,,,,
Nuovo Hotel Garden|info@nuovohotelgarden.com,,,,,
Hotel Le Fontane|hotelstagnaro@hotmail.com,,,,,
Admiral|albergoadmiral@libero.it,,,,,
Hotel Ferrari|info@hotel-ferrari.com,,,,,
Hotel Sud Est|info@hotelsudest.it,,,,,
Hotel Torino|info@hotel-torino.net,,,,,
Hotel Monte Rosa|info@hotelmonterosa.it,,,,,
Hotel Monte Rosa|direttore@hotelmonterosa.it,,,,,
Ca' Peo|nicosol@libero.it,,,,,
Moderno|hotelmoderno@newnetworks.it,,,,,
Dell'Orto|albergodellorto@libero.it,,,,,
Gargantua|Salvatore.Borda@tin.it,,,,,
Hotel Santa Maria|info@santamaria-hotel.com,,,,,
Aurelia|hotelaurelia.lavagna@tiscali.it,,,,,
Doria|info@doriahotel.com,,,,,
Valentino|albergovalentino@tiscali.it,,,,,
Real Park Hotel|realpark@mclink.it,,,,,
Villa Luisa|info@hotelvillaluisa.it,,,,,
Arco Del Sole|attilioschiaffino@libero.it,,,,,
Bristol|info@hotelbristol-italia.com,,,,,
Miramare|info@miramare-hotel.it,,,,,
Villa Rosa|info@villarosahotel.it,,,,,
Quattro Venti **|hotel4venti@libero.it,,,,,
Due Mari|info@duemari.com,,,,,
Helvetia|helvetia@hotelhelvetia.it,,,,,
Helvetia|helvetia@rainbownet.it,,,,,
Miriam|miriamhotel@interfree.it,,,,,
Albergo Italia e Lido|info@italiaelido.com,,,,,
Grand Hotel Bristol|worldby@gmail.com,,,,,
Hotel Mondial|info@hotelmondialrapallo.it,,,,,
Hotel Mirò|info@hotelmiro.net,,,,,
Rosabianca|hotel.rosabianca@tin.it,,,,,
Rosabianca|htlrosab@ifree.it,,,,,
Hotel Riviera|info@hotelrivierarapallo.com,,,,,
Hotel Riviera|info@vmaxmedia.com,,,,,
EUROPA ****|europa@rapallo.omninet.it,,,,,
Manuelina La Villa|manuelina@manuelina.it,,,,,
Elena|elenahotel@inwind.it,,,,,
Hotel Cenobio dei Dogi|reception@cenobio.it,,,,,
Jolly Hotel|la_spezia@jollyhotels.it,,,,,
Hotel Ghironi|info@hotelghironi.it,,,,,
Hotel Ghironi|reservation@hotelghironi.it,,,,,
Hotel Ghironi|direzione@hotelghironi.it,,,,,
Nella|direzione@hotelnella.com,,,,,
Hotel Royal Sporting|royal@royalsporting.com,,,,,
Della Baia|hbaia@baiahotel.com,,,,,
Hotel Paradiso|info@paradisohotel.net,,,,,
Agriturismo Villanova|massola@iol.it,,,,,
Hotel Stella Maris|renza@hotelstellamaris.it,,,,,
Dora|info@dorahotel.com,,,,,
Carla|info@carlahotel.com,,,,,
Hotel Clelia|hotel@clelia.it,,,,,
Hotel Clelia|info@clelia.it,,,,,
Hotel Clelia|hote@clelia.it,,,,,
Hotel Clelia|hotelclelia@5terre.come,,,,,
Hotel Baia|info@baiahotel.it,,,,,
Hotel Palme|info@hotelpalme.it,,,,,
Belvedere|info@belvedereportovenere.it,,,,,
Hotel Le Grazie|info@hotellegrazie.com,,,,,
Locanda Miranda|locandamiranda@libero.it,,,,,
IL NIDO C.M.|albenido@tin.it,,,,,
Cristallo|crishote@tin.it,,,,,
Hotel Shelley e delle Palme|info@hotelshelley.it,,,,,
Hotel Europa|info@europahotel.it,,,,,
Hotel Venere Azzurra|hotelvenereazzurra@tiscali.it,,,,,
Hotel Venere Azzurra|vichotel@tiscali.it,,,,,
Hotel Venere Azzurra|info@hotelvenereazzurra.com,,,,,
Hotel Venere Azzurra|hotelvenereazzurra@hotelvenereazzurra.com,,,,,
Doria Park Hotel|info@doriaparkhotel.it,,,,,
Doria Park Hotel|valetheking@yahoo.it,,,,,
Hotel Florida Lerici|florida@hotelflorida.it,,,,,
Hotel Florida Lerici|hotelflorida@logis.it,,,,,
Hotel Byron Lerici|info@byronhotel.com,,,,,
Hotel Byron Lerici|hbyron@cdh.it,,,,,
Tirreno|tirrenoh@tin.it,,,,,
Ligure|hotel-ligure@iol.it,,,,,
Hotel Riviera|mail@rivierahotel.it,,,,,
Le Palme|hlp@varazze.net,,,,,
Le Palme|hlepalme.verazze@modit.it,,,,,
Coccodrillo|info@coccodrillo.it,,,,,
Zurigo|info@hotelzurigo.it,,,,,
Residence Torretti|licembra@tin.it,,,,,
Buccitti|hotel.buccitti@varazze.net,,,,,
Manila|info@manilahotel.it,,,,,
Le Roi|hotel@leroi.it,,,,,
Eden|eden.hotel@interbusiness.it,,,,,
Cristallo|info@cristallohotel.it,,,,,
Bristol|info@bristolvarazze.com,,,,,
Villa Gloria|info@hotelvillagloria.it,,,,,
Hotel San Francisco|sf@hotel-sanfrancisco.it,,,,,
The Westin Palace|westin.palacemilan@westin.com,,,,,
The Westin Palace|palacemilan@westin.com,,,,,
The Westin Palace|ilario.cellon@starwoodhotels.com,,,,,
The Westin Palace|res049palacemilan.res049palacemilan@starwoodhotels.com,,,,,
Hotel Principe di Savoia|reservations@hotelprincipedisavoia.com,,,,,
Hotel Principe di Savoia|sara.mella@hotelprincipedisavoia.com,,,,,
Hotel Principe di Savoia|nicola.sinisi@hotelprincipedisavoia.com,,,,,
Pierre Hotel|direzione@hotelpierremilano.it,,,,,
Grand Hotel Duomo|bookings@grandhotelduomo.com,,,,,
Grand Hotel Duomo|info@grandhotelduomo.com,,,,,
Hotel Gritti|info@hotelgritti.com,,,,,
Continental|hotelcontinental@yahoo.it,,,,,
Villa Cortine Palace|info@hotelvillacortine.com,,,,,
Hotel Sirmione|hs@termedisirmione.com,,,,,
Albergo Terminus|info@albergoterminus.it,,,,,
Albergo Terminus|cz@albergoterminus.it,,,,,
Hotel Barchetta Excelsior|info2@hotelbarchetta.it,,,,,
Hotel Barchetta Excelsior|marco.montagnani@hotelbarchetta.it,,,,,
Hotel Barchetta Excelsior|loredana.bosetti@hotelbarchetta.it,,,,,
Palace Hotel|chiara.mascetti@palacehotel.it,,,,,
Palace Hotel|info@palacehotel.it,,,,,
Villa D'Este|reservations@villadeste.it,,,,,
Villa D'Este|m.verga@villadeste.it,,,,,
Villa D'Este|food.beverage@villadeste.it,,,,,
Villa D'Este|reception@villadeste.it,,,,,
Villa D'Este|group.dept@villadeste.it,,,,,
Villa D'Este|sales@villadeste.it,,,,,
Villa D'Este|group@villadeste.it,,,,,
Villa D'Este|serena@villadeste.it,,,,,
Villa D'Este|vera.mazzoni@villadeste.it,,,,,
Il Perlo Panorama|info@hotelilperlo.com,,,,,
Du Lac|dulac@tin.it,,,,,
Grand Hotel des Iles Borromees|borromees@borromees.it,,,,,
Grand Hotel Victoria|info@grandhotelvictoria.it,,,,,
BAIA D’ORO|hotel-baiadoro@gardalake.it,,,,,
ALBERGO AL SOLE|info@albergoalsole.com,,,,,
Hotel Villa Cipriani|villacipriani@sheraton.com,,,,,
Hotel Villa Cipriani|antonietta.bonelli@starwoodhotels.com,,,,,
Hotel Villa Cipriani|res032.villacipriani@starwoodhotels.com,,,,,
Hotel Ristorante Villa Palma|info@villapalma.it,,,,,
Hotel Villa Luppis|info@villaluppis.it,,,,,
HOTEL VICTORIA|admin@hotelvictoria.it,,,,,
Hotel Gabbia D'Oro|gabbiadoro@easyasp.it,,,,,
Colomba d'Oro|info@colombahotel.com,,,,,
Hotel Ristorante Gardesana|info@hotel-gardesana.com,,,,,
Art Hotel Commercianti|commercianti@inbo.it,,,,,
Art Hotel Commercianti|hotcom@tin.it,,,,,
Art Hotel Orologio|orologio@inbo.it,,,,,
Art Hotel Orologio|hotoro@tin.it,,,,,
Art Hotel Orologio|orologio.bo@inbo.it,,,,,
Hotel Corona D'Oro|corona@inbo.it,,,,,
Hotel Corona D'Oro|arthotel.corona@inbo.it,,,,,
Accademia|hotelaccademia@hotelaccademia.it,,,,,
Hotel Posta|booking@hotelposta.re.it,,,,,
Hotel Posta|sidoli@hotelposta.re.it,,,,,
Ripagrande Hotel|info@ripagrandehotel.it,,,,,
Ripagrande Hotel|ripahtl@mbox.4net.it,,,,,
Hotel La Badia|labadia.hotel@tiscalinet.it,,,,,
Hotel Balocco|info@hotelbalocco.it,,,,,
Masseria San Domenico|info@masseriasandomenico.com,,,,,
Masseria San Domenico|viola@masseriasandomenico.com,,,,,
Masseria San Domenico|marilena.schiavone@masseriasandomenico.com,,,,,
Masseria San Domenico|michela.bianco@masseriasandomenico.com,,,,,
Masseria San Domenico|reservations@masseriasandomenico.com,,,,,
Gattopardo Park Hotel|info@gattopardoparkhotel.it,,,,,
Villa Igea|villa-igiea@thi.it,,,,,
Hotel Kalura|info@hotel-kalura.com,,,,,
Ermione|info@ermionehotel.com,,,,,
Villa Diodoro|diodoro@gaishotels.com,,,,,
Hotel Villa Schuler|marketing@villaschuler.com,,,,,
Five Senses Hotel Villa Ducale|info@villaducale.com,,,,,
Five Senses Hotel Villa Ducale|villaducale@tao.it,,,,,
Villa Sirina|info@villasirina.com,,,,,
San Domenico Palace Hotel|reservations-san-domenico@thi.it,,,,,
San Domenico Palace Hotel|administration-san-domenico@thi.it,,,,,
San Domenico Palace Hotel|sdomenico2@taofree.net,,,,,
Hotel Villa Belvedere|info@villabelvedere.it,,,,,
Villa Fiorita Hotel|villafioritahotel@libero.it,,,,,
Villa Fiorita Hotel|info@villafioritahotel.com,,,,,
Excelsior Grand Hotel|excelsior-catania@thi.it,,,,,
Excelsior Grand Hotel|trovato-excelsior-catania@thi.it,,,,,
G H S. Pietro|info@grandhotelsanpietro.com,,,,,
Lamola|lamola@lamola-it.com,,,,,
Grand Hotel Assisi|info@grandhotelassisi.com,,,,,
Grand Hotel Assisi|lazzarini@grandhotelassisi.com,,,,,
Grand Hotel Assisi|conni@grandhotelassisi.com,,,,,
Grand Hotel Assisi|cabella@grandhotelassisi.com,,,,,
Hotel Torre Cambiaso|torre.cambiaso@antichedimore.com,,,,,
Hotel Torre Cambiaso|elisa.bernucci@antichedimore.com,,,,,
Hotel Torre Cambiaso|antichedimore@antichedimore.com,,,,,
Excelsior Palace Hotel - Rapallo|excelsior@thi.it,,,,,
Excelsior Palace Hotel - Rapallo|thi@thi.it,,,,,
Hotel Astor|astor@astorhotel.it,,,,,
Relais La Fattoria|info@relaislafattoria.com,,,,,
le QUERCE ***|pammelati@edisons.it,,,,,
le QUERCE ***|pammelat@tecnonet.it,,,,,
Il COVONE|covone@mercurio.it,,,,,
Grand Hotel de Rose|scalea@hotelderose.it,,,,,
Hotel Fontebella|info@fontebella.com,,,,,
Madonna delle Grazie|madgrazie@ftbcc.it,,,,,
"Villa Balbi, Grand Hotel|villabalbi@tigullio.it",,,,,
"Villa Balbi, Grand Hotel|villabalbi@villabalbi.it",,,,,
Grand Hotel dei Castelli|info@hoteldeicastelli.com,,,,,
Hotel Miramare|info@miramaresestrilevante.com,,,,,
Hotel Marina|marina@hotelmarinacinqueterre.it,,,,,
HOTEL LA ROCCA INCATENATA|laroccaincatenata@libero.it,,,,,
HOTEL LA ROCCA INCATENATA|info@laroccaincatenata.it,,,,,
Hotel Punta San Martino|prenotazioni@hotelpsm.it,,,,,
Hotel Punta San Martino|commerciale@gharenzano.it,,,,,
HOTEL LEOPOLD|info@hotelleopold.it,,,,,
Residence Paradiso|info@moneglia.com,,,,,
Hotel Villa Argentina|info@villa-argentina.it,,,,,
Grand Hotel|prenotazioni@gharenzano.it,,,,,
CASTELLO MIRAMARE ***|castmira@tin.it,,,,,
Piccolo Hotel|piccolo-hotel@varazze.it,,,,,
Lido|h.lido@varazze.com,,,,,
Lido|iosbellu@tin.it,,,,,
Miranda|mirandahotel@libero.it,,,,,
"Esperia, Hotel|h.esperia@varazze.com",,,,,
Hotel Cavour|hotelcavour@inwind.it,,,,,
Hotel Miramare|info@hotelmiramare.net,,,,,
Rio|claudio.fredianelli@tin.it,,,,,
HOTEL VILLA STENO|steno@pasini.com,,,,,
Ines|hotel.ines@tiscali.it,,,,,
Hotel Marina Piccola|info@hotelmarinapiccola.com,,,,,
Locanda dell'Angelo|info@paracucchilocanda.it,,,,,
Hotel La Colonnina|info@lacolonninacinqueterre.it,,,,,
Hotel San Luca|hotelsanluca@mail.caribusiness.it,,,,,
DUE GEMELLI|2gemelli@tin.it,,,,,
Hotel Fiascherino|info@hotelfiascherino.it,,,,,
Hotel Villa Crespi|crespi@hotw.it,,,,,
Hotel Villa Crespi|info@hotelvillacrespi.it,,,,,
Hotel Villa Crespi|cinzia.villacrespi@virgilio.it,,,,,
Hotel Villa Crespi|villacrespi@tin.it,,,,,
Hotel Villa Crespi|cinzia.villacrespi@libero.it,,,,,
Hotel Villa Crespi|villacrespi@lagodortahotels.com,,,,,
Hotel Villa Crespi|prenotazioni@hotelvillacrespi.it,,,,,
Hotel Suisse Bellevue|cigolini@hotelsuissebellevue.it,,,,,
Hotel Villa Adriana|hotel-villa-adriana@libero.it,,,,,
Castello Cortevecchio Residence|cortev@agriturgubbio.com,,,,,
Bellevue San Lorenzo|bellevue@graffiti2000.com,,,,,
Il Castello di Giomici|Reception@ilcastellodigiomici.it,,,,,
Hotel Palazzo Bocci|info@palazzobocci.com,,,,,
Hotel Palazzo Bocci|reservations@palazzobocci.com,,,,,
Castello dell'Oscano|info@oscano.com,,,,,
Castello dell'Oscano|amministrazione@oscano.com,,,,,
Castello dell'Oscano|oscano@oscano.com,,,,,
Villa Pambuffetti|info@villapambuffetti.it,,,,,
HOTEL GATTAPONE|gattapone@mail.caribusinness.it,,,,,
EREMO DELLE GRAZIE|eremodellegrazie@tin.it,,,,,
"Romantik Hotel ""Le Silve di Armenzano""|info@lesilve.it",,,,,
Hotel Subasio|s.elisei.hotelsubasio@interbusiness.it,,,,,
Casella del Piano|casella@caselladelpiano.com,,,,,
Le Cinciallegre B & B|cincial@agriturgubbio.com,,,,,
Residence Villa Mozart di Vittorio Reggiani e Rossana|mozart@retein.net,,,,,
S.MARIA DEGLI ANCILLOTTI|pavone@edison.it,,,,,
Poggio d'Asproli|poggiodasproli@email.it,,,,,
Poggio d'Asproli|poggio_dasproli@hotmail.com,,,,,
Casa Giulia|info@casagiulia.com,,,,,
Il Vecchio Molino|info@vecchio_molino.it,,,,,
Relais Il Canalicchio|relais@relaisilcanalicchio.it,,,,,
La Rosa Canina|info@larosacanina.it,,,,,
Hotel Villa Montegranelli|villa.montegranelli@tin.it,,,,,
Fattoria di Vibio|Info@FattoriaDiVibio.com,,,,,
Le grotte di Boldrino|grottediboldrino@libero.it,,,,,
Semi di mela|info@semidimela.com,,,,,
Villa Gabbiano|villagabbiano@villagabbiano.it,,,,,
Brufani Palace Hotel|Brufani@italyhotel.com,,,,,
Brufani Palace Hotel|brufani@tin.it,,,,,
Brufani Palace Hotel|alessandra.pompei@sinahotels.it,,,,,
Locanda della Posta|novelber@tin.it,,,,,
Malvarina|info@malvarina.it,,,,,
la fornace|info@lafornace.com,,,,,
Locanda Rosati|info@locandarosati.orvieto.tr.it,,,,,
Locanda Rosati|locandarosati@libero.it,,,,,
Locanda Rosati|locanda.rosati@it.net,,,,,
Villa Ciconìa|villaciconia@libero.it,,,,,
giandrale|info@giandriale.it,,,,,
Fattoria di Titignano|info@titignano.it,,,,,
La Cerqua|info@cerqua.it,,,,,
Agriturismo La Chiusa|info@lachiusa.com,,,,,
Agriturismo La Chiusa|lachiusa@lachiusa.com,,,,,
Agriturismo La Chiusa|masha@lachiusa.com,,,,,
Antica Dimora alla Rocca|hotelallarocca@libero.it,,,,,
Antica Dimora alla Rocca|info@hotelallarocca.it,,,,,
Antica Dimora alla Rocca|hotelallarocca1@tiscali.it,,,,,
Hotel Il Palazzo|info@hotelilpalazzo.it,,,,,
Hotel Il Palazzo|hotelilpalazzo@hotelilpalazzo.it,,,,,
Il Maniero|ilmaniero@ilmaniero.com,,,,,
Il Maniero|masgene@tin.it,,,,,
Hotel Argentina|info@argentinaportofino.com,,,,,
Hotel Villa Argentina|villaargentina@libero.it,,,,,
Locanda Ca' d'Andrean|cadandrean@libero.it,,,,,
PORTO ROCA|portoroca@cinqueterre.it,,,,,
Hotel Amici|amici@cinqueterre.it,,,,,
Hotel Cinque Terre|info@hotelcinqueterre.com,,,,,
LIDO|hotel.lido@libero.it,,,,,
Relais San Clemente|info@relais.it,,,,,
Relais San Clemente|reception@relais.it,,,,,
CASTELLO DI ANTOGNOLLA|Info@antognolla.com,,,,,
Castello di Poreta|castellodiporeta@tin.it,,,,,
CASTELLO DI CASIGLIANO|info@castellodicasigliano.com,,,,,
Caibaldi Agriturismo|caibaldi@libero.it,,,,,
Il Casale di Buccole|buccole@virgilio.it,,,,,
LOCANDA SOLOMEO|solomeo@tin.it,,,,,
CASTELLO DI PETROIA|castellodipetroia@castellodipetroia.com,,,,,
TORRE DEI CALZOLARI - Palace -|hotel@torrecalzolari.com,,,,,
Casa Vacanze Nonna Maria|nonnamaria@virgilio.it,,,,,
Molino del Vescovo|lino.cariani@tiscalinet.it,,,,,
Antico Casolare|marcosabatin@tiscalinet.it,,,,,
AGRITURISMO RIVOLI|agririvoli@krenet.it,,,,,
Agriturismo L'Elmo|lelmo@tiscalinet.it,,,,,
Agriturismo L'Elmo|lelmo@tiscali.it,,,,,
Agriturismo L'Elmo|info@lelmo.it,,,,,
Borgo Santa Maria|bsantamaria@tiscalinet.it,,,,,
Borgo Santa Maria|bsantamaria@tiscali.it,,,,,
Borgo Santa Maria|borgosantamaria@agriturismo.com,,,,,
Locanda dell'Angelo|locandangelo@libero.it,,,,,
Agriturismo Sasso Rosso|aziendaagraria@sassorosso.it,,,,,
Sangallo Palace Hotel|hotel@sangallo.it,,,,,
Villa Ducci|info@villaducci.net,,,,,
agriturismo Colcello|e-mail:Zita@strattoncraig.co.uk,,,,,
La Casa Colonica Azienda Agrituristica|lacasacolonica@lacasacolonica.com,,,,,
vigne di pace|vignedipace@informatica95.com,,,,,
Villa Alsazia|villalsazia@agriturismo.com,,,,,
abbazia di vallingegno|info@abbaziadivallingegno.it,,,,,
Agriturismo Villa Finetti|info@agriturismovillafinetti.com,,,,,
la ginestra|agri.laginestra@tiscalinet.it,,,,,
Park Hotel ai Cappuccini|inf@parkhotelaicappuccini.it,,,,,
Brigolante Fattoria|brigolante@edisons.it,,,,,
Brigolante Fattoria|info@brigolante.com,,,,,
Antico Casale di Montegualandro|info@anticocasale.it,,,,,
Prato di Sotto|penny@retein.net,,,,,
Locanda del Gallo|info@locandadelgallo.it,,,,,
Locanda della Rocca Buitoni|l.buitoni@flashnet.it,,,,,
Locanda della Rocca Buitoni|locanda@tin.it,,,,,
Locanda della Rocca Buitoni|loca38@flashnet.it,,,,,
Locanda della Rocca Buitoni|lbuiton@tin.it,,,,,
Locanda della Rocca Buitoni|info@locandadellaroccabuitoni.it,,,,,
Locanda della Rocca Buitoni|fn027029@flashnet.it,,,,,
Agriturismo La Ghirlanda|info@laghirlanda.it,,,,,
Agriturismo La Ghirlanda|laghirlanda@libero.it,,,,,
Antica Villa Castelli|castelliantonio@libero.it,,,,,
Dogana Pontificia|cyber.tour@agora.stm.it,,,,,
Hotel Bramante|bramante@hotelbramante.it,,,,,
Hotel Fonte Cesia|angelo@fontecesia.it,,,,,
Hotel Fonte Cesia|fontecesia@fontecesia.it,,,,,
Hotel Fonte Cesia|f.cesia@full-service.it,,,,,
Trevi Hotel|trevihotel@tiscalinet.it,,,,,
Hotel Le Tre Vaselle|3vaselle@3vaselle.it,,,,,
Hotel Le Tre Vaselle|backoffice@3vaselle.it,,,,,
Hotel Le Tre Vaselle|direzione@3vaselle.it,,,,,
Hotel Le Tre Vaselle|info@3vaselle.it,,,,,
Hotel Villa San Donino|gitasrl@krenet.it,,,,,
Abbazia San Pietro in Valle|abbazia@sanpietroinvalle.com,,,,,
Abbazia San Pietro in Valle|bergmann@inwind.it,,,,,
Abbazia San Pietro in Valle|chiara.costanzi@tiscali.it,,,,,
Abbazia San Pietro in Valle|federica.costanzi@virgilio.it,,,,,
Abbazia San Pietro in Valle|chiacost@tin.it,,,,,
La Casella|lacasella@tin.it,,,,,
La Casella|info@lacasella.com,,,,,
Hotel Dei Priori|hpriori@tiscalinet.it,,,,,
Villa DONY|info@villadony.com,,,,,
Residenza Il Carleni|carleni@tin.it,,,,,
Hotel San Francesco|sfranc@krenet.it,,,,,
Hotel Villa Bellago|villabellago@tiscalinet.it,,,,,
Il Poggio degli Olivi|info@poggiodegliolivi.com,,,,,
L'Orto degli Angeli - Residenza d'Epoca|ortoangeli@ortoangeli.it,,,,,
Hotel Palazzo Brunamonti|hotel@brunamonti.com,,,,,
Hotel Sobaria|sobaria@technet.it,,,,,
Hotel Tiferno|hoteltiferno@lineanet.net,,,,,
Castieven|lapolenza@libero.it,,,,,
Hotel Vannucci|info@hotel-vannucci.com,,,,,
Agriturismo Gallerani|gallerani@cittadellaspezia.it,,,,,
Agriturismo Gallerani|marcozoccali@libero.it,,,,,
Golf Hotel Colle della Trinità|info@colledellatrinita.com,,,,,
Golf Hotel Colle della Trinità|lodovica.burla@libero.it,,,,,
Locanda San Michele|locandasanmichele@tiscalinet.it,,,,,
La Quiete|laquiete@laquiete.com,,,,,
Country House Ottavi|ottavi@ottavicountryhouse.com,,,,,
Villa Pascolo|cens@infoservice.it,,,,,
L' Antico Forziere|lanticoforziere@nextcontact.net,,,,,
Hotel Guesia|info@guesia.com,,,,,
Hotel Le Mura|albmura@bcsnet.it,,,,,
Hotel dei Pini|hoteldeipini@italy1.com,,,,,
Hotel Gattapone|mencarelli@mencarelligroup.com,,,,,
Agriturismo Monteverde|info@agriturismomonteverde.it,,,,,
Hotel Fontegaia|fontegaia@hotelfontegaia.it,,,,,
Locanda del Capitano|locanda_del_capitano@hotmail.com,,,,,
Hotel Grotta Azzurra|info-booking@bianconi.com,,,,,
Hotel Corso|hotelcorso@libero.it,,,,,
Grand Hotel Italia|hotelitalia@libero.it,,,,,
Palazzo Piccolomini|piccolomini.hotel@orvienet.it,,,,,
Villa Acquafredda|vergari_a@libero.it,,,,,
Hotel Vega|vegahot@tin.it,,,,,
Hotel del Teatro|info@hoteldelteatro.it,,,,,
Hotel del Teatro|hoteldelteatro@mclink.it,,,,,
Hotel Dei Duchi|hotel@hoteldeiduchi.com,,,,,
Palazzo Dragoni|rodiota@hotmail.com,,,,,
Porta del Tempo Hotel & Country House|info@portadeltempo.com,,,,,
Porta del Tempo Hotel & Country House|direzione@portadeltempo.com,,,,,
Hotel Colle dell'Oro|colledelloro@libero.it,,,,,
Hotel Villa Luisa|villaluisa@villaluisa.it,,,,,
Hotel Villa Luisa|hotelvillaluisa@libero.it,,,,,
Le Torracce|letorracce@libero.it,,,,,
Romantik Hotel di Villa di Monte Solare|info@villamontesolare.com,,,,,
Romantik Hotel di Villa di Monte Solare|info@villamontesolare.it,,,,,
Priori|perugia@hotelpriori.it,,,,,
Hotel Arca|hotelarca@hotelarca.com,,,,,
Relais Todini|relaistodini@libero.it,,,,,
Relais Todini|relais@relaistodini.com,,,,,
Le 12 Querce|ledodiciquerce@libero.it,,,,,
Hotel Relais Ducale|mencarelli@mencarelligroup.com valeriaBosi@libero.it info@relaisducale.com,,,,,
Agriturismo San Felicissimo|sanfelicissimo@edisons.it,,,,,
AGRITURISMO POGGIO PARADISO|info@poggioparadiso.it,,,,,
Locanda del Galluzzo|locandadelgalluzzo@libero.it,,,,,
Palazzo Terranova|bookings@palazzoterranova.com,,,,,
Palazzo Terranova|sarah@palazzoterranova.com,,,,,
Villa Milani|info@villamilani.com,,,,,
Camiano Piccolo|camiano@bcsnet.it,,,,,
Torre Burchio|torreburchio@tin.it,,,,,
Le Torri di Porsenna|info@letorridiporsenna.it,,,,,
Le Torri di Porsenna|inti@inwind.it,,,,,
Le Torri di Porsenna|letorridiporsenna@libero.it,,,,,
Agriturismo Antico Gelso|anticogelso@libero.it,,,,,
Hotel Portofino Kulm|kulm@portofinokulm.it,,,,,
Le More e I Gelsomini|alexdionisi@tin.it,,,,,
Le More e I Gelsomini|info@lemoreeigelsomini.com,,,,,
Pereto|pereto@pereto.com,,,,,
Hotel Olimpico|info@hotelolimpico.it,,,,,
Re Artù Holiday Center|info@reartuassisi.com,,,,,
D'Elite Hotel B&B|residence@delite.it,,,,,
river park hotel|riverpark.hotel@tin.it,,,,,
Sette Archi|info@hotelsettearchi.com,,,,,
Hotel Villa Belvedere|hotelvillabelvedere.hote@tin.it,,,,,
Hotel Villa Belvedere|info@bonassolahotelvillabelvedere.com,,,,,
Villaggio La Francesca|infofran@villaggilafrancesca.it,,,,,
Villaggio La Francesca|milano@villaggilafrancesca.it,,,,,
Hotel L'Approdo|booking@approdohotel.it,,,,,
Hotel L'Approdo|info@approdohotel.it,,,,,
Hotel L'Approdo|direzione@approdohotel.it,,,,,
Hotel L'Approdo|direzione@hotel-approdo.com,,,,,
Relais dei Magi|reception@relaismagi.it,,,,,
Decohotel|info@decohotel.it,,,,,
Le Vignole|levignole@tiscalinet.it,,,,,
Agriturismo MAROSA|info@agrimarosa.com,,,,,
Terme Francescane|termaefran@libero.it,,,,,
Hotel Pensione Moderna|info@pensionemoderna.it,,,,,
Hotel Primavera|hotelprimavera@libero.it,,,,,
Hotel Paraggi|hotelparaggi@libero.it,,,,,
Villa Oriana B&B|info@villaoriana.it,,,,,
Villa Oriana B&B|villaoriana@tiscali.it,,,,,
Convento di Agghielli|agghielli@virgilio.it,,,,,
Convento di Agghielli|info@agghielli.it,,,,,
Convento di Agghielli|convaggh@tin.it,,,,,
Casale Il Castagneto|daniela.sirio@libero.it,,,,,
Il Felcino|info@ilfelcino.it,,,,,
Azienda Agrituristica Antica Fattoria del Colle|umbria@anticafattoriadelcolle.it,,,,,
Hotel alla Posta dei Donini|info@postadonini.it,,,,,
Atlantic Palace Hotel|illaria@atlanticpalacehotel.com,,,,,
Grand Hotel La Pace|direzione@ghlapace.com,,,,,
Grand Hotel La Pace|info@ghlapace.com,,,,,
Azienda Agraria Montelujano|info@montelujano.com,,,,,
San Crispino Residence|info@sancrispinoresidence.com,,,,,
Villa Stampa|info@villastampa.com,,,,,
Villa La Torre|emeet@tin.it,,,,,
LA BRECCIA DE' I TIGLI|marghit@tin.it,,,,,
LE CASE GIALLE|lecasegialle@tiscalinet.it,,,,,
Casale Satriano|info@satriano.it,,,,,
Agriturismo Pomonte|info@pomonte.it,,,,,
Poggio Miravalle|miravalle@tiscalinet.it,,,,,
San Giovanni (Umbria)|asgiovanni@pelagus.it,,,,,
Nonna Rana|nonnarana@nonnarana.it,,,,,
Nonna Rana|nonnarana@libero.it,,,,,
Agriturismo San Vittorino|agriturismo@sanvittorino.it,,,,,
Agriturismo San Vittorino|info@carimport.it,,,,,
Agriturismo San Vittorino|cac@retein.net,,,,,
Agriturismo Malagronda|info@malagronda.it,,,,,
Podere Baiocco|info@poderebaiocco.com,,,,,
Hotel Residence Tirreno|tirrenoresidence@iol.it,,,,,
Relais La Corte di Bettona|info@relaisbettona.com,,,,,
Ripa Relais Colle del Sole|info@riparelaiscolledelsole.it,,,,,
Le Felcete|lefelcete@lefelcete.it,,,,,
Ca' Umbra|caumbra@caumbra.com,,,,,
Antico Palazzo|anticopalazzo@aol.com,,,,,
Antico Palazzo|massimon@aol.com,,,,,
Casale dei Frontini|casale.frontini@libero.it,,,,,
Hotel Clitunno|info@hotelclitunno.com,,,,,
Etruscan Chocotel|etruscan@chocohotel.it,,,,,
Hotel Antico Parco del Principe|tredy@tredy.it,,,,,
Hotel Antico Parco del Principe|info@tredy.it,,,,,
Hotel Antico Parco del Principe|tredysas@virgilio.it,,,,,
RESIDENCE L' ULIVO|info@residencelulivo.com,,,,,
Relais Borgo Brufa & SPA|info@borgobrufa.it,,,,,
Relais Borgo Brufa & SPA|webmarketing@borgobrufa.it,,,,,
Park Hotel Miramare|miligifero@libero.it,,,,,
Park Hotel Miramare|hotel@hotelmiramare.it,,,,,
Il Castello di Santa Cristina|info@santacristina.it,,,,,
Casa Cantone|tatianastramaccia@tiscalinet.it,,,,,
Casa di Gabriella in Castel Terracena|fdellacqua@katamail.com,,,,,
Hotel De La Ville|reservationsdlv@sinahotels.it,,,,,
Hotel De La Ville|groupsdlv@sinahotels.it,,,,,
Maria Luigia Hotel Palace|reservationsml@sinahotels.it,,,,,
Coltur Suites|info@coltur.com,,,,,
Coltur Suites|coltur@colonnahotels.com,,,,,
Coltur Suites|coltur@tiscalinet.it,,,,,
Coltur Suites|francesca@coltur.com,,,,,
Coltur Suites|coltur@syrene.it,,,,,
Castello Della Montecchia|ktrauttman@aol.com,,,,,
Mulino Hotel|mulino@capri.it,,,,,
Hotel Senaria|senaria@capri.it,,,,,
Hotel Royal Prisco|info@royalprisco.com,,,,,
Albergo Punta Regina|info@puntaregina.com,,,,,
Oasi Olimpia Relais|info@oasiolimpiarelais.it,,,,,
Oasi Olimpia Relais|olirel@tin.it,,,,,
Oasi Olimpia Relais|oasiolimpiarelais@libero.it,,,,,
Hotel Maison Raphael|info@maisonraphael.it,,,,,
Castello della Montecchia Apartments|info@trustandtravel.com,,,,,
Castello della Montecchia Apartments|lamontecchia@lamontecchia.it,,,,,
Hotel La Rosetta|larosetta@perugiaonline.com,,,,,
La Locanda delle Fontanelle|locandafontanelle@tiscalinet.it,,,,,
La Locanda delle Fontanelle|locandafontanelle@tiscali.it,,,,,
Il Poggio di Casanova|info@ilpoggiodicasanova.it,,,,,
Il Poggio di Casanova|farnetta@tiscalinet.it,,,,,
Il Poggio di Casanova|farnetta@tiscali.it,,,,,
La Bastiglia|fancelli@labastiglia.com,,,,,
Tenuta di Canonica|tenutadicanonica@tin.it,,,,,
Grande Albergo|info@grandalbergo-sestrilevante.com,,,,,
Agriturismo Tenuta di Corbara|info@tenutadicorbara.it,,,,,
Fattoria Le Tassinaie|info@tassinaie.com,,,,,
Hotel Club Due Torri|info@hotel2torri.com,,,,,
Bed & Breakfast Casa Lorenzina|romantic@casalorenzina.it,,,,,
Assisi Living Club|resort@carpediemgroup.com,,,,,
Assisi Living Club|assisi@carpediemgroup.com,,,,,
Hotel Dal Moro|info@assisi-hotels.com,,,,,
Hotel Villa Del Quar|info@hotelvilladelquar.it,,,,,
Hotel Villa Del Quar|villadelquar@c-point.it,,,,,
Hotel Villa Del Quar|hall@hotelvilladelquar.it,,,,,
Locanda San Vigilio|info@punta-sanvigilio.it,,,,,
Villa Stucky|info@villastucky.it,,,,,
Poggio Le Stalle|famhann@pronet.it,,,,,
Agriturismo Le Colombe|info@lecolombe.com,,,,,
Podere Schioppello|mail@schioppello.com,,,,,
Agriturismo L'uva e le stelle|info@uvaelestelle.com,,,,,
Borgo Poggiolo|borgo.poggiolo@tiscalinet.it,,,,,
Azienda Agrituristica COLLELIGNANI|collelignani@edisons.it,,,,,
Il Poggio delle Ginestre|info@ilpoggiodelleginestre.it,,,,,
Residenza Sant'Agata|info@residenzasantagata.com,,,,,
I Casali di Caicocci|info@caicocci.it,,,,,
Poggio Colpiccione Country House|info@poggiocolpiccione.it,,,,,
Villa Scarpariello|scarpariello@amalfi.it,,,,,
Hotel Terme Bagattella|labagattella@pointel.it,,,,,
Hotel Grazia Terme|info@hotelgrazia.it,,,,,
Hotel Loreley|info@hotelloreley.it,,,,,
Residence Caprice|info@residence-caprice.com,,,,,
Hotel La Conchiglia|info@hotellaconchiglia.it,,,,,
Hotel Le Querce|info@albergolequerce.it,,,,,
Furore Inn Resort|information@furoreinn.it,,,,,
Furore Inn Resort|reservation@furoreinn.it,,,,,
Hotel Britannia|britannia@split.it,,,,,
Hotel Columbus Sea|csh@split.it,,,,,
Locanda del Capitano|tavdelcap@inwind.it,,,,,
Hotel Carola|info@hotelcarola.it,,,,,
Il Respiro del Tempo|ilrespirodeltempo@libero.it,,,,,
Park Hotel Junior|parkhoteljunior@iol.it,,,,,
Villa Cafiero|info@villacafiero.it,,,,,
Grand Hotel Due Golfi|info@grandhotelduegolfi.com,,,,,
Locanda di Palazzo Cicala|palazzocicala@mentelocale.it,,,,,
Giardino Delle Esperidi|info@esperidiresort.com,,,,,
Giardino Delle Esperidi|esperidiresort@tin.it,,,,,
Giardino Delle Esperidi|reservation@esperidiresort.com,,,,,
Hotel La Reginella|info@reginellahotel.it,,,,,
Hotel La Reginella|gra.mart@bluewin.ch,,,,,
Hermitage|info@monrifhotels.it,,,,,
Il Vecchio Frantoio|info@ilvecchiofrantoio.com,,,,,
Villa San Crispolto|marco@sancrispolto.it,,,,,
Villa San Crispolto|info@sancrispolto.it,,,,,
Villa San Crispolto|sancrispolto@libero.it,,,,,
Santa Felicita Paterna|info@lapaterna.it,,,,,
Santa Felicita Paterna|f.raucci@sunflowerhotels.it,,,,,
Santa Felicita Paterna|e.ronconi@sunflowerhotels.it,,,,,
Villa Accini|info@villaaccini.it,,,,,
Villa Accini|pietromotto@libero.it,,,,,
Bed and breakfast a “L'Eremo sul mare”|info@eremosulmare.com,,,,,
Hotel Villa Maria Sorrento|info@hotelvillamaria.it,,,,,
Le Logge di Silvignano|mail@leloggedisilvignano.it,,,,,
Podere Costa Romana|costaromana@virgilio.it,,,,,
Podere Costa Romana|dicerbo@libero.it,,,,,
Locanda dei Carugi|carugi@masterweb.it,,,,,
Hotel Villa fieschi|desk@hotelvillafieschi.it,,,,,
Hotel Villa fieschi|info@hotelvillafieschi.it,,,,,
Hotel Vis à Vis|visavis@hotelvisavis.com,,,,,
Hotel Moderno Verdi|info@modernoverdi.it,,,,,
Hotel Splendid|info@splendidmare.it,,,,,
Agriturismo Golfo dei Poeti|info@agriturismogolfodeipoeti.com,,,,,
Alla Porta Rossa|allaportarossa@libero.it,,,,,
Hotel Punta Est|info@puntaest.com,,,,,
Hotel Duca della Corgna|hotelcorgna@trasinet.com,,,,,
Locanda Poggio Leone|locandapoggioleone@libero.it,,,,,
Hotel Leon D'Oro|reservation@leondoro.boscolo.com,,,,,
Agriturismo la Cascina del Olmo|lacascinadellolmo@libero.it,,,,,
FIRENZE|hfirenze@tin.it,,,,,
Hotel De' Capuleti|info@hotelcapuleti.it,,,,,
Residence Verona House|verhouse@plugit.net,,,,,
Residence Verona House|info@residenceveronahouse.com,,,,,
Residence Verona House|laresidenzavrh@virgilio.it,,,,,
SAN MARCO|sanmarco@sanmarco.vr.it,,,,,
MONTRESOR HOTEL GIBERTI|hotels@montresor.com,,,,,
Hotel San Pietro|e-mail: hotels@montresor.com,,,,,
Hotel Accademia|accademia@accademiavr.it,,,,,
Hotel Accademia|direzione@accademiavr.it,,,,,
Frattavecchia|frattavecchia@interlagos.it,,,,,
Montresor Hotel Palace|info@hotelpalaceverona.com,,,,,
Montresor Hotel Palace|michele@veronahotels.net,,,,,
Montresor Hotel Palace|stefania@veronahotels.net,,,,,
Montresor Hotel Palace|reception@hotelpalaceverona.com,,,,,
Montresor Hotel Palace|palace@montresorgroup.com,,,,,
Bellevue II|hotels@europlan.it,,,,,
Villa Bogoni|info@villabogoni.it,,,,,
Villa Giona|villagiona@villagiona.it,,,,,
Mazzarò Sea Palace|info@mazzaroseapalace.it,,,,,
Romantik Hotel Miramonti|miramonti@romantikhotels.com,,,,,
Poledrini|htl@folignohotel.com,,,,,
Hotel La Torretta|info@hotel-torretta.it,,,,,
Hotel La Torretta|hotel_torretta@virgilio.it,,,,,
Cavalieri|hotelcavalieri@hotelcavalieri.it,,,,,
Darsena|info@hoteldarsena.it,,,,,
La Vela|info@hotellavela.it,,,,,
Miralago|hotel.miralago@tin.it,,,,,
La Casalta|info@casalta.com,,,,,
Eremo di Sant'Apollinare|emanuelafratini@yahoo.it,,,,,
Al Cappello Rosso|info@alcappellorosso.it,,,,,
Al Cappello Rosso|sales@alcappellorosso.it,,,,,
du Lac et Park|info@hoteldulac-riva.it,,,,,
Hotel Carlton|info@hotelcarlton.net,,,,,
I Casolari B&B|bb-icasolari@libero.it,,,,,
Residence Ariosto|info@residenceariosto.it,,,,,
Hotel Corte Estense|info@corteestense.it,,,,,
Duchessa Isabella|isabelld@tin.it,,,,,
Annunziata|info@annunziata.it,,,,,
Annunziata|annunziata@tin.it,,,,,
Astra|astra@mbox.4net.it,,,,,
Ferrara|info@hotelferrara.com,,,,,
Hotel Orologio|Info@Hotelorologio.com,,,,,
Principessa Leonora|principessaleonora@tin.it,,,,,
Villa Regina|villaregina@tin.it,,,,,
Europa|info@hoteleuropaferrara.com,,,,,
Hotel De Prati|hoteldeprati@hoteldeprati.com,,,,,
San Paolo|hotelsanpaolo@tin.it,,,,,
Alla Cedrara|agriturismo@allacedrara.it,,,,,
Alla Cedrara|info@allacedrara.it,,,,,
Al Confortino|confortino@confortino.com,,,,,
Antica Via B&B|sanfuso@iol.it,,,,,
CORTE ONGARO|corteongaro@tin.it,,,,,
PARK HOTEL STENDHAL|stendhal.htl@rsadvnet.it,,,,,
Starhotel Du Parc|duparc.pr@starhotels.it,,,,,
VILLA DUCALE|info@villaducalehotel.com,,,,,
L'Erba Persa|erbapersa@aliceposta.it,,,,,
Argentea|agriturismo.argentea@tiscali.it,,,,,
Turin Palace Hotel|palace@thi.it,,,,,
Forte Sorgnano|fortesorgnano@hotmail.com,,,,,
Grand Hotel Sitea|sitea@thi.it,,,,,
Locanda del Sant'Uffizio|santuffizio@thi.it,,,,,
Locanda del Sant'Uffizio|elanfrancone-santuffizio@thi.it,,,,,
Grand Hotel et des Palmes|des-palmes@thi.it,,,,,
Grand Hotel Astoria|info@grand.hotelastoria.it,,,,,
Villa Mafalda|info@hotelmafalda.com,,,,,
Corte dei Gioghi|info@cortedeigioghi.com,,,,,
Villa del Sogno|info@villadelsogno.it,,,,,
Villa del Sogno|villadelsogno@gardalake.it,,,,,
Villa del Sogno|sogno@gsnet.it,,,,,
Hotel San Luca|info@sanlucahotel.it,,,,,
Villaggio Verde|info@villaggioverde.it,,,,,
Villaggio Verde|villaggioverde@tiscalinet.it,,,,,
Villaggio Verde|info@villaggioverde.com,,,,,
Villa Meligunis|villameligunis@netnet.it,,,,,
La Piazza|info@hotelpiazza.it,,,,,
La Piazza|hotelpiazza@netnet.it,,,,,
Cincotta|hotel.cincotta@exit.it,,,,,
Raya|info@hotelraya.it,,,,,
Raya|hotelraya@netnet.it,,,,,
Best Western Hotel Lisca Bianca|liscabianca@liscabianca.it,,,,,
Hotel Villa Augustus|info@villaaugustus.it,,,,,
Casajanca|info@casajanca.it,,,,,
Gattopardo PARK HOTEL|info@gattopardoparkhotel.com,,,,,
Hotel Giardino sul Mare|giardino@netnet.it,,,,,
Rocce Azzurre|rocceazzurre@netnet.it,,,,,
Poseidon|poseidon@netnet.it,,,,,
Hotel Signum|salina@hotelsignum.it,,,,,
Sirenetta|lasirenetta@netnet.it,,,,,
Villaggio Stromboli|villaggiostromboli@netnet.it,,,,,
La Sciara Residence|info@lasciara.it,,,,,
La Casa Gialla|casagialla.lipari@tiscalinet.it,,,,,
Hotel Residence Mendolita|mendolita@mendolita.it,,,,,
Costa Residence Vacanze|info@costaresidence.it,,,,,
Mistral Residence|info@mistralresidence.com,,,,,
La Villetta Residence|lavilletta@netnet.it,,,,,
MORANDI|info@albergomorandi.com,,,,,
Internazionale Monrif Hotel|internazionale@bolognahotels.com,,,,,
San Donato|info@hotelsandonato.it,,,,,
Santa Maria|info@agrisantamaria.it,,,,,
Castello di Tocerano|castelloditocerano@yahoo.it,,,,,
Castello di Tocerano|vifa0001@vifasrl.191.it,,,,,
Corso Italia Suites|incoming@executivetravel.it,,,,,
Corso Italia Suites|desk@executivetravel.it,,,,,
Corso Italia Suites|adea@executivetravel.it,,,,,
Corso Italia Suites|info@executivetravel.it,,,,,
Corso Italia Suites|ets_adea@syrene.it,,,,,
Hotel Villa Mora|hotelvillamora@tin.it,,,,,
Ala Bianca|info@hotelalabianca.it,,,,,
Palazzo della Scala|info@palazzodellascala.it,,,,,
Grand Hotel Fasano|info@grand-hotel-fasano.it,,,,,
Hotel Estée|hotel.estee@inwind.it,,,,,
Palazzo Arzaga|giancarlo.ercolin@palazzoarzaga.com,,,,,
Palazzo Arzaga|arzaga@arzaga.it,,,,,
Palazzo Arzaga|info@palazzoarzaga.it,,,,,
Hotel Villa Paradiso|info@villaparadiso.com,,,,,
Baia Blu Sirmione Hotel|info@baiabluhotel.com,,,,,
Hotel Dogana|dogana@hoteldogana.it,,,,,
Hotel Dogana|sylvie@hoteldogana.it,,,,,
Hotel Dogana|federicapret@hoteldogana.it,,,,,
Hotel Dogana|info@doganaristorante.it,,,,,
Villa Del Lago|info@gardalago.com,,,,,
Aquarius Club|info@aquariusresidence.it,,,,,
Hotel Regina Adelaide|hotel@regina-adelaide.it,,,,,
Hotel Villa Madrina|villamadrina@villamadrina.it,,,,,
Hotel Continental|hotel@continentalgarda.it,,,,,
Hotel Excelsior|info@hotelexcelsiorleterrazze.com,,,,,
Al Parco|info@hotelalparco.it,,,,,
Villa Malpensa|hotvil@malpensa.it,,,,,
Hotel il Cervo|hotelcervo@malpensa.it,,,,,
Hotel Astoria|astoriarapallo@mclink.it,,,,,
Hotel Astoria|miluciana@libero.it,,,,,
AVION|avion@tin.it,,,,,
TOURING|info@touringhotel.it,,,,,
Villa Amalia|info@villa-amalia.it,,,,,
Hotel Cristallo|studiocom@fastnet.it,,,,,
Savoia|savoia@savoia.it,,,,,
Grand Hotel Elite|info@hotelelite.it,,,,,
Hotel Executive|info@hotel-executive.net,,,,,
AMADEUS|info@amadeushotel.it,,,,,
Hotel Metropolitan|booking@hotelmetropolitan.com,,,,,
Hotel Metropolitan|hmetro@hotelmetropolitan.com,,,,,
Hotel il Guercino|reception@guercino.it,,,,,
Hotel il Guercino|guercino@guercino.it,,,,,
Hotel il Guercino|reservation@guercino.it,,,,,
BOLOGNA RESIDENCE|boreside@bolognaresidence.com,,,,,
L'Albereta|booking@albereta.it,,,,,
L'Albereta|a.redon@albereta.it,,,,,
L'Albereta|r.belladelli@albereta.it,,,,,
L'Albereta|info@albereta.it,,,,,
L'Albereta|carrara@marchesi.it,,,,,
"Agrituristica ""La Fortuna""|agrifortu@tiscalinet.it",,,,,
Locanda del Galluzzo|locandagalluzzo@hotmail.com,,,,,
Leopardi|leopardi@leopardi.vr.it,,,,,
Il Melograno|melograno@melograno.com,,,,,
Lamborghini|info@lamborghinionline.it,,,,,
Montali|montali@montalionline.com,,,,,
La Morella|info@la-morella.it,,,,,
La Migliara|micsucci@tin.it,,,,,
CÁ DE CARLICCHI|info@carlicchi.it,,,,,
Maridiana S.r.l.|informazioni@maridiana.it,,,,,
Valtidone verde|informazioni@valtidoneverde.it,,,,,
Agriturismo I Mori Gelsi|info@spinolaonline.it,,,,,
Agriturismo I Mori Gelsi|webmaster@spinolaonline.it,,,,,
Serine|'serine@agriturismoserine.it',,,,,
Bellavista|info@hotelbellavista.biz,,,,,
Agriturismo Villa Giulia|info@villa-giulia.it,,,,,
Agriturismo Villa Giulia|smezzet@tin.it,,,,,
Palazzo Loup|info@palazzo-loup.it,,,,,
GRAND HOTEL TERME|laviola@tin.it,,,,,
Baglio Della Luna|info@bagliodellaluna.com,,,,,
Palazzo del Campo|palazzodelcapo@tiscalinet.it,,,,,
Palazzo del Campo|capo@palazzodelcapo.it,,,,,
Hotel Palazzo del Corso|info@hotelpalazzodelcorso.it,,,,,
Palazzo Baldi|hbaldi@tin.it,,,,,
Patria Palace Hotel|patria.palace.hotel@mail.clio.it,,,,,
Masseria Torre Coccaro|info@masseriatorrecoccaro.com,,,,,
Masseria Torre Coccaro|masseriatorrecoccaro@tin.it,,,,,
Hotel San Francesco Al Monte|info@hotelsanfrancesco.it,,,,,
Hotel San Francesco Al Monte|reservations@hotelsanfrancesco.it,,,,,
Certosa San Giacomo|info@certosasangiacomo.it,,,,,
Villa Potenziani|info@villapotenziani.it,,,,,
Relais Falisco|relaisfalisco@libero.it,,,,,
Grand Hotel des Bains|info.reception@grandhoteldesbains.com,,,,,
Le Ginestre|info@hotelginestrre.it,,,,,
Lo Studiolo|attolini@iol.it,,,,,
Paradiso Etna|hotelvilla@paradisoetna.it,,,,,
Baglio della Luna|bagliodellaluna@tin.it,,,,,
Falconara Castello di|info@castellodifalconara.it,,,,,
Castello Rubein|schloss@rubein.com,,,,,
Castello di Carimate|hotel@castellodicarimate.com,,,,,
Castello di Santa Maria|info@castello-smaria.com,,,,,
Villa Modollo|info@villadimodolo.com,,,,,
Hotel Castel Fragsburg|info@fragsburg.com,,,,,
Relais Villa Pomela|dopomela@tin.it,,,,,
ANTOGNOLLA Castello|progettoumbria@manrico.com,,,,,
Locanda Piazza Onofri|info@enotecaonofri.it,,,,,
Aurora Spoleto|management@hotelauroraspoleto.it,,,,,
Roccaporena|hotelroccaporena@tin.it,,,,,
DELLE ROSE|hdr@netgen.it,,,,,
ALBORNOZ PALACE -|info@albornozpalace.com,,,,,
LA TERRAZZA|info@laterrazzahotel.it,,,,,
BENEDETTI|info@hotelbenedetti.it,,,,,
TIFERNO|info@hoteltiferno.it,,,,,
Hotel Excelsior Gallia|reservations.gallia@lemeridien.com,,,,,
Hotel Excelsior Gallia|laura.corvi@lemeridien.com,,,,,
Grand Hotel et de Milan|reservations@grandhoteletdemilan.it,,,,,
Grand Hotel et de Milan|infos@grandhoteletdemilan.it,,,,,
Grand Hotel et de Milan|concierge@grandhoteletdemilan.it,,,,,
Grand Hotel Villa Serbelloni|inforequest@villaserbelloni.com,,,,,
Grand Hotel Villa Serbelloni|booking@villaserbelloni.com,,,,,
Grand Hotel Villa Serbelloni|inforequest@villaserbelloni.it,,,,,
Carlton Baglioni|carlton.milano@baglionihotels.com,,,,,
Marriot Hotel|marriott@tin.it,,,,,
Hotel Accademia|accademia@antareshotels.com,,,,,
Hotel Accademia|info@antareshotels.com,,,,,
NH Grand Hotel Verdi|bettinelli@grandhotelverdi.com,,,,,
NH Grand Hotel Verdi|stefania@grandhotelverdi.com,,,,,
NH Grand Hotel Verdi|daniela@grandhotelverdi.com,,,,,
NH Grand Hotel Verdi|nhgrandhotelverdi@nh-hotels.com,,,,,
Hotel Ambasciatori|info@ambasciatorihotel.it,,,,,
Admiral Hotel|info@admiralhotel.it,,,,,
Admiral Hotel|lino@admiralhotel.it,,,,,
Hotel Concorde|concorde@antareshotels.com,,,,,
Hotel Rubens|rubens@antareshotels.com,,,,,
Milano Suites - Brera Suites|lucia.carniglia@milanosuites.it,,,,,
Milano Suites - Brera Suites|info@allemeraviglie.it,,,,,
Antica Locanda dei Mercanti|reservation@milanolocanda.it,,,,,
Antica Locanda dei Mercanti|info@milanolocanda.it,,,,,
Hotel Capitol Millennium|booking@capitolmillennium.com,,,,,
Hotel Capitol Millennium|info@capitolmilano.com,,,,,
Accursio Hotel|accursio@accursiohotel.it,,,,,
Accursio Hotel|giorgio@accursiohotel.it,,,,,
Hotel Alexander|info@alexanderhotelmilano.com,,,,,
Hotel Spadari al Duomo|reservation@spadarihotel.com,,,,,
Hotel Spadari al Duomo|marzot@tin.it,,,,,
Bristol Hotel|hotel.bristol@hotelbristolmil.it,,,,,
Regina Hotel|info@hotelregina.it,,,,,
Sempione|hsempione@hotelsempione.it,,,,,
Valganna|info@hotelvalganna.it,,,,,
Hotel Marconi|booking@marconihotel.it,,,,,
Hotel Residence Romana|info@romanaresidence.it,,,,,
International Residence|irmilano@internationalresidence.com,,,,,
Windsor Hotel Milan|Windsor@hotelwindsor.it,,,,,
Duse|info@hotelduse.com,,,,,
La Pergola|info@lapergolabellagio.it,,,,,
Villa Feltrinelli|grandhotel@villafeltrinelli.com,,,,,
Hotel Villa Giulia|info@villagiulia.it,,,,,
Du Lac|info@hotel-dulac.it,,,,,
Eremo Della Giubiliana|info@eremodellagiubiliana.it,,,,,
Grand Hotel Tremezzo Palace|info@grandhoteltremezzo.com,,,,,
Grand Hotel Tremezzo Palace|roberta.prina@grandhoteltremezzo.com,,,,,
Castello di Reschio|info@castellodireschio.com,,,,,
Adam|info@hoteladam.com,,,,,
Hotel Andreola|info@andreolahotel.it,,,,,
Hotel Andreola|gdidonna@andreolahotel.it,,,,,
Residence Mediterraneo|RM@ResidenceMediterraneo.com,,,,,
Residence Mediterraneo|rmitaly@yahoo.com,,,,,
Le Burgne|leburgne@leburgne.it,,,,,
Le Burgne|patrizia@leburgne.it,,,,,
Le Burgne|umberto@leburgne.it,,,,,
Hotel Vittoria|hotelvittoria@interfree.it,,,,,
Meliá Milano|silvia.calciolari@solmelia.com,,,,,
Hotel Brunelleschi|brunelleschi@milanhotel.it,,,,,
HILTON MILAN|sales.milan@hilton.com,,,,,
Sheraton Diana Majestic Hotel|dianamajestic@sheraton.com,,,,,
Sheraton Diana Majestic Hotel|sheratondianamajestic@sheraton.com,,,,,
Sheraton Diana Majestic Hotel|serena.dambrosi@starwoodhotels.com,,,,,
Sheraton Diana Majestic Hotel|paola.pinotti@starwoodhotels.com,,,,,
Sheraton Diana Majestic Hotel|angelina.manunta@starwoodhotels.com,,,,,
Sheraton Diana Majestic Hotel|roberta.savage@starwoodhotels.com,,,,,
Sheraton Diana Majestic Hotel|tiina.oksanen@starwoodhotels.com,,,,,
Jolly Hotel President|milano_president@jollyhotels.it,,,,,
Hotel dei Cavalieri|reservation@hoteldeicavalieri.com,,,,,
Hotel dei Cavalieri|commerciale@hoteldeicavalieri.com,,,,,
Air Hotel|airhotel@airhotel.it,,,,,
Rex Hotel|booking@hotelrexmilano.it,,,,,
Rex Hotel|m.magenta@tiscalinet.it,,,,,
Rex Hotel|hotelrex@katamail.com,,,,,
Atlantic Hotel|info@atlantichotel.it,,,,,
Berna Hotel|info@hotelberna.com,,,,,
Hotel Cavour|booking@hotelcavour.it,,,,,
Doria Grand Hotel|info@doriagrandhotel.it,,,,,
Carrobbio|info@hotelcarrobbio.it,,,,,
HOTEL RAFFAELLO|hotel.raffaello@digibank.it,,,,,
Hotel Sanpi Milano|info@hotelsanpimilano.it,,,,,
Hotel Sanpi Milano|troisi@hotelsanpimilano.it,,,,,
Poliziano|hotelpoliziano@traveleurope.it,,,,,
Art Hotel Navigli|info@hotelnikken.it,,,,,
Art Hotel Navigli|info@arthotelnavigli.it,,,,,
Art Hotel Navigli|info@arthotelnavigli.com,,,,,
Art Hotel Navigli|hotel.nikken@traveleurope.it,,,,,
Mythos|informa@mythoshotelmilano.it,,,,,
Le Quercie di Assisi|reserve@lequerce.it,,,,,
Manin|info@hotelmanin.it,,,,,
Hotel Villa Franceschi|villafranceschi@tin.it,,,,,
Hotel Villa Franceschi|ristorantemargherita@tin.it,,,,,
Hotel Villa Franceschi|info@villafranceschi.com,,,,,
Hotel Villa Franceschi|info@dalcorsohotellerie.com,,,,,
ZanHotel Regina|hotelregina@zanhotel.it,,,,,
Hotel Bentivoglio|info@hotelbentivoglio.it,,,,,
Hotel Bentivoglio|hbentivoglio@tiscalinet.it,,,,,
Hotel Bentivoglio|hotelbentivoglio@zanhotel.it,,,,,
Sheraton Bologna|sales@sheratonbologna.it,,,,,
SOFITEL Bologna|sofitel.bologna@accor-hotels.it,,,,,
San Felice|info@hotelsanfelice.it,,,,,
Hotel La Pioppa|info@hotelpioppa.it,,,,,
Il Feliceto|info@feliceto.it,,,,,
L'Antico Borgo|antico_borgo@hotmail.com,,,,,
I Portici B&B|iportici@gad.it,,,,,
I Portici B&B|info@aiporticidibologna.it,,,,,
I Portici B&B|iportici@impreseinlinea.it,,,,,
I Portici B&B|info@abcbologna.it,,,,,
Boscolo Hotel Tower|reservation@tower.boscolo.com,,,,,
Boscolo Hotel Tower|reservation@boscolo.com,,,,,
Boscolo Hotel Tower|amministrazione@tower.boscolo.com,,,,,
Crowne Plaza Milano-Linate|crowneplaza.milan@alliancealberghi.com,,,,,
IL CASTELLO Villa Godi|castellomarinoni@tin.it,,,,,
Hotel Atelier sul mare|ateliersulmare@interfree.it,,,,,
Alla Madonna del Piatto|letizia.mattiacci@libero.it,,,,,
Alla Madonna del Piatto|letizia.mattiacci@virgilio.it,,,,,
Apartment Views of Italy|sales@viewsofitaly.com,,,,,
Apartment Views of Italy|info@evolvecommunications.com,,,,,
Apartment Views of Italy|bologna@evolvecommunications.com,,,,,
Apartment Views of Italy|e.pinto@evolvecommunications.com,,,,,
Romantik Hotel Villa Novecento|info@villanovecento.it,,,,,
Piccolo Hotel|laura@piccolohotel.it,,,,,
Tosca|h.tosca@capri.it,,,,,
Albergo La Reginella e O'Pignatiello|info@hotellareginella.it,,,,,
Hotel Soggiorno al mare|info@genovahotels.com,,,,,
Hotel Soggiorno al mare|gabriele_lagona@yahoo.com,,,,,
Hotel Parco dei Principi|info@parcodeiprincipi-roccella.com,,,,,
Villa La Valletta|lacappella@lacappellalucca.it,,,,,
Villa La Valletta|info@lacappellalucca.it,,,,,
Le Querce di Assisi|info@lequerce.it,,,,,
Dellearti Design Hotel|info@dellearti.com,,,,,
Dellearti Design Hotel|luisa@dellearti.com,,,,,
Best Western Hotel Galles|prenotazioni@galles.it,,,,,
Best Western Hotel Galles|reception@galles.it,,,,,
Best Western Hotel Galles|vicedirezione@galles.it,,,,,
Hotel Ascot|reservation@hotelascotmilano.it,,,,,
Hotel Ascot|info@hotelascotmilano.it,,,,,
Hotel New York|info@hotelnewyorkspa.com,,,,,
Washington|hotel.washington@traveleurope.it,,,,,
Villa Malavoglia|chianhol@tin.it,,,,,
Hotel Saint George|info@hotelstgeorge.it,,,,,
Regency Hotel|book@regency-milano.com,,,,,
Regency Hotel|manager@regency-milano.com,,,,,
Best Western Hotel Milton Milano|info@miltonmilano.com,,,,,
Best Western Hotel Milton Milano|info@hotelblaisefrancis.it,,,,,
Hotel Lloyd|info@lloydhotelmilano.it,,,,,
Hotel Sant'Ambroeus|info@hotelsantambroeus.it,,,,,
Hotel Posa Posa|htlvilla@inwind.it,,,,,
CA' DEL SOL|agriturismo@cadelsol.com,,,,,
Cà dell'Acqua - Villa Brena|villa.brena@tiscalinet.it,,,,,
La Pila|tenutalapila@tiscali.it,,,,,
Il Monticello Bassani|franca.colpo@infinito.it,,,,,
Corte Pellegrini|info@cortepellegrini.com,,,,,
Agriturismo Gigliotto|gigliotto@gigliotto.com,,,,,
Residence Ranieri|residenceranieri@iname.com,,,,,
Residence Castiglione|residencecastiglione@trasinet.com,,,,,
Residence al Lago|residenceal-lago@libero.it,,,,,
Hotel Astoria|info@astoria.bo.it,,,,,
Five Senses Hotel Dei Chiostri|info@hoteldeichiostri.com,,,,,
Hotel Villa Abbazia|info@hotelabbazia.it,,,,,
Grand Hotel Oriente|ghorient@tin.it,,,,,
Agriturismo Val Campotto|agriturismo@valcampotto.it,,,,,
Villa Portuoso|info@villaportuso.it,,,,,
HOTELS ZACCHERA|info@zaccherahotels.com,,,,,
HOTELS ZACCHERA|sales@zaccherahotels.com,,,,,
Delle Nazioni|info@hoteldellenazioni.net,,,,,
Hotel La Locanda Delle Donne Monache|info@locandamonache.com,,,,,
Hotel La Locanda Delle Donne Monache|v.bellipanni@casangelina.com,,,,,
SANTAVENERE HOTEL|santavenerehotel@virgilio.it,,,,,
BIAGIO SIEPELUNGA|biagio@pinacolada.it,,,,,
Locanda Borgonuovo|locanda@borgonuovo.com,,,,,
Il Bigattino|info@ilbagattino.it,,,,,
SCHEGGINO|stefano.archetti@tin.it,,,,,
TORRELUCA|marabballe@tiscalinet.it,,,,,
TORRELUCA|maria.bulli@libero.it,,,,,
Villa Rosy|info@sanpotente.it,,,,,
BELVEDERE|remaglia@tin.it,,,,,
CASTELLO DI CASIGLIO|info@hotelcastellodicasiglio.it,,,,,
Hotel Como|hcomo@hcomo.it,,,,,
Hotel Como|dibarletta@hcomo.it,,,,,
Grand Hotel di Como|info@grandhoteldicomo.com,,,,,
Grand Hotel di Como|pr@grandhoteldicomo.com,,,,,
Grand Hotel di Como|reservation@grandhoteldicomo.com,,,,,
Grand Hotel Menaggio|booking@grandhotelmenaggio.it,,,,,
Grand Hotel Menaggio|infoghm@grandhotelmenaggio.com,,,,,
Grand Hotel Menaggio|info@grandhotelmenaggio.com,,,,,
Il Corazziere|info@corazziere.it,,,,,
Podere Casenove|info@poderecasenove.com,,,,,
Podere Casenove|poderecasanove@tin.it,,,,,
Podere Casenove|poderecasenove@tin.it,,,,,
Grand Hotel San Michele|sanmichele@sanmichele.it,,,,,
Villa Bonera|info@villabonera.com,,,,,
Enterprise Hotel|booking@enterprisehotel.com,,,,,
Enterprise Hotel|sonia.rosa@enterprisehotel.com,,,,,
Enterprise Hotel|info@enterprisehotel.com,,,,,
Barberani|agriturismo@barberani.it,,,,,
Locanda del Viandante|clfausti@libero.it,,,,,
LA DOLCE COLLINA|luigi.delpino@ladolcecollina.it,,,,,
SAN LORENZO DELLA RABATTA|info@sanlorenzodellarabatta.com,,,,,
Casale Fusco|info@casalefusco.it,,,,,
Gasperini|info@agriturismogasperini.com,,,,,
La Paladina|lapaladina@yahoo.it,,,,,
Podere la Cerretola|info@lacerretola.it,,,,,
Querce Verdi|info@querceverdi.com,,,,,
7 Camini|info@7camini.it,,,,,
La Rocchetta|larocchetta@larocchetta.com,,,,,
Corte Arcangeli|info@cortearcangeli.it,,,,,
Cimone|info@agriturismodelcimone.it,,,,,
Antica Torre|info@anticatorre.it,,,,,
IL TONDINO|iltondino@libero.it,,,,,
Cavazzone|info@cavazzone.it,,,,,
"Hotel belvedere, Bellagio|belveder@tin.it",,,,,
Metropole & Suisse au Lac|info@hotelmetropolesuisse.com,,,,,
Hotel Plinius|info@hotelplinius.com,,,,,
Locanda Milano|info@locandamilano.it,,,,,
Locanda Milano|federico@locandamilano.it,,,,,
Hotel Albavilla|info@hotelalbavilla.it,,,,,
La Vecchia Fattoria|info@nellavecchiafattoria.com,,,,,
Locanda della Valle Nuova|gsavini@supereva.it,,,,,
CA'LANTE|lante@lante.it,,,,,
B&B ACCOGLIENTE BOLOGNA|info@accoglientebologna.it,,,,,
B&B ACCOGLIENTE BOLOGNA|galeatir@libero.it,,,,,
B&B ACCOGLIENTE BOLOGNA|galeatiro@tiscalinet.it,,,,,
CasAllegra|info@casallegra.it,,,,,
B&B BEATRICE|roby-bea@libero.it,,,,,
B&B PIANA'S|romano.fiori@libero.it,,,,,
B&B PORTA SARAGOZZA|portasaragozza@tiscali.it,,,,,
B&B S.ISAIA|kmattarozzi@yahoo.it,,,,,
B&B di BIANCA MARIA NIDI|biancamn@libero.it,,,,,
I Romiti|romiti@agriturismo.com,,,,,
La Casa Colonica|colonica@agriturismo.com,,,,,
Villa Zottopera|biologicarosso@tiscalinet.it,,,,,
La Perciata|perciata@prciata.it,,,,,
Hotel Sonenga|info@hotelsonenga.com,,,,,
La Palombara|infopal@lapalombara.com,,,,,
Villaggio Rurale Le Sette Querce|lesettequerce@virgilio.it,,,,,
Hotel Sebino|albergoturistico@inwind.it,,,,,
Hotel Villa Michelangelo|reception@hotelvillamichelangelo.com,,,,,
Hotel Felice Casati|info@hotelfelicecasati.com,,,,,
Hotel Felice Casati|fabio@hotelfelicecasati.com,,,,,
Azienda Agrituristica Arlena|agriturismo@arlena.it,,,,,
Azienda Agrituristica Arlena|info@arlena.it,,,,,
La Curbastra|info@agriturismolacurbastra.it,,,,,
Hotel Pomara|info@hotelpomara.com,,,,,
Masseria Cardillo|info@masseriacardillo.it,,,,,
Hotel Monte del Re|montedelre@tiscali.it,,,,,
Villa Nuba|info@villanuba.com,,,,,
Gippy's House|g.s.immobili@gmail.com,,,,,
Gippy's House|info@gippyhouse.com,,,,,
Hotel Medusa|mail@medusahotel.it,,,,,
Hotel Medusa|hmedusa@ivg.it,,,,,
Casa Astarita|casastarita@tiscali.it,,,,,
Casa Astarita|casastarita@hotmail.com,,,,,
Oasi Madre del Buon Consiglio|kjsdpe@tin.it,,,,,
Pian d'isola|piandisola@libero.it,,,,,
Casalfarneto|info@casalfarneto.com,,,,,
Le Terre del Verde|borgohotel@leterredelverde.it,,,,,
Le Terre del Verde|matteo.fioriti@leterredelverde.it,,,,,
Le Terre del Verde|sergio.procaccini@leterredelverde.it,,,,,
Bellevista|bellavista@agriturgubbio.com,,,,,
Borgo San Michele|agribios@libero.it,,,,,
Casa Luchetti|cebimpianti@retein.net,,,,,
Cigliano|agri-cigliano@libero.it,,,,,
Cigliano|info@agriturismo-cigliano.com,,,,,
Villa giustinian|villagiustinian@libero.it,,,,,
Locanda del Lupo|info@locandadellupo.com,,,,,
Miaplacidus - Blue-Sky|info@blue-sky.it,,,,,
Miaplacidus - Blue-Sky|mariannatondo@blue-sky.it,,,,,
Miaplacidus - Blue-Sky|lucalianza@blue-sky.it,,,,,
Four Points Milano|booking@fourpointsmilano.it,,,,,
Il Cerrone|ilcerrone@libero.it,,,,,
Il Belvedere|ilbelvedere@tin.it,,,,,
Il Gabbiano|umbria2000@retein.net,,,,,
Pian della Selva|info@piandellaselva.it,,,,,
Il Gorgone|fasar@virgilio.it,,,,,
Il Palazzetto|info@palazzetto.com,,,,,
La Sorgente|lasorgente@supereva.it,,,,,
Montereano|montereano@libero.it,,,,,
Oasi Verde Mengara|mengar@tin.it,,,,,
Palazzo del Castaldo|info@agrilife.it,,,,,
Villa Lara|info@villalara.it,,,,,
Milano Suite - Cordusio Suites|d.almerico@tiscali.it,,,,,
Locanda del Feudo|locfeudo@tiscalinet.it,,,,,
Isola di Procida Tour|isoladiprocida@libero.it,,,,,
Relais Le Magnolie|info@relaislemagnolie.it,,,,,
HOTEL LIDO INTERNATIONAL|info@lido-international.com,,,,,
Cerini Hotel|info@cerinihotels.it,,,,,
Hotel Golden Palace|reservations-goldenpalace@thi.it,,,,,
Hotel Golden Palace|scalabrese-goldenpalace@thi.it,,,,,
Hotel Golden Palace|areinerio-goldenpalace@thi.it,,,,,
Ginostra|.ginostrabb@ginostrabb.com,,,,,
Casa Vacanze sicilia|rosiloria@tiscalinet.it,,,,,
Residence Celeste|info@residence-celeste.com,,,,,
Casa Antonella|marcol@syrene.it,,,,,
Casa Antonella|marcol62@syrene.it,,,,,
Casa Antonella|marcol@colonnahotels.com,,,,,
Casa Antonella|colonna_marcol@syrene.it,,,,,
Robilant|madiro@robilant.it,,,,,
Robilant|pupa@robilant.it,,,,,
Amarcord B&B|info@amarcordbologna.it,,,,,
La Montagnola|info@lamontagnola.it,,,,,
Hotel Europa|info@hoteleuropaischia.it,,,,,
Poggio alle vigne|poggiovigne@lungarotti.it,,,,,
IL Mulino|c.notari@libero.it,,,,,
Locanda Il Maestrale|maestrale@monterossonet.com,,,,,
Affittacamere Monica|impinna@tin.it,,,,,
HOTEL PASQUALE|pasquale@pasini.com,,,,,
A Cà Du Gigante|ilgigante@locandailgigante.it,,,,,
VILLA FIORE|fiore@tenutadifiore.it,,,,,
Parco Ducale Country House|parcoducale@tiscali.it,,,,,
Hotel O'Viv|info@oviv.it,,,,,
Baia Beniamin|baiabeniamin@libero.it,,,,,
Villa San Pietro B&B|annajacques@rocketmail.com,,,,,
Villa San Pietro B&B|villasanpietro@hotmail.com,,,,,
Mimma Vittoria|mcastaldo@nyc.rr.com,,,,,
Hotel Bernina|bernina@hotelbernina.com,,,,,
Hotel Misurina|reservation.mis@framon-hotels.it,,,,,
Principi di Piemonte Grand Hotel|reservation.pdp@framon-hotels.it,,,,,
Hotel Venus Sea Garden|reservation@framon-hotels.it,,,,,
Hotel Venus Sea Garden|f.piazza@nh-hotels.com,,,,,
Hotel Grotta Azzurra|grottaazzurra.ustica@alice.it,,,,,
Hotel Les Sables Noirs|lesablesnoirs@yahoo.it,,,,,
Hotel Les Sables Noirs|lessablesnoirs@stelledelsudhotels.com,,,,,
Grand Hotel Liberty|nicola.accurso@framon-hotels.it,,,,,
Royal Palace Hotel|reservation.rph@framon-hotels.it,,,,,
Grand Hotel Villa San Mauro|nhvillasanmauro@nh-hotels.com,,,,,
Grand Hotel Corte dei Vescovi|reservation.cdv@framon-hotels.it,,,,,
Dioscuri Bay Palace|rosolino.sutera@framon-hotels.it,,,,,
Hotel Villa Ca' Sette|booking@ca-sette.it,,,,,
Ame' Malingri|3351434829@tim.it,,,,,
Hotel Villa Flori|info@hotelvillaflori.it,,,,,
Relais Villa Matilde|info@sinahotels.it,,,,,
The Gray Hotel|info.thegray@sinahotels.it,,,,,
Town House 31|townhouse31@townhouse.it,,,,,
Town House 31|marketing@townhouse.it,,,,,
Una Hotel Tocq|una.tocq@unahotels.it,,,,,
Hotel Zurigo|zurigo@brerahotels.it,,,,,
Antica Locanda Solferino|info@anticalocandasolferino.it,,,,,
Agriturismo Le Corone|lecorone@fastwebnet.it,,,,,
Agriturismo Le Corone|masini@lecorone.it,,,,,
Agriturismo Le Corone|info@lecorone.it,,,,,
Piccola Oasis|matteo_dt@inwind.it,,,,,
Hotel Villa Fiorita|villafiorita@supereva.it,,,,,
Casa Le Terrazze|stefanocarro@tiscali.it,,,,,
Villa Lina|info@villalina.com,,,,,
Villa Lina|villalina@virgilio.it,,,,,
CIRCOLO SIBILLA|penny@circolosibilla.com,,,,,
La Vela Bed and Breakfast|lavelafurore@katamail.com,,,,,
Nuova Riviera|info@nuovariviera.com,,,,,
Villa del Sole|info@villadelsole.com,,,,,
Villa del Sole|info@antoniomaresca.com,,,,,
Villa La Rosa|villalarosa@netnet.it,,,,,
Grand Hotel Atlantis Bay|info@atlantisbay.it,,,,,
Hotel Capo San Vito|hotelcaposanvito@libero.it,,,,,
A o soâ|info@savibed.com,,,,,
A o soâ|a.crosa@tin.it,,,,,
Il Faé B&B|mail@ilfae.com,,,,,
Hotel Real Fini|hotel.real.fini@hrf.it,,,,,
BORGO ACQUAIURA|information@borgoacquaiura.it,,,,,
Villa della Pergola|info@villadellapergola.it,,,,,
Hotel Duomo|hotelduomo@tiscalinet.it,,,,,
Pieve del castello|pievedelcastello@virgilio.it,,,,,
B&B Cascina Montonale|bbmontonale@email.it,,,,,
Hotel del Borgo|info@hoteldelborgo.it,,,,,
Hotel Touring|hoteltouring@hoteltouring.it,,,,,
Hotel Touring|matteostegani@hoteltouring.it,,,,,
Verdetecnica|pdodin@hotmail.com,,,,,
Verdetecnica|verdetecnica@tin.it,,,,,
Casanova di Campersalle|campersalle@agriturismo.com,,,,,
Hotel La Tana dell'Istrice|tana@motturasergio.it,,,,,
Hotel La Tana dell'Istrice|mottura@isa.it,,,,,
La Ferme Campodoro|camporo@libero.it,,,,,
La Torriola|torriola@libero.it,,,,,
Villa Grazia|ast.greg@tiscalinet.it,,,,,
I 34 Turchi|doctorjj@tin.it,,,,,
Grand Hotel Visconti Palace|reservations@grandviscontipalace.com,,,,,
Grand Hotel Visconti Palace|gm@grandviscontipalace.com,,,,,
Grand Hotel Visconti Palace|info@grandviscontipalace.com,,,,,
Hotel Fiorita|info@hotelfiorita.it,,,,,
A Casa di Roby|roby@acasadiroby.it,,,,,
A Casa di Roby|info@acasadiroby.it,,,,,
Hotel Villa Edera/Castello di Monleone B&B|info@castellodimonleone.com,,,,,
Hotel Villa Edera|info@villaedera.com,,,,,
Casale Montemoro|roberto@crismagest.com,,,,,
Casale Montemoro|roberto.colacchia@lacascina.it,,,,,
Casale Montemoro|max@crismagest.com,,,,,
Casale Montemoro|max@portadeltempo.com,,,,,
Casa Belmonte Relais|info@casabelmonte.com,,,,,
La Torretta|latorretta2001@libero.it,,,,,
Mare Ionio|luca.manni@libero.it,,,,,
Hotel Clarici|clarici@tiscali.it,,,,,
Terra Umbra Hotel|info@terraumbra.it,,,,,
Art Hotel Novecento|novecento@inbo.it,,,,,
Art Hotel Novecento|hotcord@tin.it,,,,,
Hotel Principe Serrone|hotelserrone@virgilio.it,,,,,
Ille Roif|ille-roif@linet.it,,,,,
Agriturismo Sabaudia|info@agriturismosabaudia.it,,,,,
Tenuta Castel Venezze|info@tenutacastelvenezze.it,,,,,
Residence La Limonera|info@residencelalimonera.com,,,,,
Is morus Relais|ismorusrelais@tin.it,,,,,
Son Amar Apartments|lista_massimiliano@yahoo.it,,,,,
La Rosa dei Venti|info@rosadeiventihotel.it,,,,,
Marco Polo|marcopolo@keycomm.it,,,,,
Park Hotel Alcione|info@parkhotelalcione.it,,,,,
Podere Caserelle|info@poderecaserelle.it,,,,,
Beautiful Cottage|vallocchia@aol.com,,,,,
LA PINETA|info@lapineta.It,,,,,
Villa Felice|gianlucalamaro@hotmail.com,,,,,
Hotel Cannero|info@hotelcannero.com,,,,,
Altafiumara Hotel|a.ponte@altafiumarahotel.it,,,,,
Grande Albergo Miramare|miramare@montesanohotels.it,,,,,
Casal Cucchi|mfdp@unipg.it,,,,,
Hotel Residence Torre Sant'Angelo|info@hotelsantangelo.it,,,,,
Mediolanum Hotel|info@mediolanumhotel.com,,,,,
Mediolanum Hotel|account@mediolanumhotel.com,,,,,
Il Pensiero Stupendo|info@ilpensierostupendo.it,,,,,
Villa Petro|francescobotondi@libero.it,,,,,
Punta Civita B&B|info@puntacivita.it,,,,,
Punta Civita B&B|lucibelloroberto@tiscali.it,,,,,
Park Hotel Perugia|info@perugiaparkhotel.com,,,,,
Park Hotel Sole Paradiso|parkhotel@sole-paradiso.com,,,,,
"Campiglione, Hotel|hotel@hotel-campiglione.it",,,,,
Case Vacanze Casalta|casalta@vacanzecasalta.com,,,,,
Agri Nizzi|agricola@nizzi.com,,,,,
Miralduolo|info@miralduolo.com,,,,,
Colle Abramo delle Vigne|abramo@narni.it,,,,,
La Fattoria|info@la-fattoria.net,,,,,
Parlesca|info@agriturismoparlesca.com,,,,,
Vacanze Ideali|vacanzeideali@vacanzeideali.it,,,,,
Agriturismo La Mora|info@agriturismolamora.com,,,,,
LA CITTA' DEL SOLE|cittadelsol@hotmail.com,,,,,
POGGIO DEL SOLE|terreumbre@terreumbre.it,,,,,
Albergo Conca del Sole|info@concadelsole.it,,,,,
Monte Rosello|monterosello@monterosello.it,,,,,
Il Giardino delle Meraviglie|info@umbriacountry.it,,,,,
Country House Macrì Club|andrea.aloigi@tiscalinet.it,,,,,
Palazzo San Florido|serezeta@tin.it,,,,,
Orvieto da Ponente|info@orvietodaponente.it,,,,,
Orvieto da Ponente|bianchini.letizia@libero.it,,,,,
Da Angelo|htldaangelo@tin.it,,,,,
Hotel Fiera|info@hotelfiera.it,,,,,
Il Meleto|ilmeleto@libero.it,,,,,
Hotel Le Dune|hotel@ledune.com,,,,,
Hotel Le Dune|amministrazione@ledune.com,,,,,
Hotel Le Dune|ricevimento@ledune.com,,,,,
San Germano|a.sorrentino@hotelsangermanonapoli.it,,,,,
Ghisleria|info@ghisleria.it,,,,,
Villa Ariella B&B|codogne@inwind.it,,,,,
Tenuta Volpignano|info@tenutavolpignano.it,,,,,
Agriturismo Valdarecchia|valdarecchia@virgilio.it,,,,,
Ca' Cirigiolo|info@cacirigiolo.it,,,,,
Lido Palace|info@lidopalace.com,,,,,
B&B in Villa|bbinvilla@libero.it,,,,,
Fiorina|r_terni@virgilio.it,,,,,
Convento San Giacomo|info@welcomeservice.it,,,,,
I Ciclopi|r.lui@libero.it,,,,,
La Riva|hotellariva@hotellariva.com,,,,,
Cardano Malpensa International airport|info@cardanohotel.com,,,,,
Artemisia|info@artemisiaonline.it,,,,,
Villa Torretta|info@villatorretta.it,,,,,
La Pensione Svizzera|info@pensionesvizzera.com,,,,,
La Pensione Svizzera|svizzera@tao.it,,,,,
Hotel Sierra Silvana|info@sierrasilvana.com,,,,,
Hotel Sierra Silvana|sierrasilvana@tin.it,,,,,
Hotel del Levante|info@dellevante.com,,,,,
Hotel Ravale|info@ravale.it,,,,,
Casa Paradiso|paradisoassisi@virgilio.it,,,,,
B&B Villa Mustafà|info@villamustafa.com,,,,,
Suite Duomo|info@suiteduomo.it,,,,,
Michelangelo Palace|info@michelangelohotelumbria.it,,,,,
????|bozenafranco@virgilio.it,,,,,
Locanda Ripa delle Janare|info@locandadellejanare.it,,,,,
Hotel Residence Poiano|hotel@poiano.com,,,,,
Hotel Residence Poiano|residence@poiano.com,,,,,
Hotel Residence Poiano|ammin@poiano.com,,,,,
Il Fontanaro|luciapinelli@tin.it,,,,,
Il Fontanaro|luciaverdacchi@tin.it,,,,,
Casale Campodalto|info@campodalto.com,,,,,
Casale Campodalto|marlisagiannone@fastwebnet.it,,,,,
Suite Liberty B&B Only For Two|info@suiteliberty.it,,,,,
Suite Liberty B&B Only For Two|sabrina@suiteliberty.it,,,,,
Hotel Marinella|info@hotelmarinella-nervi.com,,,,,
Hotel Marinella|brunomore@tiscalinet.it,,,,,
Hotel Porta San Mamolo|info@hotel-portasanmamolo.it,,,,,
Le Rose|info@trullilerose.com,,,,,
Poggio Stucchio|aeroleggeri@libero.it,,,,,
Rosa dei Venti|info@larosadeiventi.net,,,,,
Sotto i Pini|info@sottoipini.it,,,,,
Palazzo Leti|reservation@palazzoleti.com,,,,,
Palazzo Leti|palazzoleti@palazzoleti.com,,,,,
Free Holiday|info@freeholiday.it,,,,,
Free Holiday|aceto.antonio@libero.it,,,,,
Il balcone sul golfo|info@ilbalconesulgolfo.it,,,,,
La Locanda Azzurra|solaro@freemail.it,,,,,
Relais Il Camelicchio|info@ilcamelicchio.it,,,,,
La Volpe e l'Uva|info@agriturismovolpeuva.it,,,,,
Cinque Terre Apt.|rivusmaior@yahoo.it,,,,,
Hotel Nuovo Garden|info@nuovogarden.com,,,,,
Hotel Villa Fiorella Massalubrense|info@villafiorella.com,,,,,
Club Hotel Olivi|info@olivi.info,,,,,
Rota Suites|info@rotasuites.com,,,,,
Il Biribino B&B|ilbiribino@aliceposta.it,,,,,
Grand Hotel Baglioni|ghb.bologna@baglionihotels.com,,,,,
Grand Hotel Baglioni|a.corelli@baglionihotels.com,,,,,
Ernestina B&B|paolettiraffaella@tmn.it,,,,,
Gardenia Hotel|info@gardeniahotel.it,,,,,
Hotel Punta Mesco|info@hotelpuntamesco.it,,,,,
Il Borgo di Campi Appartamenti|info@borgodicampi.it,,,,,
Bed & Breakfast Donna Regina|info@discovernaples.net,,,,,
Bed & Breakfast Donna Regina|m.mazzella@libero.it,,,,,
Hotel Moretto|info@hotelmoretto.com,,,,,
Affittacamere da Vice|cameredavice@libero.it,,,,,
Affittacamere Unico|unicoscienza@libero.it,,,,,
"Camere d'autore ""La Poesia""|info@lapoesia-cinqueterre.com",,,,,
B&B Il Giardino incantato|giardino_incantato@libero.it,,,,,
Locanda Ca' dei Duxi|info@duxi.it,,,,,
Locanda dal Nostromo|info@cinqueterreitalia.it,,,,,
Locanda della Compagnia|info@dallacompagnia.com,,,,,
Cinque Terre Residence|customer-care@cinqueterreresidence.it,,,,,
"Bed and Breakfast ""DA BARANIN""|info@baranin.com",,,,,
Hotel Zefiro|zefirohotel@tiscalinet.it,,,,,
Hotel Zefiro|info@hotelzefiro.com,,,,,
La Rocca Residence|laroccaresidence@libero.it,,,,,
Hotel Angelina|info@hotelangelina.it,,,,,
Hotel Angelina|paolo@hotelangelina.it,,,,,
La Nicchia Bed and Breakfast|info@bblanicchia.com,,,,,
Casa Susy|info@casasusy.com,,,,,
Agriturismo La Rocca Orvieto|sabrina.ceprini@laroccaorvieto.com,,,,,
Le Mimose B&B|alida.d@inwind.it,,,,,
Le Mimose B&B|alidad@libero.it,,,,,
Alice Relais nelle Vigne|alice.relais@libero.it,,,,,
Alle Torricelle B&B|info@alletorricelle.it,,,,,
Alle Torricelle B&B|emilio.zuanni@tin.it,,,,,
Palazzo Gatti|coremaprato@virgilio.it,,,,,
Dimora Sant'Eligio|info@dimorasanteligio.it,,,,,
Residenza del Duca|info@residencedelduca.it,,,,,
I Capricci di Merion|info@capriccidimerion.it,,,,,
I Capricci di Merion|s.castellani@puntoexe.it,,,,,
Hotel del Corso|info@hoteldelcorsomilan.com,,,,,
Hotel del Corso|info@hoteldelcorso.biz,,,,,
Villa Le Scale - Historic House|info@villalescale.com,,,,,
Residence Kriss|info@residencekriss.it,,,,,
Residence Kriss|kriss@residencekriss.it,,,,,
Il Borgo nelle Querce|info@ilborgonellequerce.it,,,,,
HOTEL VILLA KINZICA|villakinzica@tiscalinet.it,,,,,
Villa Camomilla|info@italyvillarentals.org,,,,,
Villa Mandriola|villamandriola@hotmail.com,,,,,
Salato Residence|salato@salato.net,,,,,
Badiola Delle Settevalli|vacanzeumbria@tiscali.it,,,,,
Badiola Delle Settevalli|consuelobrandazzi@virgilio.it,,,,,
Hotel Gardenia & Villa Charme|info@hotelgardenia.it,,,,,
Cavaliere Palace Hotel|infospoleto@cavalierehotels.com,,,,,
Hotel Terme Principe|info@hoteltermeprincipe.it,,,,,
Villa Luisa Resort|info@villaluisaresort.it,,,,,
Casa San Gabriel|info@casasangabriel.com,,,,,
Casa San Gabriel|chrissie@casasangabriel.com,,,,,
Chiaja Hotel de Charme|booking@hotelchiaia.it,,,,,
Chiaja Hotel de Charme|amministrazione@hotelchiaia.it,,,,,
Chiaja Hotel de Charme|info@hotelchiaia.it,,,,,
Relais Villa D'Assio|info@relaisvilladassio.com,,,,,
Hotel Antiche Mura|info@hotelantichemura.it,,,,,
Hotel Antiche Mura|info@hotelantichemura.com,,,,,
Hotel Antiche Mura|michele@hotelantichemura.com,,,,,
Hotel Antiche Mura|info@hotelantichemura.net,,,,,
Cesare Augusto Grand Hotel|grandhotelcesareaugusto@virgilio.it,,,,,
Hotel Villa Igea|info@villaigeasorrento.com,,,,,
Locanda Sant'Anna|locandasantanna@libero.it,,,,,
Residence Foresta|luigi.eordegh@goonnet.com,,,,,
Residence Foresta|info@residenceforesta.com,,,,,
"B&B Bonapace ""Porta Nolana""|portanolana@bonapaceaccomodation.com",,,,,
"B&B Bonapace ""Porta Nolana""|bonapaceportanolana@virgilio.it",,,,,
"B&B Bonapace ""Porta Nolana""|arrigojacobitti@tiscali.it",,,,,
Villa Sobrano|info@villasobrano.com,,,,,
Villa Sobrano|villasobrano@infinito.it,,,,,
Villa Sobrano|villasobrano@villasobrano.com,,,,,
Hotel Augusta|info@htlaugusta.com,,,,,
Hotel Augusta|giacomo@camoglihotel.com,,,,,
Corteforte|corteforte@valpolicella.it,,,,,
Hotel Giardinetto|hotelgiardinetto@tin.it,,,,,
Hotel Giardinetto|giardinetto@lagodortahotels.com,,,,,
Hotel L'Approdo|approdo@lagodortahotels.com,,,,,
Hotel L'Approdo|prenotazioni@hotelapprodo.it,,,,,
Hotel L'Approdo|info@hotelapprodo.it,,,,,
Lloyd's Baia Hotel|lloyd.baia@tiscali.it,,,,,
Villa Divina|info@villadivina.com,,,,,
Hotel Garden|hotel@gardengarda.it,,,,,
Park Hotel Oasi|info@chincherini.com,,,,,
Hotel Rock|info@hotelrock.de,,,,,
Hotel Kriss Internazionale|booking@kriss.it,,,,,
Hotel Kriss Internazionale|key@kriss.it,,,,,
Sport Hotel Veronello|veronello@veronello.it,,,,,
Color Hotel|info@colorhotel.it,,,,,
Color Hotel|laura@colorhotel.it,,,,,
Color Hotel|info@color-hotel.com,,,,,
Relais San Ciriaco|info@sanciriaco.com,,,,,
B&B Casa Dei Ciliegi|info@bedandbreakfast-casadeiciliegi.it,,,,,
B&B Casa Dei Ciliegi|prenotazione@bedandbreakfast-casadeiciliegi.it,,,,,
B&B Casa Dei Ciliegi|indicazioni@bedandbreackfast-casadeiciliegi.it,,,,,
B&B Casa Dei Ciliegi|renatapaolino@tin.it,,,,,
Albergo Castiglione|info@albergocastiglione.com,,,,,
Hotel Albatros|info@hotelalbatrossorrento.com,,,,,
Cascina Barac|barac@barac.it,,,,,
Casa Ressia|casaressia@casaressia.com,,,,,
La Meridiana|cascinareine@libero.it,,,,,
Ai Portici|info@aiporticialba.it,,,,,
Residence i Bastioni|ibastioni@libero.it,,,,,
Residence Locanda del Re|info@locandadelre.com,,,,,
Residence Casa San Rocco|agriturismo@erbaluna.it,,,,,
Locanda San Verolo|info@sanverolo.it,,,,,
Locanda San Verolo|info@locanda-sanvigilio.it,,,,,
Locanda San Verolo|silvrama@tin.it,,,,,
Locanda San Verolo|lory@punta-sanvigilio.it,,,,,
Hotel Langhe|info@hotellanghe.it,,,,,
Vecchio Tre Stelle|albergo@vecchiotrestelle.it,,,,,
Villa La Favorita|villa@villalafavorita.it,,,,,
Il Gioco dell’Oca|gioco-delloca@piemonte.com,,,,,
La Terrazza Sul Bosco|camerano@tiscali.it,,,,,
La Cà d’Olga|info@agriturismolacadolga.it,,,,,
Corte Gondina Hotel|info@cortegondina.it,,,,,
Hotel Margherita|info@hotelmargherita.info,,,,,
Hotel Margherita|suela@hotelmargherita.info,,,,,
Hotel Margherita|suelac@tin.it,,,,,
Hotel Residence Le Terrazze|info@residenceleterrazze.it,,,,,
La Paruzza|info@laparuzza.it,,,,,
Hotel Fiera|info@hotel-fiera.com,,,,,
Le Calanche B&B and Apartments|info@lecalanche.com,,,,,
Le Calanche B&B and Apartments|teresaguiotto@hotmail.com,,,,,
Posada Reposada B&B|posadareposada@libero.it,,,,,
Hotel Umberto a Mare|info@umbertoamare.it,,,,,
Hotel Umberto a Mare|umbertoamare@pointel.it,,,,,
Hotel Canon d'Oro|info@hotelcanondoro.it,,,,,
Hotel La Primavera|info@hotellaprimavera.com,,,,,
Hotel La Primavera|info@laprimavera.biz,,,,,
Hotel Sette Bello|info@hotel7bello.com,,,,,
Villa Felice Relais|info@villafeliceamalfi.it,,,,,
Hotel Flora|info@floracapri.com,,,,,
Albergo Maria Nella|info@marianella.net,,,,,
Caporal|gaspaapi@tin.it,,,,,
Hotel La Badia|info@hotellabadia.it,,,,,
Milano Bed & Breakfast|camilla@milano-bedandbreakfast.it,,,,,
Arpaiu|arpaiu@5terre.com,,,,,
Bed and Breakfast Portofino|info@bandbportofino.com,,,,,
Antico Pozzo|info@bellagioanticopozzo.eu,,,,,
Residence Hotel Casamalfi|info@casamalfi.it,,,,,
Amalfi Residence|info@amalfiresidence.it,,,,,
Amalfi Residence|amalfiresidence@starnet.it,,,,,
Hotel Toro|info@hoteltoro.it,,,,,
Hotel Solitude|solitude@tin.it,,,,,
Hotel Continental|info@continental-positano.it,,,,,
Locanda Costa Diva|info@locandacostadiva.it,,,,,
Hotel Residence Amalfi|info@residencehotel-amalfi.it,,,,,
Hotel Residence Amalfi|enzo@residencehotel-amalfi.it,,,,,
Hotel Eden|eden@brenzone.com,,,,,
Hotel Belfiore|belfiore@brenzone.com,,,,,
Hotel Diana|info@dianamalcesine.com,,,,,
Hotel Aurora|info@hotelauroralezzeno.com,,,,,
Albergo Centrale|info@albergo-centrale.com,,,,,
Hotel Regina Olga|info@hotelreginaolga.it,,,,,
Hotel Falchetto|hotel@falchetto.it,,,,,
Hotel Continental|info.hc@continental-hotel.net,,,,,
Albergo Firenze|info@albergofirenze.it,,,,,
Hotel Il Gabbiano|info@ilgabbianopositano.com,,,,,
Villa degli Dei|info@villadeglidei.com,,,,,
Villa degli Dei|booking@villadeglidei.com,,,,,
Hotel Engadina|info@hotelengadina.com,,,,,
Hotel Fontana|hotelfontana@iol.it,,,,,
Palazzo del Borgo|intour@betacom.it,,,,,
Hotel du Lac|hotelbellagio@virgilio.it,,,,,
Hotel Firenze (Florence)|hotflore@tin.it,,,,,
Hotel Ambassadeur Metropole|info@albergometropole.it,,,,,
Hotel Villa Odescalchi|info@villaodescalchi.it,,,,,
Hotel Leonardo da Vinci|info@hotelleonardodavinci.com,,,,,
Hotel Leonardo da Vinci|e.pezzoni@hotelristoranteleonardodavinci.191.it,,,,,
Hotel Miralago|info@hotelmiralago.it,,,,,
Hotel Il Loggiato dei Serviti|loggiato@interfree.it,,,,,
Mini Hotel Baradello|info@hotelbaradello.com,,,,,
Park Hotel Meublè|info@parkhotelcomo.it,,,,,
Hotel Ristorante Posta|info@hotel-posta.it,,,,,
Hotel Garden|hotelgarden@blu.it,,,,,
Albergo Asnigo|info@hotelasnigo.it,,,,,
Albergo Asnigo|asnigo@galactica.it,,,,,
Grand Hotel Imperiale|info@imperialemoltrasio.it,,,,,
Grand Hotel Imperiale|grandimp@tin.it,,,,,
Grand Hotel Imperiale|butti@imperialemoltrasio.it,,,,,
Hotel Bazzoni et du Lac|info@hotelbazzoni.it,,,,,
Hotel Rusall|info@rusallhotel.com,,,,,
Hotel Rusall|rusall@tiscalinet.it,,,,,
Hotel Villa Edy|info@villaedy.com,,,,,
Hotel Villa Edy|villaedy@gmail.com,,,,,
Hotel Bellevue|info@albergobellevue.it,,,,,
Hotel Bellevue|ftagliasacchi@albergobellevue.it,,,,,
Hotel Bellevue|booking@albergobellevue.it,,,,,
Hotel Britannia Excelsior|booking@hotelbritanniacadenabbia.com,,,,,
Hotel Britannia Excelsior|info@hotelbritanniacadenabbia.com,,,,,
Alberghetto della Marianna|inn@la-marianna.com,,,,,
Corte del Naviglio|sales@cortedelnaviglio.com,,,,,
Hotel Excelsior Splendide|info@hsplendide.com,,,,,
Hotel King-Mokinba Hotels|info@hotelkingmilano.com,,,,,
Hotel Baviera|info@hotelbaviera.com,,,,,
Hotel Montebianco|info@hotelmontebianco.com,,,,,
Napoli Centrale B&B|info@hotelnapolicentrale.com,,,,,
Napoli Centrale B&B|soggiornonapoletano@libero.it,,,,,
Albergo Lenno|info@albergolenno.com,,,,,
Hotel Antica Locanda Leonardo|desk@leoloc.com,,,,,
Hotel Claudia Augusta|prenotazioni@hca.it,,,,,
Hotel Claudia Augusta|info_hca@hca.it,,,,,
B&B Venezia|info@bbvenezia.com,,,,,
HOTEL EUROTEL RAPALLO|hotel.eurotel@tigullio.net,,,,,
Hotel Giulio Cesare|info@hotel-giulio-cesare.it,,,,,
Hotel Stella|info@hotelstella-riviera.com,,,,,
Hotel Stella|posta@hotelstella-riviera.com,,,,,
Albergo Le Due Corti|hotelduecorti@virgilio.it,,,,,
Una Hotel Scandinavia|una.scandinavia@unahotels.it,,,,,
Una Hotel Cusani|una.cusani@unahotels.it,,,,,
Hotel Villa Marie|info@hotelvillamarie.com,,,,,
Lario Hotel|info@hotellario.it,,,,,
Porto Salvo|info@porto-salvo.com,,,,,
Porto Salvo|giuseppe@libero.it,,,,,
Hotel Plinio au Lac|info@hotelplinioaulac.it,,,,,
Santa Chiara Grand Suite|info@santachiarasuite.it,,,,,
Santa Chiara Grand Suite|sbilaqui@yahoo.it,,,,,
Santa Chiara Grand Suite|g.autorino@santachiarasuite.it,,,,,
Santa Chiara Grand Suite|giauto@tin.it,,,,,
10 Corso Como|info@3rooms-10corsocomo.com,,,,,
S. Anna Guest House|info@santannaguesthouse.com,,,,,
Hotel Luna Rossa|info@hotellunarossa.it,,,,,
Hotel Pinto Storey|booking@pintostorey.it,,,,,
Hotel Rufolo|info@hotelrufolo.it,,,,,
Prestige Hotels|barbara.mancini@prestigehotels.it,,,,,
Hotel Royal Continental|sales@royalcontinental.it,,,,,
Hotel Royal Continental|fomgr@hotelroyal.it,,,,,
Hotel Royal Continental|prenotazioni@royalcontinental.it,,,,,
Hotel Royal Continental|booking@royalcontinental.it,,,,,
Hotel Caravaggio|info@caravaggiohotel.it,,,,,
Hotel Majestic|info@majestic.it,,,,,
Relais Posillipo|info@relaisposillipo.it,,,,,
Relais Posillipo|info@relaisposillipo.com,,,,,
Hotel Ideal|info@albergoideal.it,,,,,
Best Western Hotel Plaza|prenotazioni@hotelplazanapoli.it,,,,,
Best Western Hotel Plaza|sales@hotelplazanapoli.it,,,,,
Hotel San Marco|info@sanmarcohotelnapoli.it,,,,,
Il Mirto Bianco|info@ilmirtobianco.it,,,,,
Al Gallo Hotel Ristorante|gallotus@tin.it,,,,,
Hotel Stagnaro|stagnaro@tigulliohotel.com,,,,,
Hotel Rosa Antico|info@hotelrosaantico.it,,,,,
Corte Altavilla|info@cortealtavilla.it,,,,,
Grand Hotel Tenuta Moreno|info@tenutamoreno.it,,,,,
Masseria Canestrello|giorgio@masseriacanestrello.it,,,,,
Villaggio San Giovanni|info@villaggiosangiovanni.it,,,,,
Masseria Macurano|macurano@masseriamacurano.com,,,,,
Masseria Salamina|info@masseriasalamina.it,,,,,
Masseria Tolla|info@masseriatolla.it,,,,,
Hotel Argegno|info@hotelargegno.it,,,,,
Hotel Augustus|info@augustushotel.it,,,,,
Best Western Hotel City|info@hotelcitymilano.it,,,,,
Villa Alberti|francis@mec314.cominfo@villalberti.com,,,,,
L'Orangerie d'Epoque|luisapio@libero.it,,,,,
Hotel dei Trulli|info@hoteldeitrulli.it,,,,,
Hotel Lido Torre Egnazia|info@torregnazia.it,,,,,
Hotel Vecchio Mulino|info@vecchiomulino.it,,,,,
Masseria Fortificata Spina|info@masseriaspina.it,,,,,
Masseria Garrappa|info@masseriagarrappa.com,,,,,
Masseria Vagone|info@masseriavagone.it,,,,,
Patria Palace Hotel|info@patriapalacelecce.com,,,,,
Hotel Parco Serrone|info@hotelparcoserrone.com,,,,,
Grand Hotel Masseria Santa Lucia|info@masseriasantalucia.it,,,,,
Villa Giuliana B&B|bbvillagiuliana@gmail.com,,,,,
Masseria Il Frantoio|prenota@masseriailfrantoio.it,,,,,
Masseria Il Frantoio|armando@trecolline.it,,,,,
Acaya Golf Hotel & Resort|info@acayagolfhotel.it,,,,,
Sant'Antonio B&B|albergos.ant@libero.it,,,,,
Tenuta del Barco|tenuta@iname.com,,,,,
Romantik Hotel Villa Cheta Elite|info@villacheta.it,,,,,
Masseria Marzalossa|masseriamarzalossa@marzalossa.com,,,,,
Masseria Agrituristica Il Cardinale|info@ilcardinale.it,,,,,
Grand Hotel Costa Brada|info@grandhotelcostabrada.it,,,,,
Masseria Refrigerio|info@masseriarefrigerio.it,,,,,
La Valletta|info@lavallettacentrobenessere.it,,,,,
Hotel D'Amato|hoteldamato@hoteldamato.it,,,,,
Hotel Le Ginestre|info@hotelginestre.it,,,,,
Hotel Gargano|info@hotelgargano.it,,,,,
Hotel L'Approdo|hotelapprodo@hotelapprodo.com,,,,,
Hotel Florence|info@hotelflorence.it,,,,,
Hotel Domenichino|hd@hoteldomenichino.it,,,,,
UNA Hotel Century|una.century@unahotels.it,,,,,
UNA Hotel Century|f.chiarello@unahotels.it,,,,,
UNA Hotel Mediterraneo|una.mediterraneo@unahotels.it,,,,,
Best Western Hotel Astoria|info@astoriahotelmilano.com,,,,,
Best Western Hotel Astoria|manager@astoriahotelmilano.com,,,,,
Hotel Lido|info@lidohotelmilano.com,,,,,
Hotel Flora|htlflorami@tiscali.it,,,,,
Gran Duca di York|info@ducadiyork.com,,,,,
Hotel Demo'|info@hoteldemo.com,,,,,
Hotel Demo'|info@hoteldemo.it,,,,,
Hotel Savoia|info@savoia-hotel.com,,,,,
Bed & Breakfast La Casa Rossa|info@casarossapiacenza.it,,,,,
La Morosa Vacation House|info@lamorosa.com,,,,,
Hotel Villa Ranieri|hotel@villaranieri.it,,,,,
Relais Villa San Martino|info@relaisvillasanmartino.com,,,,,
Villa Hibiscus|info@villahibiscus.it,,,,,
Azienda Agricola Colonna|info@vinicolonna.it,,,,,
Casa Alfonso B&B|info@casaalfonso.it,,,,,
Villa Sibillini|pam_bateshydro@yahoo.co.uk,,,,,
Bonapace La Terrazza|laterrazza@bonapaceaccomodation.com,,,,,
Agriturismo Il Pausillo|ilpausillo@libero.it,,,,,
Bonapace Bed and Breakfast|bbbonapace@tin.it,,,,,
ATAHOTEL Executive|commerciale@hotel-executive.com,,,,,
ATAHOTEL Fieramilano|direzione@grandhotelfieramilano.com,,,,,
Hotel Auriga|Auriga@Auriga-Milano.com,,,,,
Crowne Plaza Milan Linate|crowneplaza.milan@crowneplaza.it,,,,,
Hotel Canada|info@canadahotel.it,,,,,
Hotel Adler|adlermil@tin.it,,,,,
Hotel Agape|info@agapehotel.com,,,,,
Hotel Agape|direzione@agapehotel.com,,,,,
Hotel Ariston|info@aristonhotel.com,,,,,
Hotel Ariston|manager@aristonhotel.com,,,,,
Hotel Ariosto|ariosto@brerahotels.it,,,,,
Hotel Ariosto|ariosto.manager@brerahotels.it,,,,,
Carlyle Brera Hotel|carlyle@brerahotels.it,,,,,
Carlyle Brera Hotel|carlyle.manager@brerahotels.com,,,,,
Carlyle Brera Hotel|sales@brerahotels.it,,,,,
Carlyle Brera Hotel|carlyle@brerahotels.com,,,,,
Ramada Naples Hotel|reservations@neweuropehotel.it,,,,,
Ramada Naples Hotel|reservations@ramadanaples.com,,,,,
Ramada Naples Hotel|sales@ramadanaples.com,,,,,
Ramada Naples Hotel|r.arciprete@neweuropehotel.it,,,,,
Ramada Naples Hotel|info@neweuropehotel.it,,,,,
"Hotel ""Degli Affreschi""|bryan2003@virgilio.it",,,,,
Crivi's Hotel|crivis@tin.it,,,,,
Grand Hotel Puccini|prenotazioni@grandhotelpuccini.it,,,,,
Grand Hotel Puccini|reservation@grandhotelpuccini.it,,,,,
Grand Hotel Puccini|accounting@grandhotelpuccini.it,,,,,
Hotel Galileo|galileo@milanhotel.it,,,,,
Holiday Inn Milan|reservation@holidayinn-milano.it,,,,,
Hotel Liberty Milano|online@hotelliberty-milano.com,,,,,
MADISON HOTEL MILAN|manager@madisonhotelmilano.com,,,,,
Hotel Nasco|prenotazioni@hotelnascomilano.it,,,,,
Hotel Terminal|info@hotelterminalmilano.com,,,,,
Hotel Green House|greenhotel@tiscalinet.it,,,,,
Hotel Bagliori|hotelbagliori@tin.it,,,,,
Hotel Bagliori|info@hotelbagliori.it,,,,,
Hotel Berlino|bwberlino@tiscali.it,,,,,
Hotel Campione|hc@hotelcampion.com,,,,,
Hotel Canova|info@hotelcanova.com,,,,,
Hotel Città Studi|hcs@hotelcittastudi.it,,,,,
Club Hotel Milano|info@clubhotelmilano.com,,,,,
Hotel Cristallo|htl.cristallo@libero.it,,,,,
Hotel Etrusco|info@hoteletrusco.it,,,,,
Hotel Fenice|fenice@hotelfenice.it,,,,,
Olive Press Lodge|budari@libero.it,,,,,
Villa Colloredo|andrea@villacolloredo.com,,,,,
Hotel La Ninfa|info@hotellaninfa.it,,,,,
HOTEL SUNFLOWER|sunflower.hotel@tiscalinet.it,,,,,
Hotel Florida Milano|info@hotelfloridamilan.com,,,,,
Hotel Edolo|info@hoteledolo.com,,,,,
Hotel Fiorella|info@hotelfiorellamilano.it,,,,,
Stelle a Seiano|info@stelleseiano.com,,,,,
Borgo Storico Seghetti Panichi|info@seghettipanichi.it,,,,,
Borgo Storico Seghetti Panichi|mariarita@seghettipanichi.it,,,,,
Hotel Sabatino|info@hotelsabatino.it,,,,,
Capri Marriott Hotel|info@tiberiopalace.com,,,,,
Grande Albergo Mediterraneo|info@mediterraneonapoli.com,,,,,
B&B Villa Magnolia|info@bbvillamagnolia.it,,,,,
Bed & Breakfast Navigli|navigli@bbhotels.it,,,,,
Bed & Breakfast Navigli|info@bbnavigli.it,,,,,
Bed & Breakfast Navigli|booking@bbnavigli.it,,,,,
La Dolce Vite B&B|info@ladolcevite.net,,,,,
Bed and Bread|dongiovannetti@hotmail.com,,,,,
Bed and Bread|info@bedandbread.it,,,,,
Buonsoggiorno|info@buonsoggiorno.it,,,,,
Hotel Maxim|info@hotelmaxim.net,,,,,
Hotel La Residenza|info@hotelresidenza.com,,,,,
Hotel Garda|hotel.garda@traveleurope.it,,,,,
Villa degli Ulivi|gattona@tele2.it,,,,,
Hotel Carlo III|info@hotelcarloterzo.it,,,,,
Hotel Clarean|info@hotelclarean.it,,,,,
Villa Brocchi Colonna|info@villabrocchi.it,,,,,
Hotel Splendid|info@hotelsplendid.it,,,,,
Hotel Prati|info@hotelprati.it,,,,,
Hotel Siri|info@hotelsiri.it,,,,,
Hotel Siri|hotelsiri@hotmail.it,,,,,
Hotel Garibaldi|info@hotelgaribaldinapoli.com,,,,,
Hotel Garibaldi|walterego10@hotmail.com,,,,,
Hotel Cavour|info@hotelcavournapoli.it,,,,,
Hotel del Real Orto Botanico|hoteldelrealortobotanico@virgilio.it,,,,,
Hotel San Giorgio|albergosangiorgio@inwind.it,,,,,
Hotel Britannique|administration@hotelbritannique.it,,,,,
Hotel de La Ville|direzionedelaville@alice.it,,,,,
Hotel de La Ville|musicwalter@yahoo.it,,,,,
Nuovo Rebecchino|info@nuovorebecchino.it,,,,,
Nuovo Rebecchino|nuovorebecchino@napleshotels.na.it,,,,,
Hotel Palazzo Alabardieri|info@palazzoalabardieri.it,,,,,
Hotel Palazzo Alabardieri|d.molisso@palazzoalabardieri.it,,,,,
Hotel Leopardi|info@hotelleopardi.com,,,,,
Hotel Domitiana|info@hoteldomitiana.it,,,,,
Hotel Mergellina|info@hotelmergellina.it,,,,,
Hotel Des Artistes|info@hoteldesartistesnaples.it,,,,,
Costantinopoli 104|info@costantinopoli104.it,,,,,
Hotel Guiren|info@hotelguiren.it,,,,,
Casa Rossi|info@casa-rossi.com,,,,,
Hotel Madrigale|madrigale@madrigale.it,,,,,
Le Torri del Garda|info@letorridelgarda.com,,,,,
San Paolo Hotel|info@albergosanpaolo.it,,,,,
San Paolo Hotel|domenico@albergosanpaolo.it,,,,,
Hotel Villa Medici|booking@hotel-villamedici.com,,,,,
L'Alloggio Dei Vassalli - I Visconti|info@bandbnapoli.it,,,,,
Parteno Bed And Breakfast|bnb@parteno.it,,,,,
Hotel Il Convento|info@hotelilconvento.com,,,,,
Hotel Executive - Sea Hotels|info@sea-hotels.com,,,,,
Hotel Miramare|info@hotelmiramare.com,,,,,
Grand Hotel Europa - Sea Hotels|reception@grandhoteleuropa.com,,,,,
Space Hotel Nesis|info@hotelnesis.it,,,,,
Hotel Mexico|info@hotelmexico.it,,,,,
Albergo Milano|hotelmilano@varenna.net,,,,,
Hotel Villa Capodimonte|villacap@hotelcapodimonte.191.it,,,,,
Hotel Pavone|hotelpavone@tin.it,,,,,
La Villa degli Argentieri|info@lavilladegliargentieri.it,,,,,
La Villa degli Argentieri|enricodrovandi@hotmail.com,,,,,
Residence Beatrix|info@gestgarda.it,,,,,
Boffenigo Boutique Hotel|info@boffenigo.it,,,,,
Hotel Aquila D'oro|info@hotelaquiladoro.com,,,,,
Hotel Desenzano|info@hoteldesenzano.it,,,,,
Park Hotel|park@cerinihotels.it,,,,,
Hotel Piccola Vela|info@hotelpiccolavela.it,,,,,
Hotel Villa Maria|villa-maria@gardalake.it,,,,,
Hotel Villa Rosa|info@villarosahotel.eu,,,,,
Hotel Savoy Palace|info@savoypalace.it,,,,,
Hotel Villa Capri|info@hotelvillacapri.com,,,,,
Vip's Motel|info@vipsmotel.it,,,,,
Hotel West Garda|info@westgardahotel.com,,,,,
Hotel Potenza|info@hotelpotenza.it,,,,,
Hotel Bell'Arrivo|info@hotelbellarrivo.it,,,,,
Hotel Green Park|info@greenparkhotel.com,,,,,
Hotel San Marco|hotels.marco@tin.it,,,,,
Hotel Broglia|albergobroglia@virgilio.it,,,,,
Hotel Eden|eden@cerinihotels.it,,,,,
Hotel Flaminia|info@hotelflaminia.it,,,,,
Hotel Olivi|info@hotelolivi.com,,,,,
Admiral Hotel Villa Erme|desenzano@gmail.com,,,,,
Admiral Hotel Villa Erme|info@sirmione.com,,,,,
Admiral Hotel Villa Erme|admiral@mistralhotels.com,,,,,
Hotel Benaco|info@hotelbenaco.com,,,,,
Hotel Berta|info@hotelberta.it,,,,,
Hotel City|booking@hotelcity.it,,,,,
Hotel City|info@hotelcity.it,,,,,
Hotel Europa|h.europa@desenzano.com,,,,,
Hotel Europa|europa@numerica.it,,,,,
Hotel Giardinetto|info@hotel-giardinetto.com,,,,,
Hotel Primavera|info@hotelprimavera.it,,,,,
Hotel Tripoli|info@hotel-tripoli.it,,,,,
Hotel Vittorio|info@hotelvittorio.it,,,,,
Hotel Alsazia|alsazia@sirmione.net,,,,,
Hotel Arena|info@hotelarena.it,,,,,
Hotel Azzurra|fabiozan@lumetel.it,,,,,
Hotel Bolero|info@hotelbolero.it,,,,,
Hotel Chiara|hotel.chiara@gardalake.it,,,,,
Hotel Europa|info@europahotelsirmione.it,,,,,
Hotel Gartden Lido|gartenlido@libero.it,,,,,
Hotel Residence Holiday|info@hotelholiday.it,,,,,
Hotel La Paul|info@hotellapaul.it,,,,,
Hotel La Paul|pier@hotellapaul.it,,,,,
Hotel Lugana Parco al Parco|info@luganaparcoallago.com,,,,,
Hotel Meridiana|info@meridianahotel.net,,,,,
Hotel Mirage|info@miragesirmione.it,,,,,
Hotel Porto Azzurro|info@hotelportoazzurro.it,,,,,
Hotel Riel|info@hotelriel.it,,,,,
Hotel Suisse|rossi@rossionline.it,,,,,
Hotel Yachting Mistral|mistral@mistralhotels.it,,,,,
Hotel Capri|info@hotel-capri.com,,,,,
Hotel San Marco|hotel@sanmarcobardolino.it,,,,,
Hotel Bel Sito|hotelbelsito@gardacity.net,,,,,
Hotel Roma|info@hotelroma.info,,,,,
Hotel Piroscafo|info@hotelpiroscafo.it,,,,,
Hotel Riviera|zilianig@numerica.it,,,,,
Hotel Fortuna|info@fortunahotel.com,,,,,
Hotel Puccini|info@hotelpuccini.it,,,,,
Hotel Saraceno|info@hotelsaraceno.it,,,,,
Hotel Fornaci|info@hotelfornaci.com,,,,,
Hotel Cangrande|cangrandehotel@tiscalinet.it,,,,,
Hotel da Roberto|info@hoteldaroberto.com,,,,,
Hotel Le Mura|info@hotel-lemura.com,,,,,
Hotel Smeraldo|info@hotelsmeraldo.info,,,,,
Park Hotel Gritti|gritti@parchotels.it,,,,,
Hotel Al Ventaglio|hotelventaglio@tiscali.it,,,,,
Hotel San Pietro|info@san-pietro-hotel.com,,,,,
Hotel Bologna|info@hotelbologna.info,,,,,
Hotel Idania|info@hotelidania.com,,,,,
Albergo Al Cacciatore|albergoalcacciatore@tin.it,,,,,
Hotel Bisesti|bisesti@infogarda.com,,,,,
Hotel Imperial Garda|info@imperialgarda.com,,,,,
Hotel Villa Mulino|villamulino@villamulino.com,,,,,
Hotel Benacus|hotelbenacus@lazise.com,,,,,
Hotel FLora|info@hotelflora.net,,,,,
Hotel Mirò|info@mirohotel.com,,,,,
Hotel Casa Mia|info@hotelcasamia.com,,,,,
Hotel Lazise|info@hotellazise.it,,,,,
Albergo Rosetta|info@albergorosetta.it,,,,,
Hotel Dolci Colli|info@dolcicolli.com,,,,,
Residence Hotel Nettuno|info@nettunoresidencehotel.it,,,,,
Grand Hotel Terme|g.rossi@termedisirmione.com,,,,,
Hotel Ideal|info@hotelidealsirmione.it,,,,,
The Garda Village|gardavillage@gardavillage.it,,,,,
Hotel Abacus|info@hotelabacus.com,,,,,
Hotel Alfieri|hotelalfieri@netmatica.it,,,,,
Astoria Lido|info@astorialido.it,,,,,
Hotel Aurora|info@aurorasirmionehotel.it,,,,,
Hotel Catullo|hotelcatullo@tiscalinet.it,,,,,
Hotel Pace|info@pacesirmione.it,,,,,
Hotel Corte Regina|lorenzoronchi@libero.it,,,,,
Hotel Derby|info@hotesirmionederby.com,,,,,
Hotel Fonte Boiola|hfb@termedisirmione.com,,,,,
Hotel Giardino|giardino@sirmione.it,,,,,
Hotel Serenella|hotelserenella@libero.it,,,,,
Hotel Villa Maria|info@villamariahotel.com,,,,,
Hotel Plaza|info@desenzanoplaza.it,,,,,
Hotel Oliveto|oliveto@hoteloliveto.it,,,,,
Hotel Al Fiore|info@hotelalfiore.it,,,,,
Hotel Garden|info@hotel-garden.it,,,,,
Hotel Europeo Flowers - Sea Hotels|hoteleuropeo@sea-hotels.com,,,,,
Hotel Degli Oleandri|hoteloleandri@libero.it,,,,,
Castello Belvedere|belvedere@cerinihotels.it,,,,,
Residence il Sogno|sogno@cerinihotels.it,,,,,
Holiday in the Sun|mariangela13@aliceposta.it,,,,,
Borgo Monte Cucco|info@borgomontecucco.it,,,,,
Hotel alla Riviera|info@allariviera.it,,,,,
Hotel Quattro Stagioni|info@hotel4stagioni.com,,,,,
Hotel Toledo|info@hoteltoledo.com,,,,,
Hotel Toledo|toledo@hclink.it,,,,,
Hotel Astro|reception@astrohotel.it,,,,,
Casa Cuccaro|info@casacuccaro.it,,,,,
Hotel California|info@hotelcaliforniapositano.it,,,,,
Hotel Mary|info@hotelmary.it,,,,,
Hotel Firenze e Continentale|hotel_firenze@hotelfirenzecontinentale.it,,,,,
Hotel Firenze e Continentale|laura@hotelfirenzecontinentale.it,,,,,
Zì Teresa Hotel|info@hotelziteresa.it,,,,,
L'Antico Convitto|info@lanticoconvitto.com,,,,,
Villa Elisa|pinellaporzio@hotmail.com,,,,,
Appartamento Gargiulo|enzo@emmevilabs.it,,,,,
Reginna Palace Hotel|info@hotelreginna.it,,,,,
The Big Residence|prenotazioni@thebigresidence.com,,,,,
La Casa del Sole|info@lamussia.it,,,,,
Residence Borgo degli Ulivi|info@residenceborgodegliulivi.it,,,,,
Residence Borgo degli Ulivi|borgodegliulivi@libero.it,,,,,
Hotel Tigullio Royal|info@hoteltigullioroyal.it,,,,,
Hotel Désirée|info@hotel-desiree.it,,,,,
Hotel Mavino|info@hotelmavino.com,,,,,
Hotel Mavino|hotelmavino@libero.it,,,,,
Hotel Miramar|info@hotelmiramar.it,,,,,
Hotel Mon Repos|info@hotelmonrepos.com,,,,,
Hotel Astoria|info@ilgiardinodellerane.com,,,,,
HOTEL LA PINETA|hotel_lapineta@virgilio.it,,,,,
Hotel Souvenir|hotel_souvenir@yahoo.com,,,,,
Villa Caribe|info@villacaribe.it,,,,,
L'antica terrazza|anticaterrazza@libero.it,,,,,
B&B Il Parco|beb@ilparco.com,,,,,
La Locanda Santa Giulia|info@visconti.info,,,,,
Hotel Touring|htouring@tin.it,,,,,
Hotel La Vigna|info@hotellavigna.it,,,,,
Hotel Mondial|info@mondialhotel.it,,,,,
Hotel Vesuvio|vesuviohotel@libero.it,,,,,
Hotel Luna di Marzo|info@albergolunadimarzo.com,,,,,
Hotel Saraceno|hotel@thesaraceno.com,,,,,
Residence Il Convento|info@residenceilconvento.com,,,,,
Olga's Residence|info@olgasresidence.com,,,,,
Olga's Residence|alfcarb@libero.it,,,,,
Hotel Ca' Masawalsa|info@hotelcamasawalsa.com,,,,,
Resort Baglio Oneto|reservation.tp@framon-hotels.it,,,,,
Resort Baglio Oneto|reservation.bag@framon-hotels.it,,,,,
Chiaro di Luna|info@casachiarodiluna.it,,,,,
Schilizzi Hotel|schilizzihotel@alice.it,,,,,
Schilizzi Hotel|info@gymnasiumhotel.it,,,,,
Hotel Porta del Sole|info@hotelportadelsole.it,,,,,
Amadeus Hotel|amadeus@milanohotels.com,,,,,
Hotel Nuovo Marghera|info@hotel-marghera.com,,,,,
Hotel Sant'Ercolano|info@santercolano.com,,,,,
Bella Capri B&B|giacobbe.gerardo@fastwebnet.it,,,,,
Villa Marelea|villamarelea@libero.it,,,,,
Grand Hotel Sant'Angelo|info@grandhotelsantangelo.it,,,,,
Grand Hotel Sant'Angelo|booking@grandhotelsantangelo.it,,,,,
Venus Inn|sleepingpositano@yahoo.it,,,,,
Venus Inn|mazzoni.giu@tiscali.it,,,,,
L'Ospite|info@lospite.com,,,,,
Gus B&B|info@penisolainn.com,,,,,
Alle Meraviglie|alex@locanda.it,,,,,
Milan Apartment Rental|info@milanapartmentrental.com,,,,,
Hotel Siena|info@hotelsienamilano.com,,,,,
Eurohotel|info@eurohotelmilano.it,,,,,
Scala Nord|scalanord@tin.it,,,,,
Hotel Lombardia|info@hotellombardia.com,,,,,
Hotel Mennini|menhot@tin.it,,,,,
Hotel Mozart|info@hotelmozartmilano.it,,,,,
Hotel des Etrangers|alberto@hde.it,,,,,
Hotel Rovello|info@hotel-rovello.it,,,,,
La Masseria B&B|mariowam@tin.it,,,,,
Il Limoneto - Azienda Agrituristica|illimoneto@tiscalinet.it,,,,,
Le Cisterne|info@lecisterne.com,,,,,
Hotel La Vecchia Palma|info@lavecchiapalma.com,,,,,
Hotel XX Settembre|info@hotel20settembre.it,,,,,
Katane Palace Hotel|info@katanepalace.it,,,,,
Villa Le Clementine|info@villaleclementine.it,,,,,
Agriturismo Gianferrante|info@gianferrante.it,,,,,
Hotel Olimpo|info@hotel-olimpo.it,,,,,
Victoria Hotel|reservations@hotelvictoria-torino.com,,,,,
Villa Leone|gianlucaziveri@exclusiveinitaly.com,,,,,
Hotel Palazzo delle Stelline|hotelpalazzostelline@tin.it,,,,,
Genius Hotel Downtown|hotelgenius@tiscali.it,,,,,
Park Hyatt|edoardo.officioso@hyattintl.com,,,,,
Hotel Mentana|h.mentanami@tiscali.it,,,,,
Charly Hotel|info@hotelcharly.com,,,,,
Sir Edward Hotel|info@hotelsiredward.it,,,,,
Grand Hotel Plaza|hotelplazamilano@virgilio.it,,,,,
Hotel Colombia|booking@hotelcolombiamilano.com,,,,,
Hotel Giulio Cesare|info@giuliocesarehotel.it,,,,,
I Gelsomini di Todi|giallo81@msn.com,,,,,
Villa Carla|info@villacarlasorrento.com,,,,,
Top Hotel Park Bologna|booking@tophotelpark.it,,,,,
Top Hotel Park Bologna|sales@tophotelpark.it,,,,,
Mont Blanc Hotel Village|info@hotelmontblanc.it,,,,,
Mont Blanc Hotel Village|vendite@hotelmontblanc.it,,,,,
Mont Blanc Hotel Village|direttore@hotelmontblanc.it,,,,,
Domus Nova Bed & Breakfast|info@domusnovaverona.it,,,,,
Hotel Due Torri Baglioni|duetorri.verona@baglionihotels.com,,,,,
Hotel Carina|info@hotelcarina.net,,,,,
Hotel Maggiore|maggiore@hotelmaggiore.it,,,,,
Hotel Corallo|info@corallomoneglia.it,,,,,
Hotel San Giorgio Portofino House|info@portofinohsg.it,,,,,
Hotel San Giorgio Portofino House|reservation@portofinohsg.it,,,,,
Hotel Montallegro|ristorantemontallegro@virgilio.it,,,,,
La Casa delle Stelle|info@lacasadellestelle.it,,,,,
Palazzo Cocò|info@palazzococo.it,,,,,
Palazzo Maria|info@sicilianbreak.com,,,,,
Palazzo Maria|info@palazzomaria.it,,,,,
Palazzo Maria|info@cefalu.it,,,,,
Palazzo Maria|info@apartments-cefalu.com,,,,,
Hotel Casa Poli|info@hotelcasapoli.it,,,,,
Hotel Casa Poli|marketing@hotelcasapoli.it,,,,,
Bristol Park Hotel|info@bristolparkhotel.com,,,,,
Hotel San Rocco|info@hotelsanrocco.it,,,,,
Hotel Villa San Francesco|villas.francesco@libero.it,,,,,
Town House 12|townhouse12@townhouse.it,,,,,
La Polverosa|patriziamarchei@tiscalinet.it,,,,,
La Polverosa|patriziamarchei@gmail.com,,,,,
Hotel Ristorante O Sole Mio|info@osolemiohotel.com,,,,,
La Preghiera|info@lapreghiera.com,,,,,
Hotel La Bussola|labussola@albergolabussola.com,,,,,
Ambassador Suite Hotel e Residence|info@ambassadorsuite.it,,,,,
Il Cardo Bed and Breakfast|info@ilcardoumbria.it,,,,,
Hotel Cortese|info@hotelcortese.com,,,,,
Hotel Milano|info@hotelmilanosanremo.com,,,,,
Agriturismo Aurora|agriturismoaurora@libero.it,,,,,
La Casa di Piandelbello|info@piandelbello.net,,,,,
Hotel Neapolis|informazioni@hotelneapolis.com,,,,,
Petit Palais Hotel et Residence de Charme|info@petitpalais.it,,,,,
Petit Palais Hotel et Residence de Charme|direttore@petitpalais.it,,,,,
Casa Isabella|casaisabella@tiscalinet.it,,,,,
Casa Isabella|casisabella@tiscali.it,,,,,
Messapia Hotel & Resort|info@cistour.it,,,,,
Messapia Hotel & Resort|direzione@messapia.net,,,,,
Hotel Selenia Residence|info@hotelseleniaresidence.it,,,,,
La Mammola B&B|info@lamammola.com,,,,,
La Mammola B&B|salvatorecollina@tiscali.it,,,,,
Borgo degli aranci|silvia.gualengi@gmail.com,,,,,
Borgo degli aranci|syylv@libero.it,,,,,
Hotel La Rescossa|info@allarescossa.com,,,,,
Cà 'd Gnese|cadgnese@agriturismo.com,,,,,
Cà 'd Gnese|info@cadgnese.com,,,,,
Cà 'd Gnese|lodialf@tin.it,,,,,
Logge del Perugino Park Hotel|loggedelperugino@apiceweb.com,,,,,
Poggio delle Civitelle|info@poggiodellecivitelle.com,,,,,
I Due Castagni|info@iduecastagni.com,,,,,
La Magnolia Bed and Breakfast|info@magnoliasorrento.it,,,,,
Cappella Vecchia 11 B&B|info@cappellavecchia11.it,,,,,
Residence Hotel La Ville|info@rhlaville.it,,,,,
Residence Hotel La Ville|cutronaroberta@rhlaville.it,,,,,
Masseria San Martino|info@masseriasanmartino.com,,,,,
Villa Bellini|l.tavassi@tiscali.it,,,,,
Hotel Losanna|info@hotellosanna.com,,,,,
Bed & Breakfast Elia|eliabed@libero.it,,,,,
Albergo Ristorante Silvio|info@bellagiosilvio.com,,,,,
La Maliosa D'Arienzo B&B|info@lamaliosa.it,,,,,
Casa Maresca|info@casamaresca.it,,,,,
Il Convento|info@ilconvento.com,,,,,
Hotel Vietri|info@hotelvietri.com,,,,,
Hotel Ristorante Voce del Mare|info@vocedelmare.it,,,,,
Hotel Victoria Maiorino|info@victoria-hotel.it,,,,,
Maison La Minervetta|info@laminervetta.com,,,,,
La Casa del Melograno|info@lacasadelmelograno.it,,,,,
Sea Furnished Room|info@sea-fr.it,,,,,
La Finestra sul Mare|lafinestrasulmare@hotmail.com,,,,,
La Casa d'A...mare|info@lacasadamare.it,,,,,
Ortoparadiso Bed and Breakfast|info@ortoparadiso.com,,,,,
L'Orangerie|info@lorangerie.it,,,,,
Arca Bed & Breakfast|michelapuglisi@hotmail.com,,,,,
Scoglio degli Achei|info@scogliodegliachei.it,,,,,
Scoglio degli Achei|direzione@scogliodegliachei.it,,,,,
Villa Cenci|info@villacenci.it,,,,,
Grand Hotel La Chiusa di Chietri|direzionehotel@lachiusadichietri.it,,,,,
Trulli Holiday|info@trulliholiday.com,,,,,
Borgo San Marco|info@borgosanmarco.it,,,,,
Grand Hotel Rosa Marina|info@grandhotelrosamarina.com,,,,,
Da Zia Grazia B&B|info@daziagrazia.it,,,,,
Da Zia Grazia B&B|mimma24@hotmail.it,,,,,
Hotel Novecento|hotelnovecento@tiscali.it,,,,,
Masseria Maccarone|info@masseriamaccarone.it,,,,,
Tenuta Deserto|info@tenutadeserto.it,,,,,
Baia Taormina Hotel|info@baiataormina.com,,,,,
Assinos Palace Hotel|info@assinospalacehotel.com,,,,,
AtaHotel Naxos Beach Resort|commerciale@hotelnaxosbeach.com,,,,,
Villa Agreste|info@villaagreste.it,,,,,
Giardino dei Greci|info@giardinodeigreci.com,,,,,
Hellenia Yachting Hotel|antonio@hotel-hellenia.it,,,,,
Hellenia Yachting Hotel|booking@hotel-hellenia.it,,,,,
Sant Alphio Garden Hotel|info@santalphiohotel.com,,,,,
Hotel Tritone|direzione@hoteltritonegiardininaxos.it,,,,,
Arathena Rocks Hotel|reservation@hotelarathena.com,,,,,
Nike Hotel|nike@tao.it,,,,,
Villa De Giorgi B&B|info@villaDeGiorgi.it,,,,,
Maso di Villa - Relais di Campagna|info@masodivilla.it,,,,,
Grand Hotel Miramare|miramare@angalahotels.it,,,,,
Hotel Monte Tauro|montetauro@angalahotels.it,,,,,
Hotel Villa Riis|info@hotelvillariis.com,,,,,
Hotel Villa Angela|hotel@hotelvillaangela.com,,,,,
Hotel Villa Fabbiano|info@villafabbiano.com,,,,,
Hotel Villa Paradiso|hotelparadiso@tao.it,,,,,
Andromaco Palace Hotel|info@andromaco.it,,,,,
Andromaco Palace Hotel|andromaco@tin.it,,,,,
Hotel Bel Soggiorno|info@belsoggiorno.com,,,,,
Hotel del Corso|info@hoteldelcorsotaormina.com,,,,,
Masseria Selvaggi|info@masseriaselvaggi.com,,,,,
Masseria Montelauro|info@masseriamontelauro.it,,,,,
Masseria Bandino|reception@masseriabandino.it,,,,,
Residence La Caravella|info@lacaravellapositano.com,,,,,
Masseria Panareo|info@masseriapanareo.com,,,,,
Hotel Sirius|info@siriushotel.it,,,,,
Hotel Sole Castello|info@hotelsolecastello.com,,,,,
Hotel Vello d'Oro|info@hotelvellodoro.com,,,,,
Hotel Vello d'Oro|angelo.fresta@hotelvellodoro.com,,,,,
Donna Giulia B&B|donnagiulia@supereva.it,,,,,
Donna Giulia B&B|donnagiulia2004@libero.it,,,,,
Macchia di Pele B&B|info@macchiadipele.it,,,,,
Sole Luna & Girasoli B&B|solelunaegirasoli@libero.it,,,,,
Trullidea Resort|info@trullidea.it,,,,,
Trullidea Resort|info@trullidea.com,,,,,
Trullidea Resort|dino@trullidea.com,,,,,
Hotel Alizé|info@hotelalize.it,,,,,
Hotel Aloha d'Oro|direzione@hotel-aloha.it,,,,,
Hotel Aloha d'Oro|info@hotel-aloha.it,,,,,
Hotel Aloha d'Oro|reception@hotel-aloha.it,,,,,
Hotel Aloha d'Oro|prenotazione@hotel-aloha.it,,,,,
Park Hotel Capomulini|parkhotel@mail.gte.it,,,,,
La Perla Ionica|info@laperlaionica.com,,,,,
B&B I Tabacchi|info@itabacchi.it,,,,,
Marina Palace Hotel|info@marinapalace.it,,,,,
Marina Palace Hotel|congress@marinapalace.it,,,,,
I Malavoglia Hotel|albergoimalavoglia@tiscali.it,,,,,
President Park Hotel|info@presidentparkhotel.com,,,,,
Calinnitta B&B|calimera@calinnitta.com,,,,,
Baia Verde|direttore@baiaverde.it,,,,,
Sheraton Catania|sales@sheratoncatania.com,,,,,
Park Hotel Silemi|info@parkhotelsilemi.com,,,,,
Park Hotel Silemi|giadacingari@virgilio.it,,,,,
Atahotel Capotaormina|prenotazioni@capotaorminahotel.com,,,,,
Hotel Corallo|htlcorallo@tiscali.it,,,,,
Hotel Royal Victoria|info@royalvictoria.com,,,,,
Milano Locanda|locanda@locanda.it,,,,,
La Dimora del Genio|paolamendola@ladimoradelgenio.it,,,,,
Hotel Baia Dei Mulini|info@baiadeimulini.it,,,,,
Hotel Baia Dei Mulini|amministrazione@baiadeimulini.it,,,,,
Hotel Residence San Pietro|info@sanpietro.it,,,,,
Hotel Residence San Pietro|saramontesanto@yahoo.it,,,,,
Classic Suite B&B|info@classicsuite.com,,,,,
Hotel Villa Belvedere|belvedere@hotelvillabelvedere.it,,,,,
Masseria Tutosa|info@tutosa.it,,,,,
Masseria Tutosa|tutosa@libero.it,,,,,
Hotel Villa Fernanda|info@hotelvillafernanda.it,,,,,
Hotel Iaccarino|info@hoteliaccarino.it,,,,,
Hotel Bellevue Residence|info@hotelresidencebellevue.it,,,,,
Hotel Bellevue Residence|hotelbellevue@starnet.it,,,,,
Pietra di Luna Hotel|info@pietradilunahotel.it,,,,,
Hotel Miramare|info@miramaremaiori.it,,,,,
Villa Celentano|info@villacelentano.com,,,,,
Residence Villa Rosa|residencevillarosa@tin.it,,,,,
Residence Villa Rosa|residencevillarosa@tiscali.it,,,,,
Orchid Corner|reservation@orchidcorner.net,,,,,
Il Roseto Bed and Breakfast|info@ilrosetosorrento.com,,,,,
La Nuit Sorrento Bed & Breakfast|info@lanuitsorrento.it,,,,,
La Nuit Sorrento Bed & Breakfast|manager@sorrentorelais.com,,,,,
Villa Costanzo|info@villacostanzo.com,,,,,
Villa Costanzo|edmondoavitabile@virgilio.it,,,,,
Villa Maresca Bed & Breakfast|villamaresca@tiscali.it,,,,,
Casa Georgia Apartments|georgiaiaccarino@libero.it,,,,,
Casa Georgia Apartments|info@casageorgia.it,,,,,
La Gallina Felice|mariadamiani@lagallinafelice.com,,,,,
Hotel Floridiana|info@hotelfloridiana.it,,,,,
Hotel Floridiana|floridiana@hotelfloridiana.it,,,,,
Masseria Bosco|info@masseriabosco.it,,,,,
Masseria Bosco|piera@masseriabosco.it,,,,,
Hotel Villa Sonia|booking@hotelvillasonia.com,,,,,
Hotel Bristol|info@hotelbristolcapri.com,,,,,
Hotel Il Gabbiano|ilgabbiano@ilgabbianohotel.com,,,,,
Villa Decima|info@villadecima.it,,,,,
Villa Decima|donini.g@aliceposta.it,,,,,
Stanzulelle|prenotazione@stanzulelle.it,,,,,
Il Trappetello|info@iltrappetello.it,,,,,
La Peschiera Hotel|info@peschierahotel.com,,,,,
Torre Turbolo|info@torreturbolo.com,,,,,
Villaggio Nettuno|info@villaggionettuno.it,,,,,
Hotel Residence Miramare|info@miramaresorrento.it,,,,,
Casa Maresca|info@casamaresca.com,,,,,
Hotel Gangi|info@hotelgangi.it,,,,,
Tenuta Monacelle|info@tenutamonacelle.it,,,,,
Tenuta Monacelle|marketing@tenutamonacelle.it,,,,,
Villa Persico|info@villapersico.com,,,,,
Hotel Bellavista|info@hotel-bellavista.org,,,,,
Alberghetto Meneghet|albergo.meneghet@libero.it,,,,,
Albergo Adler|hotel.adler@tin.it,,,,,
Hotel Merloni|info@hotelmerloni.com,,,,,
Hotel Riviera|info@rivierahotel-como.com,,,,,
Hotel Garni Corona|info@hotelgarnicorona.com,,,,,
Alla Torretta Bed & Breakfast|info@allatorretta.com,,,,,
Hotel Centrale|giacomo.borelli@gmail.com,,,,,
Acero Rosso Apartments|acerorossobellagio@libero.it,,,,,
Il Crotto|rl@lombardiacom.it,,,,,
Il Crotto|info@ilcrottobellagio.com,,,,,
"Antica Residenza, I Ronchi|info@bellagioronchi.com",,,,,
"Antica Residenza, I Ronchi|info@bellagiopoint.com",,,,,
Il Borgo|info@borgoresidence.it,,,,,
Haus Bethusy|hausbethusy@bellagio.co.nz,,,,,
Le Ortensie|ficardi@vodafone.it,,,,,
Casa Pini Bed & Breakfast|infocasapini@libero.it,,,,,
Casale Antonietta|info@casaleantonietta.com,,,,,
Trulli Acquarossa|lucamontinaro@libero.it,,,,,
Trulli Acquarossa|info@acqua-rossa.com,,,,,
Hotel La Terra|info@laterrahotel.it,,,,,
Park Hotel La Grave|parkhotel@lagrave.it,,,,,
Casa Sorrentina|info@casasorrentina.com,,,,,
Palazzo D'Erchia|palazzoderchia@tin.it,,,,,
Hotel Ristorante Cavaliere|info@hotelcavaliere.it,,,,,
Hotel Residence Tramonto|info@hoteltramonto.it,,,,,
Hotel Al Terra di Mare|info@alterradimare.it,,,,,
Florida Residence|info@floridaresidence.it,,,,,
Hotel Villa la Collina|cadenabbia@villalacollina.it,,,,,
La Maison de Titty|info@lamaisondetitty.it,,,,,
Balcone Fiorito|eleanornani@hotmail.com,,,,,
Casa Rosanna Bed & Breakfast|info@casarosanna.it,,,,,
Hotel Ristorante Vapore|vapore@lariohotel.it,,,,,
Hotel La Darsena|info@hotelladarsena.it,,,,,
Hotel Diana Pompei|info@pompeihotel.com,,,,,
Hotel Diana Pompei|hoteldiana3@tin.it,,,,,
L'Antico Casale|info@ilcasaleantico.com,,,,,
Hotel Baia del Capitano|baiadelcapitano@baiadelcapitano.it,,,,,
Hotel Baia del Capitano|seac@baiadelcapitano.it,,,,,
Bed and Breakfast Edera|ederalex@tiscali.it,,,,,
Villa dei Pini B&B|hotelvilladeipini@libero.it,,,,,
Masseria Acciano - Bellolio|info@bellolio.it,,,,,
Masseria Cappuccini|masseriacappuccini@libero.it,,,,,
Locanda Costa D'Amalfi|info@locandacostadamalfi.it,,,,,
Caelia B&B|info@caelia.it,,,,,
Masseria Don Sante|giovan.desimone@tiscali.it,,,,,
Residence dei Normanni|info@deinormanni.com,,,,,
Parco Oliva Bed and Breakfast|parcooliva@simail.it,,,,,
Camera con Vista|info@cameraconvista.net,,,,,
Villa Goethe|info@villagoethe.it,,,,,
La Casa dei Mulini|info@lacasadeimulini.it,,,,,
Arcoubriaco Bed and Breakfast|rugareali@virgilio.it,,,,,
Abate Masseria & Resort|info@abatemasseria.it,,,,,
Abate Masseria & Resort|reception@abatemasseria.it,,,,,
Lama di Luna Biomasseria|info@lamadiluna.com,,,,,
Il Vignale di Pirro|info@vignaledipirro.com,,,,,
Chalet Li Campi|info@licampi.com,,,,,
Villa Monica B&B|info@villamonicasorrento.com,,,,,
Villa Monica B&B|pasqualegrosso@virgilio.it,,,,,
Villa I Lecci|ilecci@villailecci.it,,,,,
Relais Villa Valentini|info@relaisvillavalentini.com,,,,,
Villa Paolotti|info@villapaolotti.com,,,,,
Villa La Torre|gianlucaziveri@tiscali.it,,,,,
Villa e Palazzo Aminta|villa-aminta@villa-aminta.it,,,,,
Villa e Palazzo Aminta|booking@villa-aminta.it,,,,,
Hotel Meandro|info@hotelmeandro.it,,,,,
Albergo La Camogliese|info@lacamogliese.it,,,,,
La Capanna dei Borgia|info@lacapannadeiborgia.com,,,,,
Hotel President|info@hotelpresidentrieti.it,,,,,
Il Monachicchio B&B|info@ilmonachicchio.it,,,,,
Grand Hotel d'Aragona|info@grandhoteldaragona.it,,,,,
Grand Hotel d'Aragona|biagio@grandhoteldaragona.it,,,,,
Hotel Caruso|reservations@hotelcaruso.net,,,,,
Hotel Caruso|jdalesio@hotelcaruso.net,,,,,
Hotel Santa Lucia|hslucia@tiscalinet.it,,,,,
Hotel Santa Lucia|hslucia@tiscali.it,,,,,
Hotel PietreNere|info@hotelpietrenere.it,,,,,
Le Ortensie B&B|liulamp@libero.it,,,,,
Bed & Breakfast Welcome|info@bbwelcome.com,,,,,
Masseria Limbitello|info@masserialimbitello.com,,,,,
Masseria Pagani|masseriapagani@libero.it,,,,,
Le Stanze del Monsignore B&B|info@lestanzedelmonsignore.it,,,,,
BED AND BREAKFAST BELLINI|bbbellini@virgilio.it,,,,,
Torretta Salentina|torrettasalentina@gmail.com,,,,,
Glamour Apartments|info@glamourapartments.it,,,,,
Glamour Apartments|marco@glamourapartments.it,,,,,
Glamour Apartments|marinaviapiano@suitehomes-milan.com,,,,,
Glamour Apartments|info@suitehomes.it,,,,,
Glamour Apartments|marcoviapiano@suitehomes-milan.com,,,,,
Hotel Saline|sergio@hotelsaline.com,,,,,
Hotel Saline|info@hotelsaline.com,,,,,
Villa Chiarenza B&B|info@villachiarenza.it,,,,,
Isoco Guest House Taormina|info@isoco.it,,,,,
Johanna Park Hotel|info@johannapark.it,,,,,
Hotel Britannia|info@britanniahotel.191.it,,,,,
Hotel del Mare|info@hoteldelmare.com,,,,,
Hotel Gardenia|info@hotelgardenia.com,,,,,
Hotel Leone|info@hotelleone.com,,,,,
Hotel Plaza|info@plazasorrento.com,,,,,
Hotel Settimo Cielo|info@hotelsettimocielo.com,,,,,
Don Alfonso B&B|donalfonso@sorrentotour.it,,,,,
TASSO HOUSE|info@tassohouse.com,,,,,
Villa Alviani Anna|info@villanna.com,,,,,
Hotel Ancora|info@hotelancora.it,,,,,
Hotel Astoria|h.astoria@stresa.net,,,,,
Hotel Cannobio|info@hotelcannobio.com,,,,,
Hotel La Palma|info@hlapalma.it,,,,,
Hotel La Palma|stefano@hlapalma.it,,,,,
Hotel Pallanza|belvedere@pallanzahotels.com,,,,,
Hotel Santanna|info@hotelsantanna.it,,,,,
Hotel Villa Margherita|holiday@villa-margherita.it,,,,,
Hotel Villa Margherita|villamargherita@libero.it,,,,,
Hotel Pironi|info@pironihotel.it,,,,,
Hotel Campagna|info@hotelcampagna.it,,,,,
Hotel Villa Kristina|info@hvk.it,,,,,
Grand Hotel Bristol|elena@zaccherahotels.com,,,,,
"Odyssea ""Casa Cinzia""|info@bbodyssea.com",,,,,
Splendid Hotel|info@zaccherahotels.it,,,,,
David Lawrence B&B|info@lawrencetaormina.com,,,,,
Regina Palace Hotel|h.regina@stresa.net,,,,,
Hotel Italie & Suisse|info@italiesuisse.com,,,,,
Hotel della Torre|dellatorre@stresa.net,,,,,
Hotel Du Parc|info@duparc.it,,,,,
Hotel Moderno|moderno@hms.it,,,,,
Hotel Royal Stresa|request@hotelroyalstresa.com,,,,,
Hotel Piccolo Lago|h.piccololago@stresa.net,,,,,
Agriturismo Il Monterosso|ilmonterosso@iol.it,,,,,
Grand Hotel Majestic|info@grandhotelmajestic.it,,,,,
Grand Hotel Majestic|sales@grandhotelmajestic.it,,,,,
Grand Hotel Majestic|reception@grandhotelmajestic.it,,,,,
Grand Hotel Majestic|direzione@grandhotelmajestic.it,,,,,
Hotel Ghiffa|info@hotelghiffa.com,,,,,
Hotel Villa Belvedere|info@villabelvederehotel.it,,,,,
Hotel Mac Mahon|hotelmacmahon@tiscali.it,,,,,
Hotel Mac Mahon|info@hotelmacmahon.it,,,,,
Hotel Astor|reception@astorverbania.it,,,,,
Hotel Villa Paradiso|info@hotelvillaparadiso.com,,,,,
Residence dei Fiori|info@residencefiori.it,,,,,
Residence dei Fiori|marcoadami@residencefiori.it,,,,,
Hotel Il Cortile|cortilecannero@libero.it,,,,,
Hotel del Lago|dellagohotel@libero.it,,,,,
Hotel del Lago|enotecadellago@libero.it,,,,,
Hotel Il Chiostro|chiostrovb@chiostrovb.it,,,,,
Hotel Villa Carlotta|info@villacarlotta-belgirate.com,,,,,
Hotel Savoia|info@savoiapositano.it,,,,,
Casa Angelina Hotel|info@casangelina.com,,,,,
Hotel Le Sirene|info@lesirene.com,,,,,
Hotel Al Pesce d'Oro|info@alpescedoro.it,,,,,
Hotel Il Nido|info@hotelilnido.it,,,,,
Relais Il Casale|info@ilcasale.it,,,,,
Hotel Villa Ida|info@villaida.it,,,,,
Hotel Soleado|info@hotelsoleado.com,,,,,
Hotel Victoria|info@albergovictoria.it,,,,,
Hotel Méditerranée|hme@taorminahotels.com,,,,,
Hotel Lido Méditerranée|hlm@taorminahotels.com,,,,,
Hotel Villa Chiara|info@hotelvillachiara.com,,,,,
President Hotel Splendid|info@hotelsplendidtao.com,,,,,
Hotel Villa Greta|villagreta@libero.it,,,,,
Hotel Villa Giulia|info@alterrazzo.com,,,,,
Amalfi Accommodation|andrew79@tiscali.it,,,,,
La Sorgente B&B|sorgente@la-sorgente.net,,,,,
Cundari Inn|cundariinnhotel@holidaysrl.com,,,,,
Villa degli Aranci|info@villadegliaranci.it,,,,,
La Luna Nel Pozzo|leflora@yahoo.com,,,,,
La Luna Nel Pozzo|bb@laluna-nelpozzo.net,,,,,
Villa Schiticchiu|info@villaschiticchiu.it,,,,,
Hotel Villa Caterina|info@hotelvillacaterina.it,,,,,
Villa Giannina B&B|lilianacagnone@villagiannina.com,,,,,
Villa Giannina B&B|info@villagiannina.com,,,,,
Casale di Valverde|info@agriturismovalverde.com,,,,,
Grande Albergo Maugeri|info@hotel-maugeri.it,,,,,
Grande Albergo Maugeri|prenotazioni@hotel-maugeri.it,,,,,
Amalfi Vacation|info@amalfivacation.it,,,,,
Residenza Patrizia|info@residenzapatrizia.com,,,,,
Relais Villa Annalara|info@villaannalara.it,,,,,
Relais Villa Annalara|annalara@starnet.it,,,,,
Hotel Ariston|ariston@parchotels.it,,,,,
Excelsior Palace|excelsior@tao.it,,,,,
Hotel Villa Esperia|info@hotelvillaesperia.com,,,,,
Hotel La Plage|reservations@ragostahotels.com,,,,,
Hotel La Plage|sales.leisure@ragostahotels.com,,,,,
Bay Palace Hotel|info@baypalacehotel.it,,,,,
Terrazza Alcalà|info@terrazzaalcala.it,,,,,
Castello di San Giorgio|info@castellodisangiorgio.it,,,,,
B&B Lago di Como|info@bblagodicomo.it,,,,,
Conchiglia Azzurra|info@conchigliazzurra.com,,,,,
Hyencos Hotels|info@hyencos.com,,,,,
Hyencos Hotels|prenotazioni@hyencos.com,,,,,
Hotel alle Clavia|valleclavia@grupposaccia.it,,,,,
Hotel alle Clavia|info@grupposaccia.it,,,,,
Masseria Serritella|info@serritella.it,,,,,
Milan Speranza Hotel au Lac|info@milansperanza.it,,,,,
Il Parco degli Ulivi|info@ilparcodegliulivi.it,,,,,
Hotel Sovrano|info@hotelsovrano.it,,,,,
Hotel Capo Casale|info@capocasale.it,,,,,
Hotel Dell'Erba|info@hoteldellerba.it,,,,,
Hotel Dell'Erba|info@ramahotels.com,,,,,
Colle del sole|colledelsole@libero.it,,,,,
Colle del sole|info@hotelcolledelsole.it,,,,,
Hotel Villa Duse|info@villaduse.it,,,,,
Masseria Casamassima|masseriacasamassima@libero.it,,,,,
Hotel Al Cason|alcason@hotelalcason.com,,,,,
Hotel Al Cason|info@hotelalcason.com,,,,,
Hotel La Darsena|htl.ladarsena@tiscali.it,,,,,
Hotel Bianco|info@hotelbianco.it,,,,,
Masseria Appidé|info@appide.it,,,,,
Borgo Cardigliano|info@cardigliano.it,,,,,
Villa Gesi|villagesi@villagesi.it,,,,,
Hotel Incanto|info@hotelincanto.it,,,,,
Hotel Residence Il Melograno|info@ilmelogranohotel.it,,,,,
Ecoresort Le Sirenè|centroprenotazioni@attiliocaroli.it,,,,,
Ecoresort Le Sirenè|info@attiliocaroli.it,,,,,
Ecoresort Le Sirenè|terminal@attiliocaroli.it,,,,,
Ecoresort Le Sirenè|lesirenuse@attiliocaroli.it,,,,,
Club Bellavista|bellavistaclub@attiliocaroli.it,,,,,
Joli Park Hotel|jolipark@attiliocaroli.it,,,,,
Piemontese Best Western Hotel|info@hotelpiemontese.it,,,,,
Piemontese Best Western Hotel|commerciale@hotelpiemontese.it,,,,,
Piemontese Best Western Hotel|piemontese.to@bestwestern.it,,,,,
Masseria Salinola|agriturismo.salinola@tin.it,,,,,
Park Hotel San Michele|info@parkhotelsm.it,,,,,
Eden Hotel|info@hoteledentorrecanne.it,,,,,
Inn Centro B&B|info@inncentro.it,,,,,
Torre Due Pani B&B|info@torreduepani.com,,,,,
Casa Pacio|info@casapacio.it,,,,,
Casa Pacio|brunacranchi@tiscali.it,,,,,
Hotel Ramapendula|info@hotelramapendula.it,,,,,
Hotel Minerva|info@hotelminervabrindisi.it,,,,,
Mediterraneo Guest House|mediterraneo@capri.it,,,,,
Trulli San Leonardo B&B|info@trullisanleonardo.it,,,,,
Masseria Serra dell'Isola|info@masseriaserradellisola.it,,,,,
Masseria Serra dell'Isola|ritaguastamacchia@masseriaserradellisola.it,,,,,
Masseria Uliveto|info@masseriauliveto.it,,,,,
Residence Dimora Del Sole|info@dimoradelsole.com,,,,,
B&B In The Sun|cristian@bbinthesun.com,,,,,
B&B In The Sun|coliselli2@hotmail.com,,,,,
Suite Hotel Nettuno|info@suitehotelnettuno.com,,,,,
Aurora|hotelaurora@hotelaurorasl.com,,,,,
Hotel Celeste|info@hotelceleste.com,,,,,
Hotel Elisabetta|albergoelisabetta@libero.it,,,,,
Genova|info@hotelristorantegenova.it,,,,,
Giardino a Mare|almare@rainbownet.it,,,,,
Mira|mirahotel@libero.it,,,,,
Sereno|info@hotelsereno.com,,,,,
Daria R.T.A.|dariarta@residencedaria.com,,,,,
Marina|marinahotel@marinahotel.it,,,,,
Hotel Casmona|info@casmona.com,,,,,
Stella Maris|stellamaris@meyerhoff.net,,,,,
Garni Mirò|aymara@iol.it,,,,,
Residence Da Roberto|info@camogliroberto.it,,,,,
Relais Sant'Eligio|prenota@santeligiorelais.it,,,,,
Relais Sant'Eligio|direzione@santeligiorelais.it,,,,,
Relais Sant'Eligio|info@santeligiorelais.it,,,,,
Villa La Meridiana|lameridiana@attiliocaroli.it,,,,,
Hotel Parco La Fenice|info@parcolafenice.it,,,,,
Masseria Mofetta|info@masseriamofetta.it,,,,,
Hotel Cuor di Puglia|info@cuordipuglia.it,,,,,
Hotel Donatello|hoteldonatello@tin.it,,,,,
Hotel Logis D'Italia Relais & Le Jardin|relais@pugliagranturismo.it,,,,,
Hotel Il Palmento|info@ilpalmento.com,,,,,
Ancora|oscar.k@libero.it,,,,,
Arenal|info@hotelarenal.it,,,,,
Hotel Tirreno|hotel-tirreno@libero.it,,,,,
Hotel Europa|direzione@hoteleuropa-rapallo.com,,,,,
Ambra|hotel.ambra@libero.it,,,,,
Bel Sit|hotelbelsit@libero.it,,,,,
Claridge|info@hotelclaridgerapallo.it,,,,,
Mignon Posta|mignonposta@rivieradellevante.it,,,,,
Hotel Primo Sole|hotelprimosole@libero.it,,,,,
San Desiderio|san.desiderio@tele2.it,,,,,
Villa Marosa|info@villamarosa.it,,,,,
Zia Piera|hotelziapiera@libero.it,,,,,
Doria|info@hoteldoriachiavari.it,,,,,
San Pietro|hotelnuovosanpietro@libero.it,,,,,
Tesoro|hotel-tesoro@yahoo.it,,,,,
Zoagli|info@hotelazagli.it,,,,,
Villa Dammuso|info@lapaggeria.com,,,,,
Holiday in Naples|info@holidayinaples.it,,,,,
Holiday in Naples|reservations@holidayinaples.it,,,,,
Albergo L'Ostelliere|info@ostelliere.it,,,,,
Albergo L'Ostelliere|reservations@ostelliere.it,,,,,
Albergo L'Ostelliere|e.martinuz@ostelliere.it,,,,,
Hotel La Playa Blanca|cardinaletony@interfree.it,,,,,
Villa Gaia|info@villagaiahotel.it,,,,,
Hotel Riva del Sole|Info@rivadelsole.com,,,,,
Hotel Tourist|info@touristhotel.it,,,,,
Hotel Mediterraneo|info@htlmediterraneo.it,,,,,
Hotel Mediterraneo|mediterraneo.hotel@libero.it,,,,,
Hotel Carlton Riviera|chr@carltonhotelriviera.it,,,,,
Hotel Costa Verde|info@hotel-costaverde.it,,,,,
Hotel Santa Lucia le Sabbie D'Oro|info@lesabbiedoro.it,,,,,
Fiesta Hotel Athenée|dgarden@fiesta-hotels.com,,,,,
Dolce Vita B&B|info@dolcevitabb.it,,,,,
BB Casa degli ulivi|stefanoterracina@libero.it,,,,,
Bed and Breakfast Sunrise|crazyninny@libero.it,,,,,
Vallegrande|vallegrande@virgilio.it,,,,,
Alberi del Paradiso|booking@alberidelparadiso.it,,,,,
La Giara|hotel-lagiara@libero.it,,,,,
Hotel & Residence Le Calette|calette@lecalette.it,,,,,
Al Pecsatore|hotelalpescatore@hotmail.com,,,,,
Hotel delle Rose|info@pensionedellerose.it,,,,,
Hotel Apollonia|ferraralorella@tiscali.it,,,,,
Agriturismo Rosmarino Park|rosmarinopark@interfree.it,,,,,
Villa Anita|info@villaanita.com,,,,,
Residence Sant'Andrea|santandrea@gaglio.it,,,,,
Residence Sant'Andrea|petrullipatrizia@tiscali.it,,,,,
Baia Verde|info@albergobaiaverde.it,,,,,
Santa Lucia|santalucia30@hotmail.com,,,,,
La Tartaruga|info@hoteltartaruga.it,,,,,
Il Mulino|hotelmulino@tin.it,,,,,
Hotel Amato|amatohotel@tiscalinet.it,,,,,
Hotel Nettuno|hotelnettuno@virgilio.it,,,,,
Nuovo Hotel Faro|nuovo.hotelfaro@tiscalinet.it,,,,,
Villa Nazareth|villa.nazareth@tiscali.it,,,,,
Azienda Agricola F.P. Milio|pmilio@enterprisenet.it,,,,,
Villa Bency|info@villabency.com,,,,,
Villa Bency|villabency@yahoo.it,,,,,
Bed & Breakfast La Zagara|penny02@virgilio.it,,,,,
Mamma Elsa|francesca_gentile@tin.it,,,,,
Villa Lanza|gardenresidence@virgilio.it,,,,,
Da Francesca|kienkio@virgilio.it,,,,,
Hotel Milocca|albergomilocca@libero.it,,,,,
Relais Santa Anastasia|info@santa-anastasia-relais.it,,,,,
Villa Levante|villalevante@virgilio.it,,,,,
Garibaldi Bed and Brekfast|info@garibaldibeb.it,,,,,
Casale Galati|info@casalegalati.it,,,,,
Casale Galati|master@casalegalati.it,,,,,
Palazzo De Luca|p.donghia@inwind.it,,,,,
Le Trecento Fronde Farmhouse|letrecentofronde@tiscali.it,,,,,
B&B Masseria Piccola|info@masseriapiccola.it,,,,,
La Trullarella|info@latrullarella.it,,,,,
Masseria Labbruto|labbruto@motolese.net,,,,,
Masseria Murgia Albanese B&B|baba2000@tiscalinet.it,,,,,
Il Trullo del Castaldo|avvpaolo@libero.it,,,,,
Albergo Enrichetta|info@hotelenrichetta.com,,,,,
Cefalù Apartments|massimo@sicilianbreak.com,,,,,
Masseria Le Monache|masserialemonache@tiscali.it,,,,,
Hotel Palace Varazze|info@hotelpalacevarazze.it,,,,,
Hotel Perusia e La Villa|info@hotelperusia.it,,,,,
Relais Regina Giovanna|info@relaisreginagiovanna.it,,,,,
Relais Regina Giovanna|reservation@relaisreginagiovanna.it,,,,,
Relais Regina Giovanna|m.benardelli@relaisreginagiovanna.it,,,,,
Relais Regina Giovanna|a.deluca@hotelparcoprincipi.com,,,,,
Relais Regina Giovanna|c.mazzola@relaisreginagiovanna.it,,,,,
L'Approdo delle Sirene Bed & Breakfast|info@apprododellesirene.com,,,,,
Prestige B&B|info@bbprestige-lecce.it,,,,,
Residence L'Incanto|antopane@tiscali.it,,,,,
Residence L'Incanto|info@residencelincanto.com,,,,,
Dimora Celeste|info@dimoraceleste.it,,,,,
Hotel Charleston|info@hotelcharleston.it,,,,,
Tenuta Monacelli|info@tenutamonacelli.com,,,,,
Agriturismo La Lobra|agrilalobra@libero.it,,,,,
Agriturismo La Lobra|info@lalobra.it,,,,,
Hotel Borgo Antico|info@hotelnapoliborgoantico.com,,,,,
Saurus Hotel|info@saurushotel.it,,,,,
Hotel Vittoria|info@pompeihotelvittoria.com,,,,,
Palma Hotel Pompei|info@pompeihotelpalma.com,,,,,
Hotel Maiuri|info@maiuri.it,,,,,
Hotel Santa Caterina|info@hotelsantacaterinapompei.com,,,,,
Hotel Iside|info@hoteliside.it,,,,,
Riding & Country Club Il Quadrifoglio|clubquadrifoglio@libero.it,,,,,
Riding & Country Club Il Quadrifoglio|rccilquadrifoglio@libero.it,,,,,
Case Così Apartments|info@casecosi.it,,,,,
Hotel Il Gelso Bianco|info@gelsobianco.it,,,,,
Holiday Inn Bologna - Via Emilia|holidayinn.bolognaemilia@alliancealberghi.com,,,,,
Hotel Covo dei Saraceni|info@covodeisaraceni.com,,,,,
Best Western Hotel Maggiore|maggiore.bo@bestwestern.it,,,,,
Residence Terzo Millennio|info@residence3m.it,,,,,
Hotel La Casa sul Mare|lacasasulmare@virgilio.it,,,,,
Holiday Inn Milan Linate Airport|holidayinn.linate@alliancealberghi.com,,,,,
Hotel Montini|hotelmontini@hotelmontini.com,,,,,
Country Hotel Borromeo|info@countryhotelborromeo.com,,,,,
Country Hotel Borromeo|reservations@countryhotelborromeo.com,,,,,
Novotel Milano Est|novotel.milanoest@accor-hotels.it,,,,,
First Hotel|info@firsthotel.it,,,,,
Hotel dei Congressi|info@hoteldeicongressi.it,,,,,
Hotel Villa Savoia|mail@hotelvillasavoia.com,,,,,
Savhotel|info@savhotel.it,,,,,
Savhotel|direzione@savhotel.it,,,,,
Savhotel|reservation@savhotel.it,,,,,
Hotel Artuà & Solferino|reservation@artua.it,,,,,
Hotel Artuà & Solferino|infohotel@unodinoicom.it,,,,,
Bed & Breakfast and Design|info@badcatania.it,,,,,
"Albergo Ristorante Giardino ""da Felicin""|albrist@felicin.it",,,,,
B&B Villa Surya|info@bbvillasurya.com,,,,,
Hotel Eva La Romantica|info@hoteleva.net,,,,,
I Fiori di Napoli B&B|info@ifioridinapoli.it,,,,,
I Fiori di Napoli B&B|roberta.grassi@fastwebnet.it,,,,,
B&B Art Suite Principe Umberto|info@artsuitebbnapoli.it,,,,,
B&B Art Suite Principe Umberto|bbartsuite@hotmail.it,,,,,
Villa Milù|info@villamilu.com,,,,,
Hotel Eden|info@hoteledennapoli.it,,,,,
Villa Cornarea|info@villacornarea.com,,,,,
Albergo Centrale|info@albergocentralebologna.it,,,,,
Hotel Trieste|info@hotel-trieste.it,,,,,
Grand Hotel Garden Lido|info@gardenlido.com,,,,,
Maxim Hotel|info@maxim-hotel.it,,,,,
Hotel Fontana|info@hotel-fontana.it,,,,,
Le Piccole Grotte B&B|xxx@xxx.com,,,,,
Palazzo della Marra|info@palazzodellamarra.com,,,,,
Palazzo della Marra|gerardofoti@inwind.it,,,,,
B&B Casalotto Inn|info@casalottoinn.com,,,,,
B&B Casalotto Inn|prenotazioni@casalottoinn.com,,,,,
Hotel Estense|info@hotelestense.com,,,,,
Hotel Canalgrande|info@canalgrandehotel.it,,,,,
Hotel Canalgrande|amministrazione@canalgrandehotel.it,,,,,
Casa di Campagna B&B|info@casadicampagnabb.com,,,,,
Casa Mami Camilla|info@mamicamilla.com,,,,,
Sorrento Holiday|info@sorrentoholiday.it,,,,,
Villa Emanuela|postmaster@villaemanuela.com,,,,,
Villa Pane|villapane@villapane.it,,,,,
Villa Kalimera|info@villakalimera.it,,,,,
Villa Giovanna Casa vacanze|elviradea@libero.it,,,,,
Residenza Maresca|info@residenzamaresca.com,,,,,
Villa Mon Plaisir|monplaisir@tin.it,,,,,
Hotel Carasco|info@carasco.it,,,,,
Hotel Carasco|info@carasco.com,,,,,
Hotel Carasco|info@carasco.org,,,,,
Hotel Bristol|info@albergobristol.it,,,,,
Relais Blu Belvedere|info@relaisblu.com,,,,,
Agriturismo Valle Maira|vallemaira@tiscalinet.it,,,,,
Hotel D'Angelo Palace|info@dangelopalacehotel.it,,,,,
Hotel D'Angelo Palace|hotelsmarketing@yahoo.it,,,,,
Villa Morrena B&B|morrenafrancis@btinternet.com,,,,,
Villa Pollio|info@villapollio.it,,,,,
Villa Pollio|albertrusso@tin.it,,,,,
Bed & Breakfast Casa Mazzola|info@casamazzola.it,,,,,
Bed & Breakfast Casa Mazzola|ugomazzola@hotmail.com,,,,,
Villa Titina Residence|sales@villatitina.com,,,,,
Riviera Hotels|info@rivierahotels.it,,,,,
Meuble Casa Mannini|casamannini@rivierahotels.it,,,,,
Relais Agriturismo Il Cantico della Natura|info@ilcanticodellanatura.it,,,,,
Hotel Palazzo Lovera|info@palazzolovera.com,,,,,
Hotel Palazzo Lovera|sabrinacamillini@grandaconvegni.com,,,,,
La Dogliola|info@ladogliola.it,,,,,
Hotel Eliseo Park's|info@hoteleliseoparks.com,,,,,
Hotel Eliseo Park's|salvatoresavarese1@virgilio.it,,,,,
Hotel Eliseo Park's|info@hoteleliseoparks.it,,,,,
Il Piccolo Blu|lucia@piccoloblu.it,,,,,
Hotel San Marino|luchinamo@libero.it,,,,,
Casa Dominova Sorrento B&B|info@casadominova.com,,,,,
Art Hotel Boston|prenotazioni@hotelbostontorino.it,,,,,
Art Hotel Boston|commerciale@hotelbostontorino.it,,,,,
Hotel Europa|info@hoteleuropa-sml.it,,,,,
La Piazzetta B&B|lapiazzetta.le@libero.it,,,,,
Hotel Ossidiana|info@hotelossidiana.it,,,,,
Hotel Pai|fabiobergamo@yahoo.it,,,,,
Hotel Soleluna|info@hotelsoleluna.it,,,,,
Hotel Castelbrando|hotel@castelbrando.it,,,,,
Hotel Castelbrando|e.mazzocco@castelbrando.it,,,,,
Hotel Castelbrando|hotel.amm@castelbrando.it,,,,,
Borgo Monticelli|info@portasole.com,,,,,
Hotel Locanda il Senatore|locandailsenatore@virgilio.it,,,,,
Hotel il Mulino|ilmulino@tin.it,,,,,
Relais Villa Chiara|guseppe@libero.it,,,,,
Jolly Hotel Marina|genova_marina@jollyhotels.com,,,,,
Jolly Hotel Plaza|genova@jollyhotels.it,,,,,
Columbus Sea Hotel|info@columbussea.com,,,,,
Sheraton Genova Hotel|direzione@sheratongenova.com,,,,,
Best Western City Hotel|city.ge@bestwestern.it,,,,,
Hotel Savoia Continental|info@hotelsavoiagenova.it,,,,,
AC Hotel|acgenova@ac-hotels.com,,,,,
Ramada & Suites Genova Center|info@ramadagenova.com,,,,,
Hotel Aquila & Reale|info@aquilareale.com,,,,,
Hotel Helvetia|info@hotelhelvetiagenova.it,,,,,
Hotel Vittoria & Orlandini|info@vittoriaorlandini.com,,,,,
Hotel Capo Rossello|prenotazioni@hotelcaporossello.it,,,,,
Hotel Capo Rossello|info@hotelcaporossello.it,,,,,
Town House 70|townhouse70@townhouse.it,,,,,
Hotel Urbani|info@hotelurbani.it,,,,,
Hotel Laurens|info@hotellaurens.it,,,,,
Hotel Bristol Vietri|info@hotelbristolvietri.com,,,,,
Hotel Verona|info@hotelverona.it,,,,,
Hotel Maxim|maxim@maximverona.it,,,,,
Masseria Torre Maizza|info@masseriatorremaizza.com,,,,,
Majestic Hotel Toscanelli|majestic@toscanelli.com,,,,,
Hotel Europa|hotele@protec.it,,,,,
Hotel S. Antonio|info@hotelsantantonio.it,,,,,
Hotel Palazzo Vingius|info@palazzovingius.it,,,,,
B&B Holidays Fico d'India|info@holidaysficodindia.it,,,,,
Alpen Suite Hotel|info@alpensuitehotel.it,,,,,
Hotel Bologna|hotelbologna@tin.it,,,,,
Hotel Gabarda|hotel@gabarda.it,,,,,
Hotel Donatello|hoteldonatello@hoteldonatello.com,,,,,
Hotel Donatello|info@hoteldonatello-mo.it,,,,,
Hotel Villa Richeldi|info@hotelvillaricheldi.it,,,,,
Hotel Castello|info@hotelcastello-mo.it,,,,,
Appartamento Duomo|giada@libero.it,,,,,
Hotel Ramada Fiera|ramadafiera@fabbrihotels.com,,,,,
Hotel Ramada Fiera|c.belingheri@fabbrihotels.com,,,,,
Hotel Principe|info@hotelprincipe.mo.it,,,,,
Jolly Master Hotel de la Gare|bologna@jollyhotels.com,,,,,
Starhotels Excelsior|excelsior.bo@starhotels.it,,,,,
Hotel Montemezzi|info@hotelmontemezzi.it,,,,,
Hotel Montemezzi|direzione@hotelmontemezzi.it,,,,,
Marchi Hotel|info@hotelmarchi.it,,,,,
Hotel Europa|info@hoteleuropa.it,,,,,
Hotel Stella d'Italia|info@hotelstelladitalia.com,,,,,
"Hotel Ristorante ""Baita Fiorita""|deborah@valtline.it",,,,,
Hotel Villa Pandora|info@villapandora.it,,,,,
Mantegna Hotel Meublé|info@hotelmantegna.it,,,,,
Hotel Dante|info@hoteldantemn.it,,,,,
Albergo San Lorenzo|hotel@hotelsanlorenzo.it,,,,,
Hotel Broletto|info@hotelbroletto.com,,,,,
Hotel L'Argine Fiorito|info@larginefiorito.it,,,,,
Hotel Torre di Milo|info@hoteltorredimilo.it,,,,,
Hotel de Rosa|info@hotelderosa.it,,,,,
Albergo Bianchi Stazione|info@albergobianchi.com,,,,,
Albergo Bianchi Stazione|bianchi.hotel@tin.it,,,,,
Hotel Cristallo|info@hotelcristallomantova.it,,,,,
Hotel Giulietta e Romeo|info@giuliettaeromeo.com,,,,,
Hotel Giulietta e Romeo|cavara@giuliettaeromeo.com,,,,,
Hotel Palace|info@hotelpalacebologna.it,,,,,
Hotel Paradise|info@hotelparadisebologna.it,,,,,
AC10 Bologna|info@ac-hotels.com,,,,,
AC Vicenza|acvicenza@ac-hotels.com,,,,,
Hotel Metropolis|info@hotelmetropolis.it,,,,,
Albergo delle Notarie|notarie@albergonotarie.it,,,,,
Hotel Scudo di Francia|contatti@scudodifrancia.com,,,,,
Hotel Scudo di Francia|e.casadei@myhotelsresorts.com,,,,,
Le Risaie B&B|info@lerisaie.it,,,,,
Hotel Villa Tacchi|villa.tacchi@antichedimore.com,,,,,
Hotel Roma Imperiale|roma.imperiale@antichedimore.com,,,,,
Grand Hotel Nuove Terme|grandhotel.nuove.terme@antichedimore.com,,,,,
Albergo San Lorenzo|info@sanlorenzobormio.it,,,,,
Hotel Baita dei Pini|baitapini@hotw.it,,,,,
Hotel Baita dei Pini|baitadeipini@baitadeipini.com,,,,,
Palazzo Talamo B&B|info@palazzotalamo.it,,,,,
Hotel Cristallo|info@cristallohotelresidence.it,,,,,
Hotel Palace|info@palacebormio.it,,,,,
Hotel Posta|hotelposta@bormio.it,,,,,
Hotel Rezia|info@reziahotel.it,,,,,
Hotel Sant Anton|info@santanton.com,,,,,
Hotel Alpi & Golf|alpigolf@bormio.it,,,,,
Hotel Ambassador|ambassador@valtline.it,,,,,
Hotel Ambassador|info@bormio-ambassador.it,,,,,
Hotel Baita Celementi|info@baitaclementi.com,,,,,
Hotel Baita De Mario|info@baitademario.com,,,,,
Hotel Cervo|cervo@bormio.it,,,,,
Hotel Cervo|hotelcervo@valtline.it,,,,,
Hotel Funivia|info@hotelfunivia.it,,,,,
Hotel La Genzianella|info@genzianella.com,,,,,
Hotel Larice Bianco|info@laricebianco.it,,,,,
Hotel Miramonti Park|miramonti@miramontibormio.it,,,,,
Hotel Miravalle|info@hotel-miravalle.com,,,,,
Hotel Nevada|info@anzibormio.com,,,,,
Hotel Olimpia|hotelolimpia@valtline.it,,,,,
Hotel Villa Margherita|info@hotelvillamargherita.it,,,,,
Hotel Concordia|booking@lungolivigno.com,,,,,
Hotel Concordia|fabio@lungolivigno.com,,,,,
Hotel Concordia|hotelconcordia@lungolivigno.com,,,,,
Hotel Flora|info@flora-hotel.it,,,,,
Hotel Interalpen|info@hotelinteralpen.it,,,,,
Hotel Meeting|info@hotelresidencemeeting.com,,,,,
Hotel Meeting|info@pedrana.com,,,,,
Hotel Amerikan|info@amerikan.it,,,,,
Hotel Baita Montana|direzione@hotelbaitamontana.com,,,,,
Hotel Posta|hotelposta@livnet.it,,,,,
Hotel Spol Charme & Relax|info@hotelspol.it,,,,,
Hotel Touring|info@touringlivigno.com,,,,,
Hotel Cervo|info@hotelcervo.net,,,,,
Hotel Adele|info@hoteladele.it,,,,,
Hotel Alba|info@albahotel.com,,,,,
Hotel Alexander|info@hotelclubalexander.com,,,,,
Hotel Alpenrose|info@halpenrose.com,,,,,
Hotel Alpina|info@alpinahotel.it,,,,,
Hotel Astoria|info@hastoria.it,,,,,
Hotel Astra|info@astralivigno.com,,,,,
Hotel Bivio|holiday@hotelbivio.it,,,,,
Hotel Bucaneve|info@bucaneve.it,,,,,
Hotel Camana Veglia|info@camanaveglia.com,,,,,
Hotel Cassana|hcassana@livnet.it,,,,,
Hotel Compagnoni|info@hotelcompagnoni.com,,,,,
Hotel Cristallo|info@cristallolivigno.it,,,,,
Hotel Crosal|info@hotelcrosal.com,,,,,
Regina Giovanna Apartments|info@reginagiovanna.it,,,,,
Hotel Europa|info@europalivigno.it,,,,,
Hotel Galli|info@hotelgalli.com,,,,,
Hotel Garden|info@hotelgardenlivigno.com,,,,,
Hotel Helvetia|helvetia@livnet.it,,,,,
Hotel Helvetia|panorama@livnet.it,,,,,
Hotel Krone|info@kronehotel.com,,,,,
Hotel La Baita|info@labaitalivigno.it,,,,,
Garnì Marzia|info@marziahotel.it,,,,,
Garnì Al Plan|info@hotelalplan.it,,,,,
Borgo Lanciano Relais Benessere|info@borgodilanciano.it,,,,,
Garnì Costanza|hotelcostanza@faifer.it,,,,,
Garnì Daniela|hdaniela@livnet.it,,,,,
Garnì Francesin|info@francesin.it,,,,,
Garnì La Suisse|info@lasuisse.it,,,,,
Garnì Larice|info@garnilarice.it,,,,,
Garnì Oasi|info@garnioasi.it,,,,,
Garnì Piccolo Mondo|piccolomondo@livnet.it,,,,,
Garnì Roberta|info@hotelroberta.it,,,,,
Garnì Rin da Rin|info@rindarin.it,,,,,
Garnì Zodiac House|info@livigno.net,,,,,
Appartamenti Calanda|calanda@livnet.it,,,,,
La cambra|info@lacambra.it,,,,,
Bait da Pemont|info@baitdapemont.com,,,,,
Bait da Pizabela|info@hotelsilvestri.it,,,,,
Hotel Sport|info@santacaterina.com,,,,,
Hotel Nordik|info@nordik.it,,,,,
Hotel Compagnoni|info@compagnoni.net,,,,,
Hotel Compagnoni|hotcompa@valtline.com,,,,,
Hotel San Matteo|info@hotelsmatteo.com,,,,,
Hotel Genzianella|info@hotelgenzianella.com,,,,,
Hotel Milano|htlmilano@libero.it,,,,,
Hotel Cevedale|info@hotelcevedale.com,,,,,
Baita Sciatori|info@baitasciatori.it,,,,,
Ramada Hotel Emilia|ramadaemilia@fabbrihotels.com,,,,,
Cassio B&B|cassioinfo@bebcassio.com,,,,,
Villa Scati|villascati@tiscali.it,,,,,
Hotel Nice|info@hotelnice.it,,,,,
Hotel Nice|francesca@hotelnice.it,,,,,
Hotel Nice|alfonso@hotelnice.it,,,,,
L'Eco dell'800|info@ecodell800.it,,,,,
Hotel Intermonti|booking@valfin.it,,,,,
Hotel Intermonti|giacomo@valfin.it,,,,,
Chalet Luna - Corvi Agostino|booking3@scipas.com,,,,,
Appartamenti Erker|info@erker.it,,,,,
Bait da Rez|info@baitdarez.com,,,,,
Alpi Residence|info@alpiresidence.com,,,,,
Ortles|info@residenceortles.it,,,,,
Residence Valfurva|residencevalfurva@tiscali.it,,,,,
Chalet Bucaneve|info@chaletbucaneve.it,,,,,
Chalet Ginepro|ginepro@valtline.it,,,,,
Residence Roda|andreolav@libero.it,,,,,
Chalet Primula|info@chaletprimula.com,,,,,
Villa Vinco Residence|villavinco@villavinco.it,,,,,
Hotel Villaggio Agli Androni|info@androni.it,,,,,
B&B Elicrim|elicrim@libero.it,,,,,
B&B Casa Sorrentino|casasorrentino@sorrentotour.it,,,,,
Relais Francesca B&B|info@relaisfrancesca.com,,,,,
De Maria House B&B|info@demariahouse.net,,,,,
Residence La Vetreria|info@residencelavetreria.com,,,,,
Residence La Vetreria|booking@residencelavetreria.com,,,,,
Hotel Raito|reservations@hotelraito.it,,,,,
Hotel Raito|web@hotelraito.it,,,,,
Hotel Costazzurra|reception@hotelcostazzurra.it,,,,,
Hotel Costazzurra|info@agrigento-sicily.it,,,,,
Chalet Del Sole|info@chaletdelsole.com,,,,,
Agriturist Galli|info@agrituristgalli.com,,,,,
Agriturist Galli|worldby@agrituristgalli.com,,,,,
Hotel Parè|info@lungolivigno.com,,,,,
Hotel Parè|pare@lungolivigno.com,,,,,
Hotel San Michele|hotelstmichael@livignohotel.com,,,,,
La Chiusa delle More|lachiusadellemore@libero.it,,,,,
Castellani - Pedmont|info@castellanivittorio.com,,,,,
Baita Stebline|cudoris@tiscali.it,,,,,
Residence Nuova Villa|nuovavilla@lungolivigno.com,,,,,
Hotel Lac Salin Spa & Mountain Resort|lacsalin@lungolivigno.com,,,,,
Hotel Diablo|info@hoteldiablo.it,,,,,
Torre di Cesare Luxury Resort|reservation@torredicesare.net,,,,,
OrtigiaSeaView B&B|info@ortigiaseaview.it,,,,,
Albergo Spagna|albergosagna@libero.it,,,,,
Villa Très Jolie|info@villatresjolie.com,,,,,
B&B Villa Starace|info@villastarace.it,,,,,
B&B Mirella|info@bedandbreakfastmirella.it,,,,,
Tenuta Castel Venezze|info@castelvenezze.it,,,,,
Hostellerie du Cheval Blanc|info@chevalblanc.it,,,,,
Castello di Pavone|info@castellodipavone.com,,,,,
Gardaland Hotel Resort|barbara.pisanu@gardaland.it,,,,,
Gardaland Hotel Resort|giovanni.cavalli@gardaland.it,,,,,
Hotel Savoy Edelweiss|info@hotelsavoysestriere.com,,,,,
Hotel Shackleton Mountain Resort|info@shackleton-resort.it,,,,,
Résidence Alouette|info@residencealouette.com,,,,,
Casino di Caccia|info@casadicaccia.it,,,,,
My Hotels Eurolido|eurolido@myhotelsresorts.com,,,,,
Postumia Hotel Design|info@postumiahoteldesign.it,,,,,
My Hotels Villa Ducale|villaducale@myonehotel.it,,,,,
Bed and Breakfast La Collina|lacollina2@yahoo.it,,,,,
Il Nido del Merlo Bed and Breakfast|bbilnidodelmerlo@tiscali.it,,,,,
La Palma Hotel|info@lapalma.it,,,,,
Luna Hotel|info@lunahotelmotel.it,,,,,
Ramada Ticinum Hotel|info@ramadaticinumhotel.it,,,,,
Regina Palace Hotel|reception@regina-palace.it,,,,,
Valgrande Hotel|info@valgrandehotel.it,,,,,
Albergo Riva Snc|albergoriva@virgilio.it,,,,,
Hotel Alpi|hotel@hotelalpi.biz,,,,,
Hotel Alpino|info@alpinohotel.it,,,,,
Hotel Antica Stallera|info@anticastallera.com,,,,,
Aries Hotel|info@arieshotel.net,,,,,
Hotel Azalea|info@villaazalea.com,,,,,
Hotel Belvedere|hotel@belvedere-isolapescatori.it,,,,,
Hotel Belvedere|info@hotelristorantebelvedere.it,,,,,
Hotel Boston|info@hotelbostonstresa.com,,,,,
Hotel Brisino|info@hotelbrisino.com,,,,,
Hotel Conca Azzurra|info@concazzurra.it,,,,,
Villa Paradiso|paradiso@intercom.it,,,,,
Hotel Elvezia|info@elveziahotel.com,,,,,
Albergo Madonna della Neve|mad.neve@libero.it,,,,,
Albergo Sole|cristina@albergosole.it,,,,,
Hotel La Bussola|hotelbussola@yahoo.it,,,,,
My Hotels Arte|arte@myonehotel.it,,,,,
My Hotels Arte|arte@myhotels.it,,,,,
Casa e Vela Residence|info@casaevela.it,,,,,
Hotel Moderno|info@hotelmoderno.biz,,,,,
Hotel Premeno|info@premeno.com,,,,,
Hotel Tre Re|info@hotel3re.it,,,,,
B&B Coliselli|coliselli3@hotmail.com,,,,,
Albergo La Bussola|info@albergobussola.com,,,,,
Hotel Villa Linda|info@hotelvillalindacomo.it,,,,,
Iseolago Hotel|info@iseolagohotel.it,,,,,
Albergo Miranda|info@albergomiranda.it,,,,,
Araba Fenice Hotel|info@arabafenicehotel.it,,,,,
Golf Hotel|info@franciacortagolfhotel.it,,,,,
Hotel Sebino|info@hotelsebino.it,,,,,
Hotel Ulivi|ulivihotel@libero.it,,,,,
Hotel RivaLago|info@rivalago.it,,,,,
Hotel Fontana Santa|info@fontanasanta.it,,,,,
Hotel Rotelli|hotelrotelli@libero.it,,,,,
Hotel Almici|hotelalmici@tiscali.it,,,,,
Hotel Orazio|ristoranteorazio@libero.it,,,,,
Albergo dell'Angelo|info@hoteldellangelo.com,,,,,
Albergo Piramidi|albergopiramidi@virgilio.it,,,,,
B&B La Cascina|info@bblacascina.it,,,,,
B&B Il Centrale|info@ilcentrale.net,,,,,
B&B Giardino sul lago|info@giardinolago.com,,,,,
B&B Bellavista|bellavistabandb@libero.it,,,,,
B&B Borgo dei Lantieri|sarnico@borgodeilantieri.it,,,,,
B&B La Contrada|ristorantelacontrada@tiscali.it,,,,,
B&B Martinoli|prof.antonelli@virgilio.it,,,,,
Centro Alberghiero Ornato|ornato@minihotel.it,,,,,
Mini Hotel La Spezia|laspezia@minihotel.it,,,,,
Mini Hotel Aosta|aosta@minihotel.it,,,,,
Mini Hotel Portello|portello@minihotel.it,,,,,
Mini Hotel Tiziano|tiziano@minihotel.it,,,,,
Mini Hotel Residence Portello|residences@minihotel.it,,,,,
Four Seasons Hotel Milano|milano@fourseasons.com,,,,,
Milan Hotel Cervo|cervo@milanhotel.com,,,,,
Milan Residence Golf Hotel|residencegolfhotel@milanhotel.com,,,,,
Milan Hotel Sporting|sporting@milanhotel.com,,,,,
Milan Hotel Sporting|direzione.sporting@milanhotel.com,,,,,
Milan Studios Hotel|studios@milanhotel.com,,,,,
Hotel Abc|info@abchotel.it,,,,,
Hotel Albert|info@alberthotel.it,,,,,
Hotel Alga|algahotel@libero.it,,,,,
My Hotels La Spezia|laspezia@myonehotel.it,,,,,
My Hotels La Spezia|laspezia@myhotels.it,,,,,
B&B Baiera|giuseppebaiera@libero.it,,,,,
Hotel Ambrosiana|hotelambrosiana@libero.it,,,,,
Hotel America|info@milanohotelamerica.com,,,,,
Holiday Inn Hotel Express|express.reggioemilia@metha.com,,,,,
Hotel Arizona|info@hotelarizonamilan.com,,,,,
Best Western Hotel Al Fogher|alfogher.tv@bestwestern.it,,,,,
Hotel Aspromonte|hotelasp@tin.it,,,,,
Hotel Astra|astrahotel@aruba.it,,,,,
Hotel Atena|info@hotelatena.com,,,,,
Hotel Bolzano|hotelbolzano21@hotmail.com,,,,,
Hotel Bonola|info@hotelbonola.com,,,,,
Hotel Buenos Aires|info@hotelbuenosaires-milano.com,,,,,
Hotel Città Studi|hcs@hotecittastudi.it,,,,,
Hotel Corallo|corallo@hotelcorallomilano.it,,,,,
Hotel Dateo|hotel.dateo@agora.stm.it,,,,,
Hotel Delizia|info@hoteldelizia.com,,,,,
Hotel Demidoff|demidoff@milanohotels.com,,,,,
Hotel D'este|reception@hoteldestemilano.it,,,,,
Hotel Dover|info@hoteldover.com,,,,,
Hotel Duca|hotelduca@hotelduca.com,,,,,
Hotel Eden|info@hoteleden.mi.it,,,,,
Hotel Gala|hotelgala@tin.it,,,,,
Hotel Gamma|htlgamma@tin.it,,,,,
Hotel Gelsomina|h.gelsomina@tiscali.it,,,,,
Hotel Giardino|info@giardinohotel.it,,,,,
Hotel Gran Sasso|hotelgransasso@tiscalinet.it,,,,,
Hotel Ibis Milano Centro|ibis.milanocentro@accor-hotels.it,,,,,
Hotel Ideale|info@hotelidealemilano.it,,,,,
Hotel Iride|hoteliride@yahoo.it,,,,,
Hotel Johnny|info@hoteljohnny.com,,,,,
Hotel Kennedy|hotelkennedy@galactica.it,,,,,
Hotel La Pace|info@hotellapace.com,,,,,
Hotel La Vignetta|lavignetta@libero.it,,,,,
Hotel Paola|info@hotelpaola.it,,,,,
Hotel Lancaster|info@hotellancaster.it,,,,,
Hotel Le Querce|info@hotellequercemilano.it,,,,,
Hotel London|hotel.london@traveleurope.it,,,,,
Hotel Loreto|hotelloreto@tin.it,,,,,
Hotel Lugano|info@luganohotel.net,,,,,
Best Western Hotel Major|major.mi@bestwestern.it,,,,,
Hotel Malta|hotelmalta@hotmail.com,,,,,
Hotel Manzoni|hotel.manzoni@tin.it,,,,,
Hotel Marte|info@hotelmarte.it,,,,,
Hotel Mayorca|info@hotelmayorca.it,,,,,
Hotel Mazzini|hotel.mazzini@agora.stm.it,,,,,
Hotel Mec|hotelmec@tiscalinet.it,,,,,
Hotel Medusa|info@hotel-medusa.it,,,,,
Hotel Mercure Milano Centro Porta Venezia|booking@hotelmercuremilanocentro.it,,,,,
Hotel Metrò|hotelmetro@tin.it,,,,,
Hotel Michelangelo|michelangelo@MilanHotel.it,,,,,
Hotel Mignon|hotelmignon@tin.it,,,,,
Hotel Mirage|mirage@gruppomirage.it,,,,,
Hotel Mistral|mistralh@tin.it,,,,,
Hotel Molise 2|hotelmolise2@virgilio.it,,,,,
Hotel Napoli|hotelnapoli.snc@libero.it,,,,,
Hotel Nuovo Metrò|hotelnuovometro@esaplanet.it,,,,,
Hotel Nuovo Monopole|hotel@hotelmonopole.com,,,,,
Hotel Perugino|info@hotelperugino.it,,,,,
Hotel Piacenza|hotelpiacenza@tin.it,,,,,
Hotel Piemonte|info@hotelpiemonte.it,,,,,
Hotel Promessi Sposi E Ligure|prosposi@tin.it,,,,,
Hotel Rallye|h.rallye@tiscalinet.it,,,,,
Hotel Mercure Milano Corso Genova|simone.salvatori@metha.com,,,,,
Hotel Rio|direzione@albergorio.it,,,,,
Hotel Ritter|info@ritter-hotel.com,,,,,
Hotel Roma|info@hotelromamilan.com,,,,,
Hotel Roxy|info@hotelroxy.it,,,,,
Hotel San Carlo|gitsrl@libero.it,,,,,
Hotel Santa Marta|info@hotel-santamarta.it,,,,,
Hotel Sara|info@hotelsara.it,,,,,
Hotel Star|reservation@hotelstar.it,,,,,
Hotel Teco|info@hotelteco.it,,,,,
Hotel Teco|direttore@hotelteco.it,,,,,
Hotel Teco|booking@hotelteco.it,,,,,
Hotel The Best|info@thebesthotel.it,,,,,
Hotel La Riva|info@hotellariva.com,,,,,
Hotel Palladio|palladio@tao.it,,,,,
Hotel Alexander|info@hotel-alexander-giardini-naxos.it,,,,,
Russott Hotel|info@ramada.it,,,,,
Baia degli Dei|hotelbaiadeglidei@virgilio.it,,,,,
Hotel Kalos|info@kaloshotel.it,,,,,
B&B Vico Busco|info@bbvicobusco.it,,,,,
B&B Villevieille|info@villevieille.it,,,,,
B&B Villevieille|marami@arte.it,,,,,
Porto Azzurro Hotel|portoazzurro@tiscali.it,,,,,
Sabbie d'Oro Hotel|info@hotelsabbiedoro.it,,,,,
Villa Fenaroli Palace Hotel|info@hotelvillafenaroli.com,,,,,
Diana Park Hotel|info@hoteldiana.com,,,,,
Aparthotel Gioia|info@aparthotelgioia.com,,,,,
B&B Aretusa Vacanze|info@aretusavacanze.com,,,,,
Le Giare|info@legiare.org,,,,,
Discesa Santa Maria Flat|lauramotta2004@yahoo.it,,,,,
Discesa Santa Maria Flat|lauramotta@hotmail.com,,,,,
Touring Hotel|hoteltouringme@virgilio.it,,,,,
Ariston Hotel|sicily@parkhotel.it,,,,,
Hotel Lido Caparena|info@gaishotels.com,,,,,
Hotel Isabella|isabella@gaishotels.com,,,,,
Hotel Isola Bella|info@isola-bella.it,,,,,
Hotel Adele|info@pensioneadele.it,,,,,
Hotel Cableway|info@cableway.it,,,,,
Hotel Villa Gaia|info@hotelvillagaia.com,,,,,
Villa Sara Bed and Breakfast|info@villasara.net,,,,,
Agriturismo Le Case del Principe|info@lecasedelprincipe.it,,,,,
Hotel Mursia|mursiahotel@pantelleria.it,,,,,
Port’ Hotel|porthotel@pantelleria.it,,,,,
Miryam Hotel|miryamhotel@tiscalinet.it,,,,,
Hotel Quartara|info@quartarahotel.com,,,,,
Hotel Hycesia|hycesia@netnet.it,,,,,
Best Western Hotel Solaf|solaf.bg@bestwestern.it,,,,,
Best Western Hotel San Giusto|info@hotelsangiusto.it,,,,,
Hotel Des Roses|info@hoteldesroses.com,,,,,
Grand Hotel Villa Politi|info@villapoliti.com,,,,,
Grand Hotel Villa Politi|direzione@villapoliti.com,,,,,
Al Vecchio Pioppio|alvecchiopioppo@alice.it,,,,,
Tenuta Mandre del Re - Bed and Relax|info@tenutamandredelre.it,,,,,
Tenuta Mandre del Re - Bed and Relax|tripodi.pf@tin.it,,,,,
Astoria Executive Hotel|info@piuhotels.com,,,,,
Castello di Felino|castellodifelino@piuhotels.com,,,,,
La Finestra sul Mincio|pgandini@libero.it,,,,,
Hotel Sud-Ovest|hotel.sudovest@tin.it,,,,,
Hotel Ristorante Borgo Sereno|hotelborgosereno@email.it,,,,,
My Hotels Terme Tommasini|info@termetommasini.it,,,,,
Villa Farinella Bed and Breakfast|info@villafarinella.it,,,,,
Residenza Roccafiore Centro Benessere|info@roccafiore.it,,,,,
Villa Rizzo Masseria della Nocciola|masseria@familiarizzo.it,,,,,
Il Gabbiano Bianco B&B|info@ilgabbianobianco.com,,,,,
Baia di Trentova|info@baiaditrentova.it,,,,,
Castello di San Marco|info@castellosanmarco.it,,,,,
Hotel Villa Cannizzo|info@villacannizzo.it,,,,,
Vip Hotels Victoria|vittoria@viphotels.it,,,,,
Vip Hotels Savoy|savoy@viphotels.it,,,,,
Vip Hotels Bonconte|bonconte@viphotels.it,,,,,
Vip Hotels San Domenico|sandomenico@viphotels.it,,,,,
Vip Hotels Residence Dei Duchi|deiduchi@viphotels.it,,,,,
Villa Doria Il Torrione|info@iltorrione.com,,,,,
Centrale Palace|centrale@angalahotels.it,,,,,
Genoardo Park Hotel|genoardo@angalahotels.it,,,,,
La Marinella Residence|residencelamarinella@libero.it,,,,,
Villa Elisabetta|info@villaelisabetta.it,,,,,
San Pietro Sopra le Acque|info@sanpietroresort.com,,,,,
Hotel Palazzo Failla|info@palazzofailla.it,,,,,
Hotel Palazzo Failla|direzione@palazzofailla.it,,,,,
Hotel Marabel|info@hotelmarabel.it,,,,,
Residenza Fontanelle|info@residenzafontanelle.com,,,,,
Castagnola 64|castagnola.64@virgilio.it,,,,,
Therasia Resort|booking@therasiaresort.it,,,,,
Therasia Resort|info@therasiaresort.it,,,,,
Le Ville Relais Club|info@levillerelais.it,,,,,
Oasi del Borgo Villa Resort|info@oasidelborgo.com,,,,,
Oasi del Borgo Villa Resort|v.digrado@oasidelborgo.com,,,,,
Fortevillage Sardegna|forte.village@fortevillage.com,,,,,
Pensione Edda|info@hotelsunvalley.it,,,,,
Hotel Belmont|info@hotelbelmont.it,,,,,
Pensione Daniel|info@pension-daniel.com,,,,,
Albergo Val|bruna@valgardena.it,,,,,
6 Pensione Belaval|info@belaval.it,,,,,
Hotel Chalet Portillo|info@chaletportillo.com,,,,,
Hotel Piccolo Mountainbike - Holidays|info@hotel-piccolo.com,,,,,
Albergo-Gasthof Gruppo Sella|info@grupposella.com,,,,,
Hotel Savoy|info@hotel-savoy.it,,,,,
Pensione Edda|info@pensionedda.com,,,,,
Hotel Gardenia|hotelgardenia@gardenahotels.com,,,,,
Hotel Bellevue|hotel-bellevue@valgardena.it,,,,,
Hotel Tyrol|info@tyrolhotel.it,,,,,
Hotel Ingram|ingram@valgardena.it,,,,,
Hotel Olympia|olympia@val-gardena.com,,,,,
Hotel Miravalle|info@hotelmiravalle.it,,,,,
Pra Tlusel|info@pratlusel.com,,,,,
Country Medieval Resort Le Torri di Bagnara|info@letorridibagnara.it,,,,,
Country Medieval Resort Le Torri di Bagnara|zenaide.giunta@letorridibagnara.it,,,,,
Country Medieval Resort Le Torri di Bagnara|casellagary@aol.com,,,,,
Albergo Florian|info@florian.bz.it,,,,,
Hotel Antares|antares@residencehotel.it,,,,,
Hotel Antares|e.alberti@residencehotel.it,,,,,
Hotel Antares|info@residencehotel.it,,,,,
Skihotel Kristiania|info@hotel-kristiania.com,,,,,
Hotel Stella|info@hotel-stella.com,,,,,
Hotel Solaia|Solaia@pass.dnet.it,,,,,
Hotel Mignon|info@hotel-mignon.it,,,,,
Post Familyhotel|info@familyhotelposta.com,,,,,
Hotel Interski|info@hotel-interski.com,,,,,
Hotel Diamant Sport & Wellness|info@hoteldiamant.it,,,,,
Alpenhotel Plaza|info@alpenhotelplaza.com,,,,,
Hotel Christeinerhof - Villa Pallua|info@christeinerhof.com,,,,,
Pension Grohmann|pension@grohmann.info,,,,,
Hotel Cristallo|info@cristallo-hotel.it,,,,,
Hotel Cendevaves|info@cendevaves.it,,,,,
Hotel Villa Martha|villamartha@dnet.it,,,,,
Pension Vernel|info@vernel.bz,,,,,
Sporthotel Monte Pana|info@montepana.it,,,,,
Hotel Digon|info@hoteldigon.com,,,,,
Pensione Sonnalp|info@pensionsonnalp.com,,,,,
Alpenhotel Rainell|info@rainell.com,,,,,
Classic Hotel am Stetteneck|info@stetteneck.com,,,,,
De Curtis B&B|info@decurtisbb.it,,,,,
De Curtis B&B|direzione@decurtisbb.it,,,,,
Residence Garnì Trocker|garni@residencetrocker.com,,,,,
Hotel Cavallino D'Oro|cavallino@cavallino.it,,,,,
Wellness Residence Schgaguler|hotel@schgaguler.com,,,,,
Wellness Residence Schgaguler|martin.schgaguler@gmail.com,,,,,
Hotel Gardena-Grödnerhof Beauty & Wellness|info@gardena.it,,,,,
Hotel Adler Spa Resort|pr@hotel-adler.com,,,,,
Hotel Alpenheim|info@alpenheim.it,,,,,
Hotel Grien|info@hotel-grien.com,,,,,
Hotel Sporthotel Platz|info@sporthotelplatz.com,,,,,
Alpenroyal Sporthotel - Gourmet & Relax|hp@alpenroyal.com,,,,,
Hotel Sporthotel Gran Baita|info@hotelgranbaita.com,,,,,
Hotel Hartmann Beauty & Relax|info@hartmann-hotels.com,,,,,
Hotel Hartmann Beauty & Relax|info@acadia.it,,,,,
Hotel Villa Rosella|albergovillarosella@virgilio.it,,,,,
Hotel Villa Rosella|info@villarosella.it,,,,,
Hotel Astoria|info@hotel-astoria.net,,,,,
Hotel Azola|hotel@azola.it,,,,,
Hotel Dolomites Inn|dolomites.inn@rolmail.net,,,,,
Hotel Villa Adria|info@albergoadria.com,,,,,
Villa Cristina|info@hotelvillacristina.it,,,,,
Schloss Hotel Dolomiti UHC|info@unionhotelscanazei.it,,,,,
Villa Emma|info@villaemmahotel.it,,,,,
Italia|info@hotelitalia.tn.it,,,,,
Alpen Hotel Corona Sport & Wellness|info@hotelcorona.com,,,,,
Ai Pini|info@hotelaipini.net,,,,,
Renato|info@hotelrenato.it,,,,,
Alla Rosa|info@hotelrosa.biz,,,,,
Catinaccio|info@albergocatinaccio.com,,,,,
Crescenzia|info@hotelcrescenzia.com,,,,,
Hotel Fontana|info@hotelfontana.net,,,,,
Hotel La Grotta|info@hotellagrotta.com,,,,,
Miramonti|info@miramonti.net,,,,,
Piccolo Hotel|info@piccolohotel.net,,,,,
Hotel Laurin|info@hotellaurincanazei.com,,,,,
Al Quadrifoglio B&B|quadrifoglio@alquadrifoglio.it,,,,,
Hotel Torre Barbara|info@torrebarbara.it,,,,,
Mediterraneo Hotel|perlarosa@pantelleria.it,,,,,
Blue Moon Hotel|bluemoon@pantelleriahotel.it,,,,,
Hotel Mignon|info@hotelmignonchiavari.it,,,,,
Agriturismo Piancino|claudiaspadazzi@fastwebnet.it,,,,,
La Dimora di Nettuno|hotelpernapoli@libero.it,,,,,
La Dimora di Nettuno|ladimoradinettuno@libero.it,,,,,
La Chicca B&B|info@chiccahotel.it,,,,,
La Chicca B&B|chicca@chiccahotel.it,,,,,
Hotel La Meridiana|info@lameridianasorrento.com,,,,,
Residence Contrin|contrin@residencehotel.it,,,,,
Residence Contrin|info@resindencehotel.it,,,,,
Residencehotel Aritz Garni|aritz@residencehotel.it,,,,,
Residencehotel Ambiez|ambiez@residencehotel.it,,,,,
Residence Lastei|lastei@residencehotel.it,,,,,
Residence Lores|lores@residencehotel.it,,,,,
Residence Boè|boe@residencehotel.it,,,,,
Hotel Baia di Nora|htlbn@hotelbaiadinora.com,,,,,
Sofitel Thalassa Timi Ama|sofitel.thalassatimiama@accor-hotels.it,,,,,
Anta Hotel|info@antahotel.it,,,,,
Caesar's Hotel|info@caesarshotel.it,,,,,
Hotel Lido Degli Spagnoli|info@lidodeglispagnoli.com,,,,,
Hotel Panorama|info@hotelpanorama.it,,,,,
Holiday Inn Cagliari|info@hicagliari.com,,,,,
Hotel Regina Margherita|booking@hotelreginamargherita.com,,,,,
Sighientu Village Hotel|sighientu@altamarea.it,,,,,
Tartheshotel|info@tartheshotel.com,,,,,
T Hotel|info@thotel.it,,,,,
Hotel Dell'Aancora|info@hoteldellancora.it,,,,,
Hotel Eucalipti Terme|eucalipti@termesardegna.it,,,,,
I Giardini di Alice|igiardinidialice@tiscalinet.it,,,,,
Il Sillabario Hotel|info@sillabario.com,,,,,
L'Aquila|ginetta.leo@aglaquila.com,,,,,
L'Aquila|ginetta.leo@tiscali.it,,,,,
Il Ginepro|info@agriturismodisardegna.it,,,,,
Il Paradiso|info@agriturismoparadiso.net,,,,,
Is Concais|isconcais@tiscali.it,,,,,
Roccie Bianche|rocciebianche@tiscali.it,,,,,
Sa Tiria|info@satiria.it,,,,,
Su Stai|agriturvalbella@tiscali.it,,,,,
Sardegna Hotel|sardegnahotel@shg.it,,,,,
Grand Hotel Quattro Torri|hotelsetar@tiscali.it,,,,,
Hotel Califfo|info@hotelcaliffo.com,,,,,
Hotel Flamingo|info@flamingo.it,,,,,
Hotel New Barcavela|newbarcavela@tiscali.it,,,,,
Hotel Italia|hotelitalia@tiscali.it,,,,,
Hotel Residence Ulivi e Palme|hotelresidence@uliviepalme.it,,,,,
best Western Hotel Italia|hitalia.quartu@tiscali.it,,,,,
Su Meriagu|sumeriagu@tiscali.it,,,,,
Hotel Spartivento|casachia@tiscali.it,,,,,
Hotel Antiche Terme di Sardara|contatta@termedisardara.it,,,,,
Hotel Corallo|info@albergocorallo.it,,,,,
Hotel Quadrifoglio|info@hotelquadrifogliio.net,,,,,
Hotel Lantana|lantanahotel@lantanahotel.com,,,,,
Hotel Calamosca|hotelcalamosca@aruba.it,,,,,
Donna Pomptilla|info@donnapomptilla.com,,,,,
Albergo Aurora|info@hotelcagliariaurora.it,,,,,
Karel-Bed & Breakfast|info@karel-bedandbreakfast.it,,,,,
Hotel Cala di Seta|caladiseta@tiscali.it,,,,,
Hotel Fjby|fjbyhotel@libero.it,,,,,
Grand Relais Laurenti|info@grandrelaislaurenti.com,,,,,
Hotel Continental|mail@hotelcontinental.org,,,,,
Hotel Continental|info@hotelcontinental.org,,,,,
Garni Sovara|garni-sovara@valgardena.it,,,,,
Hotel JK Place Capri|booking@jkcapri.com,,,,,
Hotel JK Place Capri|verena@jkcapri.com,,,,,
Ponte di Chiaia B&B|info@pontedichiaia.com,,,,,
Agriturismo Parmenide|info@agriturismoparmenide.it,,,,,
Agriturismo La Fiorida|prenotazione@lafiorida.com,,,,,
Agriturismo La Fiorida|comunicazione@lafiorida.com,,,,,
Sorrento Town Suites|info@sorrentotownsuites.com,,,,,
Hotel Dominik am Park|info@hoteldominik.com,,,,,
Hotel Sorriso|hotelsorriso@tiscali.it,,,,,
Grand Hotel Angiolieri|reservations@grandhotelangiolieri.it,,,,,
Grand Hotel Angiolieri|info@grandhotelangiolieri.it,,,,,
Grand Hotel Angiolieri|g.m@grandhotelangiolieri.it,,,,,
Crystal Sporting Club&Hotel|crystalsporting@simail.it,,,,,
Crystal Sporting Club&Hotel|gianlucametrangolo@yahoo.it,,,,,
Paradiso Selvaggio|paradisoselvaggiopir@katamail.com,,,,,
B&B That's Amore|info@thatsamorebedandbreakfast.it,,,,,
Residence Maiori Antica|info@maioriantica.it,,,,,
Residence Maiori Antica|info@delpizzo.it,,,,,
My Hotels Carpi|carpi@myonehotel.it,,,,,
Hotel Du Lac|alessandro@dulachotel.it,,,,,
Hotel Du Lac|info@dulachotel.it,,,,,
Green Paradise B&B|info@greenparadise.biz,,,,,
Hotel Montana|info@montanacampiglio.it,,,,,
Hotel Dahu|dahu@hotelcampiglio.it,,,,,
Hotel Bonapace|info@hotelbonapace.it,,,,,
Hotel Cerana|info@hotelcerana.com,,,,,
Hotel Milano|hotmilano@campigliohotelmilano.it,,,,,
Hotel Gianna|hotelgianna@hotelgianna.it,,,,,
Hotel Crozzon|info@hotelcrozzon.com,,,,,
Hotel Ideal|info@hotelidealcampiglio.it,,,,,
Hotel Alpina|hotel@alpina.it,,,,,
Hotel Touring|info@htouring.it,,,,,
Hotel Diana|info@hoteldiana.net,,,,,
Hotel Majestic|info@majesticcampiglio.it,,,,,
Albergo Garnì dello Sportivo|info@dellosportivo.com,,,,,
Chalet dei Pini|info@chaletdeipini.com,,,,,
Biohotel Chalet Hermitage|info@chalethermitage.com,,,,,
Hotel Cristallo|hotelcristallo@campiglio.it,,,,,
Hotel Cristallo|direzione@hotelcristallo.info,,,,,
Hotel Grazia Plaza|info@hotelgraziaeplaza.it,,,,,
Albergo Garni' Maso Mistrin|info@masomistrin.com,,,,,
Hotel Ober 1|info@ober1.com,,,,,
Hotel Cristiania|info@hotelcristiania.it,,,,,
Hotel Oberosler|info@hoteloberosler.it,,,,,
Relais Regina Teodolinda|prenotazioni@relaisreginateodolinda.it,,,,,
Relais Regina Teodolinda|online@relaisreginateodolinda.it,,,,,
Relais Regina Teodolinda|info@relaisreginateodolinda.it,,,,,
Sardinia Holiday|info@sardiniaholiday.net,,,,,
Park Hotel Faloria|dir@hotel-faloria.it,,,,,
Park Hotel Faloria|info@hotel-faloria.it,,,,,
Park Hotel Faloria|sales@hotel-faloria.it,,,,,
Hotel Villa Eos|info@hotelvillaeos.it,,,,,
Masseria Casa Nostra|vincifm@tiscali.it,,,,,
Masseria Casa Nostra|info@masseriacasanostra.it,,,,,
Hotel La Vecchia Fonte|info@lavecchiafontehotel.it,,,,,
Hotel Balbi|hotelbalbi@inwind.it,,,,,
Hotel Bijou|info@bijouhotel.it,,,,,
Hotel Universal Terme|universal@universalterme.it,,,,,
Hotel Universal Terme|lino@universalterme.it,,,,,
Hotel Saint Nicolas|reception@aubergesaintnicolas.com,,,,,
Hotel Saint Nicolas|info@welkhome.com,,,,,
Agriturismo San Giovanni Al Monte|info@sangiovannialmonte.it,,,,,
B&B La Posta|info@lapostapragelato.it,,,,,
Agriturismo La Cima|a.speciale@libero.it,,,,,
Le case della Costa|info@lecasedellacosta.it,,,,,
Hotel Smart|info@smarthotel.it,,,,,
Hotel Giulietta|hotelgiulietta@hotelmanagement.biz,,,,,
Hotel Tiberius|info@hoteltiberius.it,,,,,
Hotel Tiberius|hoteltiberius@hotelmanagement.biz,,,,,
Hotel Residence Paradiso|info@hotelresidencedirimini.com,,,,,
Best Western Hotel Duca D'Aosta|duca@schiratohotels.it,,,,,
Best Western Hotel Duca D'Aosta|sales@schiratohotels.it,,,,,
Best Western Hotel Duca D'Aosta|amministrazione@schiratohotels.it,,,,,
Best Western Hotel Plaza|plaza@schiratohotels.it,,,,,
Hotel Ambra Palace|info@hotelambrapalace.it,,,,,
Hotel Ambra Palace|vincenzo.ambra@libero.it,,,,,
Hotel Esplanade|reservations@esplanade.net,,,,,
Hotel Carlton|direzione@carltonpescara.it,,,,,
Hotel Carlton|prenotazioni@carltonpescara.it,,,,,
Hotel Bellariva|info@hotelbellariva.it,,,,,
Hotel Salus|info@salushotel.it,,,,,
Hotel Maja|hamaja@tin.it,,,,,
Hotel Alba|info@hotelalba.pescara.it,,,,,
Hotel Alba|albahotel@hotmail.com,,,,,
Hotel Villa Nacalua|info@nacalua.com,,,,,
Serena Majestic Hotel Residence|info@bluserenahotels.it,,,,,
Serena Majestic Hotel Residence|barbara.disabatino@bluserena.it,,,,,
La Réserve Hotel Terme|info@lareserve.it,,,,,
Grand Hotel Montesilvano|info@ghmeurhotels.com,,,,,
Clarion Sea Lion Hotel|commerciale@sealionhotel.com,,,,,
Clarion Sea Lion Hotel|info@sealionhotel.com,,,,,
Hotel Villa Immacolata|info@villaimmacolata.it,,,,,
Hotel Santacroce|meeting@arc.it,,,,,
Relais Il Palazzetto|info@ilpalazzetto.com,,,,,
Hotel Le Torri|info@letorrihotel.it,,,,,
B&B Il Talamo|info@iltalamo.it,,,,,
Grand Hotel e del Parco|info@grandhotel.it,,,,,
Grand Hotel e del Parco|piotroi@tin.it,,,,,
Grand Hotel e del Parco|ghotelaq@hotmail.com,,,,,
Hotel Residence Club Primula|primula@primula.it,,,,,
Hotel Il Picchio|ilpicchio@ilpicchio.com,,,,,
Hotel San Michele|info@stmichelehotel.it,,,,,
Hotel Promenade|info@hotelpromenadeonline.com,,,,,
Le Magnolie|lemagnolie@tin.it,,,,,
Albergo Diffuso Santo Stefano di Sessanio|info@sextantio.it,,,,,
Albergo Diffuso Santo Stefano di Sessanio|commerciale@sextantio.it,,,,,
Masseria Cerasella Bed & Breakfast|elenaboccalone@hotmail.com,,,,,
Hotel Villa Mon Repos|villamonrepos@villamonrepos.it,,,,,
Hotel Corona|info@coronahotel.it,,,,,
Hotel Corona|hcorona@tin.it,,,,,
Albergo Paradiso|a.paradiso@ermes.it,,,,,
Albergo Paradiso|info@albergo-paradiso.it,,,,,
Hotel Bamby|hotel.bamby@tiscali.it,,,,,
Hotel Iris|hotel.iris@tiscali.it,,,,,
Hotel Garnì Posta|info@garniposta.it,,,,,
Il Nido dell'Aquila|ilnidodellaquilabb@libero.it,,,,,
Club Hotel Du park|info@hoteldupark.it,,,,,
B&B Olbia|betera@hotmail.it,,,,,
Hotel Abbaruja|info@hotelabbaruja.it,,,,,
Albergo Faggio Rosso|info@faggiorosso.it,,,,,
Hotel Duca degli Abruzzi|info@ducadegliabruzzi.com,,,,,
Hotel Holidays|info@hotel-holidays.it,,,,,
Hotel degli Olmi|hotelolmi@libero.it,,,,,
Antica Dimora Hotel Sole|booking@solehotel.eu,,,,,
Antica Dimora Hotel Sole|tullia.taglianetti@solehotel.eu,,,,,
Hotel Meripol|info@hotelmeripol.it,,,,,
Avila Hotel|info@avilahotel.it,,,,,
Hotel Baltic|info@hotelbaltic.it,,,,,
Hotel Federico II|info@hotelfedericosecondo.it,,,,,
Grand Hotel Berti|info@bertihotels.it,,,,,
Grand Hotel Berti|campitelli@bertihotels.it,,,,,
Agriturismo Due Carpini|davibog@libero.it,,,,,
Agriturismo Due Carpini|info@duecarpini.it,,,,,
Hotel President|info@bertihotelcongress.it,,,,,
Hotel Europa|info@hoteleuropavasto.it,,,,,
Hotel Europa|hoteleuropa73@yahoo.it,,,,,
Romantik Hotel Sporting Villa Maria|reservation@sportingvillamaria.it,,,,,
Romantik Hotel Sporting Villa Maria|panosetti@sportingvillamaria.it,,,,,
Hotel Excelsior|info@hotelexcelsiorvasto.com,,,,,
Hotel Excelsior|direzione@hotelexcelsiorvasto.com,,,,,
Palace Hotel Vasto|info@palacehotelvasto.it,,,,,
Dakar Living Hotel|info@dakarlivinghotel.it,,,,,
Dakar Living Hotel|direzione@dakarlivinghotel.it,,,,,
Hotel Harris|info@hotelharris.com,,,,,
Hotel Montecarlo|info@hotelmontecarlovasto.it,,,,,
Hotel Caravel|info@hotel-caravel.com,,,,,
Hotel Vittoria|info@h-vittoria.it,,,,,
Hotel Valle di Venere|valledivenere@infinito.it,,,,,
Hotel Valle di Venere|valledivenere@inwind.it,,,,,
Il Cerchio e la Botte|info@ilcerchioelabotte.it,,,,,
Hotel Atlas|info@hotelatlas.it,,,,,
Park Hotel Alcione|info@parkhotelalcione.com,,,,,
Hotel Claila|info@hotelclaila.com,,,,,
Mion Hotel Sanìo Restaurant|info@mionhotel.com,,,,,
Romantic Relais Villa Rossi|info@villarossi.it,,,,,
Hotel Lory|info@loryhotel.it,,,,,
Hotel Le Gole|info@hotellegole.it,,,,,
Medi Garden Resort|info@medigarden.it,,,,,
Best Western Premier Classic Hotel|classic.re@bestwestern.it,,,,,
Best Western Premier Classic Hotel|info@classic-hotel.it,,,,,
Hotel Ritz|info@ritzchivasso.it,,,,,
B&B Dionisio|b-bdionisio@libero.it,,,,,
Hermitage Hotel Club & Spa|direzione@hermitagesilvi.com,,,,,
Elena Club Resort|info@elenaclubresort.com,,,,,
Mercure Torino Crystal Palace|info@mercuretorinocrystalpalace.it,,,,,
Mercure Torino Crystal Palace|sales@mercuretorinocrystalpalace.it,,,,,
Hotel Abruzzo Marina|info@hotelabruzzomarina.it,,,,,
Castello Chiola|info@castellochiolahotel.com,,,,,
Castello Chiola|gmdirezione@castellochiolahotel.com,,,,,
Bentley Hotel Genova|booking-bentley@thi.it,,,,,
Bentley Hotel Genova|marketing-bentley@thi.it,,,,,
Bentley Hotel Genova|bentley@thi.it,,,,,
Maggior Consiglio|reservation@maggiorconsiglio.boscolo.com,,,,,
Il Poggiolo|ilpoggiolo@libero.it,,,,,
Villa delle Rondini|info@villadellerondini.it,,,,,
La Capezzagna|info@lacapezzagna.it,,,,,
Hotel Majestic Molise|info@hotelmajesticmolise.com,,,,,
Agriturismo Le Macine|agriturismolemacine@tin.it,,,,,
Paradiso Country House|info@paradisocountryhouse.com,,,,,
Tower Hotel|info@montresorgroup.com,,,,,
Tower Hotel|flavio.piccolroaz@hotelsolutions.it,,,,,
Tower Hotel|stefania@montresorgroup.com,,,,,
Astura Palace Hotel|info@asturapalace-hotel.it,,,,,
Astura Palace Hotel|m.dangelillo@asturapalace-hotel.it,,,,,
Stella Marina Resort|info@stellamarinaresort.com,,,,,
Hotel Salsello|barsasso@tin.it,,,,,
Hotel Cala di Volpe|caladivolpe@luxurycollection.com,,,,,
Hotel Cala di Volpe|cristina.dore@starwoodhotels.com,,,,,
Hotel Pitrizza|pitrizza@luxurycollection.com,,,,,
Hotel Romazzino|romazzino@luxurycollection.com,,,,,
Hotel Giò|reception@hotelgio.it,,,,,
Subretia Residenze di Campagna|info@subretia.com,,,,,
Subretia Residenze di Campagna|info@roccadifabbri.com,,,,,
Subretia Residenze di Campagna|prenota@subretia.com,,,,,
Villa Ursa Major|antonio@buonocore.eu,,,,,
Alle Mimose B&B|baricchicarla@hotmail.com,,,,,
Hotel Astoria|hotelastoria@libero.it,,,,,
Hotel Astoria|info@astoriaweb.it,,,,,
La Locanda del Papa|info@locandadelpapa.com,,,,,
Hotel Villa Favorita|info@villafavoritanoto.it,,,,,
Hotel Villa Giulia|info@villagiulianoto.it,,,,,
Best Western Hotel Mediterraneo|sv@hotelmediterraneoct.com,,,,,
Best Western Hotel Mediterraneo|info@hotelmediterraneoct.com,,,,,
Best Western Hotel Mediterraneo|mediterraneo.ct@bestwestern.it,,,,,
Agriturismo Ceres|assistenza@apiceweb.com,,,,,
Agriturismo Ceres|,,,,,
Agriturismo Ceres|info@agriturismoceres.it,,,,,
"Cervo Hotel, Costa Smeralda Resort|cervo@Sheraton.com",,,,,
Torre di Amalfi Apartments|info@torrediamalfi.it,,,,,
Residenza Torre di San Martino|info@torredisanmartino.it,,,,,
Hotel Miramonti|l.celotto@global-events.eu,,,,,
Villaggio Olimpico di Sestriere|booking@gestivillage.it,,,,,
Villaggio Olimpico di Sestriere|l.celotto@gestivillage.it,,,,,
Sciacca Suite|angelo.m1@tiscali.it,,,,,
Sciacca Suite|lara.m1@tiscali.it,,,,,
Relais Androsa|info@androsa.com,,,,,
B&B Tra i Frutti|info@traifrutti.it,,,,,
Relais Costadoro|info@vinicostadoro.com,,,,,
Hotel Ciuri di Badia|info@ciurihotel.it,,,,,
B&B Vista sull'Alcantara|fradan3@alice.it,,,,,
Palazzo Vecchio Bed&Breakfast|info@bebpalazzovecchio.it,,,,,
Villa SantaMaria|bookings@santamarialuxuryvilla.com,,,,,
The Place Apartments|reservations.the.place@gmail.com,,,,,
Villa Noto Marina|corradofronte@aliceposta.it,,,,,
Piazza Sant'Oronzo B&B|info@beb-piazzasantoronzo.com,,,,,
Piazza Sant'Oronzo B&B|tommaso.carratta@tin.it,,,,,
B&B la Gioia|info.lagioia@libero.it,,,,,
Hotel Negro|hotelnegro@libero.it,,,,,
Hotel Negro|info@hotelnegro.it,,,,,
Agriturismo I Frati|info@agriturismoifrati.com,,,,,
Hotel Porta Nuova|info@hotelportanuova.it,,,,,
Hotel La Casa di Gianna|info@lacasadigianna.it,,,,,
Hotel La Casa di Gianna|emanuela@lacasadigianna.it,,,,,
Villa Del Duca|manuela_cataudella@hotmail.it,,,,,
Castello di San Giorgio Canavese|info@castellosangiorgio.it,,,,,
Castello di San Giorgio Canavese|direzione@castellosangiorgio.it,,,,,
Hotel Dolce Casa|info@hoteldolcecasa.it,,,,,
Savoia Palace Hotel|info@savoiapalace.com,,,,,
Hotel Campiglio Bellavista|info@hotelcampigliobellavista.it,,,,,
Hotel Antelao|info@hotelantelao.it,,,,,
Albergo Letizia|albergoletiziaborca@libero.it,,,,,
Grand Hotel Misurina|info@bluhotels.it,,,,,
Blu Dolomiti Chalet|booking@bluhotels.it,,,,,
Lavaredo Hotel|info@lavaredohotel.it,,,,,
Hotel Centrale|info@hotel-centrale.it,,,,,
Cristallo Reconditioning & Beauty Hotel|info@cristallo.it,,,,,
Domina Inn Alaska|alaska@domina.it,,,,,
Hotel Ancora|info@hotelancoracortina.com,,,,,
La Casa di Thor|paola.fiori@libero.it,,,,,
Bed & Breakfast Al Tablà|infoaltabia@poela.net,,,,,
Bed & Breakfast Canale D'Agordo|info@bbcanaledagordo.it,,,,,
B&B Piana di Nebbiù|bebpianadinebbiu@Tele2.it,,,,,
Bianco e Blu|biancoeblu1@bbdolomiti.net,,,,,
Bianco e Blu|biancoeblu2@bbdolomiti.net,,,,,
Bed & Breakfast CASA ELEONORA|info@casaeleonora.it,,,,,
Bed and Breakfast Caldara|cortina@bbcaldara.com,,,,,
Hotel Ristorante Il Podere|ilpoderesr@whei.it,,,,,
B&B Casa Mauro|info@casamauro.it,,,,,
Aurora Bed and Breakfast|info@bbaurora.com,,,,,
Aurora Bed and Breakfast|rbitetti@yahoo.it,,,,,
Relais Villa Giulia|info@relaisvillagiulia.com,,,,,
La Cartolina Residence|info@lacartolinaresidence.it,,,,,
Hotel Aracoeli|portrait@email.it,,,,,
Hotel Aracoeli|danielanegri@yahoo.it,,,,,
Hotel Aracoeli|aracoeli@hotw.it,,,,,
Hotel Santa Caterina|see@ortainfo.com,,,,,
Mercure Bergamo Palazzo Dolci|prenotazioni.mercurebergamo@accor-hotels.it,,,,,
Mercure Bergamo Palazzo Dolci|ricevimento.mercurebergamo@accor-hotels.it,,,,,
Masseria Fortificata Donnaloia|info@masseriadonnaloia.com,,,,,
Hotel il Portico|info@hotelilportico.it,,,,,
Trullo Giulio|vivianafilippini@cavoursp.it,,,,,
Hotel Ristorante Poggio Ducale|poggioducale@poggioducale.it,,,,,
Arathena Hotel|info@arathena.it,,,,,
Oasi San Giovanni Battista|info@oasisangiovannibattista.com,,,,,
Hotel Peschiera|info@hotel-peschiera.com,,,,,
Casa vacanze|claudiacivale@tiscalinet.it,,,,,
MH Design Hotel|sales@mhhotel.it,,,,,
Relais Diana|info@relaisdiana.com,,,,,
Hotel Regina|info@reginahotels.it,,,,,
Sport Hotel Camparient|shc@alpedimera.com,,,,,
Agriturismo Il Poggiolo|info@poggioloagriturismo.com,,,,,
Tenuta Castel Verde|info@tenutacastelverde.com,,,,,
Acqua Ghiaccia Country House|info@acquaghiaccia.it,,,,,
B&B Antica Nauna|info@anticanauna.it,,,,,
Hotel Greif|info@greif.it,,,,,
Hotel La Majun|reception@lamajun.it,,,,,
Hotel Aurora|info@hotelaurora.bz,,,,,
Romantik Hotel Stafler|romantikhotel@stafler.com,,,,,
Hotel Villa Diana Marina|info@hotelvilladianamarina.com,,,,,
Ischia Villa Elena|luraschi@unina.it,,,,,
Ischia Villa Elena|info@villaelenaischia.it,,,,,
Casale Nunziatina|info@casalenunziatina.com,,,,,
La Collinetta e Il Terrazzo|francesca.galletti@yahoo.it,,,,,
Duomo Hotel|matteo@duomohotel.com,,,,,
Hotel Giò|webmarketing@apicehotels.it,,,,,
Hotel Palazzo Papaleo|info@hotelpalazzopapaleo.com,,,,,
Villa Rosmarino|info@villarosmarino.com,,,,,
Villa Rosmarino|mariopietraccetta@virgilio.it,,,,,
Metaresort Hotel Terranobile|info@terranobile.it,,,,,
Sorrento Blurooms|info@sorrentoblurooms.com,,,,,
Hotel Baia|commerciale@hotel-baia.it,,,,,
Agriturismo della Guardia|info@agriturismodellaguardia.com,,,,,
Hotel President|info@presidentgiovinazzo.it,,,,,
La Corte degli Ulivi|info@lacortedegliulivi.com,,,,,
Hotel Cruise|christian.bianchi@hotelcruise.it,,,,,
Hotel Cruise|sergio.bertele@hotelcruise.it,,,,,
Hotel Cruise|info@hotelcruise.it,,,,,
Il piccolo blu food & rooms|info@piccoloblu.it,,,,,
Masseria Torricella|info@masseriatorricella.it,,,,,
Hotel Residence San Paolo|info@sanpaolo-to.com,,,,,
Hotel Residence San Paolo|info@sanpaolo-to.net,,,,,
La Rosa sul Mare|info@larosasulmare.com,,,,,
Casa Mancia|info@casamancia.com,,,,,
Hotel Palace Napoli|info@hotelpalacenapoli.it,,,,,
Entropia Country House|info@progettoentropia.it,,,,,
Hotel Valdiola|info@hotelvaldiola.com,,,,,
Hotel Villa dei Platani Design Relais|info@villadeiplatani.com,,,,,
Casa Vacanze Borgo San Pietro|info@sanpietroapartments.com,,,,,
Villa Elena|info@ischiavillaelena.it,,,,,
Aroma di Mantova|info@aromadimantova.it,,,,,
"B&B ""A due passi da""|aduepassida@tiscali.it",,,,,
Villa Civita|info@villacivita.com,,,,,
Hotel Style|info@stylehotel.it,,,,,
Hotel Plaza Opera|info@hotelplazaopera.com,,,,,
Hotel Plaza Opera|briguglia@hotelplazaopera.com,,,,,
Albergo Domus La Quercia|info@domuslaquercia.com,,,,,
Albergo Domus La Quercia|prenotazioni@domuslaquercia.com,,,,,
Col Delle Rane Agriturismo|info@coldellerane.it,,,,,
Col Delle Rane Agriturismo|coldellerane@gmail.it,,,,,
Villa Rosa Sorrento|info@villarosasorrento.com,,,,,
Hotel Prestige|info@hotelprestigesorrento.com,,,,,
Hotel Prestige|giannialt83@hotmail.it,,,,,
Il Frescale Country House|info@ilfrescale.it,,,,,
Art Hotel|info@art-hotel.it,,,,,
B&B Napoli Campagnari|info@bebnapolicampagnari.com,,,,,
B&B Chiatamone|info@hotelchiatamone.it,,,,,
Albergo La Vigna|info@albergolavigna.it,,,,,
Hotel Art Resort Galleria Umberto|info@artresortgalleriaumberto.it,,,,,
Lu Palau De Antoni|info@lupalaudeantoni.com,,,,,
EurHotel Mirano|info@eurhotelvenice.com,,,,,
Hotel Duca d'Aosta|info@ducadaostahotel.it,,,,,
Hotel Duca d'Aosta|massimiliano@ducadaostahotel.it,,,,,
Locanda di San Martino|info@locandadisanmartino.it,,,,,
Locanda Primo Sole|monica@primosole.info,,,,,
Residence Santa Lucia|guest@residencesorrento.com,,,,,
Bed and Breakfast Arena Domus|alessandro.fiocco@email.it,,,,,
Mansarda Carolina|info@mansardacarolina.it,,,,,
Bed & Breakfast Don Diego|bbdondiego@libero.it,,,,,
Bellavia Bed and Breakfast|info@bellaviabb.com,,,,,
La Casa di Campagna|info@lacasadicampagna.it,,,,,
Hotel L'Espoir|info@hotellespoir.com,,,,,
Hotel Lungomare|hotel@hlungomare.com,,,,,
Hotel Saccardi Quadrante Europa|info@hotelsaccardi.it,,,,,
Palazzo Giaracà Residence|info@palazzogiaraca.it,,,,,
Muà Charming House Bologna|info@muabologna.it,,,,,
Gole Alcantara|booking@terralcantara.it,,,,,
Hotel D'orange D'Alcantara|info@hoteldorange.it,,,,,
Hotel Aktea|info@hotelaktea.it,,,,,
Parkhotel Sole Paradiso|info@soleparadiso.com,,,,,
Hotel Tritone|hoteltritone@bernardigroup.it,,,,,
Hotel Pinnata|pinnata@pinnata.it,,,,,
Grand Hotel Olimpo|info@grandhotelolimpo.it,,,,,
Hotel degli Haethey|info@hoteldeglihaethey.com,,,,,
Duca di Castelmonte|agriduca@libero.it,,,,,
Hotel Cala Moresca|info@calamoresca.it,,,,,
Tupei Resort|info@tupeiresort.it,,,,,
Cambiocavallo Resort|info@cambiocavallo.it,,,,,
Hotel Residence Tirreno|info@tirrenohotel.it,,,,,
Hotel Residence Tirreno|tirreno@tirrenohotel.it,,,,,
Girasole Weekend Abbruzzo|zuccoli@tin.it,,,,,
Girasole Weekend Sardegna|info@girasoleweekend.com,,,,,
Hotel Europa Minori|info@hoteleuropaminori.it,,,,,
Il Milione Country House|info@casaleilmilione.it,,,,,
Petra Segreta Resort & Spa|info@petrasegretaresort.com,,,,,
Petra Segreta Resort & Spa|cinziacallegari@alice.it,,,,,
Pedraladda Club Hotel|info@hotelpedraladda.com,,,,,
Savoy Beach Hotel|info@hotelsavoybeach.com,,,,,
Relais Fenicottero Rosa|info@hotelfenicotterorosa.com,,,,,
Relais Fenicottero Rosa|info@relaisfenicotterorosa.com,,,,,
Bed and Breakfast Villa Ginestra|info@bbginestra.it,,,,,
Galassia Park Hotel|info@galassiaparkhotel.it,,,,,
B&B Willaria|info@willaria.it,,,,,
Residence La Mason|info@residencelamason.it,,,,,
Borgo Pianciano|pianciano@pianciano.it,,,,,
Borgo Pianciano|claudiaspadazzi@libero.it,,,,,
Hotel Nhow Milano|reservations.nhowmilano@nh-hotels.com,,,,,
Hotel Nhow Milano|f.daledo@nh-hotels.com,,,,,
Hotel Nhow Milano|b.rohner@nh-hotels.com,,,,,
Hotel Nhow Milano|n.accurso@nh-hotels.com,,,,,
Hotel ai Cadelach|info@cadelach.it,,,,,
Hotel ai Cadelach|centrobenessere@cadelach.it,,,,,
Cascina Bella Vista|info@cascinabellavista.com,,,,,
Hotel Palace|vista@palacecittadella.it,,,,,
Hotel Palace|amministrazione@palacecittadella.it,,,,,
Jolly Hotel Bologna De La Gare|reservation.bologna@nh-hotels.com,,,,,
Original Galli Chalet|info@originalgalli.it,,,,,
Hotel Bougainville|info@hotelbougainvillelipari.com,,,,,
Grand Hotel Salerno|g.desantis@grandhotelsalerno.it,,,,,
Grand Hotel Salerno|amministrazione@grandhotelsalerno.it,,,,,
Villa Barone|info@villabaronesrl.it,,,,,
Capo La Gala Boutique Hotel|info@hotelcapolagala.com,,,,,
Hotel Guardacosta|info@hotelguardacosta.it,,,,,
Esperidi Resort|info@esperidi.com,,,,,
Hotel Europa Latina|info@hoteleuropalatina.it,,,,,
Stella Marina|info@rtastellamarina.it,,,,,
Hotel Posta|info@hotelpostavda.it,,,,,
Hotel Cala Lunga|reservations@hotelcalalunga.com,,,,,
Demetra Resort|info@demetraresort.it,,,,,
Villa Mare Blu|carmisalvo@libero.it,,,,,
Relais la Tenuta del Gallo|info@tenutadelgallo.com,,,,,
Albergo Ristorante La Spiga|franco@albergoristorantelaspiga.it,,,,,
Locanda Palazzone|info@locandapalazzone.com,,,,,
Kempinski Pragelato Village|julia.vereskun@kempinski.com,,,,,
Kempinski Pragelato Village|manuela.cavallero@kempinski.com,,,,,
Residenza d'Epoca Villa Grancassa|info@villagrancassa.com,,,,,
Eremo della Giubiliana|booking@eremodellagiubiliana.com,,,,,
Residenza Antica Canonica|info@umbriaholidays.net,,,,,
Relais Monastero di San Biagio|sanbiagio@luoghispeciali.it,,,,,
Borgo Posidone|info@residenzacamilla.it,,,,,
Jolly Hotel Palermo|fp.rizzo.intern@nh-hotels.com,,,,,
Hotel Villa del Mare|villadelmare@tiscali.it,,,,,
Hotel Villa Albani|info@villaalbani.it,,,,,
Albergo Santa Maria|info@hotelsantamariavignola.it,,,,,
Albergo Santa Maria|santamariahotel@aruba.it,,,,,
Il Piratello Apartments|info@lamhospitality.it,,,,,
BB Dionisio|info@siracusaforyou.it,,,,,
B&B Antica Aia|francescofumarola66@libero.it,,,,,
B&B Antica Aia|francofumarola66@libero.it,,,,,
Hotel Club Bridge|info@hotelclubbridge.it,,,,,
Hotel Club Bridge|cinzia@geohotels.it,,,,,
Hotel Città di Conegliano|info@hcc.it,,,,,
Agriturismo Villa Luca|info@agriturismovillaluca.com,,,,,
Agriturismo Principe del Trasimeno|info@principedeltrasimeno.it,,,,,
Villa Roncuzzi|info@villaroncuzzi.it,,,,,
B&B Villelmi|info@villelmi.com,,,,,
Poggio del Sole Country House|info@poggio-del-sole.it,,,,,
Arca Hotel|info@arcahotel.it,,,,,
Diamantino Town House|info@diamantino.it,,,,,
Diamantino Town House|zanetti1954@tele2.it,,,,,
Tenuta Specolizzi|info@specolizzi.it,,,,,
La Pineta|info@lapinetadierice.com,,,,,
B&B La Corte|info@bblacorte.com,,,,,
Bellavista B&B|bellavista2006@libero.it,,,,,
Relais Monforte|booking@relaismonforte.it,,,,,
Relais Monforte|rachele@relaismonforte.it,,,,,
Al Settimo Cielo B&B|alsettimocielo@hotmail.it,,,,,
Hotel Bouganville|info@hotelbouganville.it,,,,,
Palazzo Grande Corciano|info@palazzogrande.com,,,,,
Victoria Palace|victoria.palace@libero.it,,,,,
Victoria Palace|francescocancellieri@hotmail.com,,,,,
My One Hotel Ayri|ayrimedesano@myonehotel.it,,,,,
B&B Ca di Carobina|info@bbcadicarobina.it,,,,,
Residence Bellavista|info@residencebellavista.com,,,,,
Grand Hotel Paestum|info@grandhotelpaestum.it,,,,,
Suite Hotel Maestrale|viviana@hotelperformance.it,,,,,
Suite Hotel Maestrale|affiliazioni@hotelperformance.it,,,,,
Borgobianco Resort & Spa|info@borgobianco.it,,,,,
Dimora delle Sirene|info@dimoradellesirene.it,,,,,
Antica Badia|info@anticabadia.com,,,,,
Hotel Mediterraneo|sales@mediterraneoriccione.com,,,,,
Il Trulletto B&B|info@iltrulletto.it,,,,,
Il Trulletto B&B|iltrulletto2008@libero.it,,,,,
I Terzieri|info@iterzieri.it,,,,,
Emmaus - Albergo del bosco|fcosentino@albergoemmaus.it,,,,,
Emmaus - Albergo del bosco|emmaus@albergoemmaus.it,,,,,
Country House Serena|info@residenceserena.it,,,,,
Essiale b&b Genova|essiale@essiale.com,,,,,
Hotel Imperiale|info@imperialehotel.it,,,,,
Residence Eleonora|info@residenceleonora.com,,,,,
La Terrazza del Subasio|laterrazzadelsubasio@libero.it,,,,,
Hotel San Lorenzo Bergamo|hotelsanlorenzo@hotelsanlorenzobg.it,,,,,
B&B Masseria Cesarina|masseriacesarina@alice.it,,,,,
B&B Masseria Cesarina|castellana.grotte@hotmail.it,,,,,
Hotel Villa Margherita|info@villamargheritahotel.com,,,,,
Villa le Magnolie|villalemagnolie@libero.it,,,,,
Valle di Assisi Hotel & Resort|info@vallediassisi.com,,,,,
Valle di Assisi Hotel & Resort|vallediassisi@vallediassisi.com,,,,,
Monte Tondo|info@montetondo.it,,,,,
Villa Quercia|info@seandskyvacations.com,,,,,
Grand Hotel Rimini|info@grandhotelrimini.com,,,,,
La Corte Bed and Breakfast|info@lacortebeb.it,,,,,
Podere Caldaruccio La Pineta|info@casolare.net,,,,,
Agriturismo Tenuta Luogo Marchese|info@tenutaluogomarchese.it,,,,,
Agriturismo Poggio Nebbia|fattorie@poggionebbia.it,,,,,
Hotel Riviera dei Dogi|info@rivieradeidogi.com,,,,,
Hotel Carlos V|infohcv@gioricohotels.it,,,,,
Hotel Carlos V|web@gioricohotels.it,,,,,
Casa Trapani|info@casatrapani.it,,,,,
Casa degli Aranci|casa.aranci@gmail.com,,,,,
Bed & Breakfast Le Coccinelle|info@le-coccinelle.it,,,,,
Residence Casa Fiorita|impresamosini@hotmail.it,,,,,
La Tavola dei Cavalieri|cavalieri@luoghispeciali.it,,,,,
Savoia Hotel Regency|regency@savoia.it,,,,,
Bed & Breakfast Binôt|info@binot.it,,,,,
Residenza Porta Guelfa|info@residenzaportaguelfa.com,,,,,
Belvedere Hotel & Ristorante|info@belvederealice.it,,,,,
Agriturismo I Vigneti|info@ivigneti.com,,,,,
Grand Hotel Paradiso|welcome@grandhotelparadiso.it,,,,,
Agriturismo del Bugiardo|agriturismodelbugiardo@buglioni.it,,,,,
Hotel Principe di Salina|info@hotelprincipedisalina.it,,,,,
Villa Oliviera|denys@togetherintuscany.it,,,,,
I Quattro Passeri|info@4passeri.com,,,,,
Villa Dolcetti Residenza d'epoca|info@villadolcetti.com,,,,,
Relais Tenuta Castello di Razzano|info@castellodirazzano.it,,,,,
Hotel Metropole Sorrento|bookings@metropolesorrento.com,,,,,
Il Nido degli Dei|info@nidodeglidei.it,,,,,
Hotel Villa Romeo|info@hotelvillaromeo.it,,,,,
Le Palme di Conturrana Residence Casa Vacanze|info@lepalmediconturrana.it,,,,,
Le Plejadi Residence|info@leplejadi.it,,,,,
Malpensa Inn Hotel & Motel|info@malpensainn.com,,,,,
Regent Kalamorgana Hotel|info@regenthotel.rc.it,,,,,
Hotel Grifo|info@lepigne.it,,,,,
Hotel Grifo|marco.monte1983@libero.it,,,,,
Riva Marina Resort|info@rivamarinaresort.it,,,,,
Abbadia di Piazza|info@abbadiadipiazza.com,,,,,
Costa del Salento Village|info@costadelsalento.it,,,,,
Hotel Il Cavalier D'Arpino|info@cavalierdarpino.it,,,,,
B&B Garibaldi Relais|info@garibaldirelais.it ,,,,,